id,ACTION
1,0.28404767400530745
2,1
3,1
4,0.999011897929704
5,1
6,1
7,0.9530866435720331
8,1
9,0.7619024115092452
10,1
11,1
12,0.9809236286761558
13,1
14,0.9927453194301491
15,0.9117330397512
16,1
17,1
18,0.8998639128087105
19,1
20,1
21,1
22,1
23,1
24,1
25,1
26,0.9927453194301491
27,1
28,0.8131698459082387
29,1
30,1
31,1
32,1
33,0.9645845659780984
34,1
35,1
36,1
37,0.9927453194301491
38,1
39,0.9117330397512
40,0.8673408326828198
41,1
42,1
43,0.9530866435720331
44,1
45,1
46,1
47,1
48,1
49,1
50,0.9881783092460067
51,1
52,1
53,1
54,1
55,0.8388686576174249
56,0.9685849804078539
57,0.9969928523546226
58,1
59,0.9927453194301491
60,1
61,1
62,0.8973459867265247
63,1
64,1
65,1
66,1
67,1
68,1
69,0.9604263642385225
70,0.8013508254921646
71,0.9463201932761807
72,1
73,0.999011897929704
74,1
75,1
76,1
77,1
78,0.48934057145874793
79,0.41728200054401016
80,1
81,1
82,1
83,1
84,1
85,1
86,0.9949058168780378
87,0.9969928523546226
88,1
89,1
90,0.8736731474892405
91,0.9500794959266557
92,0.8680276625315166
93,1
94,0.9718392465479493
95,1
96,1
97,0.5444888983308035
98,1
99,1
100,1
101,0.9574216351622019
102,0.5599842890775598
103,0.9685849804078539
104,0.9749109523201227
105,0.28690530630792
106,0.8355084507898158
107,1
108,0.9543985855403884
109,1
110,1
111,0.8763836131306313
112,1
113,1
114,1
115,0.9458319630021822
116,1
117,1
118,1
119,1
120,1
121,0.9302355564425553
122,0.9574216351622019
123,0.7953079196865327
124,1
125,1
126,0.9382578051726624
127,0.9105082787342351
128,0.8722569390466473
129,1
130,0.8620795336141043
131,1
132,1
133,1
134,0.9488087644725279
135,1
136,0.9507910536663244
137,1
138,1
139,0.7738024368805585
140,1
141,0.9606676224056909
142,0.916947779515247
143,1
144,1
145,1
146,0.9213324405340684
147,0.8883850008640032
148,0.9021393611173008
149,1
150,1
151,1
152,0.9651212677009737
153,1
154,0.8680276625315166
155,1
156,0.8973459867265247
157,1
158,1
159,1
160,0.9483339587646836
161,0.7653736492580413
162,0.8999113489972067
163,1
164,1
165,1
166,1
167,0.9483339587646836
168,1
169,0.9337062481088276
170,1
171,1
172,1
173,1
174,1
175,1
176,1
177,0.8618942912157173
178,1
179,1
180,0.8883850008640032
181,0.2414910543090284
182,0.8620795336141043
183,0.9927453194301491
184,0.824347945718373
185,1
186,0.6283241637863345
187,1
188,1
189,0.6287167585972125
190,1
191,1
192,1
193,1
194,1
195,1
196,1
197,1
198,0.9857566700855682
199,1
200,0.5261532419748116
201,0.9832309317100514
202,0.9302355564425553
203,0.868525404723658
204,0.9574216351622019
205,0.9464069305793552
206,0.9905051668667311
207,1
208,0.9949058168780378
209,0.7989088430632761
210,1
211,0.9857566700855682
212,0.9714287955428867
213,1
214,0.9496611967194506
215,1
216,0.7465971777387557
217,0.9832309317100514
218,1
219,1
220,0.9881783092460067
221,0.8109720987352943
222,1
223,1
224,0.9530866435720331
225,0.9519196331755495
226,0.6684508125042652
227,0.9280066373736272
228,1
229,1
230,1
231,0.910744937680904
232,0.8404041764712215
233,1
234,0.55475644457807
235,0.9220419626372091
236,0.9822428296397554
237,0.9949058168780378
238,1
239,1
240,1
241,1
242,0.8993784729315532
243,0.4308776005662461
244,1
245,1
246,1
247,1
248,0.9371052762402644
249,1
250,1
251,1
252,0.9685849804078539
253,1
254,0.9778219501715014
255,1
256,1
257,1
258,0.8940763032084594
259,1
260,1
261,1
262,1
263,0.9220419626372091
264,1
265,1
266,0.9949058168780378
267,1
268,0.9881783092460067
269,1
270,1
271,1
272,1
273,1
274,0.8737473899164511
275,1
276,0.871521046814486
277,1
278,1
279,1
280,0.9960047502843267
281,1
282,1
283,0.8550744183050838
284,0.9927453194301491
285,1
286,0.9116431701525507
287,1
288,1
289,0.959090147274585
290,1
291,0.9251523820894283
292,1
293,0.9663469305545923
294,1
295,0.9574216351622019
296,0.34223647604472807
297,0.5632092936898543
298,0.9220419626372091
299,0.371294066115471
300,0.9117330397512
301,0.845849612703018
302,1
303,0.7683589138645027
304,0.6637041089033754
305,1
306,0.9969928523546226
307,1
308,1
309,0.999011897929704
310,1
311,0.9371052762402644
312,1
313,1
314,1
315,1
316,1
317,0.8680276625315166
318,0.9431783052477701
319,0.9624861682912582
320,1
321,1
322,0.2102101280322056
323,1
324,1
325,1
326,0.9832309317100514
327,1
328,1
329,1
330,1
331,1
332,1
333,1
334,0.9857566700855682
335,1
336,0.9651212677009737
337,1
338,0.9574216351622019
339,0.9927453194301491
340,0.9857566700855682
341,0.8680276625315166
342,1
343,0.48835255560158947
344,1
345,1
346,1
347,0.8628319757129675
348,0.9739228502498266
349,1
350,0.829447452993781
351,0.9520985415017371
352,1
353,1
354,0.5971594890634548
355,1
356,1
357,0.8756295464352087
358,0.9483339587646836
359,1
360,0.6388720065818791
361,0.9927453194301491
362,1
363,1
364,0.6114784213898836
365,1
366,1
367,1
368,1
369,1
370,0.8286860346969143
371,1
372,1
373,0.9260066155700558
374,0.5724635131527703
375,0.9705672696016505
376,1
377,0.46287881347255627
378,0.9857566700855682
379,0.9857566700855682
380,0.826142194717372
381,0.8684217335450968
382,1
383,1
384,1
385,0.8254009294396643
386,0.9685849804078539
387,1
388,1
389,1
390,1
391,1
392,1
393,0.9302355564425553
394,1
395,0.8027777087395082
396,1
397,1
398,1
399,1
400,1
401,1
402,0.9432484875040074
403,1
404,1
405,1
406,0.8444218417219611
407,0.9786834761127378
408,1
409,1
410,1
411,1
412,0.8225588566627794
413,0.8090790264777248
414,1
415,1
416,1
417,1
418,1
419,1
420,1
421,1
422,1
423,1
424,0.8524161649845253
425,1
426,1
427,1
428,1
429,0.6179478292273362
430,1
431,1
432,1
433,0.9685849804078539
434,0.7923736719467944
435,1
436,1
437,1
438,0.5165744152647165
439,1
440,0.48934057145874793
441,1
442,1
443,1
444,1
445,0.8733813126071528
446,1
447,0.8529724212942293
448,1
449,1
450,0.9881783092460067
451,0.3377124616080103
452,0.9680882796903777
453,1
454,0.927228408797178
455,1
456,1
457,1
458,1
459,1
460,0.7694482648682334
461,0.8805964730234048
462,1
463,1
464,0.9927453194301491
465,1
466,1
467,0.10860785149061951
468,1
469,1
470,0.98325048629688
471,0.9371052762402644
472,1
473,1
474,1
475,1
476,1
477,1
478,1
479,1
480,1
481,1
482,0.9969928523546226
483,1
484,1
485,0.9371052762402644
486,0.9574216351622019
487,0.8314874256513893
488,1
489,1
490,0.9574216351622019
491,1
492,1
493,0.8853694274127564
494,1
495,0.8769427636769767
496,1
497,1
498,1
499,0.9430581897446968
500,1
501,1
502,0.9108258169115794
503,1
504,1
505,1
506,0.9371052762402644
507,1
508,1
509,0.8284974247496449
510,0.29287075097238313
511,1
512,1
513,1
514,0.4693484532495964
515,1
516,1
517,1
518,0.9302355564425553
519,0.8380341891653327
520,0.702960235662883
521,1
522,0.910744937680904
523,1
524,0.36078209663113275
525,0.8920317214461785
526,0.39025893179295296
527,1
528,0.9594903828561362
529,0.999011897929704
530,1
531,0.9969928523546226
532,1
533,1
534,0.9117330397512
535,0.9682413967772109
536,1
537,1
538,1
539,1
540,0.9718392465479493
541,0.9857566700855682
542,1
543,0.8779362471955486
544,1
545,1
546,1
547,0.6125281448731341
548,0.903439888661189
549,1
550,0.9676562717502717
551,0.9371052762402644
552,1
553,1
554,0.8996733087346275
555,1
556,1
557,1
558,0.8833222000145885
559,1
560,1
561,0.9467501988680719
562,1
563,1
564,0.7646025360245845
565,0.980590260469024
566,0.9067588393767277
567,0.8258942496626395
568,0.7572048836969649
569,1
570,0.936960514248923
571,0.4545434592784971
572,0.9066368100017664
573,0.9265357340097923
574,0.8670395604612207
575,1
576,0.9969928523546226
577,1
578,1
579,0.9371052762402644
580,0.9749109523201227
581,1
582,1
583,1
584,0.999011897929704
585,1
586,1
587,1
588,1
589,1
590,0.9022265439412381
591,0.9302355564425553
592,0.9141849248160626
593,0.8022054286221703
594,1
595,1
596,1
597,1
598,0.9969928523546226
599,0.9483339587646836
600,1
601,1
602,0.9530866435720331
603,1
604,0.9203362079503158
605,0.9718392465479493
606,0.999011897929704
607,1
608,1
609,0.9969928523546226
610,0.9154948452836861
611,1
612,1
613,1
614,0.9380721305494554
615,1
616,0.38126793133955683
617,0.9006896772530381
618,0.9089445227882137
619,1
620,0.9302355564425553
621,1
622,0.9225429028631756
623,0.9739228502498266
624,1
625,0.9718392465479493
626,1
627,1
628,0.9881783092460067
629,1
630,1
631,1
632,1
633,0.9969928523546226
634,1
635,0.9802237840646741
636,0.999011897929704
637,1
638,1
639,1
640,1
641,1
642,0.8680276625315166
643,1
644,1
645,0.9596795203353949
646,0.6015004426732845
647,1
648,0.8835722862991494
649,1
650,0.8324737630604864
651,1
652,1
653,0.5492013345860682
654,0.980590260469024
655,0.9905051668667311
656,1
657,0.9759762511402005
658,1
659,0.6864275098249544
660,1
661,0.80787787306793
662,1
663,1
664,1
665,0.979602158398728
666,0.8193879493637338
667,0.9014206023367168
668,1
669,1
670,0.8468719419601081
671,0.9969928523546226
672,0.8680276625315166
673,0.5536200632573138
674,1
675,0.9830841261240445
676,0.9430581897446968
677,0.8839573691719942
678,1
679,1
680,0.9430581897446968
681,0.784735097170509
682,0.7097370812305591
683,1
684,1
685,0.999011897929704
686,0.991757217359853
687,1
688,1
689,1
690,1
691,1
692,1
693,0.8452727887554576
694,1
695,1
696,0.5405676430740083
697,1
698,1
699,1
700,1
701,1
702,1
703,0.9430581897446968
704,0.42795208427062664
705,0.7465971777387557
706,0.8439215118401979
707,0.9905051668667311
708,1
709,1
710,1
711,1
712,0.980590260469024
713,1
714,1
715,1
716,0.8854392350049481
717,1
718,0.9006896772530381
719,0.9117330397512
720,0.9614144663088184
721,0.9106619336802785
722,1
723,0.9483339587646836
724,0.8668032180092007
725,1
726,0.8275815431690801
727,1
728,1
729,0.9614144663088184
730,0.9479924604500709
731,0.9075011310888578
732,1
733,1
734,1
735,0.9832309317100514
736,0.7147447735072628
737,0.9905051668667311
738,1
739,1
740,1
741,1
742,1
743,1
744,1
745,1
746,0.9949058168780378
747,1
748,1
749,1
750,1
751,1
752,0.8966580516425219
753,1
754,1
755,1
756,0.9610528818815528
757,1
758,0.9949058168780378
759,0.9881783092460067
760,1
761,0.980590260469024
762,0.9145011098808516
763,0.9083723050306446
764,0.8835722862991494
765,1
766,0.8913921485093805
767,0.8165713474477029
768,1
769,1
770,1
771,1
772,1
773,1
774,0.8417064767601277
775,1
776,0.6552032747462768
777,0.971095427335755
778,1
779,1
780,0.8279788315279484
781,0.9260066155700558
782,1
783,1
784,0.9771682011046219
785,0.7591210185472227
786,0.9969928523546226
787,0.9530866435720331
788,0.9574216351622019
789,1
790,0.9857566700855682
791,1
792,1
793,0.9718392465479493
794,0.9117330397512
795,1
796,0.9651212677009737
797,1
798,1
799,0.5440477346626692
800,1
801,1
802,0.9778219501715014
803,0.9641331656306777
804,1
805,1
806,0.980590260469024
807,0.7919185589329245
808,0.8692140986808818
809,0.8226295722127958
810,1
811,0.971095427335755
812,0.28690530630792
813,1
814,1
815,0.8993784729315532
816,1
817,1
818,0.8938320203503577
819,0.8973459867265247
820,0.9778219501715014
821,1
822,1
823,1
824,0.9718392465479493
825,0.989517064796435
826,0.8553248501899642
827,1
828,1
829,1
830,1
831,0.9047914850774001
832,0.9927453194301491
833,1
834,0.837986773815974
835,0.9857566700855682
836,1
837,0.9927453194301491
838,1
839,0.931564890474735
840,0.8409804941234593
841,0.9117330397512
842,1
843,1
844,1
845,0.9927453194301491
846,1
847,0.9117330397512
848,1
849,0.9651212677009737
850,0.6699526220950142
851,0.9651212677009737
852,0.9302355564425553
853,0.9220419626372091
854,0.7304749139927137
855,1
856,1
857,0.9718392465479493
858,0.9220419626372091
859,1
860,1
861,1
862,0.9718392465479493
863,1
864,0.8122338824495067
865,0.6666049942050397
866,0.9252356584878939
867,1
868,1
869,1
870,0.9927453194301491
871,1
872,0.9832309317100514
873,0.9778219501715014
874,1
875,1
876,1
877,1
878,1
879,0.9530866435720331
880,0.9574216351622019
881,0.9297415833470509
882,1
883,1
884,1
885,0.8112553209488748
886,1
887,1
888,1
889,1
890,1
891,1
892,0.8727038272412928
893,1
894,1
895,1
896,1
897,0.7228188920274133
898,1
899,1
900,1
901,1
902,0.9718392465479493
903,1
904,1
905,1
906,0.9927453194301491
907,1
908,1
909,0.8876571916047573
910,0.8221514488867858
911,0.8680276625315166
912,0.9371052762402644
913,1
914,1
915,0.9687685697150307
916,0.9273404593370959
917,1
918,0.964440146198306
919,1
920,0.857544996081859
921,1
922,1
923,0.6578483638537831
924,0.8267284873191929
925,0.8726636352576804
926,1
927,1
928,1
929,1
930,1
931,1
932,1
933,0.9927453194301491
934,0.7900111191044499
935,1
936,1
937,1
938,1
939,0.9380721305494554
940,1
941,1
942,1
943,0.8973459867265247
944,1
945,0.9881783092460067
946,1
947,1
948,0.9038917888652236
949,1
950,1
951,1
952,0.5174264140846152
953,0.9530866435720331
954,0.9220419626372091
955,1
956,0.5037424228523252
957,1
958,0.9651212677009737
959,0.7834313289286899
960,0.8143478558076974
961,0.9108258169115794
962,1
963,1
964,0.869185233274474
965,0.8665117147273628
966,1
967,1
968,1
969,1
970,0.9574216351622019
971,1
972,1
973,1
974,1
975,0.8680276625315166
976,0.9905051668667311
977,1
978,0.8254492976937186
979,0.9949058168780378
980,0.4545434592784971
981,1
982,1
983,1
984,0.6701297819581581
985,0.9651212677009737
986,0.9574216351622019
987,1
988,1
989,0.9530866435720331
990,0.5509048811945736
991,0.6607905613051002
992,1
993,1
994,1
995,1
996,0.9651212677009737
997,0.6714636875261043
998,1
999,1
1000,1
1001,0.9371052762402644
1002,0.9667450634259871
1003,1
1004,1
1005,1
1006,0.9302355564425553
1007,1
1008,1
1009,1
1010,0.5806117862695144
1011,1
1012,0.9117330397512
1013,1
1014,1
1015,1
1016,1
1017,0.6388261918806409
1018,0.9302355564425553
1019,0.9960047502843267
1020,1
1021,1
1022,1
1023,0.991757217359853
1024,1
1025,0.9584122106405254
1026,0.7599309113245942
1027,1
1028,0.8678809756694313
1029,1
1030,1
1031,1
1032,0.9832309317100514
1033,1
1034,0.9718392465479493
1035,1
1036,1
1037,0.9075011310888578
1038,0.952732902491624
1039,0.8956024152852753
1040,1
1041,1
1042,1
1043,0.4003622490413691
1044,0.3739002125826403
1045,0.8141028163282876
1046,1
1047,1
1048,0.9371052762402644
1049,0.28404767400530745
1050,1
1051,1
1052,1
1053,1
1054,0.8835722862991494
1055,1
1056,0.8509694562315199
1057,0.910744937680904
1058,1
1059,0.8978324347801133
1060,1
1061,1
1062,1
1063,1
1064,1
1065,1
1066,1
1067,0.9479924604500709
1068,0.7923736719467944
1069,1
1070,1
1071,0.5326172109522959
1072,1
1073,1
1074,1
1075,1
1076,0.9718392465479493
1077,0.9905051668667311
1078,1
1079,1
1080,0.9749109523201227
1081,1
1082,1
1083,1
1084,1
1085,1
1086,1
1087,0.9584073186634412
1088,1
1089,0.9949058168780378
1090,1
1091,0.9610528818815528
1092,1
1093,0.9905051668667311
1094,0.9619144078227891
1095,1
1096,1
1097,1
1098,1
1099,1
1100,0.8951207144176462
1101,0.8509694562315199
1102,0.7978258116334235
1103,1
1104,0.8920317214461785
1105,1
1106,1
1107,1
1108,1
1109,1
1110,1
1111,1
1112,1
1113,1
1114,1
1115,0.8738273668813195
1116,1
1117,0.868525404723658
1118,1
1119,0.9718392465479493
1120,1
1121,0.9483339587646836
1122,0.7797607022827165
1123,0.6706237746400191
1124,0.8815876716214515
1125,1
1126,1
1127,1
1128,1
1129,1
1130,1
1131,0.9430581897446968
1132,0.999011897929704
1133,1
1134,1
1135,1
1136,0.9687685697150307
1137,1
1138,1
1139,1
1140,1
1141,1
1142,1
1143,1
1144,0.8680138699837988
1145,1
1146,1
1147,1
1148,0.9685849804078539
1149,1
1150,1
1151,1
1152,1
1153,1
1154,0.9011557710995964
1155,1
1156,1
1157,1
1158,1
1159,0.999011897929704
1160,0.9159922265281236
1161,1
1162,1
1163,1
1164,1
1165,1
1166,1
1167,1
1168,0.9574216351622019
1169,0.7982632189740719
1170,0.9524295070169732
1171,1
1172,0.9969928523546226
1173,1
1174,1
1175,1
1176,1
1177,1
1178,1
1179,1
1180,0.7696611982431807
1181,0.9638211921790754
1182,1
1183,1
1184,0.5967748047391827
1185,1
1186,1
1187,1
1188,0.37959790939733495
1189,1
1190,1
1191,1
1192,1
1193,1
1194,0.9236551586658546
1195,0.9410792781948327
1196,0.9775831128236467
1197,1
1198,0.9302355564425553
1199,1
1200,1
1201,0.9220419626372091
1202,0.980590260469024
1203,1
1204,1
1205,0.960017555793956
1206,0.7027101493783223
1207,1
1208,1
1209,0.7941932617398576
1210,1
1211,1
1212,0.8731475060600185
1213,1
1214,1
1215,1
1216,0.7900696251687257
1217,1
1218,1
1219,1
1220,0.9201732053126329
1221,1
1222,0.9236551586658546
1223,1
1224,0.7353684952143363
1225,1
1226,1
1227,1
1228,1
1229,0.9430581897446968
1230,1
1231,0.9927453194301491
1232,1
1233,1
1234,1
1235,1
1236,0.999011897929704
1237,1
1238,1
1239,1
1240,1
1241,1
1242,1
1243,0.8973459867265247
1244,1
1245,1
1246,0.5846341151164106
1247,0.9117330397512
1248,1
1249,0.9874980192213537
1250,1
1251,0.9778219501715014
1252,0.8549728153939216
1253,1
1254,1
1255,1
1256,1
1257,0.8784361225870291
1258,0.9718392465479493
1259,1
1260,1
1261,1
1262,1
1263,1
1264,1
1265,1
1266,0.9749109523201227
1267,1
1268,0.9905051668667311
1269,1
1270,1
1271,0.9949058168780378
1272,1
1273,1
1274,0.934090628850252
1275,1
1276,1
1277,0.9683271170382325
1278,1
1279,1
1280,0.8999113489972067
1281,1
1282,1
1283,1
1284,1
1285,1
1286,1
1287,0.9374170793104258
1288,0.9685849804078539
1289,1
1290,0.9737360985767824
1291,1
1292,0.7803152538282229
1293,0.9927453194301491
1294,1
1295,1
1296,0.9927453194301491
1297,1
1298,1
1299,0.8835722862991494
1300,1
1301,1
1302,0.6171923117084361
1303,1
1304,1
1305,0.7665468387118208
1306,1
1307,1
1308,0.9881783092460067
1309,1
1310,0.9139406318698696
1311,0.9857566700855682
1312,1
1313,0.8764564501540337
1314,0.9371052762402644
1315,1
1316,1
1317,1
1318,1
1319,1
1320,0.7431955994295427
1321,0.8007334168471321
1322,1
1323,1
1324,1
1325,0.9335633566114278
1326,1
1327,0.5509048811945736
1328,0.9786834761127378
1329,1
1330,1
1331,0.980590260469024
1332,1
1333,0.8973459867265247
1334,0.9458319630021822
1335,0.7587329811922002
1336,1
1337,0.9718392465479493
1338,1
1339,0.9689876017956197
1340,0.9949058168780378
1341,1
1342,1
1343,1
1344,0.9718392465479493
1345,1
1346,1
1347,1
1348,1
1349,1
1350,1
1351,0.7928692573467364
1352,0.9489173775072564
1353,1
1354,1
1355,0.9651212677009737
1356,1
1357,0.9116431701525507
1358,0.8138697140937888
1359,0.5067312111867694
1360,0.979602158398728
1361,1
1362,0.9371052762402644
1363,1
1364,0.9220419626372091
1365,0.9117330397512
1366,1
1367,1
1368,1
1369,1
1370,0.8618942912157173
1371,1
1372,0.6469307625184209
1373,0.6669239326208994
1374,1
1375,1
1376,1
1377,0.9874980192213537
1378,1
1379,1
1380,1
1381,1
1382,0.8913921485093805
1383,1
1384,1
1385,0.999011897929704
1386,1
1387,0.928814859830265
1388,0.916947779515247
1389,1
1390,1
1391,0.6132645160563458
1392,0.9969928523546226
1393,1
1394,1
1395,0.9240861931970005
1396,1
1397,0.9785019895157173
1398,1
1399,1
1400,1
1401,0.9881783092460067
1402,0.9949058168780378
1403,1
1404,1
1405,1
1406,1
1407,1
1408,1
1409,0.8729087854151102
1410,1
1411,0.9169189391725376
1412,1
1413,0.6320382213624811
1414,0.9353373165586452
1415,0.9960047502843267
1416,0.9857566700855682
1417,0.5440477346626692
1418,0.999011897929704
1419,1
1420,1
1421,1
1422,0.6223047271475328
1423,1
1424,1
1425,1
1426,1
1427,1
1428,1
1429,0.28404767400530745
1430,0.9714287955428867
1431,1
1432,0.9289242192337076
1433,0.1394358406950158
1434,0.6714636875261043
1435,1
1436,1
1437,1
1438,1
1439,1
1440,0.9371052762402644
1441,0.7455760944376092
1442,1
1443,1
1444,1
1445,1
1446,1
1447,1
1448,0.9927453194301491
1449,1
1450,1
1451,0.8004091727518199
1452,0.9718392465479493
1453,1
1454,1
1455,1
1456,0.8476706562668039
1457,1
1458,0.9969928523546226
1459,1
1460,1
1461,1
1462,0.5495324195963454
1463,1
1464,0.5178189565734367
1465,0.9614144663088184
1466,1
1467,0.7775676443900794
1468,1
1469,1
1470,1
1471,1
1472,0.9014712115359719
1473,0.6927071047546955
1474,0.9483339587646836
1475,1
1476,1
1477,0.9371052762402644
1478,1
1479,1
1480,1
1481,1
1482,0.916947779515247
1483,0.9471711363943868
1484,0.8833222000145885
1485,0.9430581897446968
1486,0.9733355798991731
1487,1
1488,1
1489,1
1490,1
1491,1
1492,1
1493,1
1494,0.9483339587646836
1495,1
1496,1
1497,1
1498,0.9727479965064865
1499,1
1500,1
1501,1
1502,0.6674460593319381
1503,1
1504,0.9685849804078539
1505,1
1506,0.8835722862991494
1507,1
1508,0.8027777087395082
1509,0.9614144663088184
1510,1
1511,1
1512,1
1513,1
1514,0.9145011098808516
1515,0.570260017787206
1516,0.9832309317100514
1517,0.7340371540548983
1518,1
1519,1
1520,1
1521,0.9658336485642355
1522,0.7861024544286489
1523,1
1524,0.9220419626372091
1525,1
1526,1
1527,1
1528,0.9778219501715014
1529,0.9749109523201227
1530,1
1531,0.9117330397512
1532,0.999011897929704
1533,1
1534,1
1535,1
1536,1
1537,1
1538,1
1539,0.9574216351622019
1540,1
1541,1
1542,1
1543,0.8680276625315166
1544,1
1545,1
1546,1
1547,1
1548,1
1549,1
1550,0.9337062481088276
1551,1
1552,1
1553,1
1554,1
1555,1
1556,1
1557,0.8973459867265247
1558,1
1559,1
1560,0.9157378006636916
1561,0.9220419626372091
1562,1
1563,0.5588756178870601
1564,0.9969928523546226
1565,1
1566,0.9117330397512
1567,1
1568,1
1569,0.8027777087395082
1570,0.9651212677009737
1571,0.9530866435720331
1572,1
1573,0.28404767400530745
1574,1
1575,0.9352435853337033
1576,0.9220419626372091
1577,0.9651212677009737
1578,1
1579,1
1580,0.55475644457807
1581,1
1582,1
1583,0.7726862108247106
1584,1
1585,1
1586,1
1587,0.9160081272740429
1588,0.9299994467166725
1589,0.9584122106405254
1590,0.9969928523546226
1591,0.9352435853337033
1592,1
1593,1
1594,1
1595,0.22213833279283426
1596,0.9483339587646836
1597,1
1598,0.9188361014710205
1599,0.7501745310572827
1600,1
1601,1
1602,0.9749109523201227
1603,0.9778219501715014
1604,1
1605,1
1606,1
1607,0.952732902491624
1608,0.5261532419748116
1609,0.8913921485093805
1610,0.7067808209674035
1611,1
1612,0.9778219501715014
1613,1
1614,0.9371052762402644
1615,1
1616,1
1617,0.5261532419748116
1618,0.9778219501715014
1619,1
1620,1
1621,0.9117330397512
1622,0.693751249921008
1623,1
1624,1
1625,0.9832309317100514
1626,1
1627,0.34839098773156835
1628,0.9584122106405254
1629,1
1630,0.968832098902572
1631,1
1632,1
1633,0.9701795517600411
1634,0.9905051668667311
1635,1
1636,1
1637,0.9832309317100514
1638,0.9832309317100514
1639,1
1640,1
1641,1
1642,0.8801634659849612
1643,1
1644,0.9949058168780378
1645,0.921671623979887
1646,0.9905051668667311
1647,0.999011897929704
1648,1
1649,1
1650,1
1651,0.9918986692326606
1652,1
1653,1
1654,1
1655,0.8975091996415616
1656,0.9905051668667311
1657,0.9905051668667311
1658,0.9927453194301491
1659,0.9056902566481183
1660,1
1661,1
1662,1
1663,1
1664,1
1665,0.8274239578322002
1666,1
1667,0.7501690487295319
1668,1
1669,1
1670,0.9651212677009737
1671,0.9969928523546226
1672,0.9960047502843267
1673,0.5174264140846152
1674,0.9614144663088184
1675,0.8711477529764708
1676,0.6287167585972125
1677,0.7640105588309645
1678,1
1679,1
1680,1
1681,0.8343232517239288
1682,0.9857566700855682
1683,0.9213178828994779
1684,0.5440477346626692
1685,1
1686,1
1687,1
1688,0.9682413967772109
1689,1
1690,0.9651212677009737
1691,1
1692,1
1693,1
1694,0.9371052762402644
1695,1
1696,1
1697,1
1698,0.9441688807260935
1699,1
1700,1
1701,0.7833738407624912
1702,1
1703,0.9220419626372091
1704,0.9685849804078539
1705,1
1706,0.7392028571191744
1707,1
1708,1
1709,1
1710,1
1711,0.999011897929704
1712,1
1713,0.36630256266689154
1714,1
1715,1
1716,1
1717,0.9488087644725279
1718,0.36078209663113275
1719,0.9371052762402644
1720,0.9714092409560581
1721,1
1722,1
1723,1
1724,1
1725,1
1726,0.9660002594175081
1727,1
1728,1
1729,0.9905051668667311
1730,1
1731,0.7923736719467944
1732,0.999011897929704
1733,1
1734,0.9809236286761558
1735,1
1736,1
1737,0.9651212677009737
1738,1
1739,1
1740,0.8801634659849612
1741,0.9187292547283327
1742,1
1743,0.9927453194301491
1744,0.8359810869786789
1745,0.9371052762402644
1746,1
1747,0.9781367485880892
1748,0.9371052762402644
1749,1
1750,1
1751,0.9371052762402644
1752,1
1753,1
1754,1
1755,0.9430581897446968
1756,0.9718392465479493
1757,0.9570104081485786
1758,1
1759,1
1760,0.9614144663088184
1761,0.9100743797350875
1762,0.9430581897446968
1763,1
1764,1
1765,0.9857566700855682
1766,1
1767,1
1768,0.3350023701770378
1769,0.9685849804078539
1770,0.9371052762402644
1771,1
1772,1
1773,0.9606676224056909
1774,0.8680276625315166
1775,1
1776,0.934090628850252
1777,0.9220419626372091
1778,0.9420700876744007
1779,1
1780,0.9651212677009737
1781,0.9949058168780378
1782,1
1783,1
1784,0.8562295855565916
1785,1
1786,1
1787,0.8938812091851585
1788,0.8883850008640032
1789,0.8804541732777345
1790,1
1791,0.6954248808736343
1792,0.8275815431690801
1793,1
1794,0.8508568224674742
1795,1
1796,0.8651594251977287
1797,1
1798,1
1799,1
1800,1
1801,1
1802,1
1803,0.9220419626372091
1804,1
1805,1
1806,0.9483339587646836
1807,1
1808,1
1809,1
1810,0.8225588566627794
1811,1
1812,1
1813,0.7640105588309645
1814,0.9614144663088184
1815,0.9786834761127378
1816,1
1817,0.8973459867265247
1818,1
1819,0.9290039454729249
1820,1
1821,1
1822,1
1823,1
1824,0.9614208694711803
1825,1
1826,1
1827,1
1828,0.9685849804078539
1829,0.9117330397512
1830,0.9802237840646741
1831,1
1832,1
1833,1
1834,1
1835,0.5932654186722855
1836,0.9431783052477701
1837,1
1838,1
1839,0.9550701782580007
1840,1
1841,0.8973459867265247
1842,1
1843,1
1844,0.9584122106405254
1845,1
1846,1
1847,1
1848,1
1849,0.8733809135121012
1850,1
1851,1
1852,1
1853,0.5174264140846152
1854,1
1855,0.9117330397512
1856,1
1857,1
1858,0.5632092936898543
1859,1
1860,0.8254492976937186
1861,1
1862,1
1863,0.5174264140846152
1864,1
1865,0.9718392465479493
1866,1
1867,0.9371052762402644
1868,1
1869,0.6295361960262146
1870,0.9739228502498266
1871,1
1872,0.9718392465479493
1873,0.8329111657006611
1874,0.9680882796903777
1875,0.7836349282874984
1876,1
1877,1
1878,0.7503439792957645
1879,1
1880,1
1881,1
1882,1
1883,1
1884,0.2102101280322056
1885,1
1886,1
1887,0.835518730931604
1888,1
1889,1
1890,1
1891,0.8326316698229056
1892,1
1893,1
1894,1
1895,1
1896,1
1897,1
1898,1
1899,1
1900,0.9483339587646836
1901,0.8486179230005406
1902,1
1903,0.579181491999746
1904,0.9483339587646836
1905,0.9778219501715014
1906,1
1907,1
1908,0.7869800969497472
1909,0.9905051668667311
1910,1
1911,1
1912,1
1913,0.7730964266097055
1914,0.9567632896538606
1915,1
1916,0.8984134546913396
1917,1
1918,1
1919,0.7912712508622098
1920,0.9584122106405254
1921,0.47638908725645024
1922,1
1923,1
1924,1
1925,1
1926,0.8973459867265247
1927,1
1928,1
1929,0.9651212677009737
1930,1
1931,0.980590260469024
1932,0.6613316361402632
1933,1
1934,1
1935,0.9289242192337076
1936,1
1937,0.9371052762402644
1938,0.9718392465479493
1939,1
1940,1
1941,0.9117330397512
1942,1
1943,0.9651212677009737
1944,1
1945,1
1946,1
1947,1
1948,0.9345702816799951
1949,1
1950,1
1951,1
1952,0.999011897929704
1953,0.9749109523201227
1954,0.9969928523546226
1955,0.9905051668667311
1956,1
1957,0.5440477346626692
1958,1
1959,0.9371052762402644
1960,1
1961,1
1962,1
1963,0.7585904864954874
1964,1
1965,1
1966,1
1967,1
1968,0.9117330397512
1969,0.999011897929704
1970,1
1971,0.3594475323086776
1972,1
1973,1
1974,0.9778219501715014
1975,0.9250779069124737
1976,1
1977,0.6608316527260744
1978,1
1979,1
1980,1
1981,1
1982,0.9483339587646836
1983,0.5713729810672445
1984,1
1985,1
1986,1
1987,0.7985181429881967
1988,1
1989,1
1990,1
1991,0.9117330397512
1992,1
1993,1
1994,0.9614144663088184
1995,1
1996,0.980590260469024
1997,1
1998,0.9621141200555965
1999,1
2000,1
2001,1
2002,1
2003,0.8883302289057365
2004,1
2005,0.9117330397512
2006,0.9949058168780378
2007,0.9897381717847717
2008,0.7856097884199205
2009,0.9832309317100514
2010,1
2011,1
2012,0.9290039454729249
2013,1
2014,1
2015,1
2016,1
2017,1
2018,0.991757217359853
2019,1
2020,0.9149272264117658
2021,0.9881783092460067
2022,0.14421982184185203
2023,0.7599309113245942
2024,1
2025,1
2026,0.898519742549083
2027,1
2028,0.8536574510222654
2029,1
2030,0.9749109523201227
2031,0.9685849804078539
2032,1
2033,1
2034,1
2035,0.8973459867265247
2036,0.9718392465479493
2037,0.7406006815674858
2038,1
2039,1
2040,1
2041,1
2042,1
2043,0.90203336514706
2044,0.6439995517504246
2045,1
2046,0.9574216351622019
2047,0.9371052762402644
2048,1
2049,0.9651212677009737
2050,1
2051,1
2052,0.5904911620303437
2053,1
2054,1
2055,1
2056,0.7197619701773212
2057,1
2058,1
2059,1
2060,1
2061,1
2062,1
2063,1
2064,0.8662079686211823
2065,1
2066,1
2067,0.27809842270951574
2068,0.9302355564425553
2069,1
2070,1
2071,0.9969928523546226
2072,1
2073,1
2074,1
2075,0.7381729129232419
2076,1
2077,1
2078,0.5901597247102331
2079,0.7694482648682334
2080,1
2081,1
2082,1
2083,0.9857566700855682
2084,0.36277644661871633
2085,1
2086,1
2087,0.8680276625315166
2088,0.999011897929704
2089,0.9641331656306777
2090,0.999011897929704
2091,0.9857566700855682
2092,1
2093,1
2094,1
2095,0.8680276625315166
2096,1
2097,0.9479924604500709
2098,0.8681995630652899
2099,1
2100,0.9857566700855682
2101,1
2102,1
2103,1
2104,1
2105,0.6499283256242013
2106,0.9905051668667311
2107,0.973934979331575
2108,1
2109,0.1362400349580319
2110,1
2111,1
2112,0.4003622490413691
2113,1
2114,1
2115,1
2116,1
2117,0.9685849804078539
2118,0.9949058168780378
2119,1
2120,1
2121,0.25232520675064646
2122,0.9824038360993915
2123,1
2124,1
2125,1
2126,1
2127,1
2128,1
2129,1
2130,1
2131,1
2132,0.9638211921790754
2133,1
2134,1
2135,1
2136,1
2137,0.8444787920814136
2138,1
2139,0.9430581897446968
2140,1
2141,0.8266308714086987
2142,1
2143,1
2144,0.9117330397512
2145,1
2146,0.9584073186634412
2147,1
2148,1
2149,1
2150,1
2151,0.9949058168780378
2152,1
2153,1
2154,1
2155,0.9175361170923116
2156,1
2157,1
2158,1
2159,1
2160,1
2161,1
2162,1
2163,0.9530866435720331
2164,1
2165,1
2166,0.903439888661189
2167,1
2168,1
2169,0.7989362562750512
2170,0.9614144663088184
2171,0.8066701372579829
2172,1
2173,0.9380118956312259
2174,1
2175,0.9220419626372091
2176,1
2177,1
2178,0.98325048629688
2179,1
2180,1
2181,1
2182,1
2183,1
2184,0.9337062481088276
2185,1
2186,1
2187,1
2188,1
2189,1
2190,1
2191,0.9749109523201227
2192,0.8441814893619763
2193,1
2194,1
2195,1
2196,1
2197,0.9117330397512
2198,1
2199,0.9220419626372091
2200,0.9949058168780378
2201,0.5261654360321799
2202,1
2203,1
2204,1
2205,1
2206,0.8138697140937888
2207,0.9905051668667311
2208,0.9584073186634412
2209,1
2210,1
2211,0.9610528818815528
2212,0.9778219501715014
2213,0.9857566700855682
2214,1
2215,0.8575760157796513
2216,1
2217,1
2218,1
2219,0.9117330397512
2220,1
2221,1
2222,0.9718392465479493
2223,1
2224,1
2225,1
2226,1
2227,0.9117330397512
2228,1
2229,1
2230,0.7624461391084306
2231,1
2232,1
2233,0.813568765225979
2234,0.9676562717502717
2235,1
2236,0.9400322200210963
2237,1
2238,1
2239,0.959090147274585
2240,0.13624342244621232
2241,0.7797607022827165
2242,1
2243,1
2244,1
2245,1
2246,0.7834443761378858
2247,0.9927453194301491
2248,0.9302355564425553
2249,1
2250,0.9778219501715014
2251,0.9969928523546226
2252,1
2253,0.9245436791674445
2254,0.9927453194301491
2255,0.9881783092460067
2256,1
2257,1
2258,0.4319974409017798
2259,1
2260,0.9373907174490189
2261,1
2262,0.8973459867265247
2263,1
2264,1
2265,0.8960298614445082
2266,1
2267,1
2268,1
2269,0.9472684565205916
2270,0.9265357340097923
2271,1
2272,1
2273,1
2274,1
2275,0.7659079099194958
2276,0.968832098902572
2277,0.9651212677009737
2278,0.9969928523546226
2279,1
2280,1
2281,0.9220419626372091
2282,1
2283,0.8555396794827171
2284,0.8876571916047573
2285,1
2286,0.8973459867265247
2287,1
2288,0.966886818302565
2289,1
2290,0.9654161191868537
2291,1
2292,1
2293,0.7687531012814635
2294,0.9927453194301491
2295,1
2296,1
2297,0.7973832751876722
2298,1
2299,1
2300,1
2301,0.8337750023884092
2302,1
2303,1
2304,1
2305,1
2306,1
2307,0.9574216351622019
2308,0.48934057145874793
2309,1
2310,1
2311,0.6223047271475328
2312,1
2313,0.9075011310888578
2314,1
2315,1
2316,1
2317,1
2318,1
2319,1
2320,0.9949058168780378
2321,1
2322,1
2323,0.9302355564425553
2324,0.8998368424401051
2325,1
2326,0.8452818526510674
2327,1
2328,1
2329,0.5494078692768082
2330,1
2331,0.9420047267778425
2332,0.9651212677009737
2333,1
2334,0.5440477346626692
2335,0.3377124616080103
2336,0.8587604530353432
2337,0.999011897929704
2338,0.6859532543577919
2339,1
2340,0.9718392465479493
2341,1
2342,0.833240520069993
2343,1
2344,1
2345,1
2346,1
2347,0.9574216351622019
2348,0.9574216351622019
2349,0.9733355798991731
2350,0.98325048629688
2351,0.9969928523546226
2352,0.9778219501715014
2353,1
2354,1
2355,1
2356,1
2357,1
2358,0.9749109523201227
2359,1
2360,1
2361,0.7141716909679351
2362,0.9332537128567678
2363,1
2364,1
2365,0.41482344309395386
2366,0.8973459867265247
2367,0.9379640066227346
2368,0.9857566700855682
2369,1
2370,1
2371,1
2372,0.9302355564425553
2373,1
2374,1
2375,0.9455999444082086
2376,0.8027777087395082
2377,1
2378,1
2379,0.9220419626372091
2380,1
2381,1
2382,1
2383,0.9709278316861977
2384,0.6584652480324372
2385,1
2386,0.8845496345321825
2387,0.8027777087395082
2388,1
2389,0.6666049942050397
2390,1
2391,0.8388686576174249
2392,1
2393,1
2394,0.6684508125042652
2395,1
2396,1
2397,1
2398,0.9737360985767824
2399,1
2400,0.6684508125042652
2401,1
2402,0.9749109523201227
2403,1
2404,0.9832309317100514
2405,0.8472114306620593
2406,0.8112553209488748
2407,0.9574216351622019
2408,0.8607729819616656
2409,1
2410,1
2411,1
2412,0.9276104431069954
2413,0.9667450634259871
2414,1
2415,1
2416,0.8467111386442543
2417,0.9614144663088184
2418,1
2419,1
2420,1
2421,1
2422,0.8966580516425219
2423,0.9637379157806099
2424,1
2425,0.9857566700855682
2426,1
2427,1
2428,0.9969928523546226
2429,0.7742229567999835
2430,0.7881706916876543
2431,0.5261532419748116
2432,0.999011897929704
2433,1
2434,1
2435,1
2436,0.971095427335755
2437,1
2438,0.9905051668667311
2439,1
2440,1
2441,0.9218738442555366
2442,1
2443,1
2444,0.9786834761127378
2445,0.9614144663088184
2446,1
2447,0.9026322231062331
2448,1
2449,0.9443033681784329
2450,1
2451,1
2452,0.7126372290454476
2453,0.8788755336786978
2454,0.9949058168780378
2455,1
2456,1
2457,0.35608839591199365
2458,1
2459,0.7381759003666757
2460,1
2461,1
2462,1
2463,1
2464,0.6953955797933478
2465,0.9905051668667311
2466,0.980590260469024
2467,1
2468,1
2469,0.8973459867265247
2470,0.967843996832276
2471,1
2472,1
2473,1
2474,0.9749109523201227
2475,1
2476,1
2477,1
2478,1
2479,1
2480,1
2481,1
2482,1
2483,1
2484,0.9680882796903777
2485,1
2486,1
2487,1
2488,1
2489,0.8680276625315166
2490,0.9004798249068988
2491,1
2492,0.9574216351622019
2493,0.9881783092460067
2494,1
2495,1
2496,0.8299398710324766
2497,1
2498,1
2499,0.8488383159914644
2500,0.8733813126071528
2501,1
2502,1
2503,1
2504,1
2505,1
2506,0.9949058168780378
2507,0.9302355564425553
2508,1
2509,1
2510,1
2511,1
2512,1
2513,0.785723199240805
2514,1
2515,1
2516,0.967843996832276
2517,0.9548594394857455
2518,1
2519,1
2520,0.9366732600982316
2521,0.8138697140937888
2522,1
2523,1
2524,1
2525,1
2526,0.9654161191868537
2527,0.8885233806441406
2528,1
2529,0.9714092409560581
2530,1
2531,0.964440146198306
2532,1
2533,0.903439888661189
2534,1
2535,1
2536,1
2537,1
2538,0.9969928523546226
2539,0.9483339587646836
2540,1
2541,1
2542,1
2543,0.9969928523546226
2544,0.8941326123473502
2545,1
2546,1
2547,1
2548,0.9759762511402005
2549,0.9651212677009737
2550,1
2551,0.9685849804078539
2552,1
2553,0.4972425565918858
2554,1
2555,0.36630256266689154
2556,1
2557,0.8424596948130196
2558,0.991757217359853
2559,0.7840019084857358
2560,0.8680276625315166
2561,0.921671623979887
2562,1
2563,0.9223251839010115
2564,1
2565,1
2566,0.9286120649868654
2567,0.8837518255697026
2568,0.8973459867265247
2569,0.9117330397512
2570,1
2571,1
2572,0.9905051668667311
2573,1
2574,0.9663469305545923
2575,0.9371052762402644
2576,0.47479414181598933
2577,1
2578,0.9220419626372091
2579,1
2580,1
2581,1
2582,1
2583,1
2584,1
2585,1
2586,0.9430581897446968
2587,1
2588,1
2589,0.38159688115335105
2590,1
2591,1
2592,1
2593,0.6028844293654015
2594,0.9969928523546226
2595,0.6429492637989608
2596,0.9530866435720331
2597,0.9718392465479493
2598,1
2599,1
2600,1
2601,1
2602,0.8752238370370918
2603,1
2604,0.9240861931970005
2605,0.9927453194301491
2606,1
2607,0.7653736492580413
2608,0.9568784850608267
2609,0.6637644988028824
2610,0.28404767400530745
2611,1
2612,0.9299204916732384
2613,1
2614,1
2615,1
2616,0.999011897929704
2617,1
2618,1
2619,1
2620,1
2621,1
2622,1
2623,0.9832309317100514
2624,0.980590260469024
2625,1
2626,0.8947376292694665
2627,1
2628,0.8831855131250667
2629,0.9416431423505767
2630,1
2631,1
2632,0.9881783092460067
2633,0.28404767400530745
2634,0.9718392465479493
2635,1
2636,0.9905051668667311
2637,1
2638,1
2639,0.7742002941786984
2640,1
2641,0.517297923268774
2642,0.9458319630021822
2643,1
2644,1
2645,1
2646,1
2647,0.9881783092460067
2648,0.9251413733205932
2649,0.9106825602055507
2650,0.5107443584661719
2651,1
2652,1
2653,0.9220419626372091
2654,1
2655,1
2656,0.747650040113342
2657,0.9714092409560581
2658,1
2659,1
2660,1
2661,1
2662,0.9685849804078539
2663,0.5199368796469476
2664,1
2665,1
2666,1
2667,0.5750728035000077
2668,1
2669,0.9117330397512
2670,1
2671,1
2672,0.9969928523546226
2673,1
2674,1
2675,1
2676,1
2677,1
2678,1
2679,1
2680,1
2681,0.9714287955428867
2682,0.9371052762402644
2683,0.8640900755669243
2684,0.8785695152072391
2685,0.9117330397512
2686,1
2687,0.9756763284673604
2688,1
2689,1
2690,1
2691,1
2692,1
2693,1
2694,0.9718392465479493
2695,1
2696,0.9182079112730068
2697,1
2698,1
2699,1
2700,0.8488383159914644
2701,1
2702,0.9927453194301491
2703,1
2704,1
2705,1
2706,0.6659176014109677
2707,1
2708,0.9483339587646836
2709,1
2710,1
2711,0.9865099171510577
2712,0.5003699651662554
2713,1
2714,1
2715,1
2716,0.9567632896538606
2717,0.7465971777387557
2718,1
2719,1
2720,1
2721,1
2722,1
2723,0.5675644385660098
2724,0.933323162960648
2725,1
2726,1
2727,0.8834564289460277
2728,0.7746665191607545
2729,1
2730,0.9302355564425553
2731,1
2732,0.8286860346969143
2733,1
2734,0.9337062481088276
2735,0.9881783092460067
2736,0.9220419626372091
2737,0.5646236567413525
2738,1
2739,1
2740,0.9718392465479493
2741,1
2742,0.8337750023884092
2743,0.9685849804078539
2744,1
2745,1
2746,0.9574216351622019
2747,0.9689876017956197
2748,0.9302355564425553
2749,0.9430581897446968
2750,0.9483339587646836
2751,1
2752,1
2753,1
2754,1
2755,1
2756,1
2757,1
2758,0.9905051668667311
2759,0.9749109523201227
2760,1
2761,0.9004798249068988
2762,0.9905051668667311
2763,0.9881783092460067
2764,0.7941932617398576
2765,0.9654161191868537
2766,0.9749109523201227
2767,1
2768,0.9651212677009737
2769,1
2770,0.9483339587646836
2771,1
2772,1
2773,1
2774,1
2775,0.9014206023367168
2776,0.8993784729315532
2777,1
2778,1
2779,1
2780,0.28404767400530745
2781,1
2782,1
2783,1
2784,0.7597403714965959
2785,1
2786,1
2787,1
2788,0.8973459867265247
2789,1
2790,1
2791,1
2792,0.910744937680904
2793,1
2794,1
2795,1
2796,0.9927453194301491
2797,1
2798,1
2799,1
2800,1
2801,0.9685849804078539
2802,0.9685849804078539
2803,0.9781563031749179
2804,0.8883302289057365
2805,0.9969928523546226
2806,1
2807,1
2808,0.9530866435720331
2809,0.980590260469024
2810,0.7582195823438141
2811,1
2812,1
2813,1
2814,1
2815,1
2816,1
2817,1
2818,1
2819,1
2820,0.6956092057005966
2821,1
2822,1
2823,0.964440146198306
2824,0.9117330397512
2825,1
2826,0.9483339587646836
2827,1
2828,1
2829,0.9881783092460067
2830,0.28404767400530745
2831,1
2832,1
2833,0.9684216478975095
2834,1
2835,1
2836,1
2837,0.6055884911247442
2838,1
2839,1
2840,1
2841,1
2842,1
2843,0.9302355564425553
2844,0.7194974356133105
2845,1
2846,1
2847,0.9614144663088184
2848,1
2849,1
2850,0.7689536577386388
2851,0.5062698605943717
2852,1
2853,0.6980068794100213
2854,0.9651212677009737
2855,1
2856,0.8134145467013567
2857,1
2858,0.4227354348940315
2859,0.9220419626372091
2860,0.9483521994110251
2861,0.769578511563255
2862,0.9108368256804145
2863,1
2864,0.3377124616080103
2865,1
2866,0.9431783052477701
2867,1
2868,1
2869,0.9778219501715014
2870,1
2871,1
2872,0.9208801399161981
2873,0.999011897929704
2874,0.971095427335755
2875,1
2876,1
2877,1
2878,0.6703876453277796
2879,0.9117330397512
2880,0.9483339587646836
2881,0.865100152381906
2882,1
2883,0.9614144663088184
2884,1
2885,1
2886,1
2887,1
2888,0.9530866435720331
2889,0.8038311717063625
2890,0.9168791820003348
2891,1
2892,1
2893,0.8956024152852753
2894,1
2895,0.8408419194545013
2896,0.9881783092460067
2897,1
2898,1
2899,1
2900,1
2901,0.9530866435720331
2902,1
2903,0.7906690304517511
2904,1
2905,1
2906,1
2907,1
2908,1
2909,1
2910,1
2911,1
2912,0.642189410138228
2913,0.9960047502843267
2914,0.9775831128236467
2915,1
2916,1
2917,0.7886809447085816
2918,1
2919,0.9905051668667311
2920,1
2921,1
2922,0.28404767400530745
2923,1
2924,0.44822043282973734
2925,0.869515995399906
2926,0.6166101870324855
2927,0.8368744130717932
2928,1
2929,1
2930,0.437907872145543
2931,1
2932,1
2933,1
2934,1
2935,1
2936,0.9044100372396918
2937,0.8982312942255648
2938,1
2939,1
2940,0.6305252264607702
2941,1
2942,0.38749124386787803
2943,1
2944,1
2945,0.3757408830683724
2946,0.9905051668667311
2947,0.9927453194301491
2948,0.9198547986804554
2949,1
2950,1
2951,0.8170933837254789
2952,0.9023107647562676
2953,0.9778219501715014
2954,1
2955,0.8729087854151102
2956,1
2957,0.9918986692326606
2958,0.8062708575984718
2959,0.9718392465479493
2960,1
2961,0.9905051668667311
2962,0.3999233439226605
2963,0.9969928523546226
2964,1
2965,1
2966,1
2967,1
2968,1
2969,0.43541596494313156
2970,1
2971,1
2972,0.9302355564425553
2973,0.8027777087395082
2974,0.9881783092460067
2975,0.7308982316071004
2976,1
2977,0.785996804596336
2978,1
2979,1
2980,0.999011897929704
2981,0.8488383159914644
2982,0.9881783092460067
2983,1
2984,1
2985,1
2986,1
2987,0.8452727887554576
2988,0.9302355564425553
2989,0.9832309317100514
2990,0.8782280168926263
2991,1
2992,0.3795796795795765
2993,1
2994,0.7286426491300951
2995,1
2996,1
2997,1
2998,1
2999,0.9260066155700558
3000,0.9483339587646836
3001,1
3002,1
3003,0.9302355564425553
3004,1
3005,1
3006,0.9927453194301491
3007,0.8225588566627794
3008,0.6791134495650047
3009,0.8483348032337701
3010,1
3011,0.6082686814428431
3012,1
3013,0.8404041764712215
3014,1
3015,0.9057555939268856
3016,1
3017,0.9380721305494554
3018,1
3019,0.7906690304517511
3020,0.916937179818879
3021,1
3022,0.9905051668667311
3023,1
3024,1
3025,0.48062514729493044
3026,1
3027,1
3028,0.9380721305494554
3029,1
3030,0.9949058168780378
3031,1
3032,1
3033,0.999011897929704
3034,1
3035,0.903439888661189
3036,0.9695791675313544
3037,1
3038,0.9483339587646836
3039,1
3040,0.9685849804078539
3041,1
3042,0.980590260469024
3043,1
3044,0.9905051668667311
3045,1
3046,1
3047,1
3048,1
3049,1
3050,1
3051,1
3052,1
3053,1
3054,1
3055,0.9778219501715014
3056,0.8562295855565916
3057,0.8973459867265247
3058,1
3059,0.9150773159063044
3060,0.9289242192337076
3061,1
3062,0.9718392465479493
3063,1
3064,0.8038311717063625
3065,1
3066,1
3067,1
3068,0.6639751762706998
3069,1
3070,1
3071,0.9663469305545923
3072,1
3073,1
3074,1
3075,1
3076,1
3077,0.9685849804078539
3078,0.8988205368504093
3079,0.8254492976937186
3080,1
3081,0.9857566700855682
3082,1
3083,0.9543263590458063
3084,1
3085,0.9718392465479493
3086,0.9406525668722533
3087,1
3088,1
3089,0.8683417752309678
3090,1
3091,1
3092,1
3093,0.7598554920842192
3094,0.9718392465479493
3095,0.9574216351622019
3096,0.22853005627794243
3097,1
3098,1
3099,0.8839573691719942
3100,1
3101,1
3102,1
3103,0.8973459867265247
3104,1
3105,1
3106,1
3107,1
3108,0.9430581897446968
3109,0.8953568241435291
3110,1
3111,0.8056142489363585
3112,1
3113,1
3114,0.9718392465479493
3115,0.7606359638820859
3116,1
3117,0.7346962142053342
3118,1
3119,1
3120,1
3121,1
3122,0.9574216351622019
3123,1
3124,1
3125,1
3126,1
3127,0.9371052762402644
3128,1
3129,1
3130,1
3131,1
3132,0.8973459867265247
3133,1
3134,0.8202247463183813
3135,0.8452818526510674
3136,0.8631164231851081
3137,1
3138,1
3139,1
3140,1
3141,1
3142,1
3143,0.9022382066179311
3144,0.8719227450430536
3145,1
3146,0.6524721916364866
3147,1
3148,0.8472114306620593
3149,1
3150,0.9749109523201227
3151,1
3152,0.6962422568159075
3153,0.9371052762402644
3154,1
3155,0.9117330397512
3156,1
3157,1
3158,0.7900696251687257
3159,0.9673390149679364
3160,1
3161,1
3162,1
3163,0.5172838244794499
3164,1
3165,0.8410584795881474
3166,1
3167,0.9832309317100514
3168,0.7356449702934574
3169,1
3170,0.8456799454912083
3171,0.7671529740416729
3172,1
3173,0.9352435853337033
3174,1
3175,0.9379640066227346
3176,1
3177,0.9105082787342351
3178,1
3179,1
3180,0.9857566700855682
3181,1
3182,0.8973459867265247
3183,1
3184,0.8825256122777235
3185,1
3186,1
3187,0.9056902566481183
3188,0.9371052762402644
3189,1
3190,0.9614144663088184
3191,1
3192,1
3193,1
3194,0.9340010995947076
3195,1
3196,1
3197,1
3198,0.6482591057084938
3199,0.8618923007743554
3200,1
3201,0.9905051668667311
3202,1
3203,1
3204,0.9905051668667311
3205,0.9876511363081869
3206,1
3207,1
3208,1
3209,0.9778219501715014
3210,0.9420047267778425
3211,1
3212,1
3213,0.8607729819616656
3214,1
3215,0.9881783092460067
3216,0.9832309317100514
3217,0.8267201316337808
3218,1
3219,1
3220,0.9220419626372091
3221,1
3222,0.9857566700855682
3223,0.9574216351622019
3224,1
3225,1
3226,1
3227,1
3228,1
3229,0.8138697140937888
3230,1
3231,1
3232,1
3233,1
3234,1
3235,1
3236,0.9949058168780378
3237,1
3238,1
3239,1
3240,1
3241,0.9627498137103139
3242,1
3243,1
3244,1
3245,0.9778219501715014
3246,0.7194974356133105
3247,0.9718392465479493
3248,0.9543985855403884
3249,0.8673408326828198
3250,1
3251,0.9323325874823246
3252,1
3253,1
3254,0.999011897929704
3255,1
3256,1
3257,1
3258,1
3259,1
3260,1
3261,1
3262,1
3263,1
3264,1
3265,1
3266,0.9464069305793552
3267,1
3268,1
3269,1
3270,0.9881783092460067
3271,1
3272,0.999011897929704
3273,1
3274,1
3275,1
3276,0.9337062481088276
3277,1
3278,1
3279,0.920994528725782
3280,1
3281,0.8673408326828198
3282,1
3283,1
3284,0.9540837871238006
3285,0.9824038360993915
3286,0.9759762511402005
3287,1
3288,0.9832309317100514
3289,1
3290,1
3291,1
3292,1
3293,0.9905051668667311
3294,0.7640105588309645
3295,1
3296,1
3297,0.665028808331715
3298,0.9949058168780378
3299,0.9014206023367168
3300,0.9641331656306777
3301,1
3302,1
3303,0.9786834761127378
3304,0.9145011098808516
3305,0.8835722862991494
3306,1
3307,0.8090790264777248
3308,1
3309,0.8368744130717932
3310,1
3311,0.8973459867265247
3312,1
3313,1
3314,0.9881783092460067
3315,1
3316,0.5174264140846152
3317,1
3318,0.9467501988680719
3319,1
3320,0.4756840206827645
3321,0.9220419626372091
3322,1
3323,1
3324,0.9574216351622019
3325,1
3326,1
3327,1
3328,1
3329,1
3330,1
3331,0.9325068689536401
3332,0.22853005627794243
3333,0.9969928523546226
3334,0.959090147274585
3335,1
3336,0.9846439886628096
3337,1
3338,1
3339,1
3340,1
3341,1
3342,1
3343,1
3344,0.9754960773470618
3345,1
3346,1
3347,1
3348,0.9010851019026491
3349,1
3350,1
3351,0.980590260469024
3352,0.8726636352576804
3353,0.8973459867265247
3354,1
3355,0.6598521924064532
3356,1
3357,1
3358,0.3377124616080103
3359,0.9117330397512
3360,1
3361,0.9778219501715014
3362,0.7874919117096618
3363,1
3364,1
3365,0.8920317214461785
3366,1
3367,1
3368,0.9394080658112631
3369,0.28404767400530745
3370,1
3371,0.9881783092460067
3372,0.7886809447085816
3373,1
3374,0.9055161505890064
3375,0.9088643189236684
3376,1
3377,0.7431955994295427
3378,1
3379,0.8066697072100872
3380,0.8969529149573318
3381,1
3382,1
3383,0.9530866435720331
3384,1
3385,1
3386,1
3387,0.7431955994295427
3388,1
3389,0.3795796795795765
3390,1
3391,1
3392,1
3393,1
3394,0.9226603481434248
3395,0.9718392465479493
3396,0.9824038360993915
3397,0.9927453194301491
3398,0.9483339587646836
3399,0.88552429597253135
3400,0.7599309113245942
3401,1
3402,0.6548984340653358
3403,1
3404,1
3405,1
3406,1
3407,0.9614144663088184
3408,1
3409,0.9718392465479493
3410,1
3411,0.8012845151454274
3412,1
3413,0.9759762511402005
3414,1
3415,1
3416,1
3417,1
3418,0.9881783092460067
3419,0.9749109523201227
3420,1
3421,1
3422,1
3423,1
3424,1
3425,0.6418056673625793
3426,1
3427,1
3428,1
3429,1
3430,0.9638211921790754
3431,0.8973459867265247
3432,1
3433,0.9302355564425553
3434,0.8731475060600185
3435,1
3436,0.41728200054401016
3437,1
3438,1
3439,1
3440,0.8922518036045625
3441,0.8956024152852753
3442,1
3443,1
3444,0.8680276625315166
3445,1
3446,1
3447,1
3448,1
3449,1
3450,0.9685849804078539
3451,1
3452,0.9614144663088184
3453,1
3454,0.9117330397512
3455,1
3456,0.9905051668667311
3457,1
3458,1
3459,0.5925079835806094
3460,0.9651212677009737
3461,0.6471509460941921
3462,0.5806117862695144
3463,1
3464,1
3465,0.980590260469024
3466,1
3467,0.9857566700855682
3468,1
3469,1
3470,1
3471,1
3472,0.9574216351622019
3473,0.6962422568159075
3474,1
3475,1
3476,1
3477,0.437907872145543
3478,1
3479,1
3480,1
3481,1
3482,0.9483339587646836
3483,1
3484,1
3485,1
3486,1
3487,0.7640938111797704
3488,0.9371052762402644
3489,1
3490,1
3491,1
3492,1
3493,0.9687685697150307
3494,1
3495,1
3496,1
3497,1
3498,0.9220419626372091
3499,0.9332537128567678
3500,1
3501,0.8368744130717932
3502,0.8999113489972067
3503,1
3504,0.27877753836240676
3505,1
3506,0.6142119652495057
3507,0.9483339587646836
3508,1
3509,1
3510,0.968832098902572
3511,1
3512,1
3513,0.9651212677009737
3514,1
3515,1
3516,0.8280057446722613
3517,1
3518,1
3519,0.7906690304517511
3520,1
3521,1
3522,0.8509694562315199
3523,1
3524,0.9381861771025415
3525,0.9857566700855682
3526,1
3527,1
3528,0.7880106269306362
3529,0.9667450634259871
3530,1
3531,0.9555012127891466
3532,1
3533,0.7803858433634824
3534,0.7888213357234999
3535,1
3536,1
3537,1
3538,1
3539,1
3540,1
3541,1
3542,1
3543,0.8769427636769767
3544,1
3545,1
3546,1
3547,0.8439215118401979
3548,0.8066697072100872
3549,0.52005578091781
3550,1
3551,0.8537480543769566
3552,0.9949058168780378
3553,0.8722569390466473
3554,0.9143342181821917
3555,0.9969928523546226
3556,1
3557,0.44822043282973734
3558,0.9067588393767277
3559,1
3560,1
3561,1
3562,1
3563,0.9479924604500709
3564,0.8680276625315166
3565,1
3566,1
3567,0.999011897929704
3568,1
3569,0.9299994467166725
3570,0.9614144663088184
3571,1
3572,0.9356604387270246
3573,1
3574,1
3575,1
3576,0.999011897929704
3577,1
3578,1
3579,1
3580,1
3581,1
3582,0.999011897929704
3583,0.29300334429183306
3584,0.9857566700855682
3585,1
3586,1
3587,0.9969928523546226
3588,0.6962422568159075
3589,1
3590,1
3591,1
3592,1
3593,1
3594,1
3595,1
3596,0.9759762511402005
3597,0.8012845151454274
3598,0.9969928523546226
3599,1
3600,0.9685849804078539
3601,1
3602,1
3603,0.8202247463183813
3604,0.753551958504048
3605,1
3606,1
3607,1
3608,1
3609,0.9881783092460067
3610,0.5049619089536829
3611,1
3612,0.831086147636881
3613,1
3614,1
3615,1
3616,1
3617,1
3618,1
3619,1
3620,1
3621,1
3622,1
3623,0.8973459867265247
3624,1
3625,1
3626,1
3627,1
3628,0.7687614350195365
3629,1
3630,1
3631,0.8893505834722302
3632,0.8680276625315166
3633,1
3634,1
3635,1
3636,1
3637,0.8680276625315166
3638,0.8973459867265247
3639,0.8722569390466473
3640,0.8279788315279484
3641,1
3642,0.9382578051726624
3643,1
3644,1
3645,1
3646,1
3647,0.9117330397512
3648,1
3649,1
3650,0.9718392465479493
3651,1
3652,1
3653,0.9857566700855682
3654,0.8752238370370918
3655,1
3656,0.9302355564425553
3657,1
3658,0.9206224804901203
3659,0.4709587233819713
3660,1
3661,0.991757217359853
3662,1
3663,1
3664,1
3665,0.74853828328704
3666,0.916947779515247
3667,0.999011897929704
3668,0.8522775190797645
3669,0.8680276625315166
3670,1
3671,0.9530866435720331
3672,0.9969928523546226
3673,1
3674,1
3675,1
3676,1
3677,0.8680276625315166
3678,0.8404041764712215
3679,1
3680,1
3681,1
3682,1
3683,0.8683417752309678
3684,1
3685,0.9718392465479493
3686,1
3687,1
3688,0.8138697140937888
3689,1
3690,0.9718392465479493
3691,0.9117330397512
3692,0.9614144663088184
3693,1
3694,1
3695,0.9201430291561377
3696,0.8038311717063625
3697,0.7953357088244613
3698,0.9749109523201227
3699,1
3700,1
3701,1
3702,0.9685849804078539
3703,0.9206224804901203
3704,0.9949058168780378
3705,0.9969928523546226
3706,1
3707,0.9382578051726624
3708,1
3709,0.9733355798991731
3710,1
3711,1
3712,0.9117330397512
3713,1
3714,1
3715,1
3716,1
3717,1
3718,0.9117330397512
3719,0.8973459867265247
3720,0.9651212677009737
3721,1
3722,0.8638274047334561
3723,1
3724,1
3725,0.7653736492580413
3726,0.5550933374327189
3727,1
3728,0.81195496506415
3729,1
3730,0.641124089141222
3731,1
3732,0.9335633566114278
3733,0.9718392465479493
3734,1
3735,1
3736,0.9781367485880892
3737,1
3738,0.9905051668667311
3739,1
3740,1
3741,0.9832309317100514
3742,1
3743,1
3744,1
3745,0.7311209891149338
3746,0.9651212677009737
3747,1
3748,1
3749,0.6140296585624807
3750,1
3751,1
3752,1
3753,0.9371052762402644
3754,1
3755,1
3756,0.9614144663088184
3757,1
3758,1
3759,0.9302355564425553
3760,0.9778219501715014
3761,1
3762,0.8510146104626144
3763,0.9641331656306777
3764,1
3765,1
3766,0.6119737479683408
3767,1
3768,0.8973459867265247
3769,0.9718392465479493
3770,1
3771,1
3772,1
3773,1
3774,0.8246458613661484
3775,1
3776,0.9488087644725279
3777,0.9641331656306777
3778,1
3779,0.8973459867265247
3780,0.8906269430450631
3781,1
3782,0.9220419626372091
3783,0.9754960773470618
3784,1
3785,1
3786,0.8763836131306313
3787,1
3788,0.980590260469024
3789,1
3790,0.9208801399161981
3791,1
3792,1
3793,1
3794,1
3795,1
3796,0.8938812091851585
3797,1
3798,0.9614144663088184
3799,1
3800,0.9543263590458063
3801,0.980590260469024
3802,0.9173215605603033
3803,1
3804,0.999011897929704
3805,1
3806,1
3807,1
3808,1
3809,0.9381861771025415
3810,1
3811,0.8627621059133783
3812,0.9455999444082086
3813,1
3814,0.8680276625315166
3815,0.9420047267778425
3816,1
3817,1
3818,0.8910295644328288
3819,1
3820,0.9832309317100514
3821,1
3822,0.36630256266689154
3823,1
3824,0.9268143039512061
3825,1
3826,1
3827,0.9530866435720331
3828,0.37317698547037276
3829,1
3830,0.8502740337330496
3831,1
3832,0.9614144663088184
3833,0.7665468387118208
3834,0.9117330397512
3835,0.1739354062296626
3836,1
3837,1
3838,0.7711396083052573
3839,0.9066388566292378
3840,0.9786834761127378
3841,1
3842,1
3843,0.9685849804078539
3844,1
3845,1
3846,1
3847,0.8607729819616656
3848,1
3849,0.8607729819616656
3850,1
3851,0.980590260469024
3852,0.9778219501715014
3853,1
3854,1
3855,0.9483339587646836
3856,1
3857,1
3858,0.9011557710995964
3859,1
3860,1
3861,1
3862,0.8562059717775233
3863,1
3864,0.7788622395295586
3865,1
3866,0.8467896511132547
3867,0.6114784213898836
3868,0.9519995014250819
3869,1
3870,1
3871,1
3872,0.9685849804078539
3873,0.4972745313323236
3874,0.9530866435720331
3875,1
3876,0.9719038046747454
3877,0.9683271170382325
3878,0.9778219501715014
3879,1
3880,1
3881,1
3882,0.8910506501947678
3883,1
3884,0.9054140956122729
3885,0.8953568241435291
3886,0.9778219501715014
3887,1
3888,0.9857566700855682
3889,1
3890,1
3891,1
3892,1
3893,1
3894,1
3895,0.8732147519096309
3896,1
3897,1
3898,1
3899,1
3900,0.9106619336802785
3901,1
3902,0.9305562089660505
3903,0.8973459867265247
3904,1
3905,1
3906,1
3907,0.7599309113245942
3908,1
3909,1
3910,0.9340981285948871
3911,1
3912,0.9524295070169732
3913,0.9781367485880892
3914,1
3915,1
3916,1
3917,1
3918,0.4354276276198244
3919,1
3920,1
3921,1
3922,1
3923,0.9614144663088184
3924,1
3925,1
3926,1
3927,1
3928,0.9651212677009737
3929,1
3930,1
3931,0.4724423978337025
3932,1
3933,0.9905051668667311
3934,1
3935,0.9927453194301491
3936,0.9371052762402644
3937,1
3938,1
3939,1
3940,0.3647101396247044
3941,1
3942,0.9614144663088184
3943,1
3944,1
3945,0.9265357340097923
3946,0.9685849804078539
3947,1
3948,1
3949,0.8973459867265247
3950,0.6765600677423139
3951,1
3952,1
3953,1
3954,0.9220419626372091
3955,1
3956,1
3957,0.8703941620482342
3958,1
3959,1
3960,1
3961,1
3962,1
3963,1
3964,1
3965,1
3966,1
3967,1
3968,0.9055161505890064
3969,0.9663346124209247
3970,1
3971,1
3972,1
3973,0.999011897929704
3974,1
3975,0.9614144663088184
3976,0.9084224811889559
3977,1
3978,1
3979,1
3980,1
3981,1
3982,1
3983,0.8472114306620593
3984,0.8388686576174249
3985,0.980590260469024
3986,1
3987,1
3988,1
3989,1
3990,0.9685849804078539
3991,0.8286860346969143
3992,0.9614144663088184
3993,0.9905051668667311
3994,0.5269572853044975
3995,0.7639531022764664
3996,0.9759762511402005
3997,1
3998,1
3999,1
4000,1
4001,1
4002,1
4003,0.7953357088244613
4004,1
4005,0.9416431423505767
4006,1
4007,1
4008,0.7989088430632761
4009,1
4010,1
4011,0.7833738407624912
4012,0.5922746091927175
4013,0.8347727259575037
4014,1
4015,1
4016,1
4017,1
4018,1
4019,1
4020,0.9229808758727044
4021,0.9749109523201227
4022,0.959090147274585
4023,1
4024,1
4025,1
4026,1
4027,1
4028,1
4029,1
4030,0.9714287955428867
4031,1
4032,1
4033,0.4219757431005803
4034,1
4035,1
4036,0.590706150344359
4037,1
4038,0.9785019895157173
4039,1
4040,0.9857566700855682
4041,0.8801634659849612
4042,1
4043,0.9718392465479493
4044,0.9857566700855682
4045,0.9337062481088276
4046,0.89614483331673
4047,1
4048,1
4049,1
4050,1
4051,1
4052,1
4053,0.9685849804078539
4054,0.9918986692326606
4055,0.9117330397512
4056,0.9854109837447689
4057,0.7262229310341184
4058,1
4059,1
4060,0.9614144663088184
4061,1
4062,1
4063,0.8976311613455473
4064,1
4065,1
4066,0.9927453194301491
4067,1
4068,1
4069,1
4070,0.7676296639360957
4071,1
4072,1
4073,1
4074,0.5292262595399712
4075,1
4076,0.7797607022827165
4077,1
4078,0.999011897929704
4079,0.4844985637913805
4080,1
4081,1
4082,0.9881783092460067
4083,0.8969529149573318
4084,1
4085,0.9749109523201227
4086,1
4087,1
4088,0.9927453194301491
4089,1
4090,1
4091,0.8511117886555611
4092,0.8973459867265247
4093,1
4094,1
4095,1
4096,1
4097,0.6471509460941921
4098,1
4099,1
4100,1
4101,1
4102,0.9897381717847717
4103,1
4104,1
4105,1
4106,0.9507910536663244
4107,1
4108,1
4109,1
4110,0.9857566700855682
4111,1
4112,1
4113,0.7596641329030437
4114,1
4115,1
4116,0.9530866435720331
4117,1
4118,0.8973459867265247
4119,1
4120,1
4121,0.9220419626372091
4122,0.9927453194301491
4123,1
4124,0.9718392465479493
4125,1
4126,1
4127,0.9292474543722593
4128,1
4129,0.8254492976937186
4130,1
4131,1
4132,0.860104744164943
4133,1
4134,1
4135,1
4136,1
4137,0.9244551016955692
4138,0.9117330397512
4139,1
4140,0.3795796795795765
4141,0.8756295464352087
4142,1
4143,1
4144,1
4145,0.25232520675064646
4146,0.8976311613455473
4147,1
4148,1
4149,0.9117330397512
4150,1
4151,1
4152,0.9532995769469804
4153,1
4154,0.9857566700855682
4155,0.81195496506415
4156,1
4157,0.7882491655747709
4158,0.9651212677009737
4159,0.8831855131250667
4160,1
4161,1
4162,1
4163,1
4164,1
4165,0.9809236286761558
4166,0.5124627025652435
4167,1
4168,1
4169,0.7304749139927137
4170,0.8846515340467682
4171,1
4172,0.8956024152852753
4173,0.9117330397512
4174,0.8988205368504093
4175,1
4176,1
4177,1
4178,0.9117330397512
4179,1
4180,0.7143067005508241
4181,1
4182,1
4183,0.9483339587646836
4184,1
4185,1
4186,1
4187,1
4188,0.9918986692326606
4189,0.5576544884364505
4190,0.8680276625315166
4191,0.44822043282973734
4192,1
4193,1
4194,1
4195,0.7275248218723094
4196,0.6471509460941921
4197,1
4198,0.9229808758727044
4199,1
4200,1
4201,1
4202,1
4203,1
4204,0.5936108881628892
4205,1
4206,0.9208801399161981
4207,0.9302355564425553
4208,1
4209,1
4210,1
4211,1
4212,0.9422620963698073
4213,1
4214,1
4215,1
4216,0.8680276625315166
4217,0.7989199360914329
4218,0.9302355564425553
4219,1
4220,1
4221,1
4222,1
4223,0.6962422568159075
4224,1
4225,0.6720746612682318
4226,1
4227,0.6437438783163454
4228,1
4229,0.980590260469024
4230,1
4231,0.7460238875445916
4232,1
4233,1
4234,0.999011897929704
4235,0.9251413733205932
4236,1
4237,1
4238,1
4239,1
4240,0.9685849804078539
4241,0.9220419626372091
4242,0.9614144663088184
4243,0.910744937680904
4244,1
4245,1
4246,1
4247,1
4248,0.9371052762402644
4249,0.9832309317100514
4250,1
4251,1
4252,0.6132645160563458
4253,1
4254,1
4255,0.9574216351622019
4256,0.9574216351622019
4257,0.9209124324480937
4258,1
4259,0.5536200632573138
4260,1
4261,1
4262,0.9220419626372091
4263,0.8092855454062315
4264,0.9614144663088184
4265,0.9857566700855682
4266,1
4267,0.9651212677009737
4268,1
4269,0.9337062481088276
4270,1
4271,1
4272,0.28404767400530745
4273,1
4274,1
4275,0.9614144663088184
4276,1
4277,1
4278,0.7599309113245942
4279,0.6300358124091112
4280,1
4281,1
4282,1
4283,0.9685849804078539
4284,0.8740414640622911
4285,1
4286,0.7620758004511085
4287,0.926155908936185
4288,0.9685849804078539
4289,0.8537843326170849
4290,1
4291,1
4292,0.9754960773470618
4293,0.9483339587646836
4294,1
4295,0.8624672544274984
4296,0.9718392465479493
4297,1
4298,0.9651212677009737
4299,1
4300,1
4301,1
4302,1
4303,0.9614144663088184
4304,0.9483339587646836
4305,1
4306,0.36630256266689154
4307,1
4308,0.5361211910488494
4309,1
4310,1
4311,1
4312,1
4313,0.9483339587646836
4314,0.9785019895157173
4315,1
4316,0.6827357839593824
4317,1
4318,0.8835722862991494
4319,1
4320,1
4321,1
4322,1
4323,1
4324,1
4325,1
4326,0.5936108881628892
4327,0.9265357340097923
4328,1
4329,1
4330,1
4331,1
4332,0.9781563031749179
4333,1
4334,1
4335,1
4336,0.9483339587646836
4337,1
4338,0.8885233806441406
4339,1
4340,1
4341,1
4342,1
4343,1
4344,1
4345,1
4346,1
4347,1
4348,1
4349,0.8673408326828198
4350,0.9458373479832913
4351,0.9800769784786673
4352,1
4353,1
4354,1
4355,1
4356,0.9749109523201227
4357,1
4358,1
4359,1
4360,1
4361,1
4362,1
4363,0.7719950746343598
4364,0.9014206023367168
4365,0.7777303025991193
4366,1
4367,0.9949058168780378
4368,1
4369,0.8346433162245354
4370,1
4371,1
4372,1
4373,0.9685849804078539
4374,0.9392364164803199
4375,0.9260066155700558
4376,1
4377,1
4378,1
4379,1
4380,1
4381,1
4382,1
4383,1
4384,1
4385,0.8956024152852753
4386,0.9685849804078539
4387,0.9749109523201227
4388,0.9918986692326606
4389,0.9969928523546226
4390,0.6623614767379642
4391,0.734353591295971
4392,1
4393,1
4394,1
4395,1
4396,1
4397,1
4398,1
4399,1
4400,0.8445171231209114
4401,0.9221342256752159
4402,1
4403,1
4404,1
4405,0.8732937461872521
4406,1
4407,1
4408,1
4409,1
4410,0.927228408797178
4411,1
4412,1
4413,0.9302355564425553
4414,1
4415,0.8035860462818079
4416,0.9404242269558032
4417,0.9857566700855682
4418,1
4419,1
4420,0.8736731474892405
4421,1
4422,1
4423,1
4424,1
4425,0.47099018002655435
4426,1
4427,1
4428,0.7599309113245942
4429,1
4430,0.9084047000953254
4431,1
4432,1
4433,1
4434,1
4435,1
4436,1
4437,0.8680276625315166
4438,1
4439,0.9830841261240445
4440,1
4441,1
4442,0.9483339587646836
4443,1
4444,1
4445,1
4446,0.886998846096416
4447,1
4448,1
4449,1
4450,1
4451,0.9335633566114278
4452,1
4453,1
4454,0.9689876017956197
4455,1
4456,1
4457,1
4458,0.9614144663088184
4459,1
4460,1
4461,0.6926816955509859
4462,0.910744937680904
4463,1
4464,0.8680276625315166
4465,1
4466,0.8505605027059218
4467,0.4664894843292701
4468,0.980590260469024
4469,1
4470,1
4471,1
4472,1
4473,0.9208801399161981
4474,1
4475,0.8982312942255648
4476,0.999011897929704
4477,1
4478,1
4479,1
4480,1
4481,1
4482,1
4483,1
4484,1
4485,1
4486,0.9749109523201227
4487,0.6918352422399242
4488,0.980590260469024
4489,0.981761420369895
4490,1
4491,1
4492,0.9609058256151088
4493,1
4494,0.8275815431690801
4495,1
4496,0.8835722862991494
4497,0.40253543053667423
4498,0.9724889297016845
4499,1
4500,0.8902293261390836
4501,1
4502,0.8279788315279484
4503,1
4504,0.9718392465479493
4505,1
4506,1
4507,1
4508,0.9969928523546226
4509,0.999011897929704
4510,0.7782686586854802
4511,1
4512,1
4513,0.8460497383265323
4514,1
4515,1
4516,0.8225588566627794
4517,0.9960047502843267
4518,1
4519,0.8337750023884092
4520,0.8920286489122582
4521,1
4522,1
4523,0.8337750023884092
4524,0.8831855131250667
4525,0.5174264140846152
4526,1
4527,0.7681079629927958
4528,1
4529,1
4530,1
4531,0.7812580409582404
4532,0.8831026568120929
4533,0.6771066890092413
4534,0.7646025360245845
4535,1
4536,1
4537,1
4538,0.8028621373155311
4539,0.8779362471955486
4540,1
4541,1
4542,1
4543,1
4544,0.661837353218792
4545,1
4546,1
4547,0.6223047271475328
4548,0.999011897929704
4549,1
4550,0.7512522158623951
4551,1
4552,1
4553,0.831696868244977
4554,0.999011897929704
4555,1
4556,0.9579950784441671
4557,1
4558,1
4559,0.991757217359853
4560,1
4561,0.9489173775072564
4562,1
4563,1
4564,1
4565,0.8211143061035497
4566,1
4567,1
4568,1
4569,1
4570,0.9543263590458063
4571,0.9483339587646836
4572,1
4573,1
4574,1
4575,1
4576,0.941476531497304
4577,0.8547912294958968
4578,1
4579,1
4580,0.811276150035524
4581,1
4582,1
4583,0.980590260469024
4584,1
4585,0.6215730832889966
4586,0.7474912603309277
4587,0.8027777087395082
4588,1
4589,0.9574216351622019
4590,1
4591,1
4592,0.9530866435720331
4593,0.9034902571110531
4594,1
4595,0.8325861794225579
4596,0.8439215118401979
4597,1
4598,1
4599,0.5174264140846152
4600,0.9220419626372091
4601,0.9431783052477701
4602,0.28404767400530745
4603,1
4604,1
4605,1
4606,0.9388043709937801
4607,1
4608,1
4609,0.9918986692326606
4610,0.9430581897446968
4611,0.8680276625315166
4612,1
4613,0.9651212677009737
4614,1
4615,0.6118701509353975
4616,0.9832309317100514
4617,1
4618,1
4619,1
4620,1
4621,1
4622,0.9117330397512
4623,1
4624,0.9949058168780378
4625,0.5174264140846152
4626,0.9905051668667311
4627,1
4628,0.8607729819616656
4629,1
4630,1
4631,0.9832309317100514
4632,1
4633,1
4634,1
4635,1
4636,0.980590260469024
4637,1
4638,0.9574216351622019
4639,0.980590260469024
4640,1
4641,1
4642,0.8550744183050838
4643,1
4644,0.9614144663088184
4645,0.9857566700855682
4646,0.9584073186634412
4647,0.9584122106405254
4648,0.44822043282973734
4649,0.8038311717063625
4650,1
4651,1
4652,0.8579854161564625
4653,0.13962224013636176
4654,0.7631999216802124
4655,0.9832309317100514
4656,1
4657,1
4658,1
4659,0.8578406541651212
4660,1
4661,1
4662,0.9949058168780378
4663,0.2679212824639739
4664,1
4665,0.9651212677009737
4666,0.8090790264777248
4667,1
4668,1
4669,0.8684217335450968
4670,1
4671,1
4672,0.6684508125042652
4673,0.8973459867265247
4674,0.815360522806596
4675,1
4676,0.8673408326828198
4677,0.9106619336802785
4678,1
4679,0.980590260469024
4680,0.9022265439412381
4681,0.8456799454912083
4682,1
4683,0.9651212677009737
4684,0.980590260469024
4685,1
4686,0.980590260469024
4687,0.9651212677009737
4688,1
4689,1
4690,1
4691,1
4692,1
4693,0.9614144663088184
4694,0.9530866435720331
4695,1
4696,1
4697,1
4698,1
4699,1
4700,0.9108345769980419
4701,0.851258594241568
4702,1
4703,1
4704,0.9905051668667311
4705,0.9719038046747454
4706,1
4707,1
4708,0.8973459867265247
4709,0.9809236286761558
4710,1
4711,1
4712,0.5815519711770484
4713,0.865100152381906
4714,1
4715,1
4716,0.7928692573467364
4717,1
4718,0.9727479965064865
4719,0.9458319630021822
4720,1
4721,1
4722,0.9284057581571736
4723,0.9685849804078539
4724,0.8973459867265247
4725,1
4726,1
4727,0.544447521692061
4728,0.4756840206827645
4729,1
4730,0.959090147274585
4731,0.9530866435720331
4732,0.9483339587646836
4733,1
4734,1
4735,0.9905051668667311
4736,1
4737,1
4738,1
4739,0.9302355564425553
4740,1
4741,0.8043530811604578
4742,0.9352435853337033
4743,0.8456799454912083
4744,1
4745,1
4746,1
4747,0.9567632896538606
4748,0.9832309317100514
4749,0.8732147519096309
4750,0.999011897929704
4751,0.97967438489331
4752,1
4753,0.6437438783163454
4754,0.8733813126071528
4755,1
4756,0.9857566700855682
4757,0.980590260469024
4758,1
4759,1
4760,1
4761,1
4762,1
4763,1
4764,0.9066368100017664
4765,1
4766,0.7960252584236724
4767,0.9651212677009737
4768,1
4769,0.968832098902572
4770,1
4771,1
4772,1
4773,0.9778219501715014
4774,0.9685849804078539
4775,1
4776,0.9159596774449509
4777,0.9969928523546226
4778,1
4779,1
4780,0.648102078764905
4781,0.8973459867265247
4782,1
4783,1
4784,1
4785,1
4786,1
4787,0.1739354062296626
4788,0.9377561715106503
4789,1
4790,0.574289814515794
4791,1
4792,0.8954876967616701
4793,0.9969928523546226
4794,1
4795,1
4796,1
4797,1
4798,1
4799,0.9778219501715014
4800,0.7822515641681951
4801,1
4802,1
4803,1
4804,1
4805,0.5626887659473436
4806,1
4807,0.8910506501947678
4808,1
4809,0.9718392465479493
4810,1
4811,1
4812,0.5037065243031154
4813,1
4814,0.8211800906925077
4815,1
4816,0.9881783092460067
4817,1
4818,0.947926802028933
4819,1
4820,1
4821,1
4822,0.7833738407624912
4823,1
4824,0.7147925768549297
4825,0.8404041764712215
4826,0.7653736492580413
4827,0.9055161505890064
4828,1
4829,1
4830,1
4831,1
4832,0.8424596948130196
4833,1
4834,0.9939177148077418
4835,1
4836,1
4837,0.6574104578515455
4838,1
4839,1
4840,1
4841,1
4842,0.5806117862695144
4843,0.8922518036045625
4844,1
4845,1
4846,1
4847,1
4848,0.8670395604612207
4849,1
4850,0.936960514248923
4851,0.9519196331755495
4852,1
4853,0.8441814893619763
4854,1
4855,1
4856,1
4857,0.9832309317100514
4858,1
4859,1
4860,1
4861,1
4862,1
4863,0.9683271170382325
4864,1
4865,0.9371052762402644
4866,0.723077791230936
4867,1
4868,1
4869,1
4870,0.8398669090794659
4871,1
4872,1
4873,1
4874,1
4875,1
4876,0.7304749139927137
4877,0.9638407467659041
4878,1
4879,0.7577291769616384
4880,1
4881,0.9483339587646836
4882,1
4883,1
4884,1
4885,1
4886,1
4887,1
4888,1
4889,0.9857566700855682
4890,1
4891,1
4892,1
4893,1
4894,0.9302355564425553
4895,0.9857566700855682
4896,1
4897,0.9733355798991731
4898,1
4899,0.980590260469024
4900,1
4901,0.6419369593680511
4902,0.8973459867265247
4903,0.9905051668667311
4904,1
4905,1
4906,1
4907,1
4908,1
4909,0.9881783092460067
4910,0.3546120137622079
4911,1
4912,1
4913,1
4914,0.9220419626372091
4915,1
4916,0.9117330397512
4917,0.9208801399161981
4918,1
4919,1
4920,1
4921,0.1394358406950158
4922,1
4923,0.8585328293982476
4924,0.9570104081485786
4925,1
4926,0.6601932302590532
4927,1
4928,1
4929,0.9574216351622019
4930,1
4931,0.9371052762402644
4932,0.9302355564425553
4933,0.9220419626372091
4934,1
4935,1
4936,0.9881783092460067
4937,0.9614144663088184
4938,0.8033250296388427
4939,1
4940,1
4941,0.9927453194301491
4942,1
4943,0.9431783052477701
4944,1
4945,1
4946,1
4947,0.9483339587646836
4948,0.8540424560591434
4949,1
4950,1
4951,1
4952,0.9905051668667311
4953,1
4954,0.28404767400530745
4955,1
4956,1
4957,1
4958,1
4959,1
4960,0.9089445227882137
4961,1
4962,1
4963,1
4964,0.9905051668667311
4965,0.8876571916047573
4966,1
4967,1
4968,1
4969,0.528782160883088
4970,1
4971,1
4972,0.8971228320342204
4973,0.9756763284673604
4974,1
4975,1
4976,0.9530866435720331
4977,0.8038311717063625
4978,1
4979,1
4980,1
4981,1
4982,1
4983,1
4984,0.8999113489972067
4985,1
4986,0.9518159121179053
4987,0.9220419626372091
4988,1
4989,0.7504086068329762
4990,1
4991,1
4992,1
4993,1
4994,0.9574216351622019
4995,0.8910506501947678
4996,1
4997,1
4998,0.16511844455198982
4999,0.9651212677009737
5000,0.8817380600811996
5001,0.7271496322061999
5002,1
5003,1
5004,1
5005,1
5006,0.9969928523546226
5007,0.9881783092460067
5008,0.9117330397512
5009,1
5010,1
5011,1
5012,0.9718392465479493
5013,0.8785695152072391
5014,0.9458319630021822
5015,1
5016,0.8846515340467682
5017,1
5018,1
5019,1
5020,1
5021,1
5022,0.9651212677009737
5023,1
5024,1
5025,0.9302355564425553
5026,1
5027,1
5028,1
5029,1
5030,0.9614144663088184
5031,1
5032,1
5033,1
5034,0.8591472388774735
5035,0.980590260469024
5036,0.8038311717063625
5037,1
5038,1
5039,0.910744937680904
5040,0.7566059964155584
5041,1
5042,0.7018026649199257
5043,1
5044,1
5045,0.9836558865925136
5046,0.8673408326828198
5047,0.8488383159914644
5048,1
5049,0.9524295070169732
5050,0.9749109523201227
5051,0.7893827953200289
5052,1
5053,0.9749109523201227
5054,1
5055,0.6638791213391337
5056,0.6460184254075798
5057,1
5058,1
5059,0.9038534122001718
5060,0.9371052762402644
5061,1
5062,1
5063,0.9457115281699977
5064,0.9213324405340684
5065,1
5066,1
5067,1
5068,0.7874460996781049
5069,0.9574216351622019
5070,1
5071,1
5072,1
5073,1
5074,0.10860785149061951
5075,0.8876571916047573
5076,1
5077,0.9614144663088184
5078,1
5079,1
5080,1
5081,1
5082,1
5083,1
5084,0.9749109523201227
5085,0.8945269114024664
5086,1
5087,1
5088,1
5089,1
5090,1
5091,0.9881783092460067
5092,1
5093,0.9614144663088184
5094,0.9220419626372091
5095,1
5096,0.5536200632573138
5097,0.9302355564425553
5098,1
5099,0.8285178054320669
5100,1
5101,1
5102,1
5103,0.5688302934165113
5104,0.9044100372396918
5105,0.785723199240805
5106,0.52005578091781
5107,0.8680276625315166
5108,0.8683417752309678
5109,1
5110,1
5111,1
5112,1
5113,0.9530866435720331
5114,0.980590260469024
5115,1
5116,1
5117,0.9530866435720331
5118,1
5119,1
5120,1
5121,1
5122,1
5123,1
5124,1
5125,0.9969928523546226
5126,0.8878511535932557
5127,1
5128,1
5129,0.9718392465479493
5130,1
5131,0.8299398710324766
5132,1
5133,1
5134,1
5135,1
5136,1
5137,0.1362400349580319
5138,0.8966580516425219
5139,1
5140,0.9006896772530381
5141,1
5142,1
5143,0.46287881347255627
5144,0.9530866435720331
5145,0.7233525307223089
5146,1
5147,1
5148,0.9397363579942904
5149,1
5150,1
5151,1
5152,0.9574216351622019
5153,1
5154,1
5155,0.9969928523546226
5156,1
5157,0.9117330397512
5158,1
5159,0.9778219501715014
5160,1
5161,1
5162,0.9430581897446968
5163,1
5164,0.968832098902572
5165,1
5166,1
5167,1
5168,1
5169,0.9154167136063691
5170,1
5171,1
5172,0.826142194717372
5173,0.9927453194301491
5174,1
5175,1
5176,1
5177,1
5178,0.9832309317100514
5179,0.9614144663088184
5180,1
5181,0.796166523576934
5182,0.853198824132146
5183,1
5184,1
5185,1
5186,0.9518159121179053
5187,1
5188,1
5189,1
5190,0.7253606466909253
5191,1
5192,1
5193,1
5194,1
5195,0.28404767400530745
5196,1
5197,0.7606359638820859
5198,0.9574216351622019
5199,0.980590260469024
5200,1
5201,1
5202,1
5203,1
5204,1
5205,1
5206,1
5207,1
5208,0.9584073186634412
5209,0.8650205148861393
5210,1
5211,0.991757217359853
5212,1
5213,0.980590260469024
5214,0.9220419626372091
5215,1
5216,1
5217,0.9905051668667311
5218,1
5219,1
5220,1
5221,0.8235918515749521
5222,0.8579650805854697
5223,1
5224,1
5225,0.8901919198122976
5226,1
5227,0.9663469305545923
5228,1
5229,1
5230,1
5231,0.36630256266689154
5232,0.9493043272313071
5233,0.837227559889124
5234,1
5235,1
5236,1
5237,1
5238,1
5239,1
5240,1
5241,1
5242,1
5243,0.9371052762402644
5244,1
5245,1
5246,1
5247,0.9457115281699977
5248,0.9530866435720331
5249,1
5250,1
5251,0.9159308371022415
5252,0.8510146104626144
5253,1
5254,1
5255,1
5256,1
5257,0.9927453194301491
5258,0.4003622490413691
5259,0.9302355564425553
5260,1
5261,0.28404767400530745
5262,1
5263,0.8662079686211823
5264,1
5265,1
5266,1
5267,1
5268,1
5269,0.8563863296802057
5270,1
5271,0.8973459867265247
5272,1
5273,0.8131698459082387
5274,1
5275,1
5276,1
5277,0.6517364204572224
5278,1
5279,0.9201732053126329
5280,0.9479924604500709
5281,0.8038311717063625
5282,0.9614144663088184
5283,1
5284,1
5285,0.8600669985158838
5286,0.8226665606978055
5287,0.8221613256460032
5288,0.9430581897446968
5289,1
5290,0.9927453194301491
5291,1
5292,0.9430581897446968
5293,1
5294,0.9960047502843267
5295,0.9302355564425553
5296,1
5297,0.999011897929704
5298,0.999011897929704
5299,1
5300,0.9471711363943868
5301,1
5302,0.9139406318698696
5303,0.9881783092460067
5304,1
5305,0.8779362471955486
5306,0.9857566700855682
5307,1
5308,1
5309,0.9881783092460067
5310,0.9749109523201227
5311,1
5312,1
5313,0.9651212677009737
5314,1
5315,1
5316,1
5317,0.9778219501715014
5318,0.9380721305494554
5319,1
5320,1
5321,0.28404767400530745
5322,1
5323,1
5324,0.6965602874074784
5325,0.9802237840646741
5326,0.9574216351622019
5327,1
5328,0.8090790264777248
5329,1
5330,1
5331,1
5332,0.999011897929704
5333,1
5334,0.9832309317100514
5335,1
5336,0.8680276625315166
5337,0.47906674253698894
5338,1
5339,0.9949058168780378
5340,1
5341,1
5342,1
5343,1
5344,0.8012845151454274
5345,1
5346,1
5347,1
5348,1
5349,1
5350,0.879128535262217
5351,0.7900696251687257
5352,1
5353,0.999011897929704
5354,1
5355,1
5356,1
5357,1
5358,1
5359,1
5360,1
5361,1
5362,0.821344454573358
5363,1
5364,0.8562421720126112
5365,1
5366,0.9483339587646836
5367,1
5368,1
5369,1
5370,1
5371,0.8913921485093805
5372,0.9832309317100514
5373,1
5374,1
5375,0.8722569390466473
5376,0.7311209891149338
5377,0.9905051668667311
5378,0.6771066890092413
5379,1
5380,1
5381,0.9574216351622019
5382,1
5383,1
5384,0.8973459867265247
5385,1
5386,0.9117330397512
5387,1
5388,0.5541819572665381
5389,1
5390,0.9688286671278645
5391,0.9188361014710205
5392,1
5393,0.9325068689536401
5394,1
5395,1
5396,1
5397,0.8729087854151102
5398,1
5399,1
5400,1
5401,0.8464373805828845
5402,1
5403,0.8719891174305382
5404,1
5405,1
5406,1
5407,1
5408,1
5409,1
5410,1
5411,1
5412,1
5413,1
5414,1
5415,0.9685849804078539
5416,0.9075011310888578
5417,1
5418,1
5419,1
5420,0.8957910922363208
5421,1
5422,0.4111726613741308
5423,1
5424,0.9087258921058228
5425,1
5426,0.6221723468967338
5427,1
5428,1
5429,0.9927453194301491
5430,0.5071325768693296
5431,0.8021374718039247
5432,0.9651212677009737
5433,0.9371052762402644
5434,0.28404767400530745
5435,0.8722569390466473
5436,1
5437,1
5438,0.9781367485880892
5439,0.9302355564425553
5440,0.8492656199020742
5441,0.9302355564425553
5442,0.8680276625315166
5443,1
5444,1
5445,0.9220419626372091
5446,1
5447,1
5448,1
5449,0.9229967766186237
5450,1
5451,0.9435918104387641
5452,0.9371052762402644
5453,1
5454,1
5455,1
5456,0.7653736492580413
5457,1
5458,1
5459,1
5460,0.9574216351622019
5461,1
5462,0.9371052762402644
5463,1
5464,0.9117330397512
5465,1
5466,1
5467,1
5468,1
5469,1
5470,1
5471,1
5472,0.999011897929704
5473,0.8619554717765555
5474,1
5475,0.9832309317100514
5476,1
5477,1
5478,1
5479,0.7646927335342504
5480,1
5481,0.7599309113245942
5482,0.9568784850608267
5483,0.9584073186634412
5484,0.9949058168780378
5485,0.9857566700855682
5486,0.8685734744958303
5487,1
5488,0.8375851011471631
5489,0.7611653482028693
5490,0.6118701509353975
5491,1
5492,1
5493,1
5494,0.9949058168780378
5495,0.926155908936185
5496,1
5497,0.9718392465479493
5498,1
5499,0.9651212677009737
5500,0.980590260469024
5501,1
5502,1
5503,1
5504,1
5505,1
5506,1
5507,0.9685849804078539
5508,1
5509,0.9220419626372091
5510,0.9778219501715014
5511,1
5512,1
5513,1
5514,1
5515,0.8973459867265247
5516,0.9969928523546226
5517,1
5518,1
5519,1
5520,0.9775831128236467
5521,1
5522,1
5523,1
5524,1
5525,1
5526,1
5527,0.9302355564425553
5528,1
5529,0.43766721451436236
5530,1
5531,0.9550701782580007
5532,0.9651212677009737
5533,1
5534,0.9117330397512
5535,0.9614144663088184
5536,0.9220419626372091
5537,1
5538,0.8385960573079084
5539,0.8509694562315199
5540,0.980590260469024
5541,0.7906690304517511
5542,1
5543,1
5544,0.9108258169115794
5545,0.9302355564425553
5546,0.7719950746343598
5547,0.5101794909645242
5548,1
5549,1
5550,0.9749109523201227
5551,0.8853057347005561
5552,1
5553,1
5554,1
5555,0.8368744130717932
5556,1
5557,0.8956024152852753
5558,1
5559,0.8956024152852753
5560,0.7755319528051833
5561,1
5562,1
5563,0.6320382213624811
5564,1
5565,0.9493203043948625
5566,1
5567,0.5391996937457699
5568,0.9847685680152722
5569,1
5570,0.9749109523201227
5571,1
5572,1
5573,0.2679212824639739
5574,1
5575,1
5576,0.9651212677009737
5577,0.9654161191868537
5578,0.9905051668667311
5579,1
5580,0.9881783092460067
5581,0.9718392465479493
5582,0.9532995769469804
5583,0.9524295070169732
5584,1
5585,1
5586,1
5587,1
5588,1
5589,1
5590,0.8066697072100872
5591,1
5592,1
5593,1
5594,1
5595,0.8684217335450968
5596,0.9614144663088184
5597,1
5598,1
5599,1
5600,0.9857566700855682
5601,1
5602,0.5136497615273021
5603,0.6684508125042652
5604,0.7461843027179891
5605,0.7651088629026602
5606,1
5607,1
5608,0.959090147274585
5609,1
5610,0.9105082787342351
5611,0.9530866435720331
5612,0.8611569906639419
5613,0.9857566700855682
5614,0.9055454946567769
5615,1
5616,0.810252782300283
5617,0.7880106269306362
5618,0.9220419626372091
5619,0.9302355564425553
5620,1
5621,0.9105082787342351
5622,1
5623,0.9624861682912582
5624,0.9273404593370959
5625,0.9077986327227774
5626,1
5627,1
5628,1
5629,1
5630,1
5631,1
5632,1
5633,1
5634,1
5635,1
5636,0.9749109523201227
5637,1
5638,1
5639,1
5640,1
5641,1
5642,0.8837016450514186
5643,1
5644,1
5645,0.8680276625315166
5646,1
5647,1
5648,1
5649,1
5650,1
5651,0.8874210818788744
5652,1
5653,1
5654,1
5655,1
5656,0.7538610578529071
5657,0.8458223454045207
5658,1
5659,0.9718392465479493
5660,0.9220419626372091
5661,0.7263141713515281
5662,0.22853005627794243
5663,1
5664,1
5665,1
5666,1
5667,1
5668,0.980590260469024
5669,1
5670,0.7746665191607545
5671,1
5672,0.8640900755669243
5673,0.8510146104626144
5674,0.8842977929663591
5675,1
5676,0.835102158237175
5677,1
5678,1
5679,0.7704934927865432
5680,1
5681,1
5682,1
5683,1
5684,0.8756295464352087
5685,1
5686,1
5687,0.8902293261390836
5688,1
5689,0.8388686576174249
5690,1
5691,0.8684217335450968
5692,0.9651212677009737
5693,1
5694,1
5695,0.9483339587646836
5696,0.9857566700855682
5697,1
5698,1
5699,1
5700,1
5701,0.8680276625315166
5702,0.9969928523546226
5703,1
5704,1
5705,0.7999660559430192
5706,1
5707,1
5708,0.999011897929704
5709,0.9458319630021822
5710,0.9220419626372091
5711,1
5712,1
5713,1
5714,0.869185233274474
5715,0.9905051668667311
5716,1
5717,0.8505404987553314
5718,0.9574216351622019
5719,0.5901597247102331
5720,1
5721,1
5722,0.7171355903579985
5723,1
5724,1
5725,0.9881783092460067
5726,1
5727,1
5728,1
5729,1
5730,0.5724635131527703
5731,1
5732,0.9663469305545923
5733,1
5734,0.9969928523546226
5735,1
5736,0.9832309317100514
5737,1
5738,1
5739,0.9610528818815528
5740,0.8973459867265247
5741,0.709996258725272
5742,1
5743,1
5744,1
5745,1
5746,1
5747,0.5774865766259455
5748,1
5749,1
5750,1
5751,0.9371052762402644
5752,1
5753,1
5754,1
5755,1
5756,1
5757,1
5758,1
5759,1
5760,1
5761,0.8472114306620593
5762,1
5763,1
5764,1
5765,0.5492013345860682
5766,1
5767,1
5768,0.9785019895157173
5769,0.8680276625315166
5770,1
5771,1
5772,1
5773,1
5774,1
5775,1
5776,1
5777,1
5778,0.9208801399161981
5779,1
5780,1
5781,1
5782,1
5783,1
5784,0.8510146104626144
5785,1
5786,0.9737360985767824
5787,1
5788,0.9832309317100514
5789,1
5790,0.4219757431005803
5791,1
5792,1
5793,1
5794,0.9550897328448293
5795,0.9182461771273046
5796,1
5797,0.6578928101493071
5798,1
5799,1
5800,1
5801,1
5802,0.9416431423505767
5803,1
5804,1
5805,1
5806,0.7084808463112847
5807,0.9220419626372091
5808,1
5809,1
5810,1
5811,1
5812,0.7060838714944706
5813,1
5814,1
5815,1
5816,1
5817,1
5818,0.371294066115471
5819,0.8024924954892028
5820,1
5821,1
5822,0.9857566700855682
5823,0.9806624869636061
5824,1
5825,1
5826,0.9830841261240445
5827,1
5828,1
5829,0.9117330397512
5830,0.9574216351622019
5831,0.8973459867265247
5832,1
5833,0.9969928523546226
5834,1
5835,0.7773647030756767
5836,0.968832098902572
5837,1
5838,1
5839,1
5840,1
5841,1
5842,1
5843,1
5844,1
5845,0.9614144663088184
5846,1
5847,1
5848,1
5849,1
5850,0.9685849804078539
5851,0.9881783092460067
5852,1
5853,0.9718392465479493
5854,0.8910295644328288
5855,0.9718392465479493
5856,1
5857,0.9905051668667311
5858,1
5859,1
5860,1
5861,0.8667133484105514
5862,1
5863,0.9832309317100514
5864,1
5865,1
5866,1
5867,0.9030857303905068
5868,0.5838736165048607
5869,1
5870,1
5871,0.9252835854862711
5872,0.9905051668667311
5873,1
5874,0.886998846096416
5875,0.8299398710324766
5876,1
5877,1
5878,1
5879,1
5880,1
5881,1
5882,0.8853694274127564
5883,0.9117330397512
5884,1
5885,1
5886,0.9584073186634412
5887,1
5888,1
5889,0.8973459867265247
5890,0.7874919117096618
5891,0.9420047267778425
5892,1
5893,1
5894,0.9309085937435345
5895,0.7953357088244613
5896,1
5897,0.999011897929704
5898,1
5899,1
5900,1
5901,0.6813658757861649
5902,1
5903,0.9220419626372091
5904,1
5905,1
5906,1
5907,1
5908,1
5909,0.8941326123473502
5910,1
5911,0.8424596948130196
5912,1
5913,0.9881783092460067
5914,1
5915,0.8973459867265247
5916,0.7509229637637156
5917,1
5918,0.9614144663088184
5919,1
5920,0.9905051668667311
5921,0.8131698459082387
5922,0.5361405387586743
5923,1
5924,0.7343729956700575
5925,1
5926,0.7171355903579985
5927,0.8294421288403351
5928,1
5929,1
5930,1
5931,1
5932,1
5933,0.8680276625315166
5934,0.9969928523546226
5935,0.9388391256314147
5936,0.9483339587646836
5937,1
5938,1
5939,0.9500794959266557
5940,1
5941,1
5942,1
5943,0.9307093260528836
5944,1
5945,0.9832309317100514
5946,1
5947,0.7083058384155192
5948,0.9302355564425553
5949,0.8756295464352087
5950,0.9614144663088184
5951,0.9749109523201227
5952,0.9687685697150307
5953,1
5954,1
5955,0.9781563031749179
5956,1
5957,0.8973459867265247
5958,1
5959,0.9660002594175081
5960,1
5961,0.9483339587646836
5962,1
5963,1
5964,0.9685849804078539
5965,1
5966,0.8804864560081781
5967,0.9461830343240908
5968,1
5969,1
5970,0.9568784850608267
5971,1
5972,1
5973,1
5974,1
5975,0.999011897929704
5976,0.9325512361049139
5977,0.999011897929704
5978,0.9749109523201227
5979,0.9614144663088184
5980,1
5981,0.702960235662883
5982,1
5983,0.8936281364226846
5984,1
5985,1
5986,0.9685849804078539
5987,1
5988,0.8039848433557626
5989,0.9614144663088184
5990,0.9420047267778425
5991,1
5992,1
5993,0.8729087854151102
5994,0.8275815431690801
5995,1
5996,1
5997,0.9067412774281249
5998,1
5999,1
6000,0.9969928523546226
6001,0.28404767400530745
6002,0.999011897929704
6003,1
6004,1
6005,1
6006,0.9260066155700558
6007,1
6008,1
6009,1
6010,0.9685849804078539
6011,0.9179691420648194
6012,0.9881783092460067
6013,1
6014,0.61005969408293
6015,1
6016,1
6017,1
6018,1
6019,1
6020,1
6021,1
6022,0.7274078311987034
6023,1
6024,1
6025,0.8680276625315166
6026,0.9584122106405254
6027,1
6028,1
6029,0.9714287955428867
6030,0.8452818526510674
6031,1
6032,0.8252118675284986
6033,0.8080909244074287
6034,0.6679680074173163
6035,1
6036,1
6037,1
6038,0.588799801560974
6039,1
6040,1
6041,1
6042,1
6043,0.9173215605603033
6044,0.9749109523201227
6045,1
6046,1
6047,0.6507405302613
6048,1
6049,1
6050,1
6051,0.9371052762402644
6052,0.48062514729493044
6053,0.950877937786542
6054,1
6055,0.9969928523546226
6056,1
6057,0.8028219476682824
6058,1
6059,1
6060,1
6061,1
6062,0.6282122009568956
6063,0.8973459867265247
6064,1
6065,1
6066,1
6067,1
6068,1
6069,0.810252782300283
6070,0.7311209891149338
6071,1
6072,0.9949058168780378
6073,1
6074,0.999011897929704
6075,0.9714287955428867
6076,0.9574216351622019
6077,1
6078,1
6079,1
6080,1
6081,0.9857566700855682
6082,0.9927453194301491
6083,0.9371052762402644
6084,1
6085,0.7631999216802124
6086,0.9574216351622019
6087,1
6088,1
6089,1
6090,1
6091,1
6092,0.9685849804078539
6093,1
6094,0.8941326123473502
6095,1
6096,0.9211545503891335
6097,0.9685849804078539
6098,0.9614144663088184
6099,1
6100,1
6101,1
6102,0.9213324405340684
6103,0.910744937680904
6104,1
6105,0.9366732600982316
6106,0.8973459867265247
6107,1
6108,1
6109,1
6110,0.9683271170382325
6111,0.8680276625315166
6112,1
6113,0.8306004094772325
6114,0.8359810869786789
6115,0.8523856066234534
6116,0.9881783092460067
6117,0.9927453194301491
6118,1
6119,0.9430581897446968
6120,1
6121,1
6122,0.6684508125042652
6123,0.6051833750991208
6124,1
6125,1
6126,1
6127,1
6128,1
6129,0.8275815431690801
6130,0.9574216351622019
6131,0.8969529149573318
6132,0.980590260469024
6133,0.8945269114024664
6134,1
6135,0.9778219501715014
6136,1
6137,0.29287075097238313
6138,0.9479924604500709
6139,1
6140,0.9159596774449509
6141,0.999011897929704
6142,0.9243102099048841
6143,0.9809236286761558
6144,0.9667450634259871
6145,1
6146,1
6147,1
6148,0.8973459867265247
6149,0.9530866435720331
6150,1
6151,1
6152,0.7828240559197713
6153,1
6154,0.9220419626372091
6155,1
6156,0.8910506501947678
6157,1
6158,0.9220419626372091
6159,1
6160,0.4242210627688309
6161,1
6162,1
6163,1
6164,1
6165,1
6166,1
6167,0.98325048629688
6168,1
6169,0.6980218450990117
6170,1
6171,1
6172,1
6173,0.9949058168780378
6174,0.8680276625315166
6175,0.8134341111465897
6176,1
6177,1
6178,0.27877753836240676
6179,1
6180,1
6181,0.9969928523546226
6182,0.9145011098808516
6183,0.9373907174490189
6184,1
6185,1
6186,1
6187,0.9610528818815528
6188,1
6189,0.9251413733205932
6190,0.9574216351622019
6191,0.8895549899227014
6192,0.9302355564425553
6193,1
6194,1
6195,0.9685849804078539
6196,1
6197,0.9574216351622019
6198,1
6199,1
6200,1
6201,0.9483339587646836
6202,1
6203,0.9302355564425553
6204,1
6205,1
6206,1
6207,0.9778219501715014
6208,1
6209,1
6210,0.999011897929704
6211,0.9881783092460067
6212,1
6213,1
6214,1
6215,0.6098353987394531
6216,0.9217566640765255
6217,0.9117330397512
6218,1
6219,0.8801634659849612
6220,1
6221,1
6222,1
6223,0.6864275098249544
6224,1
6225,1
6226,0.8973459867265247
6227,1
6228,1
6229,1
6230,0.9220419626372091
6231,0.25232520675064646
6232,1
6233,1
6234,1
6235,0.8902293261390836
6236,0.9949058168780378
6237,0.8254492976937186
6238,1
6239,0.8266308714086987
6240,0.6357478142198169
6241,1
6242,1
6243,1
6244,1
6245,0.8993784729315532
6246,1
6247,1
6248,1
6249,1
6250,0.9949058168780378
6251,0.9116431701525507
6252,0.9614144663088184
6253,1
6254,0.9881783092460067
6255,1
6256,1
6257,1
6258,1
6259,0.8624672544274984
6260,0.8089050141601688
6261,1
6262,1
6263,0.6684508125042652
6264,1
6265,1
6266,1
6267,1
6268,0.9574216351622019
6269,1
6270,1
6271,1
6272,0.9379640066227346
6273,0.8878511535932557
6274,0.9371052762402644
6275,1
6276,1
6277,1
6278,1
6279,1
6280,1
6281,0.9881783092460067
6282,1
6283,0.9530866435720331
6284,1
6285,1
6286,0.9213324405340684
6287,1
6288,0.9651212677009737
6289,0.9117330397512
6290,1
6291,0.9145011098808516
6292,1
6293,0.4783928230213106
6294,1
6295,0.758680460773494
6296,1
6297,1
6298,1
6299,1
6300,0.980590260469024
6301,1
6302,1
6303,1
6304,1
6305,1
6306,1
6307,1
6308,1
6309,1
6310,0.9718392465479493
6311,1
6312,0.6132645160563458
6313,1
6314,0.8201377398465254
6315,0.7900696251687257
6316,0.8973459867265247
6317,0.8866439920713227
6318,0.8953775425363821
6319,0.6132645160563458
6320,1
6321,1
6322,0.9614144663088184
6323,0.841763761108299
6324,1
6325,0.8275093226793488
6326,0.9458319630021822
6327,0.6205822018733284
6328,0.6202684277336242
6329,1
6330,1
6331,1
6332,0.8918129747752764
6333,1
6334,0.98325048629688
6335,0.964440146198306
6336,0.9749109523201227
6337,0.8854392350049481
6338,1
6339,1
6340,1
6341,1
6342,1
6343,1
6344,1
6345,0.9830841261240445
6346,0.9651212677009737
6347,0.9302355564425553
6348,0.8110858522762134
6349,1
6350,0.9905051668667311
6351,1
6352,0.8784754957291151
6353,1
6354,0.6699526220950142
6355,1
6356,1
6357,1
6358,1
6359,0.9857566700855682
6360,1
6361,0.9229967766186237
6362,1
6363,1
6364,1
6365,0.7038732896318124
6366,0.9614144663088184
6367,1
6368,1
6369,1
6370,1
6371,1
6372,0.8038311717063625
6373,1
6374,1
6375,0.9034041370226844
6376,0.29287075097238313
6377,0.8910506501947678
6378,0.612756852582587
6379,1
6380,1
6381,1
6382,0.9718392465479493
6383,1
6384,0.8225588566627794
6385,1
6386,1
6387,1
6388,0.9600270845790115
6389,1
6390,0.9881783092460067
6391,0.9302355564425553
6392,0.9651212677009737
6393,1
6394,0.8767370178811877
6395,1
6396,1
6397,1
6398,1
6399,0.9574216351622019
6400,1
6401,1
6402,1
6403,1
6404,0.8256235791650341
6405,0.9371052762402644
6406,0.8134145467013567
6407,0.9260066155700558
6408,1
6409,0.7989088430632761
6410,0.9117330397512
6411,0.9651212677009737
6412,0.9194212559929577
6413,1
6414,1
6415,0.9832309317100514
6416,1
6417,1
6418,0.9302355564425553
6419,0.9584122106405254
6420,1
6421,0.8993784729315532
6422,0.8225588566627794
6423,1
6424,1
6425,1
6426,1
6427,0.7771132067486924
6428,1
6429,1
6430,0.9100743797350875
6431,0.7777760876050189
6432,1
6433,1
6434,1
6435,1
6436,0.9574216351622019
6437,1
6438,0.9949058168780378
6439,0.5189904249558948
6440,1
6441,0.999011897929704
6442,1
6443,1
6444,1
6445,1
6446,1
6447,1
6448,0.9241532712502971
6449,0.7459461444908584
6450,0.9430581897446968
6451,0.702960235662883
6452,1
6453,0.9939177148077418
6454,0.8522775190797645
6455,1
6456,1
6457,1
6458,0.9969928523546226
6459,1
6460,0.9949058168780378
6461,1
6462,1
6463,0.999011897929704
6464,1
6465,0.5382330641304538
6466,0.4664894843292701
6467,1
6468,1
6469,1
6470,0.8557188666782662
6471,1
6472,1
6473,1
6474,0.9874980192213537
6475,0.9430581897446968
6476,1
6477,1
6478,0.9778219501715014
6479,1
6480,1
6481,1
6482,0.9927453194301491
6483,0.8973459867265247
6484,1
6485,1
6486,1
6487,1
6488,1
6489,1
6490,1
6491,1
6492,0.9302355564425553
6493,0.9483521994110251
6494,1
6495,1
6496,1
6497,1
6498,1
6499,0.5241066304502415
6500,0.7504086068329762
6501,0.9371052762402644
6502,0.6320382213624811
6503,1
6504,1
6505,1
6506,0.967843996832276
6507,0.999011897929704
6508,1
6509,1
6510,0.7681136385816568
6511,1
6512,1
6513,1
6514,0.7078887322642848
6515,1
6516,0.9927453194301491
6517,1
6518,0.9265357340097923
6519,0.8910506501947678
6520,1
6521,1
6522,1
6523,1
6524,0.9483339587646836
6525,1
6526,0.9117330397512
6527,0.7503439792957645
6528,0.9778219501715014
6529,0.999011897929704
6530,0.8602350031592277
6531,1
6532,1
6533,1
6534,1
6535,1
6536,0.9089445227882137
6537,1
6538,0.9559586987595905
6539,1
6540,1
6541,0.9117330397512
6542,0.8297562415397864
6543,0.7874460996781049
6544,1
6545,0.8368573394088242
6546,1
6547,0.9881783092460067
6548,1
6549,1
6550,0.7758083146803896
6551,0.6975432418922504
6552,1
6553,1
6554,1
6555,0.9220419626372091
6556,0.9668096215527832
6557,0.5332129484838447
6558,1
6559,0.9340102722481889
6560,1
6561,1
6562,1
6563,0.9749109523201227
6564,1
6565,0.9651212677009737
6566,1
6567,1
6568,1
6569,0.5797519631530456
6570,1
6571,0.8211143061035497
6572,1
6573,1
6574,1
6575,0.8348076353324319
6576,0.5492013345860682
6577,1
6578,0.9778219501715014
6579,0.732629971057892
6580,1
6581,0.5974624515463858
6582,0.9718392465479493
6583,1
6584,1
6585,1
6586,1
6587,0.8134145467013567
6588,0.7694482648682334
6589,1
6590,0.7880106269306362
6591,0.9685849804078539
6592,1
6593,0.4242210627688309
6594,1
6595,0.9905051668667311
6596,0.8853694274127564
6597,0.7803152538282229
6598,0.8110858522762134
6599,1
6600,0.9519162250266164
6601,1
6602,1
6603,1
6604,1
6605,0.9881783092460067
6606,1
6607,0.9778219501715014
6608,0.7575865760996419
6609,0.8680276625315166
6610,1
6611,1
6612,1
6613,1
6614,0.8982312942255648
6615,1
6616,1
6617,0.7214030012893606
6618,1
6619,1
6620,0.9832309317100514
6621,1
6622,0.999011897929704
6623,1
6624,1
6625,0.9530866435720331
6626,1
6627,0.9802433386515028
6628,1
6629,0.9905051668667311
6630,0.9832309317100514
6631,0.3795796795795765
6632,1
6633,1
6634,1
6635,0.8680276625315166
6636,1
6637,0.7825572882996601
6638,0.8424596948130196
6639,1
6640,0.9323325874823246
6641,0.6295361960262146
6642,1
6643,1
6644,0.9302355564425553
6645,1
6646,1
6647,1
6648,0.8763880611574786
6649,0.973934979331575
6650,1
6651,1
6652,1
6653,0.6132645160563458
6654,0.5623117384755478
6655,1
6656,1
6657,0.9685849804078539
6658,1
6659,0.8913921485093805
6660,0.9651212677009737
6661,1
6662,1
6663,0.9851711616006295
6664,1
6665,1
6666,1
6667,0.9651212677009737
6668,0.9524940651437692
6669,0.9778219501715014
6670,1
6671,0.8680276625315166
6672,1
6673,1
6674,0.9927453194301491
6675,1
6676,1
6677,0.6023130481878964
6678,1
6679,1
6680,1
6681,1
6682,1
6683,0.9483521994110251
6684,0.9857566700855682
6685,1
6686,1
6687,1
6688,1
6689,0.9614144663088184
6690,0.9614144663088184
6691,1
6692,1
6693,0.5440477346626692
6694,1
6695,1
6696,1
6697,1
6698,1
6699,0.7953357088244613
6700,1
6701,0.8779270738744043
6702,0.8834564289460277
6703,0.41793394340215423
6704,1
6705,1
6706,0.826142194717372
6707,1
6708,0.8366126429393705
6709,0.9249258901199824
6710,1
6711,1
6712,0.5147111952724356
6713,1
6714,0.9733355798991731
6715,1
6716,1
6717,1
6718,0.6915018576525431
6719,1
6720,1
6721,1
6722,0.3377124616080103
6723,1
6724,1
6725,0.679284402349794
6726,0.9927453194301491
6727,1
6728,1
6729,1
6730,1
6731,1
6732,1
6733,0.9969928523546226
6734,1
6735,1
6736,0.9483339587646836
6737,1
6738,0.4083819650442474
6739,0.34223647604472807
6740,0.8680276625315166
6741,1
6742,1
6743,0.7922183076662431
6744,1
6745,0.9530866435720331
6746,0.999011897929704
6747,0.9117330397512
6748,0.999011897929704
6749,1
6750,0.9159922265281236
6751,0.968832098902572
6752,0.5984618217977535
6753,1
6754,1
6755,0.9949058168780378
6756,0.903439888661189
6757,1
6758,1
6759,1
6760,0.8033250296388427
6761,1
6762,1
6763,1
6764,0.9778219501715014
6765,0.9567632896538606
6766,0.4108927515660568
6767,1
6768,1
6769,1
6770,1
6771,0.1362400349580319
6772,1
6773,1
6774,1
6775,1
6776,1
6777,1
6778,1
6779,0.9927453194301491
6780,1
6781,1
6782,0.921671623979887
6783,1
6784,1
6785,0.8275815431690801
6786,1
6787,1
6788,0.7941932617398576
6789,1
6790,0.964440146198306
6791,0.982749522440191
6792,0.9778219501715014
6793,0.9778219501715014
6794,0.7465971777387557
6795,0.8680276625315166
6796,0.7989199360914329
6797,1
6798,0.9969928523546226
6799,0.8993784729315532
6800,0.9430581897446968
6801,1
6802,1
6803,0.910744937680904
6804,1
6805,1
6806,0.8225588566627794
6807,0.9179691420648194
6808,0.9371052762402644
6809,1
6810,1
6811,0.9635786202570696
6812,1
6813,1
6814,0.8883850008640032
6815,1
6816,1
6817,1
6818,0.8680276625315166
6819,1
6820,0.8336851327897599
6821,1
6822,0.9108258169115794
6823,1
6824,1
6825,1
6826,1
6827,0.9312364989907035
6828,1
6829,0.8299398710324766
6830,1
6831,1
6832,1
6833,1
6834,0.9651212677009737
6835,1
6836,1
6837,1
6838,1
6839,1
6840,0.9685849804078539
6841,0.583739933314576
6842,1
6843,1
6844,1
6845,0.8963578846562287
6846,1
6847,0.9949058168780378
6848,1
6849,1
6850,1
6851,1
6852,0.9739228502498266
6853,1
6854,0.9337062481088276
6855,0.7719950746343598
6856,1
6857,0.8982312942255648
6858,0.7147447735072628
6859,0.980590260469024
6860,1
6861,1
6862,1
6863,0.9949058168780378
6864,0.753551958504048
6865,0.9614144663088184
6866,0.868525404723658
6867,0.7092003441114499
6868,0.7900338636718169
6869,0.2102101280322056
6870,1
6871,1
6872,0.831086147636881
6873,1
6874,1
6875,1
6876,1
6877,1
6878,0.9778219501715014
6879,0.9658336485642355
6880,0.6913924366782699
6881,1
6882,0.7647758291745385
6883,1
6884,1
6885,1
6886,1
6887,1
6888,1
6889,0.7651088629026602
6890,0.9481871388065818
6891,1
6892,1
6893,1
6894,1
6895,1
6896,0.7856796165739676
6897,0.7904814583420412
6898,1
6899,0.7474912603309277
6900,0.9371052762402644
6901,1
6902,0.9905051668667311
6903,0.999011897929704
6904,1
6905,0.9905051668667311
6906,1
6907,0.7665468387118208
6908,1
6909,0.9188361014710205
6910,0.8688368159079699
6911,1
6912,1
6913,1
6914,1
6915,0.4219757431005803
6916,1
6917,0.9614144663088184
6918,0.8876571916047573
6919,1
6920,0.942943217872475
6921,1
6922,0.590706150344359
6923,1
6924,1
6925,1
6926,0.9530866435720331
6927,0.9038917888652236
6928,1
6929,1
6930,1
6931,0.8864212661482644
6932,0.9117330397512
6933,0.999011897929704
6934,1
6935,0.8600669985158838
6936,0.7275248218723094
6937,1
6938,1
6939,0.9014206023367168
6940,1
6941,0.6366219827371132
6942,1
6943,1
6944,0.29287075097238313
6945,0.9245721490395733
6946,0.16511844455198982
6947,0.9927453194301491
6948,0.9663469305545923
6949,0.9213324405340684
6950,1
6951,1
6952,0.9718392465479493
6953,1
6954,1
6955,1
6956,1
6957,1
6958,0.9483339587646836
6959,1
6960,1
6961,1
6962,1
6963,0.9184138656885621
6964,1
6965,0.8344512629667891
6966,1
6967,0.5585439357185055
6968,1
6969,0.9749109523201227
6970,1
6971,0.44126107875639403
6972,0.9371052762402644
6973,0.9685849804078539
6974,1
6975,1
6976,0.9682413967772109
6977,0.8648196833232331
6978,1
6979,0.9927453194301491
6980,1
6981,0.999011897929704
6982,0.999011897929704
6983,0.8182261266427229
6984,1
6985,0.693751249921008
6986,0.9070745529850461
6987,0.7856796165739676
6988,1
6989,1
6990,1
6991,1
6992,0.8756295464352087
6993,0.32046754330636135
6994,0.35608839591199365
6995,1
6996,1
6997,1
6998,0.48934057145874793
6999,0.8456799454912083
7000,0.8878511535932557
7001,1
7002,0.6287167585972125
7003,1
7004,1
7005,1
7006,1
7007,1
7008,1
7009,1
7010,1
7011,0.9881783092460067
7012,0.9969928523546226
7013,1
7014,1
7015,1
7016,1
7017,1
7018,0.8505605027059218
7019,0.9555012127891466
7020,1
7021,0.8904040464390846
7022,0.8963463772712646
7023,1
7024,0.9188666966101593
7025,0.9830841261240445
7026,1
7027,1
7028,0.7459453056512644
7029,1
7030,0.9685849804078539
7031,0.7599309113245942
7032,0.6437438783163454
7033,0.9022382066179311
7034,0.9969928523546226
7035,0.9117330397512
7036,0.8241167656277137
7037,1
7038,0.9778219501715014
7039,1
7040,0.9302355564425553
7041,1
7042,0.8508568224674742
7043,1
7044,0.8284974247496449
7045,1
7046,1
7047,1
7048,1
7049,0.9651212677009737
7050,1
7051,1
7052,0.8895549899227014
7053,1
7054,0.9117330397512
7055,0.7092003441114499
7056,0.7194974356133105
7057,0.9559586987595905
7058,1
7059,0.9047914850774001
7060,1
7061,0.9117330397512
7062,0.1362400349580319
7063,0.9651212677009737
7064,1
7065,0.999011897929704
7066,0.6482591057084938
7067,1
7068,1
7069,1
7070,0.8903569261888675
7071,1
7072,1
7073,1
7074,0.868525404723658
7075,1
7076,1
7077,0.999011897929704
7078,1
7079,1
7080,1
7081,1
7082,0.8445171231209114
7083,1
7084,1
7085,1
7086,1
7087,1
7088,1
7089,1
7090,0.9371052762402644
7091,0.9066388566292378
7092,1
7093,0.9832309317100514
7094,1
7095,1
7096,1
7097,0.9574216351622019
7098,0.9574216351622019
7099,1
7100,1
7101,1
7102,0.9646491241048945
7103,0.9927453194301491
7104,1
7105,1
7106,0.9718392465479493
7107,0.7768331921331059
7108,1
7109,1
7110,1
7111,0.9530866435720331
7112,1
7113,0.8910506501947678
7114,0.9430581897446968
7115,1
7116,0.9718392465479493
7117,1
7118,1
7119,0.6236987241200728
7120,0.9332537128567678
7121,0.4724423978337025
7122,0.36277644661871633
7123,1
7124,0.9336769040410571
7125,0.999011897929704
7126,0.7821900907742585
7127,0.8835722862991494
7128,0.865100152381906
7129,1
7130,1
7131,1
7132,0.6283719243971303
7133,1
7134,1
7135,0.9832309317100514
7136,0.9749109523201227
7137,0.7291623621917084
7138,0.8344512629667891
7139,1
7140,1
7141,0.9881783092460067
7142,1
7143,1
7144,0.9969928523546226
7145,0.371294066115471
7146,1
7147,1
7148,0.9483339587646836
7149,1
7150,0.9927453194301491
7151,0.9176955367092884
7152,1
7153,0.9802237840646741
7154,1
7155,1
7156,1
7157,1
7158,1
7159,0.903439888661189
7160,0.9434959327279765
7161,0.7651088629026602
7162,0.6845395265664629
7163,0.9927453194301491
7164,0.8680276625315166
7165,1
7166,0.8998639128087105
7167,1
7168,0.9574216351622019
7169,1
7170,0.3026879573304562
7171,1
7172,0.9778219501715014
7173,0.9430581897446968
7174,0.9302355564425553
7175,1
7176,0.6312772188051834
7177,0.980590260469024
7178,1
7179,0.8945269114024664
7180,0.9371052762402644
7181,1
7182,1
7183,1
7184,1
7185,0.9881783092460067
7186,1
7187,1
7188,1
7189,0.7906690304517511
7190,1
7191,0.9147872820673582
7192,0.27877753836240676
7193,0.9857566700855682
7194,1
7195,0.9394080658112631
7196,1
7197,1
7198,0.8297562415397864
7199,1
7200,1
7201,0.9371052762402644
7202,0.5925079835806094
7203,0.5174264140846152
7204,1
7205,0.7788622395295586
7206,1
7207,1
7208,1
7209,1
7210,0.9530866435720331
7211,0.9685849804078539
7212,1
7213,0.9337062481088276
7214,1
7215,0.9240861931970005
7216,0.805132938771781
7217,1
7218,0.9614144663088184
7219,0.910744937680904
7220,1
7221,1
7222,0.8806811487367839
7223,0.9430581897446968
7224,1
7225,1
7226,1
7227,1
7228,0.8659632809183478
7229,1
7230,0.980590260469024
7231,0.8801634659849612
7232,1
7233,1
7234,0.7303596967305136
7235,1
7236,1
7237,0.9739228502498266
7238,1
7239,1
7240,0.9584122106405254
7241,1
7242,1
7243,0.9220419626372091
7244,1
7245,1
7246,0.9574216351622019
7247,0.8933854693638774
7248,0.6441237439045621
7249,0.9969928523546226
7250,0.8680138699837988
7251,0.9857566700855682
7252,1
7253,0.8251882662168575
7254,0.28404767400530745
7255,1
7256,0.9361171741699684
7257,1
7258,1
7259,1
7260,1
7261,0.8279788315279484
7262,0.7194974356133105
7263,1
7264,0.9343075711884747
7265,1
7266,1
7267,0.9464069305793552
7268,1
7269,1
7270,1
7271,0.9300058498790342
7272,0.9969928523546226
7273,1
7274,0.8679996286875844
7275,1
7276,1
7277,1
7278,1
7279,0.8504326302985578
7280,1
7281,0.9584122106405254
7282,0.9416431423505767
7283,1
7284,1
7285,1
7286,1
7287,1
7288,1
7289,1
7290,0.8973459867265247
7291,0.9584073186634412
7292,1
7293,1
7294,0.9057555939268856
7295,0.9685849804078539
7296,1
7297,1
7298,1
7299,0.7856097884199205
7300,1
7301,0.8680276625315166
7302,1
7303,1
7304,1
7305,0.9881783092460067
7306,1
7307,0.5822187491244567
7308,1
7309,0.8256235791650341
7310,0.9781563031749179
7311,0.9220419626372091
7312,1
7313,0.8115235952594932
7314,1
7315,0.8756295464352087
7316,1
7317,0.4219757431005803
7318,1
7319,0.7730191542085227
7320,1
7321,1
7322,0.8973459867265247
7323,0.8439215118401979
7324,0.1394358406950158
7325,1
7326,1
7327,0.9209124324480937
7328,1
7329,0.9332537128567678
7330,0.9832309317100514
7331,0.9718392465479493
7332,0.8798967531620061
7333,1
7334,1
7335,1
7336,0.9412578828747148
7337,1
7338,1
7339,0.9881783092460067
7340,0.8973459867265247
7341,1
7342,0.9265357340097923
7343,0.999011897929704
7344,1
7345,0.9574216351622019
7346,1
7347,0.8920317214461785
7348,1
7349,1
7350,1
7351,1
7352,0.9530866435720331
7353,1
7354,1
7355,1
7356,1
7357,1
7358,0.8373782067476211
7359,1
7360,0.9832309317100514
7361,1
7362,0.8974897098367683
7363,0.9927453194301491
7364,1
7365,1
7366,1
7367,1
7368,0.9718392465479493
7369,0.9949058168780378
7370,1
7371,1
7372,0.6178194750374909
7373,0.9077986327227774
7374,0.7653736492580413
7375,0.9857566700855682
7376,0.9214415508878301
7377,0.9614144663088184
7378,0.6320382213624811
7379,1
7380,1
7381,0.5382330641304538
7382,0.8854392350049481
7383,1
7384,0.9574216351622019
7385,0.8562059717775233
7386,1
7387,1
7388,1
7389,0.9245957957169829
7390,1
7391,0.999011897929704
7392,0.9430581897446968
7393,1
7394,0.7959475137391832
7395,0.9430581897446968
7396,1
7397,1
7398,1
7399,0.8607729819616656
7400,0.999011897929704
7401,1
7402,1
7403,1
7404,1
7405,1
7406,1
7407,0.9530866435720331
7408,1
7409,1
7410,1
7411,1
7412,1
7413,1
7414,1
7415,0.8246458613661484
7416,0.980590260469024
7417,1
7418,1
7419,1
7420,0.9614144663088184
7421,0.9881783092460067
7422,0.769045577077274
7423,1
7424,1
7425,1
7426,0.999011897929704
7427,1
7428,0.9832309317100514
7429,0.7665468387118208
7430,1
7431,1
7432,0.10860785149061951
7433,1
7434,1
7435,1
7436,0.8800399999795069
7437,1
7438,0.7304749139927137
7439,0.9714287955428867
7440,1
7441,1
7442,1
7443,1
7444,1
7445,0.9905051668667311
7446,1
7447,1
7448,1
7449,0.999011897929704
7450,1
7451,1
7452,1
7453,0.7638867919297291
7454,1
7455,1
7456,0.371294066115471
7457,1
7458,1
7459,0.9555012127891466
7460,0.999011897929704
7461,0.6230144345101655
7462,1
7463,0.9684216478975095
7464,0.9718392465479493
7465,1
7466,1
7467,1
7468,1
7469,0.8706815666256976
7470,1
7471,1
7472,1
7473,0.6788725324753287
7474,0.9574216351622019
7475,1
7476,1
7477,0.5925079835806094
7478,0.8368744130717932
7479,0.25232520675064646
7480,1
7481,1
7482,1
7483,1
7484,1
7485,1
7486,0.4309797315858849
7487,1
7488,1
7489,1
7490,1
7491,0.9066388566292378
7492,1
7493,1
7494,1
7495,1
7496,1
7497,1
7498,0.9802237840646741
7499,1
7500,0.26484638961218143
7501,1
7502,1
7503,0.9685849804078539
7504,1
7505,1
7506,0.8426507708970413
7507,1
7508,0.6687856296993587
7509,1
7510,1
7511,0.8398669090794659
7512,1
7513,0.898519742549083
7514,1
7515,1
7516,1
7517,1
7518,0.9949058168780378
7519,0.9430581897446968
7520,1
7521,0.9969928523546226
7522,1
7523,1
7524,0.999011897929704
7525,1
7526,1
7527,1
7528,0.979602158398728
7529,0.9483339587646836
7530,0.947926802028933
7531,0.8736731474892405
7532,1
7533,1
7534,1
7535,0.8492515266548621
7536,0.9430581897446968
7537,0.9614144663088184
7538,1
7539,0.9044100372396918
7540,0.9302355564425553
7541,0.8973459867265247
7542,0.9220419626372091
7543,1
7544,0.460252211179709
7545,1
7546,0.9905051668667311
7547,0.55475644457807
7548,1
7549,0.8994935741513884
7550,0.98325048629688
7551,0.7291623621917084
7552,1
7553,0.9847685680152722
7554,1
7555,1
7556,1
7557,0.8973459867265247
7558,1
7559,1
7560,1
7561,1
7562,1
7563,0.8667133484105514
7564,1
7565,1
7566,0.4219757431005803
7567,1
7568,0.8618942912157173
7569,0.9430581897446968
7570,0.9243102099048841
7571,0.8732147519096309
7572,0.9718392465479493
7573,1
7574,0.8951207144176462
7575,1
7576,1
7577,0.9927453194301491
7578,0.743669667589145
7579,1
7580,1
7581,1
7582,1
7583,1
7584,0.7323207326919644
7585,1
7586,0.9905051668667311
7587,1
7588,0.9548594394857455
7589,0.9881783092460067
7590,1
7591,1
7592,0.8359810869786789
7593,1
7594,1
7595,0.9105897071856964
7596,0.9446453980188699
7597,1
7598,1
7599,1
7600,1
7601,1
7602,0.7474912603309277
7603,1
7604,0.8294421288403351
7605,1
7606,1
7607,0.9245721490395733
7608,1
7609,1
7610,1
7611,1
7612,0.9651212677009737
7613,1
7614,0.7989088430632761
7615,0.8937392104442865
7616,0.9117330397512
7617,1
7618,0.9857566700855682
7619,1
7620,1
7621,1
7622,0.9532995769469804
7623,1
7624,1
7625,1
7626,1
7627,0.5003699651662554
7628,1
7629,1
7630,1
7631,1
7632,1
7633,1
7634,1
7635,1
7636,0.9614144663088184
7637,1
7638,1
7639,1
7640,1
7641,1
7642,1
7643,1
7644,1
7645,1
7646,0.7533221355451233
7647,1
7648,0.9714287955428867
7649,0.7431955994295427
7650,1
7651,1
7652,1
7653,1
7654,1
7655,0.8048131858812508
7656,1
7657,1
7658,0.8936509039971446
7659,1
7660,0.9605714726116923
7661,0.9778219501715014
7662,1
7663,1
7664,0.9483339587646836
7665,1
7666,0.9949058168780378
7667,0.7455792459274442
7668,1
7669,1
7670,1
7671,0.980590260469024
7672,0.36277644661871633
7673,0.9332537128567678
7674,0.4219757431005803
7675,1
7676,0.8573024241598532
7677,0.898519742549083
7678,1
7679,0.9422620963698073
7680,1
7681,0.811276150035524
7682,1
7683,1
7684,1
7685,0.9530866435720331
7686,0.991757217359853
7687,1
7688,1
7689,1
7690,0.9949058168780378
7691,1
7692,0.4664894843292701
7693,0.9905051668667311
7694,1
7695,1
7696,0.9651212677009737
7697,1
7698,0.9969928523546226
7699,0.9117330397512
7700,0.9785019895157173
7701,1
7702,1
7703,0.7941932617398576
7704,1
7705,1
7706,1
7707,1
7708,1
7709,1
7710,1
7711,0.8368744130717932
7712,1
7713,1
7714,1
7715,1
7716,1
7717,1
7718,1
7719,1
7720,0.9651212677009737
7721,0.5093761256000896
7722,0.9483339587646836
7723,1
7724,1
7725,1
7726,1
7727,1
7728,1
7729,0.8550063396412738
7730,1
7731,0.9969928523546226
7732,1
7733,1
7734,1
7735,1
7736,0.5660033677488308
7737,1
7738,1
7739,1
7740,1
7741,1
7742,1
7743,1
7744,0.9555012127891466
7745,1
7746,1
7747,0.9685849804078539
7748,0.9778219501715014
7749,0.8680276625315166
7750,0.9905051668667311
7751,1
7752,0.991757217359853
7753,1
7754,1
7755,0.9302355564425553
7756,1
7757,1
7758,0.702960235662883
7759,0.8969529149573318
7760,0.6670064196228218
7761,1
7762,0.8910506501947678
7763,1
7764,1
7765,1
7766,1
7767,1
7768,1
7769,1
7770,1
7771,1
7772,0.5040052461853659
7773,0.9905051668667311
7774,1
7775,1
7776,0.957185465628455
7777,0.9483339587646836
7778,0.8492515266548621
7779,1
7780,0.9909105671623645
7781,1
7782,1
7783,0.4784650942096875
7784,1
7785,1
7786,0.9927453194301491
7787,0.7599309113245942
7788,1
7789,0.8038311717063625
7790,0.9685849804078539
7791,0.8651028721324201
7792,1
7793,0.9927453194301491
7794,0.932956686556298
7795,0.7665468387118208
7796,1
7797,1
7798,0.980590260469024
7799,0.910744937680904
7800,1
7801,0.8480746514107902
7802,0.7953357088244613
7803,1
7804,0.9206224804901203
7805,1
7806,0.9749109523201227
7807,1
7808,1
7809,1
7810,0.8670666061306865
7811,1
7812,1
7813,0.5626887659473436
7814,0.9771682011046219
7815,0.833240520069993
7816,1
7817,1
7818,1
7819,1
7820,0.8405381735168385
7821,1
7822,1
7823,0.9718392465479493
7824,1
7825,0.8973459867265247
7826,1
7827,1
7828,1
7829,0.9905051668667311
7830,1
7831,1
7832,0.8368744130717932
7833,0.8405077254509076
7834,1
7835,1
7836,1
7837,0.9857566700855682
7838,1
7839,0.9749109523201227
7840,1
7841,1
7842,1
7843,1
7844,1
7845,0.7484223523964945
7846,0.5382330641304538
7847,0.9240861931970005
7848,1
7849,1
7850,1
7851,1
7852,1
7853,1
7854,1
7855,0.9728222979088162
7856,0.8509694562315199
7857,0.9463201932761807
7858,1
7859,1
7860,0.8813881945361456
7861,1
7862,1
7863,0.9302355564425553
7864,1
7865,0.9430581897446968
7866,1
7867,1
7868,0.8038311717063625
7869,1
7870,1
7871,1
7872,1
7873,0.7941932617398576
7874,1
7875,1
7876,1
7877,1
7878,1
7879,0.9574216351622019
7880,1
7881,1
7882,1
7883,1
7884,0.9905051668667311
7885,1
7886,1
7887,0.8834564289460277
7888,1
7889,0.9458319630021822
7890,0.9371052762402644
7891,0.9927453194301491
7892,1
7893,0.8956024152852753
7894,1
7895,1
7896,1
7897,1
7898,0.9881783092460067
7899,1
7900,0.4014744644432281
7901,1
7902,1
7903,0.8388686576174249
7904,0.5033107604867124
7905,0.7366798175193777
7906,0.8973459867265247
7907,1
7908,1
7909,1
7910,1
7911,1
7912,0.8756295464352087
7913,1
7914,1
7915,1
7916,0.8377990790887359
7917,1
7918,0.9604263642385225
7919,0.9781563031749179
7920,1
7921,0.8663031008295031
7922,1
7923,1
7924,0.9857566700855682
7925,0.9217566640765255
7926,1
7927,1
7928,1
7929,1
7930,0.28404767400530745
7931,1
7932,0.8275815431690801
7933,0.8510146104626144
7934,1
7935,0.8368744130717932
7936,0.973934979331575
7937,1
7938,0.9749109523201227
7939,1
7940,0.8038311717063625
7941,1
7942,1
7943,0.9220419626372091
7944,1
7945,0.9574216351622019
7946,1
7947,0.7127062811572963
7948,1
7949,1
7950,1
7951,0.8853694274127564
7952,0.9432397756427214
7953,0.8027777087395082
7954,1
7955,1
7956,1
7957,1
7958,1
7959,1
7960,1
7961,1
7962,0.999011897929704
7963,0.9857566700855682
7964,0.8973459867265247
7965,0.7888213357234999
7966,1
7967,0.6098353987394531
7968,1
7969,0.9371052762402644
7970,0.9969928523546226
7971,1
7972,0.9905051668667311
7973,1
7974,0.9778219501715014
7975,0.9117330397512
7976,1
7977,1
7978,0.8265146186907244
7979,1
7980,1
7981,0.9614144663088184
7982,0.9584073186634412
7983,1
7984,1
7985,1
7986,1
7987,1
7988,0.6728323795524289
7989,1
7990,1
7991,0.9685849804078539
7992,0.8628319757129675
7993,1
7994,0.5901597247102331
7995,1
7996,0.9371052762402644
7997,1
7998,0.9685849804078539
7999,0.6082686814428431
8000,1
8001,0.8405077254509076
8002,1
8003,0.9530866435720331
8004,0.8456819112119311
8005,0.7587329811922002
8006,1
8007,1
8008,1
8009,0.4783928230213106
8010,0.8640604917914398
8011,1
8012,1
8013,1
8014,0.9400322200210963
8015,1
8016,1
8017,0.8302873068429586
8018,0.9539959641526227
8019,1
8020,0.960017555793956
8021,0.9523274520402397
8022,1
8023,1
8024,1
8025,0.98325048629688
8026,1
8027,1
8028,0.9723474778288771
8029,1
8030,1
8031,0.7416814070175594
8032,1
8033,1
8034,0.8153151287913442
8035,0.6588591719987924
8036,1
8037,1
8038,0.8357838809862674
8039,1
8040,0.9179691420648194
8041,0.7797607022827165
8042,1
8043,0.9651212677009737
8044,0.999011897929704
8045,1
8046,1
8047,0.980590260469024
8048,1
8049,1
8050,1
8051,0.934090628850252
8052,1
8053,1
8054,1
8055,1
8056,0.989517064796435
8057,0.8525337439539906
8058,1
8059,1
8060,0.9881783092460067
8061,1
8062,1
8063,0.9206413025683434
8064,0.9778219501715014
8065,0.9905051668667311
8066,1
8067,1
8068,1
8069,1
8070,0.7319614450697091
8071,1
8072,0.8871632303381829
8073,1
8074,1
8075,0.9584073186634412
8076,1
8077,1
8078,0.9371052762402644
8079,1
8080,1
8081,1
8082,1
8083,0.9302355564425553
8084,1
8085,0.88552429597253135
8086,1
8087,1
8088,0.973934979331575
8089,0.8027777087395082
8090,1
8091,0.8751286062092423
8092,1
8093,0.8956024152852753
8094,1
8095,0.9614144663088184
8096,0.9857566700855682
8097,0.980590260469024
8098,1
8099,0.9881783092460067
8100,1
8101,1
8102,0.9851711616006295
8103,1
8104,1
8105,0.5822187491244567
8106,0.9881783092460067
8107,1
8108,1
8109,0.8131698459082387
8110,1
8111,1
8112,1
8113,1
8114,1
8115,1
8116,0.9388391256314147
8117,0.9905051668667311
8118,0.9927453194301491
8119,1
8120,0.785996804596336
8121,1
8122,1
8123,0.9530866435720331
8124,0.9220419626372091
8125,1
8126,1
8127,0.9220419626372091
8128,0.9881783092460067
8129,0.921671623979887
8130,1
8131,1
8132,0.8876571916047573
8133,0.9927453194301491
8134,0.9927453194301491
8135,0.999011897929704
8136,1
8137,1
8138,1
8139,0.891650022751374
8140,0.8147936416332521
8141,1
8142,1
8143,0.9918986692326606
8144,0.9244551016955692
8145,1
8146,1
8147,1
8148,0.8954876967616701
8149,1
8150,1
8151,0.9117330397512
8152,0.9718392465479493
8153,0.8524161649845253
8154,0.7496235058062891
8155,0.9969928523546226
8156,0.9188361014710205
8157,1
8158,0.9718392465479493
8159,1
8160,0.886998846096416
8161,1
8162,1
8163,1
8164,1
8165,1
8166,0.9070828318816526
8167,1
8168,1
8169,1
8170,0.9832309317100514
8171,1
8172,1
8173,1
8174,1
8175,0.734979334229408
8176,0.9881783092460067
8177,0.9430581897446968
8178,1
8179,0.6560301784651017
8180,1
8181,1
8182,1
8183,1
8184,0.8956024152852753
8185,1
8186,0.999011897929704
8187,1
8188,1
8189,1
8190,1
8191,1
8192,1
8193,1
8194,1
8195,1
8196,1
8197,0.8297562415397864
8198,1
8199,0.9543263590458063
8200,0.8509694562315199
8201,1
8202,0.8299398710324766
8203,1
8204,1
8205,1
8206,1
8207,1
8208,1
8209,1
8210,0.826142194717372
8211,0.4972425565918858
8212,0.9905051668667311
8213,0.6379194096998694
8214,0.9949058168780378
8215,1
8216,1
8217,1
8218,1
8219,1
8220,0.8256235791650341
8221,0.9927453194301491
8222,1
8223,0.8680276625315166
8224,0.9759762511402005
8225,1
8226,1
8227,1
8228,0.8973459867265247
8229,1
8230,0.6295361960262146
8231,0.9754960773470618
8232,1
8233,1
8234,1
8235,1
8236,0.8993784729315532
8237,0.2679212824639739
8238,1
8239,1
8240,0.9881783092460067
8241,1
8242,0.9058195460636571
8243,1
8244,1
8245,1
8246,0.8065772491631397
8247,0.8344512629667891
8248,0.1394358406950158
8249,0.9210144874248272
8250,0.999011897929704
8251,1
8252,0.9530866435720331
8253,1
8254,1
8255,0.980590260469024
8256,1
8257,1
8258,1
8259,0.9184344032424527
8260,1
8261,0.88552429597253135
8262,0.9832309317100514
8263,1
8264,1
8265,1
8266,0.9749109523201227
8267,1
8268,0.9857566700855682
8269,1
8270,0.9574216351622019
8271,1
8272,1
8273,1
8274,1
8275,0.7145488901349192
8276,0.9881783092460067
8277,1
8278,1
8279,0.9969928523546226
8280,1
8281,1
8282,1
8283,1
8284,1
8285,1
8286,1
8287,0.8368744130717932
8288,1
8289,0.9184138656885621
8290,1
8291,1
8292,0.9749109523201227
8293,0.3502795852023269
8294,1
8295,1
8296,1
8297,0.9021393611173008
8298,1
8299,0.8947376292694665
8300,1
8301,1
8302,1
8303,1
8304,1
8305,0.8049792018796558
8306,1
8307,0.9663469305545923
8308,0.919462918194396
8309,1
8310,1
8311,1
8312,1
8313,1
8314,0.999011897929704
8315,1
8316,0.914063202329627
8317,1
8318,0.9507910536663244
8319,1
8320,0.886998846096416
8321,0.9571659110416263
8322,1
8323,1
8324,1
8325,0.9371052762402644
8326,1
8327,1
8328,1
8329,0.7311209891149338
8330,0.941476531497304
8331,1
8332,0.9392445259270482
8333,1
8334,1
8335,1
8336,0.9881783092460067
8337,1
8338,0.7356449702934574
8339,1
8340,0.8945991131641734
8341,1
8342,0.9905051668667311
8343,0.9651212677009737
8344,1
8345,1
8346,0.4227354348940315
8347,0.7343962938899596
8348,1
8349,0.9969928523546226
8350,0.9156072657559817
8351,1
8352,0.9822623842265841
8353,1
8354,0.8256235791650341
8355,1
8356,0.9117330397512
8357,1
8358,1
8359,1
8360,1
8361,1
8362,1
8363,1
8364,0.9371052762402644
8365,0.9173215605603033
8366,1
8367,1
8368,0.9881783092460067
8369,0.7653736492580413
8370,1
8371,0.9614144663088184
8372,1
8373,0.7900696251687257
8374,1
8375,1
8376,1
8377,1
8378,1
8379,0.980590260469024
8380,0.9302355564425553
8381,0.8680276625315166
8382,1
8383,1
8384,1
8385,1
8386,1
8387,1
8388,0.39025893179295296
8389,1
8390,0.5350921051657037
8391,0.9176955367092884
8392,0.7258817979601394
8393,1
8394,1
8395,0.9473458566943876
8396,0.9927453194301491
8397,1
8398,1
8399,1
8400,1
8401,0.9949058168780378
8402,1
8403,1
8404,1
8405,0.9905051668667311
8406,1
8407,1
8408,1
8409,0.8537843326170849
8410,0.6437438783163454
8411,1
8412,1
8413,1
8414,0.8992118965512257
8415,1
8416,1
8417,1
8418,0.8831855131250667
8419,1
8420,0.9292474543722593
8421,0.8956024152852753
8422,0.8586762865645277
8423,0.9302355564425553
8424,1
8425,0.9718392465479493
8426,1
8427,1
8428,1
8429,0.8785695152072391
8430,1
8431,1
8432,1
8433,1
8434,1
8435,0.9220419626372091
8436,1
8437,1
8438,1
8439,0.4664894843292701
8440,1
8441,1
8442,1
8443,1
8444,0.7694482648682334
8445,0.40582497423735
8446,1
8447,1
8448,1
8449,1
8450,1
8451,0.9614144663088184
8452,0.9574216351622019
8453,1
8454,0.8628319757129675
8455,0.9857566700855682
8456,1
8457,1
8458,0.9778219501715014
8459,0.371294066115471
8460,0.8008763083445318
8461,0.9754960773470618
8462,1
8463,1
8464,1
8465,0.9483339587646836
8466,1
8467,1
8468,0.9881783092460067
8469,1
8470,0.9847685680152722
8471,1
8472,0.9939177148077418
8473,1
8474,1
8475,1
8476,1
8477,0.9574216351622019
8478,1
8479,0.65417794632338
8480,0.9302355564425553
8481,1
8482,0.9685849804078539
8483,1
8484,1
8485,0.26484638961218143
8486,1
8487,0.959090147274585
8488,0.8680276625315166
8489,0.9714287955428867
8490,0.7517990896578955
8491,1
8492,1
8493,0.8225588566627794
8494,0.24821548254300763
8495,1
8496,0.9905051668667311
8497,1
8498,0.8973459867265247
8499,0.9614144663088184
8500,1
8501,1
8502,1
8503,1
8504,1
8505,0.6793287511151792
8506,1
8507,1
8508,0.999011897929704
8509,1
8510,1
8511,1
8512,1
8513,0.9299994467166725
8514,0.8368744130717932
8515,1
8516,1
8517,0.9220419626372091
8518,0.968832098902572
8519,1
8520,0.9778219501715014
8521,0.892323300220224
8522,1
8523,1
8524,1
8525,1
8526,1
8527,1
8528,0.8973459867265247
8529,1
8530,1
8531,0.9614144663088184
8532,0.8734833675838863
8533,0.9122924040953605
8534,1
8535,1
8536,1
8537,1
8538,1
8539,1
8540,1
8541,0.920994528725782
8542,1
8543,1
8544,0.9857566700855682
8545,1
8546,1
8547,1
8548,1
8549,1
8550,1
8551,0.9574216351622019
8552,1
8553,0.9969928523546226
8554,0.8680276625315166
8555,1
8556,1
8557,1
8558,1
8559,1
8560,0.3795796795795765
8561,1
8562,1
8563,1
8564,1
8565,1
8566,1
8567,0.9139406318698696
8568,0.8883933412186487
8569,1
8570,1
8571,1
8572,1
8573,1
8574,1
8575,1
8576,1
8577,1
8578,1
8579,0.785377971508711
8580,0.9483339587646836
8581,0.8973459867265247
8582,0.7063446688379301
8583,1
8584,1
8585,1
8586,0.980590260469024
8587,1
8588,1
8589,1
8590,0.8680276625315166
8591,1
8592,1
8593,0.9785019895157173
8594,1
8595,0.8586762865645277
8596,1
8597,1
8598,0.8835722862991494
8599,0.9778219501715014
8600,1
8601,1
8602,0.9188361014710205
8603,0.9857566700855682
8604,1
8605,1
8606,1
8607,0.9302355564425553
8608,0.8685734744958303
8609,1
8610,0.8835722862991494
8611,1
8612,1
8613,1
8614,1
8615,1
8616,1
8617,1
8618,0.9614144663088184
8619,1
8620,1
8621,1
8622,0.9483339587646836
8623,1
8624,1
8625,0.9857566700855682
8626,1
8627,1
8628,0.508192735051643
8629,0.8940567486216308
8630,1
8631,0.9832309317100514
8632,1
8633,0.8900020892204468
8634,1
8635,1
8636,0.9574216351622019
8637,1
8638,0.8008763083445318
8639,0.3377124616080103
8640,1
8641,0.7202336095015679
8642,0.9614144663088184
8643,1
8644,0.7665468387118208
8645,1
8646,1
8647,1
8648,0.7372053707640747
8649,1
8650,1
8651,0.9530866435720331
8652,1
8653,1
8654,1
8655,0.9969928523546226
8656,0.8726391160467459
8657,1
8658,1
8659,1
8660,1
8661,1
8662,1
8663,0.9685849804078539
8664,1
8665,0.9857566700855682
8666,1
8667,1
8668,0.9302355564425553
8669,0.8680276625315166
8670,1
8671,1
8672,1
8673,0.9927453194301491
8674,1
8675,0.6082686814428431
8676,1
8677,0.34223647604472807
8678,0.9584073186634412
8679,1
8680,1
8681,1
8682,1
8683,1
8684,0.9483339587646836
8685,0.9718392465479493
8686,1
8687,0.980590260469024
8688,1
8689,0.6435492164796929
8690,0.9832309317100514
8691,1
8692,1
8693,1
8694,1
8695,1
8696,0.8504326302985578
8697,1
8698,1
8699,1
8700,0.9312364989907035
8701,1
8702,0.8732147519096309
8703,0.9905051668667311
8704,0.9156072657559817
8705,0.6745759747139306
8706,1
8707,0.9651212677009737
8708,0.9483339587646836
8709,0.8005074225233629
8710,1
8711,0.9939177148077418
8712,0.9881783092460067
8713,0.5224267632028491
8714,1
8715,1
8716,0.9718392465479493
8717,0.8246458613661484
8718,1
8719,1
8720,0.28404767400530745
8721,1
8722,1
8723,0.9832309317100514
8724,1
8725,1
8726,0.8909031788482463
8727,0.8678043767037147
8728,1
8729,0.7874919117096618
8730,1
8731,1
8732,1
8733,0.9614144663088184
8734,1
8735,1
8736,0.9555012127891466
8737,1
8738,1
8739,1
8740,0.897538039984271
8741,0.9718392465479493
8742,1
8743,1
8744,0.9749109523201227
8745,0.9832309317100514
8746,1
8747,0.9809236286761558
8748,1
8749,1
8750,1
8751,0.9949058168780378
8752,0.8937130908034859
8753,1
8754,1
8755,1
8756,0.9229808758727044
8757,1
8758,1
8759,1
8760,0.9340981285948871
8761,1
8762,1
8763,1
8764,0.9651212677009737
8765,1
8766,0.8508568224674742
8767,1
8768,1
8769,1
8770,0.7868616459604422
8771,1
8772,1
8773,1
8774,1
8775,1
8776,1
8777,1
8778,1
8779,1
8780,0.6794317843100057
8781,1
8782,1
8783,1
8784,1
8785,0.9949058168780378
8786,0.9530866435720331
8787,1
8788,1
8789,1
8790,0.7145107484907083
8791,1
8792,0.9555012127891466
8793,1
8794,1
8795,0.664207693937762
8796,0.8225588566627794
8797,1
8798,0.9905051668667311
8799,1
8800,1
8801,0.36948711658486155
8802,1
8803,1
8804,1
8805,0.9323325874823246
8806,1
8807,0.9654161191868537
8808,0.9574216351622019
8809,0.8000882968528368
8810,1
8811,0.9299204916732384
8812,1
8813,0.8242801692551401
8814,1
8815,1
8816,0.999011897929704
8817,1
8818,1
8819,0.8726636352576804
8820,1
8821,1
8822,0.991757217359853
8823,1
8824,0.9220419626372091
8825,1
8826,1
8827,1
8828,0.9719038046747454
8829,1
8830,0.9857566700855682
8831,1
8832,1
8833,1
8834,1
8835,0.22454087762789365
8836,0.9654161191868537
8837,1
8838,0.9871902071757107
8839,1
8840,0.9685849804078539
8841,1
8842,0.9245721490395733
8843,0.9105082787342351
8844,1
8845,0.9778219501715014
8846,0.818704202756383
8847,0.8848750527459885
8848,1
8849,0.9866630342378909
8850,1
8851,1
8852,1
8853,1
8854,1
8855,1
8856,1
8857,1
8858,0.9685849804078539
8859,0.9213324405340684
8860,1
8861,0.8090790264777248
8862,1
8863,1
8864,1
8865,1
8866,1
8867,1
8868,1
8869,0.9302355564425553
8870,1
8871,1
8872,1
8873,0.9881783092460067
8874,1
8875,0.8440944769194798
8876,0.8998639128087105
8877,1
8878,0.9881783092460067
8879,1
8880,0.7392028571191744
8881,1
8882,0.9493203043948625
8883,0.9302355564425553
8884,0.853198824132146
8885,1
8886,1
8887,1
8888,0.9651212677009737
8889,0.9530866435720331
8890,0.9568784850608267
8891,0.8973459867265247
8892,1
8893,1
8894,1
8895,0.9574216351622019
8896,0.9897381717847717
8897,1
8898,1
8899,0.9687685697150307
8900,1
8901,0.910744937680904
8902,1
8903,0.9614144663088184
8904,0.980590260469024
8905,0.999011897929704
8906,0.9574216351622019
8907,1
8908,0.785723199240805
8909,0.9483339587646836
8910,1
8911,0.9117330397512
8912,1
8913,0.9771682011046219
8914,0.7345195979875275
8915,0.7465971777387557
8916,1
8917,1
8918,1
8919,1
8920,1
8921,0.5675142323891663
8922,1
8923,1
8924,1
8925,0.8439215118401979
8926,1
8927,0.9905051668667311
8928,1
8929,1
8930,1
8931,1
8932,0.9430581897446968
8933,0.9483339587646836
8934,1
8935,0.9715008276313885
8936,0.9550701782580007
8937,0.8359810869786789
8938,0.7311209891149338
8939,1
8940,1
8941,0.9641331656306777
8942,1
8943,0.9887500697144758
8944,0.7742960783323114
8945,0.9568784850608267
8946,1
8947,0.8999119449087248
8948,0.999011897929704
8949,1
8950,0.9117330397512
8951,1
8952,1
8953,0.9749109523201227
8954,1
8955,1
8956,1
8957,0.9969928523546226
8958,0.8680276625315166
8959,0.7797607022827165
8960,1
8961,1
8962,1
8963,1
8964,0.9302355564425553
8965,1
8966,1
8967,0.8510146104626144
8968,1
8969,1
8970,1
8971,1
8972,0.8398669090794659
8973,1
8974,1
8975,1
8976,0.9830841261240445
8977,1
8978,1
8979,0.9654161191868537
8980,0.36630256266689154
8981,0.980590260469024
8982,0.7803858433634824
8983,1
8984,1
8985,0.9302355564425553
8986,0.9584073186634412
8987,1
8988,0.9455999444082086
8989,1
8990,0.7925998115710899
8991,1
8992,1
8993,0.9718392465479493
8994,0.8966861581757088
8995,0.980590260469024
8996,1
8997,1
8998,0.8275815431690801
8999,1
9000,0.9404242269558032
9001,0.6142119652495057
9002,0.9881783092460067
9003,1
9004,0.9220419626372091
9005,0.5010619418173435
9006,1
9007,1
9008,1
9009,1
9010,1
9011,1
9012,1
9013,1
9014,1
9015,0.8230978407895173
9016,1
9017,1
9018,1
9019,1
9020,0.8973459867265247
9021,0.6093583074220777
9022,1
9023,1
9024,1
9025,0.9927453194301491
9026,1
9027,1
9028,1
9029,1
9030,1
9031,1
9032,0.9927453194301491
9033,1
9034,0.7117505476399139
9035,0.9483339587646836
9036,1
9037,1
9038,1
9039,0.9014206023367168
9040,1
9041,1
9042,0.9623444134146804
9043,0.9624861682912582
9044,1
9045,1
9046,1
9047,0.8246458613661484
9048,0.9302355564425553
9049,0.9651212677009737
9050,0.9927453194301491
9051,0.8705205116944419
9052,1
9053,0.9905051668667311
9054,0.9388433136576013
9055,0.7092003441114499
9056,1
9057,1
9058,1
9059,1
9060,1
9061,1
9062,0.1362400349580319
9063,1
9064,1
9065,1
9066,0.9718392465479493
9067,1
9068,1
9069,1
9070,1
9071,0.9380118956312259
9072,1
9073,1
9074,0.9874980192213537
9075,1
9076,0.6179478292273362
9077,1
9078,1
9079,0.9905051668667311
9080,1
9081,1
9082,1
9083,0.9492311911275594
9084,1
9085,0.9733355798991731
9086,1
9087,0.7396893760977091
9088,0.61005969408293
9089,0.7504086068329762
9090,1
9091,0.6142119652495057
9092,1
9093,1
9094,1
9095,0.8043840050507222
9096,0.6118701509353975
9097,0.8902293261390836
9098,1
9099,0.8316743994256136
9100,1
9101,0.8027777087395082
9102,1
9103,0.61005969408293
9104,0.9614144663088184
9105,0.2679212824639739
9106,0.9969928523546226
9107,0.9651212677009737
9108,1
9109,1
9110,1
9111,1
9112,0.8316743994256136
9113,1
9114,1
9115,1
9116,0.8827569704712935
9117,1
9118,1
9119,0.9778219501715014
9120,0.28991058467845343
9121,0.9483339587646836
9122,1
9123,0.9420047267778425
9124,0.9483521994110251
9125,1
9126,1
9127,0.9530866435720331
9128,1
9129,0.866693931052422
9130,0.8004091727518199
9131,0.913891443035069
9132,0.8147936416332521
9133,1
9134,1
9135,0.3879913426074413
9136,1
9137,1
9138,1
9139,1
9140,0.8993784729315532
9141,0.971095427335755
9142,1
9143,1
9144,0.7092003441114499
9145,1
9146,0.9881783092460067
9147,1
9148,1
9149,1
9150,0.8409804941234593
9151,1
9152,1
9153,1
9154,0.8973459867265247
9155,0.5385680558348167
9156,1
9157,0.3357457857958837
9158,1
9159,0.8969529149573318
9160,0.9227171843344912
9161,1
9162,1
9163,1
9164,0.936960514248923
9165,1
9166,0.25232520675064646
9167,1
9168,0.9949058168780378
9169,1
9170,1
9171,1
9172,1
9173,0.9341786092532005
9174,1
9175,0.8758662053818779
9176,0.9371052762402644
9177,1
9178,0.8973459867265247
9179,1
9180,1
9181,1
9182,0.9832309317100514
9183,1
9184,1
9185,0.9905051668667311
9186,0.6300358124091112
9187,1
9188,0.7076838971788284
9189,1
9190,1
9191,0.9927453194301491
9192,1
9193,1
9194,1
9195,1
9196,1
9197,1
9198,0.7777303025991193
9199,1
9200,1
9201,1
9202,0.9718392465479493
9203,1
9204,0.9485897601943476
9205,1
9206,1
9207,1
9208,0.9604263642385225
9209,0.8460694022452827
9210,0.8901919198122976
9211,1
9212,1
9213,0.968832098902572
9214,1
9215,1
9216,0.7996078711754357
9217,1
9218,0.5734812406015677
9219,0.9651212677009737
9220,1
9221,1
9222,1
9223,0.8331489302324904
9224,1
9225,1
9226,1
9227,0.5994143995687166
9228,1
9229,1
9230,0.9786834761127378
9231,0.9832309317100514
9232,1
9233,1
9234,1
9235,1
9236,1
9237,1
9238,0.8726636352576804
9239,0.9751491555295406
9240,1
9241,1
9242,0.8854392350049481
9243,0.9759762511402005
9244,0.6023130481878964
9245,0.9718392465479493
9246,0.36277644661871633
9247,1
9248,0.8680276625315166
9249,0.5536200632573138
9250,1
9251,0.9718392465479493
9252,1
9253,1
9254,1
9255,0.734353591295971
9256,0.81233914238156
9257,1
9258,0.9229967766186237
9259,1
9260,0.9905051668667311
9261,0.9651212677009737
9262,1
9263,1
9264,0.7588920557344682
9265,0.9574216351622019
9266,0.9749109523201227
9267,1
9268,0.9302355564425553
9269,1
9270,1
9271,0.7669073267915899
9272,1
9273,0.9404242269558032
9274,0.8429386148516392
9275,0.8755650586983369
9276,1
9277,0.9055161505890064
9278,0.9775831128236467
9279,1
9280,0.9302465652113905
9281,1
9282,0.728937666717299
9283,0.9705672696016505
9284,0.8211143061035497
9285,1
9286,1
9287,1
9288,1
9289,0.9220419626372091
9290,1
9291,1
9292,0.999011897929704
9293,1
9294,0.9881783092460067
9295,1
9296,1
9297,1
9298,0.7653736492580413
9299,0.9117330397512
9300,0.9446453980188699
9301,1
9302,1
9303,0.9651212677009737
9304,0.08642066530598096
9305,1
9306,1
9307,1
9308,1
9309,0.8684217335450968
9310,1
9311,1
9312,0.517297923268774
9313,1
9314,0.9718392465479493
9315,0.9108368256804145
9316,1
9317,1
9318,1
9319,0.9220419626372091
9320,0.9949058168780378
9321,0.971095427335755
9322,0.8680276625315166
9323,1
9324,0.8182155925838264
9325,0.9165774408579249
9326,1
9327,1
9328,1
9329,0.9749109523201227
9330,1
9331,1
9332,0.9969928523546226
9333,1
9334,1
9335,1
9336,1
9337,0.7431955994295427
9338,1
9339,1
9340,0.9483339587646836
9341,1
9342,1
9343,0.9430581897446968
9344,0.9651212677009737
9345,1
9346,1
9347,0.9014206023367168
9348,1
9349,0.9240861931970005
9350,1
9351,1
9352,1
9353,0.8055262761723858
9354,0.8577723509650472
9355,1
9356,0.9530866435720331
9357,1
9358,1
9359,0.9574216351622019
9360,1
9361,1
9362,1
9363,0.7141716909679351
9364,1
9365,1
9366,0.9270174348774214
9367,0.9117330397512
9368,1
9369,0.8452727887554576
9370,0.9651212677009737
9371,0.9832309317100514
9372,1
9373,1
9374,0.9786834761127378
9375,1
9376,0.7474912603309277
9377,1
9378,1
9379,0.8536574510222654
9380,0.6023130481878964
9381,0.934090628850252
9382,0.9117330397512
9383,1
9384,0.4664894843292701
9385,1
9386,0.9548594394857455
9387,1
9388,1
9389,1
9390,0.6132645160563458
9391,0.811276150035524
9392,1
9393,0.7874919117096618
9394,1
9395,1
9396,0.9718392465479493
9397,1
9398,1
9399,0.959090147274585
9400,1
9401,0.7941599469730644
9402,1
9403,0.980590260469024
9404,0.9169189391725376
9405,1
9406,1
9407,0.8953383171444587
9408,0.9220419626372091
9409,1
9410,1
9411,1
9412,0.9117330397512
9413,1
9414,0.9651212677009737
9415,0.7092003441114499
9416,1
9417,0.7953357088244613
9418,1
9419,1
9420,0.9857566700855682
9421,1
9422,1
9423,1
9424,0.999011897929704
9425,0.9905051668667311
9426,0.9430581897446968
9427,1
9428,1
9429,1
9430,0.980590260469024
9431,1
9432,0.9430581897446968
9433,0.8618923007743554
9434,1
9435,0.9969928523546226
9436,0.8680276625315166
9437,1
9438,0.9881783092460067
9439,1
9440,0.7156765057907074
9441,1
9442,1
9443,1
9444,1
9445,0.9881783092460067
9446,1
9447,0.9530866435720331
9448,1
9449,0.9949058168780378
9450,0.9718392465479493
9451,1
9452,1
9453,0.910744937680904
9454,1
9455,0.9443033681784329
9456,0.9685849804078539
9457,0.999011897929704
9458,0.5174264140846152
9459,1
9460,1
9461,1
9462,1
9463,1
9464,1
9465,0.9927453194301491
9466,0.991757217359853
9467,1
9468,0.6789817069027524
9469,1
9470,1
9471,1
9472,0.9654161191868537
9473,1
9474,1
9475,0.6069491736826037
9476,1
9477,1
9478,0.7927663041623637
9479,1
9480,1
9481,1
9482,0.8753415395841895
9483,1
9484,1
9485,0.8225588566627794
9486,1
9487,0.785723199240805
9488,0.8993784729315532
9489,0.9434959327279765
9490,1
9491,1
9492,1
9493,1
9494,0.7349876234971121
9495,0.9832309317100514
9496,1
9497,1
9498,1
9499,1
9500,0.9857566700855682
9501,0.9377561715106503
9502,1
9503,1
9504,0.3825657157957958
9505,1
9506,1
9507,0.98325048629688
9508,0.4222595218993172
9509,1
9510,0.7959475137391832
9511,1
9512,1
9513,0.9927453194301491
9514,1
9515,1
9516,1
9517,0.8993784729315532
9518,1
9519,1
9520,0.7904814583420412
9521,0.8038311717063625
9522,0.6196182574870107
9523,1
9524,0.9574216351622019
9525,1
9526,1
9527,1
9528,0.980590260469024
9529,1
9530,1
9531,0.8910506501947678
9532,1
9533,1
9534,0.9174487197412136
9535,0.8618125356778558
9536,1
9537,1
9538,1
9539,0.9857566700855682
9540,0.8680138699837988
9541,1
9542,1
9543,1
9544,0.7694482648682334
9545,1
9546,1
9547,0.1394358406950158
9548,1
9549,0.979602158398728
9550,0.9208801399161981
9551,1
9552,1
9553,1
9554,0.5174264140846152
9555,1
9556,0.9627498137103139
9557,0.9279975958921557
9558,1
9559,1
9560,1
9561,1
9562,0.9302355564425553
9563,1
9564,1
9565,1
9566,1
9567,0.7088197319200059
9568,1
9569,0.9762618369522993
9570,0.910744937680904
9571,1
9572,0.8732937461872521
9573,0.9530866435720331
9574,1
9575,0.9969928523546226
9576,1
9577,0.9927453194301491
9578,1
9579,1
9580,1
9581,1
9582,0.9881783092460067
9583,0.8945269114024664
9584,0.9574216351622019
9585,0.9001661653948452
9586,0.8973459867265247
9587,0.8938812091851585
9588,1
9589,1
9590,0.9685849804078539
9591,1
9592,0.8607729819616656
9593,1
9594,1
9595,0.5876623029879419
9596,1
9597,0.9337062481088276
9598,0.8973459867265247
9599,1
9600,1
9601,1
9602,0.892323300220224
9603,1
9604,1
9605,1
9606,1
9607,0.8680276625315166
9608,1
9609,1
9610,0.9969928523546226
9611,0.8973459867265247
9612,1
9613,1
9614,0.8547912294958968
9615,0.8211143061035497
9616,1
9617,0.9905051668667311
9618,1
9619,0.5382330641304538
9620,1
9621,1
9622,0.7311209891149338
9623,1
9624,1
9625,0.9220419626372091
9626,0.7465971777387557
9627,1
9628,1
9629,1
9630,0.9689876017956197
9631,0.9651212677009737
9632,1
9633,1
9634,1
9635,0.8900913061566738
9636,1
9637,0.9960047502843267
9638,1
9639,1
9640,0.9117330397512
9641,1
9642,0.8680276625315166
9643,1
9644,1
9645,1
9646,1
9647,1
9648,0.8814242464608966
9649,1
9650,0.9159596774449509
9651,0.9276104431069954
9652,0.8164241120483341
9653,1
9654,1
9655,0.7161546163544023
9656,1
9657,0.9584122106405254
9658,1
9659,0.9949058168780378
9660,1
9661,0.5670379659113903
9662,1
9663,0.9116431701525507
9664,0.8275815431690801
9665,1
9666,1
9667,1
9668,0.9574216351622019
9669,1
9670,1
9671,0.9939177148077418
9672,1
9673,1
9674,0.9262891214547482
9675,0.5133592580903996
9676,1
9677,0.9651212677009737
9678,0.52005578091781
9679,0.8973459867265247
9680,0.999011897929704
9681,1
9682,1
9683,1
9684,1
9685,1
9686,1
9687,0.29376171867192535
9688,1
9689,1
9690,1
9691,1
9692,0.8027777087395082
9693,1
9694,1
9695,0.277757956073979
9696,1
9697,0.8973459867265247
9698,1
9699,1
9700,1
9701,0.8973459867265247
9702,0.8591472388774735
9703,0.8732937461872521
9704,1
9705,1
9706,0.9483339587646836
9707,1
9708,1
9709,0.9293254398369473
9710,1
9711,1
9712,1
9713,0.9651212677009737
9714,1
9715,1
9716,0.8722569390466473
9717,1
9718,1
9719,1
9720,1
9721,1
9722,1
9723,0.8424596948130196
9724,1
9725,1
9726,1
9727,1
9728,0.9371052762402644
9729,0.7795965363771394
9730,0.9685849804078539
9731,1
9732,1
9733,1
9734,1
9735,0.8486179230005406
9736,0.8756295464352087
9737,1
9738,0.9809236286761558
9739,1
9740,0.8973459867265247
9741,1
9742,1
9743,0.980590260469024
9744,1
9745,0.8729087854151102
9746,1
9747,0.9067412774281249
9748,1
9749,1
9750,1
9751,1
9752,0.9371052762402644
9753,1
9754,0.9949058168780378
9755,0.9651212677009737
9756,1
9757,1
9758,1
9759,1
9760,0.9718392465479493
9761,1
9762,0.9499759951360385
9763,1
9764,0.9530866435720331
9765,0.9574216351622019
9766,1
9767,0.6684508125042652
9768,0.6283241637863345
9769,0.9220419626372091
9770,1
9771,1
9772,1
9773,1
9774,0.999011897929704
9775,0.9371052762402644
9776,0.9749109523201227
9777,1
9778,1
9779,0.9718392465479493
9780,0.9220419626372091
9781,1
9782,1
9783,1
9784,1
9785,0.9832309317100514
9786,1
9787,0.9428248153568048
9788,0.7156765057907074
9789,1
9790,0.8847013320952736
9791,1
9792,1
9793,0.973934979331575
9794,1
9795,0.8683417752309678
9796,1
9797,0.8389614485483781
9798,1
9799,0.9614144663088184
9800,0.6062037142010833
9801,1
9802,0.8012845151454274
9803,1
9804,0.8973459867265247
9805,1
9806,1
9807,1
9808,0.9667450634259871
9809,1
9810,1
9811,0.9371052762402644
9812,0.9220419626372091
9813,0.3594475323086776
9814,0.9289242192337076
9815,1
9816,1
9817,0.9430581897446968
9818,1
9819,1
9820,1
9821,1
9822,1
9823,1
9824,1
9825,0.886998846096416
9826,1
9827,1
9828,1
9829,0.44822043282973734
9830,1
9831,0.1394358406950158
9832,0.8429221025534073
9833,0.8246458613661484
9834,0.7011158350712289
9835,0.615934151963963
9836,1
9837,1
9838,0.8641811532366682
9839,1
9840,1
9841,1
9842,0.851258594241568
9843,1
9844,1
9845,1
9846,1
9847,0.9530866435720331
9848,1
9849,1
9850,1
9851,0.9718392465479493
9852,1
9853,1
9854,0.9651212677009737
9855,1
9856,0.8235201363090512
9857,0.395705052931984
9858,1
9859,0.968832098902572
9860,0.40895466584439294
9861,1
9862,1
9863,1
9864,1
9865,0.9208801399161981
9866,0.9153351792759258
9867,0.8922518036045625
9868,1
9869,0.9269971910483792
9870,1
9871,1
9872,1
9873,1
9874,1
9875,0.980590260469024
9876,0.9949058168780378
9877,0.9490913938563598
9878,0.9854109837447689
9879,1
9880,0.9927453194301491
9881,1
9882,1
9883,1
9884,0.8112553209488748
9885,0.934090628850252
9886,1
9887,1
9888,1
9889,0.617379358020077
9890,0.9371052762402644
9891,1
9892,0.9584073186634412
9893,1
9894,1
9895,1
9896,0.980590260469024
9897,1
9898,0.8910295644328288
9899,0.9371052762402644
9900,1
9901,1
9902,1
9903,1
9904,0.9651212677009737
9905,0.7843340017590914
9906,1
9907,1
9908,1
9909,1
9910,1
9911,1
9912,1
9913,1
9914,0.9430581897446968
9915,1
9916,1
9917,1
9918,0.9778219501715014
9919,0.9785019895157173
9920,1
9921,1
9922,1
9923,1
9924,1
9925,0.9574216351622019
9926,1
9927,1
9928,1
9929,1
9930,0.9087258921058228
9931,1
9932,0.7186991367446938
9933,1
9934,1
9935,0.9685849804078539
9936,0.9213324405340684
9937,1
9938,1
9939,1
9940,1
9941,1
9942,1
9943,1
9944,1
9945,1
9946,1
9947,0.8973459867265247
9948,0.5475017640082191
9949,1
9950,0.8190876525839591
9951,1
9952,1
9953,0.9232449110848063
9954,0.7625585548704102
9955,1
9956,0.9400510420993194
9957,1
9958,1
9959,0.8722569390466473
9960,1
9961,1
9962,0.9117330397512
9963,1
9964,1
9965,0.9685849804078539
9966,1
9967,1
9968,1
9969,0.7653736492580413
9970,0.7559178536038053
9971,0.9117330397512
9972,1
9973,1
9974,0.25232520675064646
9975,1
9976,0.903768856986917
9977,1
9978,0.9371052762402644
9979,0.6916470413624886
9980,1
9981,1
9982,0.9430581897446968
9983,0.6990917693479138
9984,1
9985,1
9986,1
9987,0.7900696251687257
9988,0.9352435853337033
9989,1
9990,1
9991,1
9992,1
9993,0.9651212677009737
9994,0.9832309317100514
9995,0.9969928523546226
9996,0.8143652628574332
9997,1
9998,1
9999,0.9614144663088184
10000,0.8012845151454274
10001,1
10002,0.9969928523546226
10003,0.8254492976937186
10004,1
10005,1
10006,0.9483339587646836
10007,0.7943167839862648
10008,1
10009,1
10010,0.6098353987394531
10011,0.7586546055765796
10012,0.9430581897446968
10013,0.9220419626372091
10014,1
10015,1
10016,0.8996733087346275
10017,1
10018,1
10019,1
10020,1
10021,0.931564890474735
10022,0.7180235492659385
10023,1
10024,0.9078286648293864
10025,1
10026,1
10027,1
10028,1
10029,1
10030,1
10031,1
10032,0.8953383171444587
10033,1
10034,1
10035,1
10036,0.6735531067037117
10037,1
10038,0.9371052762402644
10039,1
10040,1
10041,0.5196433975909635
10042,0.9371052762402644
10043,0.9159922265281236
10044,1
10045,0.7874919117096618
10046,1
10047,0.9530866435720331
10048,1
10049,1
10050,1
10051,0.8131698459082387
10052,1
10053,0.9530866435720331
10054,1
10055,1
10056,1
10057,1
10058,0.9651212677009737
10059,0.8993784729315532
10060,0.8973459867265247
10061,0.9495927755548252
10062,1
10063,0.9714287955428867
10064,1
10065,0.8142580047448629
10066,0.8607729819616656
10067,0.9969928523546226
10068,0.7719950746343598
10069,1
10070,1
10071,1
10072,1
10073,1
10074,0.9881783092460067
10075,1
10076,1
10077,0.9430581897446968
10078,1
10079,0.2102101280322056
10080,0.9302355564425553
10081,1
10082,1
10083,0.837227559889124
10084,1
10085,1
10086,0.9600270845790115
10087,1
10088,0.9371052762402644
10089,0.8966580516425219
10090,1
10091,1
10092,0.8397374993464974
10093,1
10094,0.999011897929704
10095,0.9651212677009737
10096,1
10097,1
10098,0.9939177148077418
10099,1
10100,0.9927453194301491
10101,1
10102,1
10103,1
10104,1
10105,1
10106,0.903439888661189
10107,1
10108,0.9530866435720331
10109,0.6226591972289537
10110,0.6962422568159075
10111,1
10112,0.999011897929704
10113,0.934090628850252
10114,1
10115,1
10116,1
10117,0.36078209663113275
10118,0.9337062481088276
10119,0.8673687737565154
10120,1
10121,1
10122,1
10123,0.9117330397512
10124,0.5051999531632779
10125,1
10126,0.9343075711884747
10127,0.8131698459082387
10128,1
10129,0.7566059964155584
10130,0.7923736719467944
10131,1
10132,1
10133,0.999011897929704
10134,0.28404767400530745
10135,0.4972425565918858
10136,0.44822043282973734
10137,0.999011897929704
10138,0.958380087239592
10139,0.9832309317100514
10140,1
10141,0.9179691420648194
10142,1
10143,0.9881783092460067
10144,1
10145,1
10146,1
10147,0.9455753451247316
10148,1
10149,0.8753415395841895
10150,0.9194212559929577
10151,0.9969928523546226
10152,1
10153,1
10154,1
10155,1
10156,0.9613563113443844
10157,0.9651212677009737
10158,1
10159,1
10160,0.9290113446463765
10161,1
10162,0.9220419626372091
10163,0.9832309317100514
10164,1
10165,0.8673408326828198
10166,1
10167,1
10168,0.9302355564425553
10169,1
10170,1
10171,0.9614144663088184
10172,1
10173,1
10174,1
10175,0.7763663561986606
10176,0.9220419626372091
10177,1
10178,1
10179,1
10180,0.9220419626372091
10181,0.8225588566627794
10182,1
10183,1
10184,0.962852644695608
10185,0.9857566700855682
10186,1
10187,0.8680276625315166
10188,1
10189,0.9116431701525507
10190,0.845849612703018
10191,1
10192,1
10193,1
10194,1
10195,0.9066388566292378
10196,0.6771066890092413
10197,1
10198,0.8024924954892028
10199,0.9302355564425553
10200,1
10201,0.9651212677009737
10202,0.9352435853337033
10203,1
10204,1
10205,1
10206,0.8439215118401979
10207,1
10208,1
10209,0.9544144875168246
10210,0.9371052762402644
10211,0.7566059964155584
10212,0.9969928523546226
10213,0.999011897929704
10214,0.7622118249447238
10215,1
10216,1
10217,0.999011897929704
10218,1
10219,1
10220,0.980590260469024
10221,0.999011897929704
10222,0.9846439886628096
10223,1
10224,1
10225,0.7171355903579985
10226,1
10227,1
10228,1
10229,0.8913921485093805
10230,1
10231,0.9056902566481183
10232,1
10233,1
10234,0.991757217359853
10235,0.8297562415397864
10236,1
10237,1
10238,1
10239,1
10240,0.6771066890092413
10241,0.9881783092460067
10242,1
10243,0.657301509289869
10244,1
10245,1
10246,1
10247,0.9530866435720331
10248,0.612756852582587
10249,0.8307674806360973
10250,0.9857566700855682
10251,1
10252,0.4972425565918858
10253,1
10254,1
10255,1
10256,1
10257,1
10258,1
10259,1
10260,0.7124547939216391
10261,1
10262,1
10263,0.9949058168780378
10264,1
10265,0.9422620963698073
10266,1
10267,1
10268,1
10269,0.9857566700855682
10270,1
10271,1
10272,1
10273,1
10274,0.980590260469024
10275,1
10276,1
10277,1
10278,0.43541596494313156
10279,0.9430581897446968
10280,1
10281,1
10282,1
10283,1
10284,1
10285,1
10286,1
10287,1
10288,1
10289,1
10290,1
10291,0.9014206023367168
10292,1
10293,1
10294,0.8022035462992988
10295,1
10296,1
10297,1
10298,0.8680276625315166
10299,1
10300,1
10301,0.9220419626372091
10302,0.9718392465479493
10303,1
10304,1
10305,0.8835722862991494
10306,1
10307,1
10308,0.9778219501715014
10309,1
10310,1
10311,0.9380118956312259
10312,0.881689179773843
10313,0.9430581897446968
10314,0.9718392465479493
10315,1
10316,0.7588920557344682
10317,0.9778219501715014
10318,0.9388391256314147
10319,1
10320,1
10321,1
10322,0.7646025360245845
10323,1
10324,0.8586762865645277
10325,0.7900696251687257
10326,0.959090147274585
10327,1
10328,0.9496611967194506
10329,1
10330,1
10331,0.9778219501715014
10332,1
10333,0.8510146104626144
10334,1
10335,0.9388391256314147
10336,0.9651212677009737
10337,1
10338,1
10339,0.999011897929704
10340,1
10341,1
10342,1
10343,0.9749109523201227
10344,1
10345,0.8973459867265247
10346,0.6379895197657403
10347,1
10348,0.8843867028096478
10349,1
10350,0.9302355564425553
10351,1
10352,1
10353,0.8756295464352087
10354,0.9927453194301491
10355,0.8738273668813195
10356,1
10357,0.9854109837447689
10358,0.9905051668667311
10359,0.9881783092460067
10360,0.9881783092460067
10361,1
10362,0.9220419626372091
10363,0.8956024152852753
10364,1
10365,1
10366,1
10367,1
10368,1
10369,1
10370,0.7171355903579985
10371,1
10372,0.544447521692061
10373,1
10374,1
10375,0.5919996208753396
10376,0.8835722862991494
10377,1
10378,0.9371052762402644
10379,0.9379640066227346
10380,0.9265357340097923
10381,0.8047070260967377
10382,1
10383,0.9785019895157173
10384,1
10385,1
10386,0.8878511535932557
10387,0.9181507279628441
10388,0.9574216351622019
10389,0.9458319630021822
10390,1
10391,1
10392,1
10393,0.9543985855403884
10394,1
10395,1
10396,0.8265203218185583
10397,0.9117330397512
10398,0.5174264140846152
10399,0.8732780895310075
10400,1
10401,0.8366126429393705
10402,1
10403,1
10404,0.9651212677009737
10405,1
10406,1
10407,1
10408,0.9685849804078539
10409,1
10410,1
10411,1
10412,1
10413,1
10414,0.5581708773106692
10415,1
10416,0.9279975958921557
10417,1
10418,0.9614144663088184
10419,0.8038311717063625
10420,1
10421,1
10422,1
10423,1
10424,0.8562421720126112
10425,1
10426,1
10427,1
10428,1
10429,0.7558580907522046
10430,0.8833222000145885
10431,0.8138697140937888
10432,0.9905051668667311
10433,1
10434,1
10435,0.934090628850252
10436,0.9329116830163308
10437,0.8901919198122976
10438,1
10439,1
10440,1
10441,0.9905051668667311
10442,0.8560729957836378
10443,1
10444,0.9969928523546226
10445,0.9483339587646836
10446,1
10447,1
10448,0.980590260469024
10449,1
10450,1
10451,1
10452,1
10453,1
10454,0.9337062481088276
10455,1
10456,1
10457,0.9614144663088184
10458,1
10459,1
10460,0.9574216351622019
10461,1
10462,0.9881783092460067
10463,0.7933112480177877
10464,1
10465,1
10466,1
10467,0.7945105195728001
10468,0.9299204916732384
10469,0.7036260309588871
10470,0.9220419626372091
10471,0.9584122106405254
10472,1
10473,1
10474,0.8973459867265247
10475,0.9785019895157173
10476,0.8054264854325995
10477,1
10478,1
10479,1
10480,0.9614144663088184
10481,1
10482,1
10483,0.8115640180082275
10484,1
10485,0.8424596948130196
10486,0.980590260469024
10487,1
10488,0.9614144663088184
10489,1
10490,1
10491,1
10492,1
10493,0.8876571916047573
10494,0.5660033677488308
10495,1
10496,0.9563239396872186
10497,1
10498,1
10499,1
10500,1
10501,0.9641331656306777
10502,0.5119046925140357
10503,1
10504,0.9430581897446968
10505,0.921671623979887
10506,1
10507,1
10508,1
10509,0.9430581897446968
10510,0.9175361170923116
10511,1
10512,1
10513,1
10514,1
10515,0.36630256266689154
10516,1
10517,0.7665468387118208
10518,1
10519,0.891512264012454
10520,1
10521,0.933323162960648
10522,0.9584073186634412
10523,0.8562059717775233
10524,1
10525,1
10526,0.1083997555845975
10527,0.8458223454045207
10528,0.9574216351622019
10529,1
10530,1
10531,1
10532,1
10533,0.44822043282973734
10534,1
10535,1
10536,1
10537,0.7989714594644206
10538,0.9905051668667311
10539,1
10540,1
10541,1
10542,0.9340981285948871
10543,1
10544,1
10545,0.41862223316443375
10546,1
10547,1
10548,0.9822428296397554
10549,1
10550,0.8973459867265247
10551,1
10552,1
10553,1
10554,1
10555,0.5066858400736931
10556,1
10557,1
10558,1
10559,0.9302355564425553
10560,0.815232679477267
10561,1
10562,0.9969928523546226
10563,1
10564,1
10565,1
10566,1
10567,0.9220419626372091
10568,1
10569,1
10570,0.9265357340097923
10571,1
10572,1
10573,0.7731741712941945
10574,1
10575,0.9220419626372091
10576,1
10577,1
10578,1
10579,1
10580,1
10581,0.916947779515247
10582,0.9220419626372091
10583,1
10584,0.8325861794225579
10585,1
10586,0.9881783092460067
10587,0.9927453194301491
10588,1
10589,0.9949058168780378
10590,0.9430581897446968
10591,0.9685849804078539
10592,1
10593,1
10594,1
10595,1
10596,1
10597,0.999011897929704
10598,1
10599,1
10600,1
10601,1
10602,0.9371052762402644
10603,0.9614144663088184
10604,1
10605,1
10606,0.8683417752309678
10607,1
10608,0.7641042785394919
10609,1
10610,0.9781563031749179
10611,0.9117330397512
10612,0.7795965363771394
10613,1
10614,1
10615,1
10616,0.8471475744608935
10617,0.8658928254901676
10618,0.9430581897446968
10619,1
10620,1
10621,1
10622,0.6749201111009877
10623,0.9574216351622019
10624,0.8561156591826005
10625,1
10626,1
10627,1
10628,1
10629,0.6215730832889966
10630,0.8973459867265247
10631,1
10632,1
10633,1
10634,0.9371052762402644
10635,1
10636,0.4213465709790369
10637,0.9500794959266557
10638,0.9483339587646836
10639,1
10640,1
10641,0.9371052762402644
10642,0.8901919198122976
10643,1
10644,1
10645,0.8254492976937186
10646,0.9312364989907035
10647,1
10648,1
10649,1
10650,1
10651,0.8828168044102621
10652,1
10653,0.7866621393013713
10654,0.8680276625315166
10655,1
10656,0.8482228596785806
10657,1
10658,0.999011897929704
10659,1
10660,0.3594475323086776
10661,1
10662,0.9651212677009737
10663,0.8587604530353432
10664,1
10665,0.9927453194301491
10666,0.8953775425363821
10667,0.8953568241435291
10668,1
10669,1
10670,0.9778219501715014
10671,0.9905051668667311
10672,1
10673,0.9651212677009737
10674,1
10675,0.9220419626372091
10676,1
10677,1
10678,0.7950552397657886
10679,0.9685849804078539
10680,1
10681,1
10682,1
10683,1
10684,1
10685,0.9145011098808516
10686,1
10687,1
10688,0.8680276625315166
10689,0.437907872145543
10690,0.9614144663088184
10691,1
10692,1
10693,0.9236539131736835
10694,1
10695,1
10696,0.9276104431069954
10697,1
10698,1
10699,0.8096248679440271
10700,1
10701,1
10702,1
10703,1
10704,1
10705,0.8038311717063625
10706,1
10707,0.9949058168780378
10708,0.9874980192213537
10709,1
10710,1
10711,0.8211143061035497
10712,1
10713,0.9949058168780378
10714,0.8973459867265247
10715,1
10716,0.8012107103350986
10717,1
10718,1
10719,1
10720,0.9117330397512
10721,0.9430581897446968
10722,0.9345702816799951
10723,1
10724,1
10725,1
10726,1
10727,1
10728,1
10729,1
10730,0.893188275869472
10731,1
10732,0.8973459867265247
10733,1
10734,0.9685849804078539
10735,1
10736,1
10737,0.98325048629688
10738,0.9685849804078539
10739,0.9148974362926461
10740,1
10741,0.8680276625315166
10742,1
10743,1
10744,1
10745,0.9778219501715014
10746,0.9685849804078539
10747,1
10748,1
10749,1
10750,1
10751,0.9685849804078539
10752,1
10753,0.9857566700855682
10754,1
10755,1
10756,1
10757,0.9718392465479493
10758,0.8874052391483527
10759,1
10760,0.8055262761723858
10761,1
10762,0.7777303025991193
10763,1
10764,1
10765,1
10766,1
10767,0.8164642381256343
10768,0.9905051668667311
10769,1
10770,0.8878511535932557
10771,1
10772,1
10773,0.6069491736826037
10774,1
10775,0.9371052762402644
10776,1
10777,0.9857566700855682
10778,0.9718392465479493
10779,0.894482562191391
10780,1
10781,0.9830841261240445
10782,1
10783,0.9220419626372091
10784,1
10785,0.9832309317100514
10786,0.8600669985158838
10787,0.9905051668667311
10788,1
10789,0.371294066115471
10790,1
10791,1
10792,0.8618125356778558
10793,1
10794,1
10795,1
10796,1
10797,1
10798,1
10799,1
10800,0.881689179773843
10801,1
10802,1
10803,1
10804,0.9749109523201227
10805,0.9455999444082086
10806,1
10807,0.4664894843292701
10808,1
10809,1
10810,1
10811,1
10812,1
10813,1
10814,1
10815,0.7401877823789806
10816,1
10817,0.9614144663088184
10818,0.8353814899649208
10819,1
10820,1
10821,0.9337062481088276
10822,0.6118701509353975
10823,1
10824,0.9881783092460067
10825,0.8504326302985578
10826,0.9371052762402644
10827,1
10828,1
10829,1
10830,1
10831,1
10832,1
10833,1
10834,0.9483339587646836
10835,0.9905051668667311
10836,0.9530866435720331
10837,0.9117330397512
10838,0.9927453194301491
10839,1
10840,1
10841,1
10842,0.980590260469024
10843,0.8239635051998926
10844,1
10845,0.999011897929704
10846,1
10847,0.9685849804078539
10848,1
10849,0.8429386148516392
10850,1
10851,1
10852,0.7900111191044499
10853,0.8659309671343786
10854,1
10855,0.9832309317100514
10856,1
10857,1
10858,1
10859,0.971095427335755
10860,0.9117330397512
10861,0.9349568589773573
10862,1
10863,1
10864,1
10865,1
10866,0.999011897929704
10867,1
10868,0.9530866435720331
10869,1
10870,1
10871,0.8055262761723858
10872,1
10873,1
10874,1
10875,0.9430581897446968
10876,1
10877,0.9927453194301491
10878,1
10879,0.9336769040410571
10880,1
10881,0.89614483331673
10882,1
10883,1
10884,1
10885,0.48934057145874793
10886,1
10887,0.8504326302985578
10888,0.9641331656306777
10889,0.8973459867265247
10890,0.9881783092460067
10891,1
10892,1
10893,1
10894,1
10895,1
10896,0.9574216351622019
10897,0.27877753836240676
10898,1
10899,1
10900,1
10901,1
10902,1
10903,0.8467896511132547
10904,1
10905,1
10906,0.9881783092460067
10907,1
10908,0.9949058168780378
10909,1
10910,0.9483521994110251
10911,0.9718392465479493
10912,0.9410792781948327
10913,1
10914,1
10915,1
10916,1
10917,0.9708511444776533
10918,1
10919,1
10920,1
10921,0.968832098902572
10922,0.8368744130717932
10923,1
10924,0.9410792781948327
10925,1
10926,1
10927,1
10928,1
10929,0.9117330397512
10930,0.8938812091851585
10931,1
10932,1
10933,1
10934,0.9651212677009737
10935,0.869185233274474
10936,1
10937,0.8843867028096478
10938,0.9614144663088184
10939,0.8876571916047573
10940,1
10941,1
10942,1
10943,1
10944,1
10945,1
10946,1
10947,1
10948,0.8522775190797645
10949,0.9749109523201227
10950,1
10951,1
10952,1
10953,1
10954,0.9430581897446968
10955,1
10956,0.9905051668667311
10957,0.9371052762402644
10958,0.9380118956312259
10959,1
10960,1
10961,0.5675142323891663
10962,1
10963,0.9832309317100514
10964,0.9685849804078539
10965,0.9156072657559817
10966,0.901465508408138
10967,1
10968,0.9483339587646836
10969,1
10970,1
10971,1
10972,1
10973,1
10974,1
10975,1
10976,1
10977,1
10978,1
10979,0.9857566700855682
10980,0.9220419626372091
10981,0.833240520069993
10982,0.7253012582385476
10983,1
10984,1
10985,1
10986,0.7900613444257978
10987,0.8680276625315166
10988,1
10989,1
10990,1
10991,0.8275815431690801
10992,1
10993,1
10994,1
10995,0.9574216351622019
10996,0.7640105588309645
10997,0.9028591985652826
10998,0.9117330397512
10999,1
11000,1
11001,1
11002,0.9290039454729249
11003,1
11004,0.9312364989907035
11005,1
11006,1
11007,1
11008,1
11009,1
11010,0.9949058168780378
11011,0.999011897929704
11012,0.7092003441114499
11013,1
11014,1
11015,0.9302355564425553
11016,1
11017,0.9265357340097923
11018,0.25232520675064646
11019,0.991757217359853
11020,1
11021,0.9786834761127378
11022,1
11023,0.7749644348085297
11024,0.40582497423735
11025,1
11026,1
11027,0.999011897929704
11028,1
11029,0.8777773976993465
11030,1
11031,1
11032,1
11033,1
11034,1
11035,1
11036,0.8764564501540337
11037,1
11038,1
11039,1
11040,1
11041,1
11042,1
11043,1
11044,0.9667450634259871
11045,1
11046,0.9430581897446968
11047,0.13551615908469558
11048,1
11049,1
11050,0.9927453194301491
11051,1
11052,1
11053,1
11054,0.98325048629688
11055,1
11056,1
11057,1
11058,1
11059,0.48649380657993996
11060,1
11061,1
11062,0.7880106269306362
11063,0.980590260469024
11064,1
11065,0.9748148025261241
11066,0.9220419626372091
11067,1
11068,1
11069,0.5781760749121804
11070,1
11071,0.9371052762402644
11072,1
11073,1
11074,1
11075,0.980590260469024
11076,0.8359810869786789
11077,1
11078,1
11079,0.8726636352576804
11080,1
11081,0.9683271170382325
11082,1
11083,0.8439215118401979
11084,1
11085,0.9857566700855682
11086,1
11087,0.8368744130717932
11088,1
11089,1
11090,1
11091,1
11092,0.9832309317100514
11093,1
11094,1
11095,1
11096,1
11097,1
11098,0.98325048629688
11099,0.9614144663088184
11100,0.9371052762402644
11101,1
11102,0.9220419626372091
11103,1
11104,0.999011897929704
11105,0.41149562364530723
11106,1
11107,1
11108,1
11109,0.1739354062296626
11110,0.9483339587646836
11111,1
11112,1
11113,0.9881783092460067
11114,0.5769806579122614
11115,1
11116,0.40389461283950107
11117,1
11118,1
11119,1
11120,0.8048131858812508
11121,1
11122,1
11123,1
11124,0.5936108881628892
11125,0.9905051668667311
11126,1
11127,0.5707916565225633
11128,0.9574216351622019
11129,1
11130,0.7069767687954577
11131,1
11132,0.98325048629688
11133,0.9108258169115794
11134,1
11135,1
11136,0.6002407030730966
11137,1
11138,0.9786834761127378
11139,0.371294066115471
11140,1
11141,1
11142,0.8027777087395082
11143,0.999011897929704
11144,0.9881783092460067
11145,0.9192617904508813
11146,0.9563202831868564
11147,1
11148,1
11149,1
11150,0.8973459867265247
11151,0.9220419626372091
11152,0.8522775190797645
11153,1
11154,0.8684217335450968
11155,1
11156,1
11157,0.6577477955063445
11158,1
11159,0.437907872145543
11160,1
11161,0.9337062481088276
11162,0.9614144663088184
11163,0.8909962763439474
11164,0.27877753836240676
11165,1
11166,0.8920286489122582
11167,1
11168,1
11169,1
11170,0.9685849804078539
11171,1
11172,0.9905051668667311
11173,0.9289242192337076
11174,1
11175,0.9949058168780378
11176,1
11177,0.9614144663088184
11178,1
11179,1
11180,1
11181,0.5261532419748116
11182,1
11183,1
11184,0.9371052762402644
11185,1
11186,1
11187,0.8973459867265247
11188,1
11189,1
11190,1
11191,0.9208801399161981
11192,0.9718392465479493
11193,1
11194,0.9260066155700558
11195,0.8973459867265247
11196,0.9776953740424417
11197,1
11198,0.999011897929704
11199,1
11200,0.8973459867265247
11201,0.7766626800201499
11202,1
11203,1
11204,1
11205,1
11206,0.9614144663088184
11207,1
11208,0.9289242192337076
11209,1
11210,0.8628319757129675
11211,1
11212,1
11213,1
11214,1
11215,1
11216,1
11217,0.6142119652495057
11218,0.7771132067486924
11219,1
11220,1
11221,0.9496611967194506
11222,0.9117330397512
11223,1
11224,1
11225,0.9117330397512
11226,1
11227,0.9969928523546226
11228,1
11229,0.9530866435720331
11230,0.8110858522762134
11231,1
11232,1
11233,1
11234,0.9302355564425553
11235,1
11236,1
11237,0.9685849804078539
11238,1
11239,1
11240,0.8909267555275151
11241,0.9251413733205932
11242,1
11243,0.9273404593370959
11244,0.980590260469024
11245,1
11246,1
11247,1
11248,1
11249,0.9302355564425553
11250,0.910744937680904
11251,1
11252,1
11253,1
11254,1
11255,0.7092003441114499
11256,1
11257,1
11258,0.879983947725229
11259,0.8680276625315166
11260,1
11261,1
11262,0.8925716487648969
11263,1
11264,1
11265,1
11266,1
11267,0.9927453194301491
11268,1
11269,1
11270,0.8911278832710297
11271,1
11272,1
11273,1
11274,1
11275,0.6024465678092964
11276,1
11277,0.9614144663088184
11278,0.5382330641304538
11279,1
11280,1
11281,0.7797607022827165
11282,1
11283,0.3594475323086776
11284,0.9685849804078539
11285,0.7501690487295319
11286,1
11287,1
11288,0.7599309113245942
11289,1
11290,0.9969928523546226
11291,1
11292,0.8663031008295031
11293,0.9778219501715014
11294,0.9614144663088184
11295,1
11296,1
11297,0.9265357340097923
11298,0.6866679056734154
11299,1
11300,0.9067412774281249
11301,1
11302,0.36078209663113275
11303,1
11304,1
11305,0.8314874256513893
11306,0.9737360985767824
11307,0.9637379157806099
11308,1
11309,1
11310,0.8297562415397864
11311,1
11312,1
11313,1
11314,0.9262891214547482
11315,1
11316,0.9688407962096128
11317,1
11318,0.9584122106405254
11319,1
11320,0.805132938771781
11321,0.8547676218887266
11322,0.8902531122365114
11323,1
11324,1
11325,0.9220419626372091
11326,1
11327,0.9203362079503158
11328,1
11329,1
11330,0.8941326123473502
11331,1
11332,1
11333,0.9614144663088184
11334,0.8027777087395082
11335,0.9685849804078539
11336,1
11337,1
11338,1
11339,1
11340,1
11341,1
11342,1
11343,1
11344,1
11345,1
11346,0.868525404723658
11347,1
11348,1
11349,0.9302355564425553
11350,1
11351,1
11352,1
11353,0.999011897929704
11354,1
11355,1
11356,0.9567632896538606
11357,1
11358,1
11359,1
11360,0.8913921485093805
11361,0.7455760944376092
11362,0.9905051668667311
11363,1
11364,0.9969928523546226
11365,1
11366,0.886658946528131
11367,1
11368,1
11369,1
11370,0.9749109523201227
11371,0.9293279132449747
11372,1
11373,1
11374,0.9430581897446968
11375,1
11376,0.936960514248923
11377,1
11378,0.9683271170382325
11379,1
11380,1
11381,1
11382,1
11383,1
11384,0.5062698605943717
11385,0.999011897929704
11386,0.28404767400530745
11387,0.7758083146803896
11388,0.7143067005508241
11389,1
11390,1
11391,0.9905051668667311
11392,1
11393,0.9905051668667311
11394,1
11395,0.8251882662168575
11396,0.9543263590458063
11397,1
11398,1
11399,1
11400,1
11401,1
11402,1
11403,1
11404,1
11405,1
11406,1
11407,0.8334482506631616
11408,1
11409,0.5646236567413525
11410,1
11411,0.8404041764712215
11412,1
11413,1
11414,0.8549728153939216
11415,1
11416,0.6915018576525431
11417,1
11418,0.9718392465479493
11419,1
11420,0.9483339587646836
11421,1
11422,1
11423,0.9969928523546226
11424,1
11425,1
11426,0.9530866435720331
11427,0.9038917888652236
11428,0.9117330397512
11429,0.8103990224275166
11430,1
11431,0.6582801067923166
11432,0.9055161505890064
11433,1
11434,0.8726636352576804
11435,1
11436,1
11437,1
11438,1
11439,1
11440,1
11441,1
11442,1
11443,1
11444,1
11445,1
11446,0.8510146104626144
11447,1
11448,0.980590260469024
11449,0.9778219501715014
11450,1
11451,1
11452,1
11453,0.980590260469024
11454,1
11455,1
11456,0.40569611069047035
11457,1
11458,1
11459,1
11460,1
11461,1
11462,1
11463,0.6464771536532392
11464,1
11465,1
11466,0.9574216351622019
11467,0.7856097884199205
11468,1
11469,1
11470,1
11471,0.8900913061566738
11472,0.9778219501715014
11473,1
11474,0.999011897929704
11475,1
11476,0.9857566700855682
11477,0.9778219501715014
11478,0.999011897929704
11479,0.8902293261390836
11480,1
11481,0.9430581897446968
11482,1
11483,1
11484,0.8380341891653327
11485,1
11486,0.6574104578515455
11487,1
11488,1
11489,1
11490,0.999011897929704
11491,0.9558345809962784
11492,1
11493,1
11494,0.910744937680904
11495,1
11496,0.8254492976937186
11497,1
11498,1
11499,0.968832098902572
11500,0.8973459867265247
11501,0.8680276625315166
11502,0.544447521692061
11503,0.8982312942255648
11504,1
11505,0.9532995769469804
11506,0.9905051668667311
11507,0.9778219501715014
11508,1
11509,1
11510,0.9001661653948452
11511,1
11512,1
11513,0.999011897929704
11514,1
11515,0.9483521994110251
11516,1
11517,1
11518,0.6132645160563458
11519,1
11520,0.9023107647562676
11521,1
11522,1
11523,1
11524,1
11525,0.9363175752820845
11526,1
11527,0.9434959327279765
11528,1
11529,0.9379640066227346
11530,0.9483339587646836
11531,1
11532,1
11533,1
11534,1
11535,1
11536,1
11537,1
11538,0.9778219501715014
11539,1
11540,1
11541,1
11542,0.9289242192337076
11543,1
11544,1
11545,0.7565510431756571
11546,1
11547,1
11548,0.9352435853337033
11549,1
11550,0.8297562415397864
11551,0.9302355564425553
11552,1
11553,1
11554,1
11555,1
11556,1
11557,1
11558,0.8933854693638774
11559,1
11560,1
11561,0.8732780895310075
11562,1
11563,1
11564,1
11565,1
11566,0.9430581897446968
11567,1
11568,1
11569,0.9276104431069954
11570,1
11571,0.9614144663088184
11572,1
11573,0.9949058168780378
11574,1
11575,0.989517064796435
11576,1
11577,1
11578,1
11579,0.8467243296259408
11580,1
11581,0.9630892615661294
11582,1
11583,0.9718392465479493
11584,0.9168791820003348
11585,1
11586,1
11587,0.7408006599088546
11588,1
11589,1
11590,1
11591,1
11592,1
11593,1
11594,0.9066388566292378
11595,0.959090147274585
11596,1
11597,1
11598,0.9483339587646836
11599,0.7430129220446466
11600,0.9762618369522993
11601,0.9358035091748458
11602,1
11603,0.8368744130717932
11604,1
11605,1
11606,1
11607,1
11608,1
11609,1
11610,1
11611,1
11612,1
11613,1
11614,0.9718392465479493
11615,0.8854392350049481
11616,1
11617,0.5174962626826507
11618,1
11619,0.9337062481088276
11620,1
11621,1
11622,1
11623,1
11624,1
11625,0.9749109523201227
11626,0.9905051668667311
11627,0.9420047267778425
11628,1
11629,1
11630,1
11631,0.9371052762402644
11632,1
11633,0.779156217625087
11634,1
11635,0.8309912524147796
11636,0.39025893179295296
11637,1
11638,1
11639,0.7085519545058114
11640,0.2679212824639739
11641,0.8973459867265247
11642,1
11643,1
11644,0.980590260469024
11645,1
11646,1
11647,1
11648,1
11649,1
11650,1
11651,0.9337062481088276
11652,1
11653,1
11654,1
11655,1
11656,1
11657,1
11658,1
11659,1
11660,1
11661,1
11662,0.9685849804078539
11663,1
11664,1
11665,0.9220419626372091
11666,0.8621664456963122
11667,1
11668,0.8756295464352087
11669,0.8021257911264038
11670,1
11671,1
11672,1
11673,1
11674,0.8027181803325139
11675,0.8684217335450968
11676,1
11677,0.9574216351622019
11678,0.8680276625315166
11679,0.7585904864954874
11680,0.21217441155755498
11681,1
11682,0.999011897929704
11683,0.8038311717063625
11684,1
11685,0.5872619259234922
11686,0.9004798249068988
11687,0.8726636352576804
11688,1
11689,0.7834443761378858
11690,0.8831855131250667
11691,0.9651212677009737
11692,1
11693,0.8488383159914644
11694,1
11695,1
11696,1
11697,0.886998846096416
11698,0.962852644695608
11699,0.9339533666035457
11700,0.8134738700476
11701,1
11702,1
11703,1
11704,1
11705,1
11706,1
11707,1
11708,1
11709,1
11710,1
11711,1
11712,1
11713,0.6295361960262146
11714,0.9749109523201227
11715,1
11716,0.8670395604612207
11717,0.8667133484105514
11718,1
11719,1
11720,0.9430581897446968
11721,0.9733355798991731
11722,0.9117330397512
11723,0.9371052762402644
11724,0.9969928523546226
11725,1
11726,0.9431783052477701
11727,0.9483339587646836
11728,1
11729,0.9759762511402005
11730,0.6815699216990307
11731,1
11732,0.9371052762402644
11733,1
11734,0.9949058168780378
11735,0.9719038046747454
11736,0.61005969408293
11737,1
11738,0.9117330397512
11739,1
11740,1
11741,0.9250779069124737
11742,0.9857566700855682
11743,0.6683216659331421
11744,0.805132938771781
11745,1
11746,1
11747,0.9060832885488826
11748,0.9778219501715014
11749,1
11750,0.9574216351622019
11751,0.7145107484907083
11752,0.8973459867265247
11753,1
11754,1
11755,1
11756,1
11757,0.9881783092460067
11758,0.9685849804078539
11759,1
11760,1
11761,0.7874460996781049
11762,1
11763,1
11764,0.9718392465479493
11765,1
11766,1
11767,1
11768,0.7401877823789806
11769,0.9709278316861977
11770,0.9785019895157173
11771,0.9651212677009737
11772,0.5048822359995461
11773,0.702960235662883
11774,1
11775,0.9117330397512
11776,0.9108258169115794
11777,1
11778,0.933572167773718
11779,0.9651212677009737
11780,0.4003622490413691
11781,1
11782,1
11783,1
11784,0.5056041137588861
11785,0.9067412774281249
11786,1
11787,1
11788,0.8973459867265247
11789,0.9905051668667311
11790,1
11791,0.8602350031592277
11792,1
11793,1
11794,0.9574216351622019
11795,1
11796,1
11797,1
11798,0.9014206023367168
11799,1
11800,0.8163598648560831
11801,1
11802,0.8769427636769767
11803,1
11804,1
11805,0.8359810869786789
11806,0.9857566700855682
11807,1
11808,1
11809,1
11810,0.999011897929704
11811,1
11812,0.7683589138645027
11813,1
11814,0.9004798249068988
11815,1
11816,1
11817,1
11818,1
11819,1
11820,0.9685849804078539
11821,1
11822,1
11823,1
11824,1
11825,1
11826,0.9584122106405254
11827,1
11828,0.9430581897446968
11829,1
11830,0.9927453194301491
11831,1
11832,1
11833,0.9685849804078539
11834,0.8902293261390836
11835,1
11836,1
11837,1
11838,0.9614144663088184
11839,0.9857566700855682
11840,0.9430581897446968
11841,0.9188361014710205
11842,0.9651212677009737
11843,0.9117330397512
11844,1
11845,0.9857566700855682
11846,1
11847,1
11848,0.9871902071757107
11849,1
11850,0.9220419626372091
11851,1
11852,1
11853,1
11854,0.950877937786542
11855,1
11856,0.9905051668667311
11857,0.8038311717063625
11858,1
11859,0.8153041760929284
11860,0.7474912603309277
11861,1
11862,1
11863,1
11864,0.9778219501715014
11865,0.9905051668667311
11866,1
11867,1
11868,0.9614144663088184
11869,0.9314681982555659
11870,0.8547912294958968
11871,1
11872,1
11873,0.9685849804078539
11874,0.8973459867265247
11875,1
11876,1
11877,1
11878,1
11879,0.999011897929704
11880,1
11881,1
11882,1
11883,1
11884,1
11885,1
11886,1
11887,0.9778219501715014
11888,1
11889,1
11890,0.9949058168780378
11891,0.9220419626372091
11892,1
11893,1
11894,0.9881783092460067
11895,1
11896,1
11897,1
11898,1
11899,1
11900,1
11901,1
11902,0.971095427335755
11903,0.9802237840646741
11904,0.9718392465479493
11905,1
11906,1
11907,1
11908,0.9857566700855682
11909,0.9718392465479493
11910,0.9969928523546226
11911,0.9881783092460067
11912,1
11913,1
11914,1
11915,1
11916,1
11917,0.6954248808736343
11918,1
11919,1
11920,1
11921,0.8368744130717932
11922,0.5326172109522959
11923,1
11924,1
11925,0.8953383171444587
11926,0.927228408797178
11927,0.9881783092460067
11928,1
11929,1
11930,0.9332537128567678
11931,0.9905051668667311
11932,1
11933,0.4219757431005803
11934,1
11935,1
11936,0.8956980561054129
11937,1
11938,0.8973459867265247
11939,1
11940,1
11941,1
11942,1
11943,0.805132938771781
11944,0.9371052762402644
11945,0.8038311717063625
11946,0.8983749805577416
11947,1
11948,0.8680276625315166
11949,1
11950,1
11951,0.8149809347877505
11952,1
11953,0.5895234985565171
11954,1
11955,0.9651212677009737
11956,0.9464069305793552
11957,0.9857566700855682
11958,1
11959,1
11960,1
11961,0.9881783092460067
11962,1
11963,1
11964,0.5827724360387795
11965,0.916947779515247
11966,0.581771640464797
11967,0.9857566700855682
11968,0.9371052762402644
11969,1
11970,1
11971,1
11972,1
11973,1
11974,1
11975,0.999011897929704
11976,1
11977,1
11978,1
11979,1
11980,0.9832309317100514
11981,1
11982,1
11983,0.8982312942255648
11984,1
11985,1
11986,0.8925722000478029
11987,1
11988,0.9037613830252114
11989,1
11990,0.7631999216802124
11991,1
11992,1
11993,0.1394358406950158
11994,1
11995,0.562864306913949
11996,0.8956980561054129
11997,0.9051154890648857
11998,1
11999,1
12000,0.9749109523201227
12001,1
12002,0.9927453194301491
12003,0.8941659217668659
12004,1
12005,0.9614144663088184
12006,1
12007,0.999011897929704
12008,1
12009,1
12010,0.999011897929704
12011,1
12012,1
12013,1
12014,0.8590504162728203
12015,0.9718392465479493
12016,0.7775094527114859
12017,1
12018,1
12019,1
12020,0.9574216351622019
12021,1
12022,0.9022265439412381
12023,0.28404767400530745
12024,1
12025,1
12026,1
12027,1
12028,1
12029,0.9749109523201227
12030,1
12031,1
12032,1
12033,1
12034,1
12035,0.4545434592784971
12036,0.9022382066179311
12037,0.999011897929704
12038,1
12039,1
12040,1
12041,1
12042,1
12043,0.9857566700855682
12044,1
12045,1
12046,1
12047,0.6875120444288813
12048,1
12049,0.9718392465479493
12050,0.9651212677009737
12051,1
12052,1
12053,1
12054,1
12055,1
12056,1
12057,1
12058,1
12059,1
12060,1
12061,1
12062,1
12063,1
12064,1
12065,1
12066,1
12067,0.9809236286761558
12068,1
12069,0.9117330397512
12070,1
12071,1
12072,1
12073,1
12074,1
12075,0.4219757431005803
12076,1
12077,1
12078,1
12079,0.9543263590458063
12080,0.6954248808736343
12081,1
12082,1
12083,1
12084,0.8733813126071528
12085,1
12086,1
12087,1
12088,0.8193879493637338
12089,0.81783305487353
12090,0.9117330397512
12091,1
12092,0.999011897929704
12093,0.9541597857389675
12094,0.7361822376852131
12095,1
12096,0.9905051668667311
12097,0.6727678805331969
12098,1
12099,1
12100,1
12101,1
12102,1
12103,1
12104,0.9420047267778425
12105,1
12106,0.8753415395841895
12107,0.7958891224440056
12108,0.9749109523201227
12109,1
12110,1
12111,0.9117330397512
12112,0.9651212677009737
12113,1
12114,1
12115,0.9302355564425553
12116,1
12117,1
12118,0.7959475137391832
12119,0.7186991367446938
12120,1
12121,0.9881783092460067
12122,0.9108368256804145
12123,1
12124,0.5475017640082191
12125,0.9857566700855682
12126,0.2102101280322056
12127,0.7509649017739632
12128,1
12129,0.9220419626372091
12130,1
12131,1
12132,1
12133,1
12134,1
12135,1
12136,1
12137,0.9685849804078539
12138,0.9881783092460067
12139,1
12140,1
12141,0.9117330397512
12142,1
12143,1
12144,0.7558125695195471
12145,0.9379640066227346
12146,1
12147,0.8816571217253317
12148,0.8726636352576804
12149,1
12150,1
12151,0.9496611967194506
12152,0.8147936416332521
12153,0.9584073186634412
12154,1
12155,1
12156,1
12157,0.9220419626372091
12158,0.9220419626372091
12159,0.9302355564425553
12160,1
12161,1
12162,1
12163,0.9458319630021822
12164,0.9055454946567769
12165,0.6112672465703598
12166,1
12167,0.9949058168780378
12168,1
12169,1
12170,0.5593009360150878
12171,1
12172,1
12173,0.9969928523546226
12174,1
12175,1
12176,1
12177,1
12178,1
12179,0.9832309317100514
12180,1
12181,0.9530866435720331
12182,1
12183,1
12184,0.8680276625315166
12185,0.9147872820673582
12186,1
12187,1
12188,0.709996258725272
12189,1
12190,1
12191,1
12192,1
12193,0.9969928523546226
12194,0.9847685680152722
12195,0.9292608817101512
12196,0.9430581897446968
12197,0.9927453194301491
12198,0.8796223775818254
12199,1
12200,1
12201,0.934090628850252
12202,1
12203,0.9778219501715014
12204,0.7653736492580413
12205,1
12206,0.9949058168780378
12207,1
12208,1
12209,1
12210,1
12211,1
12212,1
12213,1
12214,1
12215,1
12216,1
12217,0.980590260469024
12218,0.9718392465479493
12219,1
12220,1
12221,1
12222,0.9117330397512
12223,1
12224,1
12225,1
12226,0.9718392465479493
12227,1
12228,0.7653736492580413
12229,0.28690530630792
12230,1
12231,1
12232,1
12233,0.61005969408293
12234,1
12235,1
12236,1
12237,0.9969928523546226
12238,1
12239,1
12240,1
12241,1
12242,1
12243,1
12244,1
12245,0.9536006669178442
12246,1
12247,1
12248,1
12249,1
12250,0.9574216351622019
12251,1
12252,0.936960514248923
12253,0.9117330397512
12254,0.8973459867265247
12255,0.9718392465479493
12256,1
12257,1
12258,1
12259,1
12260,1
12261,0.9778219501715014
12262,1
12263,0.8943388390811474
12264,0.910744937680904
12265,1
12266,0.6684508125042652
12267,1
12268,0.9089445227882137
12269,0.7406006815674858
12270,1
12271,1
12272,0.999011897929704
12273,0.9548594394857455
12274,0.9786834761127378
12275,0.9614144663088184
12276,0.9685849804078539
12277,0.9004798249068988
12278,0.9905051668667311
12279,1
12280,0.9574216351622019
12281,1
12282,0.999011897929704
12283,1
12284,1
12285,0.8424596948130196
12286,1
12287,1
12288,1
12289,1
12290,1
12291,0.9530866435720331
12292,0.9584122106405254
12293,1
12294,1
12295,0.7141716909679351
12296,1
12297,0.8973459867265247
12298,1
12299,0.9584122106405254
12300,1
12301,0.6859532543577919
12302,1
12303,0.9905051668667311
12304,1
12305,0.999011897929704
12306,1
12307,1
12308,1
12309,1
12310,0.8722569390466473
12311,1
12312,0.9220419626372091
12313,1
12314,0.5332129484838447
12315,0.8066697072100872
12316,1
12317,1
12318,1
12319,0.6205822018733284
12320,1
12321,1
12322,1
12323,1
12324,1
12325,0.9718392465479493
12326,0.9651212677009737
12327,0.9927453194301491
12328,0.9715008276313885
12329,1
12330,1
12331,0.9881783092460067
12332,0.9785019895157173
12333,1
12334,0.8211143061035497
12335,1
12336,0.8777134939014424
12337,1
12338,1
12339,0.9220419626372091
12340,1
12341,0.8988205368504093
12342,1
12343,1
12344,0.999011897929704
12345,1
12346,0.835518730931604
12347,1
12348,0.9430581897446968
12349,0.999011897929704
12350,1
12351,1
12352,1
12353,0.6309480989877713
12354,0.9832309317100514
12355,1
12356,0.9213324405340684
12357,1
12358,0.7305334790229935
12359,0.8439215118401979
12360,1
12361,0.999011897929704
12362,1
12363,1
12364,1
12365,1
12366,1
12367,0.7587030702875618
12368,1
12369,1
12370,0.9340981285948871
12371,1
12372,1
12373,1
12374,0.28404767400530745
12375,1
12376,1
12377,1
12378,1
12379,1
12380,1
12381,1
12382,1
12383,0.9718392465479493
12384,1
12385,0.999011897929704
12386,1
12387,0.9881783092460067
12388,1
12389,1
12390,1
12391,0.9927453194301491
12392,1
12393,0.9927453194301491
12394,1
12395,1
12396,1
12397,0.8609246069835943
12398,0.835102158237175
12399,1
12400,0.9685849804078539
12401,1
12402,0.8297562415397864
12403,1
12404,1
12405,1
12406,0.910744937680904
12407,1
12408,0.8472114306620593
12409,1
12410,1
12411,1
12412,0.9302465652113905
12413,1
12414,1
12415,0.8973459867265247
12416,0.9614144663088184
12417,0.9651212677009737
12418,0.9857566700855682
12419,0.9117330397512
12420,0.9261808970413714
12421,0.8237492683115871
12422,1
12423,0.971095427335755
12424,0.9685849804078539
12425,0.7996078711754357
12426,0.9117330397512
12427,1
12428,0.6061584638453806
12429,1
12430,0.9969928523546226
12431,0.9832309317100514
12432,1
12433,1
12434,1
12435,0.77443761479415
12436,0.13551615908469558
12437,1
12438,0.9651212677009737
12439,1
12440,0.9857566700855682
12441,1
12442,1
12443,1
12444,1
12445,1
12446,1
12447,0.7092003441114499
12448,1
12449,0.9290039454729249
12450,0.8427826859464955
12451,1
12452,1
12453,1
12454,1
12455,1
12456,0.9927453194301491
12457,1
12458,1
12459,1
12460,0.8680276625315166
12461,0.9323325874823246
12462,1
12463,0.9771682011046219
12464,1
12465,1
12466,1
12467,1
12468,1
12469,0.9208801399161981
12470,0.9881783092460067
12471,0.9483339587646836
12472,1
12473,1
12474,1
12475,1
12476,1
12477,1
12478,1
12479,1
12480,0.3985473015754809
12481,1
12482,1
12483,1
12484,1
12485,0.5174264140846152
12486,0.8556053192486369
12487,0.9057555939268856
12488,1
12489,1
12490,1
12491,0.9023107647562676
12492,0.9776953740424417
12493,1
12494,1
12495,1
12496,1
12497,0.9483339587646836
12498,1
12499,0.9117330397512
12500,1
12501,1
12502,1
12503,1
12504,0.964440146198306
12505,1
12506,0.8538031274256008
12507,0.9685849804078539
12508,0.9857566700855682
12509,0.9117330397512
12510,0.9584073186634412
12511,1
12512,0.8084518894873198
12513,1
12514,0.9159596774449509
12515,0.8966580516425219
12516,1
12517,1
12518,1
12519,0.9614144663088184
12520,1
12521,1
12522,1
12523,1
12524,0.8254492976937186
12525,1
12526,0.9857566700855682
12527,1
12528,1
12529,1
12530,1
12531,0.9116431701525507
12532,1
12533,1
12534,1
12535,0.9336769040410571
12536,0.9117330397512
12537,0.8904890740022744
12538,1
12539,1
12540,0.8988205368504093
12541,1
12542,1
12543,1
12544,1
12545,1
12546,1
12547,1
12548,1
12549,0.8973459867265247
12550,1
12551,0.8973459867265247
12552,1
12553,1
12554,1
12555,1
12556,0.9483339587646836
12557,1
12558,1
12559,0.9574192165931452
12560,1
12561,1
12562,1
12563,1
12564,1
12565,1
12566,1
12567,0.9430581897446968
12568,1
12569,1
12570,1
12571,0.9969928523546226
12572,1
12573,1
12574,1
12575,1
12576,0.9333626644781845
12577,0.36277644661871633
12578,1
12579,0.9207407233092864
12580,0.9881783092460067
12581,1
12582,1
12583,0.9718392465479493
12584,1
12585,1
12586,1
12587,1
12588,0.9337062481088276
12589,0.8973459867265247
12590,1
12591,0.9371052762402644
12592,1
12593,1
12594,1
12595,1
12596,0.5189407302635127
12597,1
12598,1
12599,0.1978908552178076
12600,1
12601,1
12602,0.9614144663088184
12603,1
12604,0.979602158398728
12605,0.9969928523546226
12606,1
12607,1
12608,0.7777303025991193
12609,0.980590260469024
12610,1
12611,0.9371052762402644
12612,1
12613,0.9778219501715014
12614,1
12615,0.9754960773470618
12616,0.8286860346969143
12617,1
12618,0.8920286489122582
12619,1
12620,0.9684216478975095
12621,1
12622,1
12623,1
12624,0.9778219501715014
12625,1
12626,1
12627,0.9881783092460067
12628,1
12629,0.8680276625315166
12630,0.8842977929663591
12631,1
12632,1
12633,1
12634,0.9388391256314147
12635,0.8684217335450968
12636,0.8312558344092353
12637,0.8906753480189697
12638,1
12639,1
12640,1
12641,1
12642,1
12643,0.98325048629688
12644,0.9905051668667311
12645,1
12646,1
12647,1
12648,1
12649,1
12650,1
12651,1
12652,0.617379358020077
12653,1
12654,1
12655,1
12656,1
12657,0.9047674918565897
12658,1
12659,1
12660,0.9614144663088184
12661,0.9302355564425553
12662,0.9154167136063691
12663,1
12664,1
12665,1
12666,0.9053130204245609
12667,1
12668,1
12669,0.9404242269558032
12670,0.8671700602357042
12671,1
12672,1
12673,0.968832098902572
12674,0.9969928523546226
12675,0.7291623621917084
12676,1
12677,1
12678,0.4915008582738656
12679,1
12680,0.9905051668667311
12681,1
12682,1
12683,1
12684,0.9651212677009737
12685,1
12686,1
12687,1
12688,0.980590260469024
12689,1
12690,0.9541597857389675
12691,1
12692,1
12693,0.9969928523546226
12694,0.6574104578515455
12695,0.980590260469024
12696,1
12697,1
12698,1
12699,1
12700,1
12701,0.9022265439412381
12702,1
12703,0.999011897929704
12704,0.9404242269558032
12705,0.7989088430632761
12706,0.5440477346626692
12707,1
12708,0.8297562415397864
12709,1
12710,0.999011897929704
12711,0.9302355564425553
12712,0.8680276625315166
12713,1
12714,1
12715,1
12716,0.9614144663088184
12717,1
12718,1
12719,0.9749109523201227
12720,0.9960047502843267
12721,1
12722,1
12723,1
12724,1
12725,1
12726,1
12727,1
12728,1
12729,1
12730,0.7092003441114499
12731,0.811276150035524
12732,1
12733,1
12734,0.41239361403859093
12735,1
12736,1
12737,1
12738,1
12739,0.1978908552178076
12740,1
12741,0.28404767400530745
12742,1
12743,0.9832309317100514
12744,1
12745,1
12746,0.971095427335755
12747,1
12748,1
12749,0.999011897929704
12750,0.7237401117806446
12751,1
12752,1
12753,0.9188666966101593
12754,1
12755,1
12756,1
12757,1
12758,0.933323162960648
12759,0.8027777087395082
12760,1
12761,0.7900696251687257
12762,1
12763,0.7509229637637156
12764,0.8785695152072391
12765,1
12766,1
12767,1
12768,0.999011897929704
12769,0.9489923537797047
12770,1
12771,0.9857566700855682
12772,0.9371052762402644
12773,0.9201732053126329
12774,1
12775,1
12776,1
12777,0.8939954239777841
12778,1
12779,1
12780,1
12781,0.8538031274256008
12782,1
12783,0.9530866435720331
12784,1
12785,1
12786,0.9778219501715014
12787,0.9220419626372091
12788,0.6705360587666386
12789,1
12790,1
12791,1
12792,1
12793,0.9682413967772109
12794,1
12795,1
12796,1
12797,0.9969928523546226
12798,1
12799,0.8001868438559775
12800,1
12801,1
12802,0.9969928523546226
12803,0.8876571916047573
12804,1
12805,0.8938812091851585
12806,1
12807,1
12808,0.991757217359853
12809,0.8973459867265247
12810,0.8680276625315166
12811,0.9337062481088276
12812,1
12813,1
12814,1
12815,0.910154537653826
12816,0.9718392465479493
12817,0.9881783092460067
12818,0.9048052870897598
12819,0.9312364989907035
12820,1
12821,0.9614144663088184
12822,0.910744937680904
12823,1
12824,1
12825,1
12826,1
12827,1
12828,1
12829,0.9614144663088184
12830,1
12831,1
12832,1
12833,1
12834,0.8835722862991494
12835,0.7848177079365012
12836,0.8940567486216308
12837,1
12838,1
12839,0.9718392465479493
12840,0.9857566700855682
12841,1
12842,0.9220419626372091
12843,0.9949058168780378
12844,0.8998639128087105
12845,1
12846,1
12847,1
12848,1
12849,1
12850,0.7652946901882997
12851,0.9306308137318585
12852,1
12853,0.9651212677009737
12854,1
12855,0.7631999216802124
12856,1
12857,1
12858,0.8125147461791984
12859,1
12860,0.9371052762402644
12861,0.7066831837128846
12862,0.8969529149573318
12863,1
12864,0.6320382213624811
12865,1
12866,1
12867,1
12868,1
12869,1
12870,1
12871,1
12872,0.8837285607253207
12873,0.9881783092460067
12874,0.6975622527656994
12875,1
12876,0.6320382213624811
12877,1
12878,1
12879,0.25232520675064646
12880,1
12881,0.8956024152852753
12882,0.9171660576672557
12883,1
12884,1
12885,1
12886,1
12887,1
12888,1
12889,0.999011897929704
12890,1
12891,0.9500794959266557
12892,0.9574216351622019
12893,1
12894,1
12895,1
12896,1
12897,1
12898,1
12899,1
12900,1
12901,0.980590260469024
12902,1
12903,1
12904,1
12905,1
12906,1
12907,1
12908,0.6168720271900433
12909,1
12910,0.28404767400530745
12911,0.5527486940668696
12912,0.8973459867265247
12913,1
12914,0.7832486681492169
12915,1
12916,1
12917,0.44822043282973734
12918,1
12919,1
12920,0.9749109523201227
12921,1
12922,1
12923,1
12924,0.4717732245040289
12925,1
12926,0.8823061640493063
12927,1
12928,1
12929,0.9718392465479493
12930,1
12931,1
12932,1
12933,1
12934,0.9022265439412381
12935,0.9232449110848063
12936,1
12937,1
12938,1
12939,0.4227354348940315
12940,1
12941,1
12942,1
12943,1
12944,1
12945,1
12946,1
12947,0.8366126429393705
12948,1
12949,0.9392445259270482
12950,0.8853694274127564
12951,0.7608116071224601
12952,1
12953,0.9055161505890064
12954,1
12955,1
12956,0.9220419626372091
12957,1
12958,0.8938812091851585
12959,1
12960,1
12961,1
12962,1
12963,0.9718392465479493
12964,1
12965,0.9905051668667311
12966,1
12967,0.9229808758727044
12968,1
12969,1
12970,0.6652375620667518
12971,0.9302355564425553
12972,0.9651212677009737
12973,1
12974,1
12975,1
12976,0.9532995769469804
12977,0.85964817910344
12978,0.9881783092460067
12979,0.9302355564425553
12980,1
12981,1
12982,0.9927453194301491
12983,0.8452818526510674
12984,1
12985,1
12986,0.8973459867265247
12987,0.980590260469024
12988,1
12989,0.9718392465479493
12990,1
12991,1
12992,1
12993,0.9881783092460067
12994,0.8929040600940169
12995,1
12996,0.9806624869636061
12997,0.7653736492580413
12998,0.9574216351622019
12999,1
13000,1
13001,1
13002,1
13003,1
13004,1
13005,1
13006,0.7964343718464736
13007,0.9749109523201227
13008,1
13009,0.8899959517511917
13010,1
13011,0.8902293261390836
13012,1
13013,1
13014,1
13015,0.98325048629688
13016,1
13017,0.9927453194301491
13018,1
13019,0.9851711616006295
13020,0.7884117274171174
13021,0.8297562415397864
13022,1
13023,1
13024,1
13025,0.9960047502843267
13026,0.9638211921790754
13027,1
13028,1
13029,0.9323325874823246
13030,0.8973459867265247
13031,1
13032,1
13033,0.9555012127891466
13034,1
13035,0.8949835260480802
13036,1
13037,1
13038,0.9718392465479493
13039,0.9430581897446968
13040,1
13041,1
13042,1
13043,1
13044,1
13045,0.7856097884199205
13046,0.980590260469024
13047,1
13048,1
13049,0.8921492879026681
13050,1
13051,1
13052,1
13053,0.9651212677009737
13054,1
13055,0.999011897929704
13056,0.980590260469024
13057,0.7303596967305136
13058,1
13059,1
13060,1
13061,1
13062,0.9220419626372091
13063,1
13064,1
13065,0.9704211388857621
13066,0.7311209891149338
13067,0.8739409974798753
13068,1
13069,1
13070,1
13071,0.8951207144176462
13072,1
13073,0.8966861581757088
13074,1
13075,1
13076,1
13077,0.8901919198122976
13078,0.9117330397512
13079,0.9969928523546226
13080,0.7974650225946742
13081,0.6578928101493071
13082,1
13083,0.9430581897446968
13084,0.7018026649199257
13085,0.9251413733205932
13086,0.9483339587646836
13087,0.8823340979442925
13088,1
13089,1
13090,0.980590260469024
13091,1
13092,1
13093,0.40895466584439294
13094,0.980590260469024
13095,0.9430581897446968
13096,0.6287167585972125
13097,1
13098,0.8090115982929423
13099,0.9949058168780378
13100,0.903439888661189
13101,1
13102,1
13103,0.9220419626372091
13104,1
13105,1
13106,1
13107,1
13108,0.999011897929704
13109,1
13110,1
13111,1
13112,1
13113,0.9969928523546226
13114,1
13115,1
13116,1
13117,1
13118,0.8027777087395082
13119,0.9637379157806099
13120,1
13121,1
13122,1
13123,0.9778219501715014
13124,1
13125,1
13126,0.1394358406950158
13127,1
13128,1
13129,0.980590260469024
13130,1
13131,1
13132,1
13133,1
13134,1
13135,0.9969928523546226
13136,0.9969928523546226
13137,0.9220419626372091
13138,0.8973459867265247
13139,0.13551615908469558
13140,0.9857566700855682
13141,0.9778219501715014
13142,1
13143,1
13144,1
13145,1
13146,0.8417064767601277
13147,1
13148,1
13149,1
13150,1
13151,1
13152,1
13153,0.9654161191868537
13154,1
13155,1
13156,1
13157,0.9778219501715014
13158,0.9312364989907035
13159,1
13160,0.999011897929704
13161,1
13162,1
13163,1
13164,0.9270492341182615
13165,0.9905051668667311
13166,0.6205822018733284
13167,0.8680276625315166
13168,1
13169,0.9524295070169732
13170,0.8509694562315199
13171,1
13172,0.460252211179709
13173,1
13174,0.9927453194301491
13175,0.6436796691242359
13176,0.8680276625315166
13177,1
13178,1
13179,0.9897381717847717
13180,0.9289242192337076
13181,0.9874980192213537
13182,1
13183,0.9574216351622019
13184,1
13185,1
13186,1
13187,0.8336233835383787
13188,0.9225429028631756
13189,0.9685849804078539
13190,0.6437438783163454
13191,1
13192,1
13193,1
13194,1
13195,0.8835722862991494
13196,1
13197,1
13198,0.729874629106756
13199,0.991757217359853
13200,0.8007334168471321
13201,1
13202,1
13203,1
13204,1
13205,0.9574216351622019
13206,1
13207,1
13208,1
13209,1
13210,1
13211,1
13212,1
13213,1
13214,0.9371052762402644
13215,1
13216,0.9778219501715014
13217,0.8937392104442865
13218,0.9430581897446968
13219,0.9614144663088184
13220,0.9927453194301491
13221,1
13222,1
13223,1
13224,1
13225,1
13226,1
13227,0.6073422454517966
13228,0.7678915753402271
13229,1
13230,0.7945105195728001
13231,0.9905051668667311
13232,0.9574216351622019
13233,0.9436572959485738
13234,0.8680276625315166
13235,1
13236,1
13237,1
13238,0.999011897929704
13239,1
13240,0.9718392465479493
13241,1
13242,1
13243,1
13244,1
13245,0.9218738442555366
13246,1
13247,0.9011557710995964
13248,1
13249,0.9949058168780378
13250,0.1362400349580319
13251,0.8947248939455258
13252,1
13253,1
13254,1
13255,1
13256,1
13257,0.9881783092460067
13258,0.9302355564425553
13259,1
13260,1
13261,1
13262,0.9881783092460067
13263,1
13264,1
13265,0.8579854161564625
13266,1
13267,0.9651212677009737
13268,0.8027777087395082
13269,1
13270,1
13271,0.9530866435720331
13272,1
13273,1
13274,1
13275,1
13276,0.9208801399161981
13277,1
13278,1
13279,0.6168720271900433
13280,1
13281,1
13282,0.934090628850252
13283,0.9927453194301491
13284,0.5562969524186347
13285,1
13286,1
13287,1
13288,1
13289,0.9371052762402644
13290,0.960342197767707
13291,1
13292,0.6368328760261693
13293,1
13294,1
13295,1
13296,1
13297,0.7004201697926985
13298,0.9584122106405254
13299,1
13300,0.7061620671451542
13301,1
13302,1
13303,0.8876571916047573
13304,1
13305,1
13306,1
13307,0.9117330397512
13308,0.8831855131250667
13309,0.8368744130717932
13310,0.9778219501715014
13311,0.8726636352576804
13312,1
13313,1
13314,1
13315,1
13316,0.8027777087395082
13317,0.9881783092460067
13318,1
13319,0.8974897098367683
13320,1
13321,1
13322,1
13323,1
13324,0.9778219501715014
13325,0.9675968783375579
13326,1
13327,0.9483339587646836
13328,0.9244551016955692
13329,0.9832309317100514
13330,0.980590260469024
13331,1
13332,1
13333,1
13334,1
13335,1
13336,1
13337,0.8456799454912083
13338,1
13339,0.991757217359853
13340,1
13341,0.7162562994782591
13342,1
13343,0.9775831128236467
13344,1
13345,1
13346,1
13347,1
13348,1
13349,0.9651212677009737
13350,0.9832309317100514
13351,0.8763836131306313
13352,1
13353,1
13354,0.8973459867265247
13355,1
13356,0.8033250296388427
13357,1
13358,1
13359,0.9651212677009737
13360,1
13361,1
13362,0.9651212677009737
13363,1
13364,1
13365,1
13366,0.7825572882996601
13367,0.9430581897446968
13368,1
13369,0.7474912603309277
13370,1
13371,0.9778219501715014
13372,1
13373,0.7599309113245942
13374,0.8785695152072391
13375,0.8941326123473502
13376,0.48062514729493044
13377,0.8680276625315166
13378,0.9927453194301491
13379,1
13380,1
13381,1
13382,0.9003648530346771
13383,1
13384,0.9220419626372091
13385,1
13386,1
13387,0.8703759214018928
13388,0.9749109523201227
13389,0.8973459867265247
13390,0.9448170473498132
13391,0.9299204916732384
13392,0.999011897929704
13393,0.90025777996642
13394,1
13395,1
13396,1
13397,0.734979334229408
13398,0.980590260469024
13399,1
13400,1
13401,0.9075036044968852
13402,0.9543263590458063
13403,0.9530866435720331
13404,0.5944780678916485
13405,0.9371052762402644
13406,0.9651212677009737
13407,1
13408,1
13409,1
13410,1
13411,1
13412,1
13413,1
13414,1
13415,0.9117330397512
13416,0.9410792781948327
13417,1
13418,0.865100152381906
13419,0.9905051668667311
13420,1
13421,0.9054140956122729
13422,0.8973459867265247
13423,1
13424,0.934090628850252
13425,1
13426,1
13427,0.9117330397512
13428,1
13429,1
13430,1
13431,1
13432,1
13433,0.8424596948130196
13434,0.8441814893619763
13435,1
13436,0.8876571916047573
13437,1
13438,0.9431783052477701
13439,0.9220419626372091
13440,0.9220419626372091
13441,0.9718392465479493
13442,1
13443,0.9614144663088184
13444,1
13445,1
13446,1
13447,0.9220419626372091
13448,1
13449,0.9550701782580007
13450,0.9749109523201227
13451,0.5554689348333067
13452,1
13453,1
13454,1
13455,0.9714287955428867
13456,1
13457,0.8956024152852753
13458,0.7900111191044499
13459,1
13460,0.9778219501715014
13461,0.8973459867265247
13462,0.8906269430450631
13463,0.9520985415017371
13464,0.9960047502843267
13465,1
13466,1
13467,0.9918986692326606
13468,1
13469,1
13470,0.5350921051657037
13471,1
13472,1
13473,1
13474,1
13475,0.999011897929704
13476,1
13477,1
13478,1
13479,0.8954876967616701
13480,1
13481,1
13482,1
13483,1
13484,0.9014206023367168
13485,0.1418623926997798
13486,1
13487,1
13488,1
13489,1
13490,1
13491,0.8640604917914398
13492,0.851258594241568
13493,1
13494,0.9167074346389924
13495,1
13496,1
13497,1
13498,1
13499,0.9371052762402644
13500,1
13501,1
13502,1
13503,0.9574216351622019
13504,1
13505,1
13506,1
13507,1
13508,0.7653736492580413
13509,0.7319614450697091
13510,1
13511,1
13512,0.9749109523201227
13513,1
13514,1
13515,1
13516,1
13517,0.9371052762402644
13518,1
13519,0.999011897929704
13520,1
13521,1
13522,0.8769427636769767
13523,1
13524,1
13525,0.853198824132146
13526,1
13527,0.7242400985736621
13528,0.9809236286761558
13529,1
13530,1
13531,0.5306847942048664
13532,0.980590260469024
13533,1
13534,1
13535,1
13536,0.7603333196476734
13537,0.9857566700855682
13538,1
13539,1
13540,1
13541,1
13542,0.8431390070648855
13543,0.9737360985767824
13544,1
13545,1
13546,1
13547,0.9543985855403884
13548,0.9081794574456705
13549,0.7884117274171174
13550,0.8733809135121012
13551,0.92342189457971
13552,1
13553,1
13554,1
13555,0.8325861794225579
13556,1
13557,0.9499112304717754
13558,1
13559,1
13560,0.9574216351622019
13561,0.6962422568159075
13562,1
13563,1
13564,1
13565,0.8823721210839558
13566,0.9949058168780378
13567,1
13568,0.9489173775072564
13569,0.19512126835575277
13570,1
13571,1
13572,1
13573,0.9832309317100514
13574,1
13575,0.8973459867265247
13576,1
13577,1
13578,0.7304749139927137
13579,0.6684508125042652
13580,0.3594475323086776
13581,1
13582,1
13583,1
13584,0.9718392465479493
13585,0.9269922990712951
13586,1
13587,1
13588,0.6761769355998031
13589,0.753551958504048
13590,1
13591,0.9371052762402644
13592,1
13593,1
13594,0.9749109523201227
13595,0.8008763083445318
13596,1
13597,0.8006114778444482
13598,0.9969928523546226
13599,0.9524940651437692
13600,1
13601,1
13602,0.8956024152852753
13603,0.9832309317100514
13604,1
13605,1
13606,1
13607,1
13608,0.9371052762402644
13609,0.8913921485093805
13610,1
13611,1
13612,1
13613,1
13614,1
13615,0.9117330397512
13616,1
13617,0.9733355798991731
13618,1
13619,0.8488137836715824
13620,1
13621,1
13622,1
13623,0.9949058168780378
13624,1
13625,1
13626,1
13627,1
13628,0.9220419626372091
13629,1
13630,0.9220419626372091
13631,1
13632,0.9969928523546226
13633,1
13634,1
13635,1
13636,0.8508568224674742
13637,1
13638,1
13639,1
13640,1
13641,0.9574216351622019
13642,1
13643,1
13644,1
13645,1
13646,1
13647,1
13648,0.7933112480177877
13649,0.9832309317100514
13650,1
13651,0.9832309317100514
13652,1
13653,1
13654,1
13655,0.9332537128567678
13656,1
13657,0.371294066115471
13658,1
13659,0.7959475137391832
13660,1
13661,0.8585328293982476
13662,1
13663,0.8993784729315532
13664,1
13665,1
13666,0.7197619701773212
13667,0.65417794632338
13668,1
13669,0.9265357340097923
13670,0.9776553393182288
13671,0.7900111191044499
13672,0.9371052762402644
13673,0.7653736492580413
13674,0.9371052762402644
13675,1
13676,1
13677,0.959090147274585
13678,1
13679,0.8974897098367683
13680,0.6722340509586231
13681,0.9574216351622019
13682,0.9718392465479493
13683,1
13684,0.9229808758727044
13685,1
13686,1
13687,1
13688,1
13689,1
13690,0.9220419626372091
13691,1
13692,0.8333951483421038
13693,0.9530866435720331
13694,1
13695,0.932892128429502
13696,0.9881783092460067
13697,1
13698,1
13699,1
13700,1
13701,0.6270862504061968
13702,0.7900696251687257
13703,0.28404767400530745
13704,1
13705,1
13706,1
13707,0.6915018576525431
13708,1
13709,1
13710,1
13711,1
13712,0.9675601219562732
13713,1
13714,0.8889211883581697
13715,0.9718392465479493
13716,0.9832309317100514
13717,1
13718,1
13719,0.9380118956312259
13720,0.9483339587646836
13721,0.4986073074310286
13722,1
13723,0.9245436791674445
13724,0.6359252878451149
13725,1
13726,1
13727,0.9651212677009737
13728,0.8941326123473502
13729,1
13730,1
13731,0.898519742549083
13732,1
13733,1
13734,1
13735,1
13736,0.959090147274585
13737,0.9905051668667311
13738,0.9150041244578276
13739,0.9302355564425553
13740,0.8703759214018928
13741,1
13742,0.9614144663088184
13743,1
13744,1
13745,1
13746,1
13747,1
13748,1
13749,0.9117330397512
13750,1
13751,0.952732902491624
13752,0.8722569390466473
13753,0.9371052762402644
13754,0.7653736492580413
13755,1
13756,0.7619024115092452
13757,0.6701297819581581
13758,0.999011897929704
13759,1
13760,0.8061074955931293
13761,1
13762,1
13763,0.6967563111611781
13764,0.9227171843344912
13765,1
13766,0.9749109523201227
13767,1
13768,1
13769,1
13770,0.8338072851188528
13771,1
13772,1
13773,1
13774,1
13775,0.9371052762402644
13776,0.9905051668667311
13777,1
13778,1
13779,0.8375851011471631
13780,0.9574216351622019
13781,0.6295361960262146
13782,0.9574216351622019
13783,0.7671529740416729
13784,0.4085729993415628
13785,1
13786,0.9371052762402644
13787,1
13788,0.8456799454912083
13789,1
13790,1
13791,0.8261259638948533
13792,0.9778219501715014
13793,1
13794,1
13795,0.8993784729315532
13796,1
13797,0.7672047454915303
13798,1
13799,1
13800,0.8680276625315166
13801,0.9881783092460067
13802,0.8973459867265247
13803,1
13804,0.999011897929704
13805,0.9685849804078539
13806,0.9857566700855682
13807,0.9159922265281236
13808,1
13809,0.4219757431005803
13810,1
13811,1
13812,0.5342146728697506
13813,1
13814,0.8648196833232331
13815,0.8038311717063625
13816,1
13817,1
13818,1
13819,1
13820,0.9832309317100514
13821,1
13822,0.9302355564425553
13823,0.9687685697150307
13824,0.9055161505890064
13825,0.9969928523546226
13826,1
13827,1
13828,0.7900696251687257
13829,1
13830,1
13831,0.9651212677009737
13832,0.8582783971484009
13833,1
13834,1
13835,1
13836,1
13837,1
13838,1
13839,1
13840,1
13841,1
13842,1
13843,1
13844,0.710810348478012
13845,0.9379640066227346
13846,1
13847,0.9718392465479493
13848,0.9614144663088184
13849,0.28404767400530745
13850,1
13851,0.9881783092460067
13852,0.9252835854862711
13853,1
13854,1
13855,0.9227171843344912
13856,0.8674909221773583
13857,1
13858,0.9754960773470618
13859,1
13860,0.9217566640765255
13861,0.9421902031774742
13862,1
13863,1
13864,1
13865,0.9530866435720331
13866,1
13867,0.9430581897446968
13868,1
13869,1
13870,1
13871,0.9927453194301491
13872,0.9371052762402644
13873,1
13874,0.9165540946706994
13875,1
13876,0.6205822018733284
13877,1
13878,1
13879,1
13880,0.9637379157806099
13881,1
13882,1
13883,0.9524295070169732
13884,1
13885,0.7504086068329762
13886,0.8359810869786789
13887,0.980590260469024
13888,1
13889,0.9371052762402644
13890,1
13891,1
13892,0.9969928523546226
13893,0.8275815431690801
13894,1
13895,1
13896,1
13897,1
13898,0.9483339587646836
13899,1
13900,1
13901,0.865100152381906
13902,0.9881783092460067
13903,0.5382330641304538
13904,1
13905,0.9467501988680719
13906,1
13907,1
13908,1
13909,1
13910,0.5827724360387795
13911,0.9949058168780378
13912,1
13913,1
13914,1
13915,1
13916,0.443627443727864
13917,1
13918,1
13919,1
13920,0.9307093260528836
13921,1
13922,1
13923,1
13924,0.25232520675064646
13925,1
13926,0.991757217359853
13927,1
13928,1
13929,1
13930,1
13931,1
13932,0.9927453194301491
13933,0.9302355564425553
13934,1
13935,1
13936,1
13937,1
13938,1
13939,0.9543985855403884
13940,0.9969928523546226
13941,1
13942,1
13943,0.980590260469024
13944,1
13945,0.7533221355451233
13946,1
13947,1
13948,1
13949,1
13950,0.9718392465479493
13951,0.999011897929704
13952,0.8973459867265247
13953,1
13954,1
13955,1
13956,1
13957,0.8472897866265714
13958,0.9781367485880892
13959,1
13960,1
13961,1
13962,0.8297562415397864
13963,1
13964,0.9881783092460067
13965,1
13966,0.9663150578340959
13967,1
13968,1
13969,1
13970,1
13971,0.7900696251687257
13972,1
13973,0.9371052762402644
13974,0.8909962763439474
13975,1
13976,0.7683589138645027
13977,1
13978,0.9081794574456705
13979,0.8631748105200309
13980,1
13981,0.9905051668667311
13982,1
13983,1
13984,1
13985,0.8726636352576804
13986,1
13987,1
13988,1
13989,0.9420700876744007
13990,1
13991,1
13992,0.9718392465479493
13993,0.9180467129215358
13994,0.8876571916047573
13995,0.9969928523546226
13996,0.9619144078227891
13997,0.7147447735072628
13998,0.9651212677009737
13999,0.5174264140846152
14000,1
14001,0.9584073186634412
14002,1
14003,0.9905051668667311
14004,1
14005,1
14006,0.88552429597253135
14007,1
14008,0.9718392465479493
14009,1
14010,1
14011,1
14012,1
14013,1
14014,0.5117096963710714
14015,0.7768095845259357
14016,1
14017,1
14018,1
14019,1
14020,1
14021,1
14022,1
14023,0.9105082787342351
14024,0.725208767712068
14025,0.8680276625315166
14026,0.8973459867265247
14027,0.9832309317100514
14028,1
14029,0.9718392465479493
14030,0.9006896772530381
14031,1
14032,0.9949058168780378
14033,0.8966580516425219
14034,1
14035,1
14036,1
14037,0.9778219501715014
14038,0.9546597272529381
14039,1
14040,0.9176955367092884
14041,0.5165052550430524
14042,1
14043,1
14044,1
14045,0.950166954592351
14046,1
14047,0.81122476258780285
14048,1
14049,0.999011897929704
14050,0.8869567438604391
14051,1
14052,0.9778219501715014
14053,0.6666049942050397
14054,1
14055,1
14056,1
14057,1
14058,0.8680276625315166
14059,0.8265146186907244
14060,1
14061,0.865100152381906
14062,0.980590260469024
14063,0.9117330397512
14064,1
14065,1
14066,1
14067,0.9417153688451588
14068,1
14069,1
14070,0.1394358406950158
14071,1
14072,1
14073,0.9857566700855682
14074,0.8096000597823874
14075,0.7856097884199205
14076,1
14077,0.7539670816146481
14078,1
14079,1
14080,1
14081,0.9969928523546226
14082,1
14083,1
14084,1
14085,1
14086,0.9468254500535873
14087,1
14088,1
14089,1
14090,1
14091,1
14092,1
14093,1
14094,1
14095,0.8847607962431543
14096,0.24362106155265706
14097,1
14098,0.916947779515247
14099,0.9786834761127378
14100,0.9689876017956197
14101,1
14102,0.1394358406950158
14103,1
14104,0.921671623979887
14105,1
14106,0.7803152538282229
14107,0.9014206023367168
14108,1
14109,1
14110,1
14111,1
14112,0.9651212677009737
14113,0.9530866435720331
14114,0.6002407030730966
14115,1
14116,0.9117330397512
14117,1
14118,0.9927453194301491
14119,1
14120,1
14121,1
14122,1
14123,1
14124,1
14125,0.9614144663088184
14126,1
14127,0.7118196247642333
14128,1
14129,1
14130,0.7584161955351433
14131,1
14132,0.22853005627794243
14133,1
14134,0.9614144663088184
14135,0.9116431701525507
14136,0.3377124616080103
14137,0.9158338458027273
14138,1
14139,1
14140,0.9371052762402644
14141,1
14142,1
14143,1
14144,1
14145,0.5172838244794499
14146,1
14147,0.952732902491624
14148,0.8602350031592277
14149,0.7528099710108022
14150,1
14151,1
14152,1
14153,0.7027101493783223
14154,1
14155,0.6118701509353975
14156,1
14157,0.8973459867265247
14158,0.8398669090794659
14159,0.9685849804078539
14160,1
14161,0.999011897929704
14162,1
14163,1
14164,1
14165,0.999011897929704
14166,0.8779362471955486
14167,1
14168,0.9718392465479493
14169,0.9667450634259871
14170,0.8973459867265247
14171,0.8902293261390836
14172,0.9206224804901203
14173,1
14174,1
14175,0.9106619336802785
14176,0.9584073186634412
14177,0.9220419626372091
14178,0.999011897929704
14179,1
14180,1
14181,0.8366126429393705
14182,1
14183,0.9754960773470618
14184,1
14185,1
14186,0.9220419626372091
14187,1
14188,1
14189,0.9296743953301395
14190,0.6132645160563458
14191,1
14192,0.3145128586395029
14193,0.8973459867265247
14194,1
14195,1
14196,0.8294421288403351
14197,1
14198,0.8579854161564625
14199,0.9208801399161981
14200,1
14201,1
14202,0.9638407467659041
14203,0.8190977621858961
14204,1
14205,1
14206,0.9687685697150307
14207,0.8969529149573318
14208,1
14209,1
14210,1
14211,0.8380341891653327
14212,1
14213,1
14214,1
14215,1
14216,1
14217,0.8454392878600276
14218,1
14219,1
14220,0.9614144663088184
14221,1
14222,0.7900696251687257
14223,0.9887500697144758
14224,0.9117330397512
14225,1
14226,1
14227,0.821344454573358
14228,0.8344512629667891
14229,1
14230,0.8943388390811474
14231,1
14232,0.9832309317100514
14233,0.9530866435720331
14234,0.7274078311987034
14235,0.9574216351622019
14236,0.999011897929704
14237,1
14238,1
14239,1
14240,0.5174264140846152
14241,1
14242,1
14243,0.4003622490413691
14244,0.7646025360245845
14245,0.934090628850252
14246,0.4724423978337025
14247,1
14248,1
14249,0.9339533666035457
14250,1
14251,0.8004121916955134
14252,0.805132938771781
14253,0.6295361960262146
14254,0.933572167773718
14255,0.980590260469024
14256,1
14257,0.9857566700855682
14258,1
14259,1
14260,0.8314874256513893
14261,1
14262,0.40340280918539606
14263,0.9651212677009737
14264,0.7562155677741058
14265,0.9483339587646836
14266,0.9574216351622019
14267,0.9909105671623645
14268,0.9614144663088184
14269,1
14270,1
14271,0.8973459867265247
14272,1
14273,1
14274,1
14275,1
14276,1
14277,1
14278,0.8733813126071528
14279,1
14280,1
14281,1
14282,0.8306285649897004
14283,1
14284,1
14285,0.913891443035069
14286,0.9530866435720331
14287,0.9927453194301491
14288,1
14289,1
14290,1
14291,1
14292,1
14293,0.48605157795729154
14294,1
14295,0.7803858433634824
14296,1
14297,1
14298,0.8956024152852753
14299,0.9881783092460067
14300,1
14301,0.9718392465479493
14302,1
14303,0.693751249921008
14304,0.8439215118401979
14305,1
14306,0.9532995769469804
14307,0.9302355564425553
14308,0.9685849804078539
14309,1
14310,0.999011897929704
14311,0.9106619336802785
14312,1
14313,1
14314,1
14315,0.8732780895310075
14316,1
14317,1
14318,1
14319,1
14320,0.9651212677009737
14321,1
14322,1
14323,0.7622118249447238
14324,0.7854668534876745
14325,0.7880213347454944
14326,1
14327,1
14328,1
14329,0.999011897929704
14330,1
14331,1
14332,0.5761503554511852
14333,0.7698282937977114
14334,1
14335,0.9749109523201227
14336,1
14337,0.7199202208391391
14338,1
14339,0.9562361167160407
14340,0.7345195979875275
14341,1
14342,1
14343,1
14344,1
14345,1
14346,1
14347,1
14348,1
14349,1
14350,1
14351,0.9388433136576013
14352,0.8973459867265247
14353,1
14354,0.9220419626372091
14355,1
14356,0.8963578846562287
14357,1
14358,1
14359,0.8554852864605971
14360,0.8898381787318884
14361,1
14362,1
14363,0.9530866435720331
14364,1
14365,1
14366,0.9905051668667311
14367,1
14368,0.9055161505890064
14369,1
14370,0.6176511683378058
14371,0.8883531316948926
14372,0.9718392465479493
14373,0.9251927949710754
14374,0.8680276625315166
14375,1
14376,1
14377,1
14378,0.9874980192213537
14379,0.826606868436676
14380,1
14381,0.9543985855403884
14382,0.5462117152243747
14383,1
14384,1
14385,0.9857566700855682
14386,0.9388433136576013
14387,1
14388,0.5117096963710714
14389,0.9020748029905047
14390,1
14391,0.9371052762402644
14392,1
14393,1
14394,1
14395,0.9881783092460067
14396,1
14397,1
14398,0.999011897929704
14399,1
14400,1
14401,1
14402,1
14403,0.7653736492580413
14404,0.8294421288403351
14405,0.8969529149573318
14406,0.9619144078227891
14407,0.42795208427062664
14408,1
14409,0.8368744130717932
14410,0.9530866435720331
14411,0.9380118956312259
14412,1
14413,0.9749109523201227
14414,1
14415,1
14416,1
14417,1
14418,1
14419,1
14420,1
14421,1
14422,0.9832309317100514
14423,1
14424,0.8938812091851585
14425,1
14426,1
14427,1
14428,0.9042776803549282
14429,1
14430,1
14431,0.9455999444082086
14432,0.9590922499847413
14433,0.9371052762402644
14434,1
14435,1
14436,1
14437,1
14438,0.9117330397512
14439,1
14440,1
14441,1
14442,1
14443,0.9927453194301491
14444,0.9416431423505767
14445,0.8680276625315166
14446,1
14447,1
14448,1
14449,0.9251413733205932
14450,0.9832309317100514
14451,0.9574216351622019
14452,0.9685849804078539
14453,1
14454,1
14455,1
14456,0.9141849248160626
14457,0.9517448004213279
14458,1
14459,0.999011897929704
14460,1
14461,0.9371052762402644
14462,1
14463,1
14464,1
14465,0.950166954592351
14466,0.980590260469024
14467,0.999011897929704
14468,0.9117330397512
14469,1
14470,1
14471,0.7585904864954874
14472,1
14473,1
14474,1
14475,1
14476,0.9949058168780378
14477,1
14478,1
14479,1
14480,1
14481,0.9949058168780378
14482,0.9881783092460067
14483,1
14484,0.9371052762402644
14485,1
14486,0.980590260469024
14487,0.9905051668667311
14488,1
14489,1
14490,1
14491,0.1394358406950158
14492,0.8680276625315166
14493,1
14494,0.9651212677009737
14495,0.7821089611530928
14496,1
14497,0.9824038360993915
14498,1
14499,1
14500,1
14501,1
14502,0.9260066155700558
14503,1
14504,1
14505,0.5174264140846152
14506,1
14507,1
14508,1
14509,0.8368744130717932
14510,0.980590260469024
14511,0.6578928101493071
14512,0.8027777087395082
14513,1
14514,0.8590290363557438
14515,0.7952560713286946
14516,1
14517,0.9749109523201227
14518,1
14519,1
14520,1
14521,1
14522,0.9881783092460067
14523,1
14524,0.9960047502843267
14525,0.9905051668667311
14526,1
14527,1
14528,1
14529,1
14530,0.9584122106405254
14531,1
14532,1
14533,1
14534,0.47085478585068097
14535,0.8494502840744601
14536,1
14537,0.7171355903579985
14538,1
14539,1
14540,1
14541,1
14542,0.36630256266689154
14543,1
14544,0.999011897929704
14545,0.5440477346626692
14546,1
14547,0.9718392465479493
14548,1
14549,1
14550,0.9245721490395733
14551,1
14552,1
14553,1
14554,0.9614144663088184
14555,0.8963577666916772
14556,1
14557,1
14558,1
14559,0.9483339587646836
14560,0.898519742549083
14561,0.9830841261240445
14562,1
14563,0.8993784729315532
14564,1
14565,1
14566,1
14567,0.9778219501715014
14568,1
14569,1
14570,0.4649345898390662
14571,1
14572,1
14573,1
14574,1
14575,1
14576,1
14577,1
14578,1
14579,1
14580,1
14581,0.9630892615661294
14582,1
14583,0.980590260469024
14584,0.9614144663088184
14585,0.28404767400530745
14586,1
14587,0.9814157340290955
14588,0.811276150035524
14589,1
14590,1
14591,0.9651212677009737
14592,1
14593,0.8983749805577416
14594,0.9614144663088184
14595,0.7941599469730644
14596,0.980590260469024
14597,0.8854392350049481
14598,0.44822043282973734
14599,0.6132645160563458
14600,1
14601,0.9083723050306446
14602,1
14603,0.999011897929704
14604,0.9574216351622019
14605,1
14606,1
14607,1
14608,1
14609,1
14610,0.9166474827354723
14611,0.9543263590458063
14612,1
14613,1
14614,0.8417324864678725
14615,0.9785019895157173
14616,1
14617,1
14618,0.8993784729315532
14619,0.9128749589428572
14620,0.8594964381527066
14621,1
14622,1
14623,1
14624,0.9905051668667311
14625,1
14626,0.9949058168780378
14627,1
14628,0.9927453194301491
14629,1
14630,0.9483339587646836
14631,1
14632,1
14633,0.9651212677009737
14634,0.9044783591813491
14635,1
14636,0.9532995769469804
14637,1
14638,1
14639,1
14640,1
14641,1
14642,0.9483339587646836
14643,0.878863186050032
14644,1
14645,1
14646,1
14647,0.886998846096416
14648,1
14649,0.9832309317100514
14650,1
14651,0.9371052762402644
14652,0.9749109523201227
14653,0.7915121460055581
14654,0.23283838756940267
14655,1
14656,0.9881783092460067
14657,1
14658,1
14659,0.8509694562315199
14660,1
14661,0.8607729819616656
14662,1
14663,0.9117330397512
14664,1
14665,1
14666,0.5984618217977535
14667,0.9207407233092864
14668,1
14669,1
14670,0.5172838244794499
14671,1
14672,1
14673,1
14674,0.9371052762402644
14675,1
14676,1
14677,1
14678,1
14679,1
14680,1
14681,1
14682,1
14683,0.9832309317100514
14684,0.8079560033500015
14685,1
14686,0.7874919117096618
14687,0.9117330397512
14688,1
14689,1
14690,1
14691,1
14692,0.9122924040953605
14693,1
14694,1
14695,1
14696,1
14697,0.9927453194301491
14698,1
14699,0.8732937461872521
14700,0.8488383159914644
14701,1
14702,1
14703,1
14704,0.8719891174305382
14705,1
14706,0.999011897929704
14707,0.9881783092460067
14708,1
14709,1
14710,0.9371052762402644
14711,0.888558708635181
14712,1
14713,0.9905051668667311
14714,1
14715,1
14716,1
14717,0.9969928523546226
14718,0.48934057145874793
14719,0.9969928523546226
14720,0.9117330397512
14721,0.9208801399161981
14722,1
14723,1
14724,1
14725,1
14726,0.9776953740424417
14727,1
14728,0.5695836187842358
14729,1
14730,1
14731,1
14732,0.9066388566292378
14733,1
14734,0.5687870831182665
14735,0.8275815431690801
14736,1
14737,1
14738,1
14739,1
14740,0.8522775190797645
14741,1
14742,1
14743,1
14744,1
14745,1
14746,1
14747,1
14748,0.9832309317100514
14749,1
14750,1
14751,1
14752,0.9483339587646836
14753,0.9220419626372091
14754,0.8456799454912083
14755,1
14756,1
14757,1
14758,1
14759,1
14760,1
14761,1
14762,1
14763,1
14764,1
14765,1
14766,0.9718392465479493
14767,0.9905051668667311
14768,0.9949058168780378
14769,0.9249930865658882
14770,1
14771,0.6366219827371132
14772,0.9969928523546226
14773,0.7431955994295427
14774,0.9927453194301491
14775,0.9563202831868564
14776,0.9749109523201227
14777,1
14778,1
14779,1
14780,1
14781,0.9969928523546226
14782,1
14783,1
14784,1
14785,0.8238806559018309
14786,1
14787,0.9832309317100514
14788,1
14789,0.9357522198084354
14790,1
14791,1
14792,1
14793,1
14794,1
14795,0.9969928523546226
14796,1
14797,0.9654730864796883
14798,0.9939177148077418
14799,1
14800,1
14801,0.8006368650066525
14802,0.9574216351622019
14803,1
14804,1
14805,1
14806,1
14807,1
14808,1
14809,0.8956024152852753
14810,0.9905051668667311
14811,1
14812,0.9117330397512
14813,1
14814,0.7665468387118208
14815,1
14816,1
14817,0.973934979331575
14818,0.9802237840646741
14819,0.6478002100750792
14820,1
14821,1
14822,1
14823,1
14824,0.8973459867265247
14825,1
14826,0.9556264345677047
14827,0.6788803286882322
14828,1
14829,1
14830,1
14831,1
14832,1
14833,0.8265203218185583
14834,0.9159397061094174
14835,1
14836,1
14837,1
14838,0.9302355564425553
14839,1
14840,0.9220419626372091
14841,1
14842,1
14843,1
14844,0.9220419626372091
14845,1
14846,0.9210144874248272
14847,0.9776953740424417
14848,0.9249052635947103
14849,1
14850,1
14851,0.9194335741266254
14852,0.8505763534088013
14853,0.9832309317100514
14854,0.8090790264777248
14855,0.8359810869786789
14856,1
14857,0.6090229610059117
14858,0.8956024152852753
14859,0.5261532419748116
14860,0.9125471295039401
14861,1
14862,1
14863,0.9614144663088184
14864,1
14865,1
14866,1
14867,0.9371052762402644
14868,0.9220419626372091
14869,1
14870,1
14871,0.8147717503447908
14872,1
14873,1
14874,1
14875,1
14876,1
14877,0.7941932617398576
14878,0.9030857303905068
14879,0.7036260309588871
14880,0.950166954592351
14881,0.9781367485880892
14882,1
14883,1
14884,1
14885,0.9969928523546226
14886,0.913725941185503
14887,0.7900696251687257
14888,1
14889,1
14890,1
14891,1
14892,0.6634110014584242
14893,1
14894,1
14895,0.8680276625315166
14896,0.9881783092460067
14897,0.9418098997044358
14898,1
14899,0.9949058168780378
14900,0.9718392465479493
14901,0.8973459867265247
14902,0.9479924604500709
14903,0.9676562717502717
14904,0.9309085937435345
14905,0.8973459867265247
14906,1
14907,1
14908,1
14909,0.5300780439388516
14910,1
14911,1
14912,1
14913,1
14914,1
14915,1
14916,1
14917,0.9949058168780378
14918,1
14919,0.9621141200555965
14920,1
14921,0.6554113824636184
14922,0.25698325847002973
14923,1
14924,1
14925,1
14926,0.8510146104626144
14927,0.9022265439412381
14928,1
14929,0.43639903454560197
14930,0.9400911761245367
14931,0.9949058168780378
14932,1
14933,1
14934,1
14935,1
14936,1
14937,0.9927453194301491
14938,1
14939,1
14940,0.32505552080138356
14941,1
14942,1
14943,1
14944,1
14945,1
14946,0.9574216351622019
14947,1
14948,0.833240520069993
14949,0.9718392465479493
14950,1
14951,0.9918986692326606
14952,1
14953,1
14954,1
14955,1
14956,0.7683589138645027
14957,0.13551615908469558
14958,1
14959,1
14960,0.9614144663088184
14961,1
14962,1
14963,1
14964,0.9905051668667311
14965,0.7870624775233483
14966,0.13551615908469558
14967,0.968832098902572
14968,0.9220419626372091
14969,1
14970,1
14971,1
14972,0.581771640464797
14973,1
14974,1
14975,0.574289814515794
14976,1
14977,1
14978,1
14979,1
14980,1
14981,0.9337062481088276
14982,1
14983,0.9949058168780378
14984,1
14985,0.7141716909679351
14986,1
14987,0.41728200054401016
14988,0.9467501988680719
14989,0.9220419626372091
14990,1
14991,0.9881783092460067
14992,1
14993,1
14994,1
14995,0.7653736492580413
14996,1
14997,0.8275093226793488
14998,1
14999,1
15000,0.9371052762402644
15001,0.7117505476399139
15002,0.833240520069993
15003,0.8004091727518199
15004,1
15005,1
15006,0.9371052762402644
15007,1
15008,0.9117330397512
15009,1
15010,0.9302355564425553
15011,0.886998846096416
15012,1
15013,0.9759762511402005
15014,1
15015,0.7018026649199257
15016,1
15017,1
15018,0.9749109523201227
15019,0.9614144663088184
15020,0.8901919198122976
15021,1
15022,1
15023,1
15024,1
15025,0.9518159121179053
15026,0.9905051668667311
15027,0.8993784729315532
15028,1
15029,0.9483339587646836
15030,0.9660002594175081
15031,1
15032,0.9749109523201227
15033,1
15034,0.8373970288258442
15035,1
15036,0.9614144663088184
15037,1
15038,0.9483339587646836
15039,0.9969928523546226
15040,0.9778219501715014
15041,1
15042,0.9563202831868564
15043,1
15044,1
15045,0.9614144663088184
15046,1
15047,1
15048,1
15049,0.8729087854151102
15050,1
15051,0.9384017496060143
15052,1
15053,1
15054,1
15055,0.8254492976937186
15056,0.9371052762402644
15057,1
15058,0.9117330397512
15059,1
15060,0.2969948651910791
15061,1
15062,1
15063,1
15064,1
15065,1
15066,1
15067,1
15068,0.9493043272313071
15069,0.892323300220224
15070,0.25666535838456606
15071,0.8684217335450968
15072,1
15073,1
15074,1
15075,1
15076,0.5453913951100496
15077,1
15078,1
15079,1
15080,1
15081,1
15082,0.5641177533964319
15083,0.5527486940668696
15084,1
15085,0.9574216351622019
15086,0.9714287955428867
15087,0.9159397061094174
15088,0.612756852582587
15089,1
15090,1
15091,0.9530866435720331
15092,1
15093,1
15094,1
15095,0.8909031788482463
15096,1
15097,1
15098,1
15099,1
15100,1
15101,0.8325861794225579
15102,1
15103,0.9969928523546226
15104,1
15105,0.7882170648958255
15106,1
15107,1
15108,1
15109,1
15110,1
15111,0.8022054286221703
15112,0.9668096215527832
15113,1
15114,1
15115,1
15116,0.9778219501715014
15117,0.8024924954892028
15118,1
15119,0.9663346124209247
15120,1
15121,0.8659309671343786
15122,1
15123,0.9778219501715014
15124,0.8680276625315166
15125,0.9718392465479493
15126,0.9220419626372091
15127,1
15128,0.936960514248923
15129,1
15130,1
15131,0.1362400349580319
15132,1
15133,1
15134,0.9881783092460067
15135,0.643137217675321
15136,1
15137,0.9555012127891466
15138,1
15139,1
15140,0.999011897929704
15141,0.9561778089713303
15142,1
15143,0.9614144663088184
15144,1
15145,1
15146,1
15147,0.9353373165586452
15148,0.9220419626372091
15149,0.8021257911264038
15150,1
15151,1
15152,0.9220419626372091
15153,1
15154,0.9832309317100514
15155,1
15156,1
15157,1
15158,0.9832309317100514
15159,1
15160,0.9289242192337076
15161,1
15162,0.9523274520402397
15163,0.73509846855572
15164,1
15165,1
15166,0.9302355564425553
15167,1
15168,0.999011897929704
15169,0.4790332002460549
15170,1
15171,1
15172,0.9651212677009737
15173,0.9881783092460067
15174,0.9548594394857455
15175,0.9302355564425553
15176,1
15177,0.9363175752820845
15178,0.999011897929704
15179,0.28404767400530745
15180,0.9371052762402644
15181,0.6683594479832445
15182,0.9832309317100514
15183,1
15184,1
15185,1
15186,1
15187,1
15188,0.9530866435720331
15189,0.8726294421806587
15190,1
15191,1
15192,1
15193,1
15194,1
15195,1
15196,1
15197,1
15198,0.8354097625574786
15199,1
15200,1
15201,1
15202,1
15203,0.942943217872475
15204,1
15205,1
15206,0.9663469305545923
15207,1
15208,1
15209,0.8343205741130756
15210,1
15211,1
15212,1
15213,0.9881783092460067
15214,1
15215,0.8938812091851585
15216,1
15217,0.9532995769469804
15218,1
15219,1
15220,1
15221,1
15222,0.8937392104442865
15223,1
15224,1
15225,1
15226,1
15227,0.9117330397512
15228,1
15229,0.9371052762402644
15230,1
15231,1
15232,1
15233,1
15234,1
15235,1
15236,0.9881783092460067
15237,1
15238,1
15239,1
15240,0.9530866435720331
15241,1
15242,1
15243,1
15244,1
15245,0.9909105671623645
15246,1
15247,0.8370166252374711
15248,1
15249,1
15250,1
15251,1
15252,1
15253,0.9685849804078539
15254,1
15255,1
15256,1
15257,1
15258,1
15259,0.7347231286396596
15260,1
15261,1
15262,1
15263,0.9857566700855682
15264,0.968832098902572
15265,1
15266,1
15267,1
15268,1
15269,1
15270,0.8049792018796558
15271,0.9781367485880892
15272,1
15273,0.9137598068549763
15274,0.9905051668667311
15275,0.9857566700855682
15276,1
15277,1
15278,0.859115458316992
15279,1
15280,1
15281,0.9604263642385225
15282,1
15283,0.9213178828994779
15284,1
15285,0.9857566700855682
15286,0.8680276625315166
15287,0.9117330397512
15288,1
15289,1
15290,0.9718392465479493
15291,0.7018026649199257
15292,1
15293,0.9749109523201227
15294,0.9876511363081869
15295,1
15296,1
15297,1
15298,1
15299,0.9153351792759258
15300,1
15301,1
15302,1
15303,1
15304,1
15305,0.9685849804078539
15306,0.9179691420648194
15307,1
15308,1
15309,1
15310,1
15311,1
15312,0.9159922265281236
15313,1
15314,1
15315,0.8732147519096309
15316,0.8785695152072391
15317,0.9388391256314147
15318,1
15319,1
15320,1
15321,1
15322,1
15323,1
15324,0.9139406318698696
15325,1
15326,1
15327,1
15328,1
15329,1
15330,0.7759057657020438
15331,0.9092321698129198
15332,0.9857566700855682
15333,0.8431390070648855
15334,1
15335,1
15336,0.7788622395295586
15337,1
15338,1
15339,0.8510146104626144
15340,0.97967438489331
15341,0.9545252398005989
15342,1
15343,1
15344,0.8910506501947678
15345,1
15346,0.9337062481088276
15347,0.8286860346969143
15348,1
15349,0.9749109523201227
15350,0.9905051668667311
15351,0.10860785149061951
15352,1
15353,0.9145011098808516
15354,0.971095427335755
15355,0.9832309317100514
15356,1
15357,1
15358,0.8680276625315166
15359,1
15360,1
15361,0.9651212677009737
15362,0.6366219827371132
15363,1
15364,1
15365,1
15366,0.8835722862991494
15367,1
15368,1
15369,1
15370,1
15371,1
15372,1
15373,0.9380118956312259
15374,0.8769481451252527
15375,1
15376,1
15377,1
15378,0.20262953265654754
15379,0.9614144663088184
15380,0.9778219501715014
15381,1
15382,1
15383,0.999011897929704
15384,1
15385,0.980590260469024
15386,1
15387,0.967843996832276
15388,0.6799514813743207
15389,0.9881783092460067
15390,1
15391,1
15392,0.9574216351622019
15393,1
15394,0.7361822376852131
15395,0.8444787920814136
15396,1
15397,0.9857566700855682
15398,1
15399,1
15400,0.9530866435720331
15401,1
15402,0.8974538551832983
15403,1
15404,0.999011897929704
15405,0.980590260469024
15406,1
15407,0.8710741895635202
15408,0.9655778327624767
15409,0.9624861682912582
15410,1
15411,1
15412,0.8854392350049481
15413,1
15414,0.9220419626372091
15415,1
15416,0.999011897929704
15417,0.9832309317100514
15418,1
15419,1
15420,0.9461830343240908
15421,0.9969928523546226
15422,1
15423,0.7191345612585309
15424,1
15425,1
15426,1
15427,0.9927453194301491
15428,1
15429,1
15430,1
15431,1
15432,1
15433,1
15434,1
15435,1
15436,0.9116431701525507
15437,0.5641177533964319
15438,0.9435918104387641
15439,1
15440,0.9969928523546226
15441,0.7945105195728001
15442,0.8103990224275166
15443,1
15444,1
15445,1
15446,1
15447,0.7156765057907074
15448,0.9688286671278645
15449,1
15450,1
15451,0.8731475060600185
15452,0.9489173775072564
15453,1
15454,0.9857566700855682
15455,0.7459461444908584
15456,0.9371052762402644
15457,0.1739354062296626
15458,0.7455792459274442
15459,0.9343075711884747
15460,0.9651212677009737
15461,0.7989088430632761
15462,0.6201648787539381
15463,0.9857566700855682
15464,1
15465,0.4222595218993172
15466,1
15467,1
15468,1
15469,1
15470,1
15471,1
15472,1
15473,0.9651212677009737
15474,0.9651212677009737
15475,0.999011897929704
15476,0.9371052762402644
15477,0.999011897929704
15478,1
15479,1
15480,0.8999113489972067
15481,0.8925722000478029
15482,0.8796223775818254
15483,0.7577291769616384
15484,0.9530866435720331
15485,0.8876571916047573
15486,0.9574216351622019
15487,1
15488,0.9718392465479493
15489,0.9623393627052513
15490,0.980590260469024
15491,1
15492,0.7503439792957645
15493,0.9574216351622019
15494,1
15495,1
15496,0.7737255117612393
15497,0.999011897929704
15498,1
15499,1
15500,0.9463201932761807
15501,1
15502,1
15503,0.9574216351622019
15504,0.5189407302635127
15505,1
15506,1
15507,1
15508,0.9117330397512
15509,0.9905051668667311
15510,1
15511,0.9051154890648857
15512,1
15513,1
15514,1
15515,0.980590260469024
15516,0.36930702347943545
15517,1
15518,0.5927240617132115
15519,1
15520,1
15521,1
15522,1
15523,1
15524,0.7579768127706603
15525,0.921671623979887
15526,1
15527,1
15528,0.9220419626372091
15529,0.8769427636769767
15530,0.9949058168780378
15531,1
15532,0.9302355564425553
15533,1
15534,0.960017555793956
15535,0.8733813126071528
15536,0.9718392465479493
15537,0.9145011098808516
15538,1
15539,0.8753415395841895
15540,1
15541,0.6357478142198169
15542,0.921671623979887
15543,0.5174264140846152
15544,0.8510146104626144
15545,1
15546,1
15547,1
15548,1
15549,0.7356449702934574
15550,1
15551,0.999011897929704
15552,1
15553,0.9420700876744007
15554,0.999011897929704
15555,0.8409804941234593
15556,0.9749109523201227
15557,1
15558,1
15559,0.9003428817080144
15560,1
15561,0.9881783092460067
15562,1
15563,1
15564,1
15565,0.980590260469024
15566,0.487979599073766
15567,1
15568,0.999011897929704
15569,0.9262403067268821
15570,1
15571,1
15572,1
15573,1
15574,0.9430581897446968
15575,0.8973459867265247
15576,1
15577,0.999011897929704
15578,0.8966861581757088
15579,0.9905051668667311
15580,0.9949058168780378
15581,0.9574192165931452
15582,1
15583,1
15584,0.9881783092460067
15585,1
15586,0.8510146104626144
15587,1
15588,0.590706150344359
15589,1
15590,0.5984618217977535
15591,1
15592,0.9066368100017664
15593,1
15594,0.9778219501715014
15595,1
15596,1
15597,1
15598,0.999011897929704
15599,0.9881783092460067
15600,1
15601,0.22431042779664698
15602,1
15603,1
15604,0.9371052762402644
15605,1
15606,1
15607,0.9786834761127378
15608,0.7224178774944057
15609,0.36630256266689154
15610,1
15611,1
15612,0.9117330397512
15613,0.8680276625315166
15614,0.9058195460636571
15615,0.9159922265281236
15616,1
15617,1
15618,0.9927453194301491
15619,1
15620,1
15621,1
15622,1
15623,1
15624,0.9832309317100514
15625,1
15626,0.9337449425094525
15627,0.9637379157806099
15628,0.999011897929704
15629,0.9969928523546226
15630,0.8798815594462467
15631,0.9260066155700558
15632,0.9312364989907035
15633,1
15634,0.9117330397512
15635,0.903439888661189
15636,1
15637,0.9483339587646836
15638,1
15639,0.8474254826531805
15640,0.9371052762402644
15641,0.8344512629667891
15642,1
15643,0.9574216351622019
15644,0.655402707340345
15645,1
15646,1
15647,1
15648,1
15649,0.9909105671623645
15650,0.7683589138645027
15651,0.9381790236829561
15652,0.5117096963710714
15653,0.9056902566481183
15654,1
15655,1
15656,0.9217566640765255
15657,1
15658,1
15659,1
15660,1
15661,1
15662,1
15663,1
15664,1
15665,1
15666,1
15667,1
15668,1
15669,0.8080536179935971
15670,1
15671,1
15672,0.9685849804078539
15673,0.8910295644328288
15674,0.7880106269306362
15675,1
15676,0.7916107468872815
15677,0.8452727887554576
15678,1
15679,1
15680,0.9371052762402644
15681,1
15682,0.9778219501715014
15683,1
15684,1
15685,0.734979334229408
15686,0.9371052762402644
15687,1
15688,0.9483339587646836
15689,1
15690,1
15691,0.9778219501715014
15692,1
15693,0.979602158398728
15694,0.9718392465479493
15695,1
15696,0.8530328532679335
15697,1
15698,0.9832309317100514
15699,1
15700,0.9905051668667311
15701,0.9641331656306777
15702,0.9718392465479493
15703,0.29287075097238313
15704,1
15705,1
15706,0.6962422568159075
15707,0.7092003441114499
15708,1
15709,0.9718392465479493
15710,0.7900696251687257
15711,1
15712,1
15713,1
15714,1
15715,0.9614144663088184
15716,1
15717,1
15718,1
15719,1
15720,1
15721,0.9530866435720331
15722,0.8732937461872521
15723,1
15724,1
15725,0.8680276625315166
15726,1
15727,1
15728,0.3647101396247044
15729,0.26978843991536916
15730,0.7874460996781049
15731,1
15732,0.8511156963587535
15733,1
15734,0.9220419626372091
15735,1
15736,0.9220419626372091
15737,0.8131698459082387
15738,1
15739,1
15740,1
15741,0.9312364989907035
15742,1
15743,1
15744,1
15745,0.9614144663088184
15746,1
15747,1
15748,0.7375960889756816
15749,0.999011897929704
15750,0.8179491286495216
15751,1
15752,1
15753,1
15754,0.9778219501715014
15755,0.9865099171510577
15756,1
15757,0.9302355564425553
15758,1
15759,0.9778219501715014
15760,1
15761,1
15762,1
15763,1
15764,0.8155301458515657
15765,1
15766,0.9737360985767824
15767,0.8876571916047573
15768,0.9371052762402644
15769,1
15770,0.8973459867265247
15771,1
15772,0.9479924604500709
15773,1
15774,0.5156485392960907
15775,1
15776,0.9117330397512
15777,1
15778,1
15779,0.4972425565918858
15780,0.9574216351622019
15781,0.9532995769469804
15782,0.1394358406950158
15783,0.9464069305793552
15784,0.8337750023884092
15785,0.9637379157806099
15786,1
15787,1
15788,1
15789,1
15790,1
15791,1
15792,1
15793,0.9749109523201227
15794,0.980590260469024
15795,0.9582856345114656
15796,0.8626529081797606
15797,0.8943388390811474
15798,1
15799,1
15800,1
15801,1
15802,1
15803,1
15804,1
15805,0.9832309317100514
15806,1
15807,1
15808,1
15809,1
15810,0.7652946901882997
15811,1
15812,1
15813,1
15814,0.9905051668667311
15815,1
15816,1
15817,1
15818,1
15819,1
15820,1
15821,1
15822,0.999011897929704
15823,0.960814044533698
15824,1
15825,1
15826,1
15827,0.991757217359853
15828,1
15829,0.8722569390466473
15830,0.9969928523546226
15831,1
15832,1
15833,1
15834,1
15835,1
15836,1
15837,0.9467501988680719
15838,0.7730269091917968
15839,0.9651212677009737
15840,0.9749109523201227
15841,1
15842,0.980590260469024
15843,0.881689179773843
15844,1
15845,1
15846,1
15847,0.8027777087395082
15848,0.886998846096416
15849,1
15850,0.9530866435720331
15851,1
15852,0.7900613444257978
15853,0.8680276625315166
15854,1
15855,1
15856,0.9685849804078539
15857,0.734979334229408
15858,1
15859,1
15860,1
15861,0.9530866435720331
15862,0.8563863296802057
15863,0.913891443035069
15864,0.4260265070977664
15865,0.5904208698138413
15866,1
15867,1
15868,1
15869,0.9446453980188699
15870,1
15871,0.9651212677009737
15872,1
15873,1
15874,1
15875,1
15876,1
15877,1
15878,1
15879,0.4003622490413691
15880,1
15881,0.8684217335450968
15882,1
15883,0.9718392465479493
15884,0.9194212559929577
15885,1
15886,1
15887,1
15888,1
15889,0.7776640068855786
15890,0.7389215111510871
15891,1
15892,1
15893,0.8940567486216308
15894,1
15895,1
15896,1
15897,1
15898,0.9483339587646836
15899,1
15900,1
15901,0.9614144663088184
15902,1
15903,0.9220419626372091
15904,0.9004325002664209
15905,1
15906,0.9832309317100514
15907,1
15908,1
15909,1
15910,0.8537843326170849
15911,1
15912,1
15913,0.7788622395295586
15914,1
15915,1
15916,1
15917,1
15918,0.371294066115471
15919,1
15920,0.8640900755669243
15921,1
15922,1
15923,1
15924,1
15925,1
15926,1
15927,0.9574216351622019
15928,1
15929,1
15930,1
15931,1
15932,0.9718392465479493
15933,1
15934,0.971095427335755
15935,0.7957880094423315
15936,1
15937,0.9323301689132678
15938,0.8732147519096309
15939,1
15940,1
15941,0.8775948404748349
15942,1
15943,1
15944,0.7599309113245942
15945,1
15946,0.9881783092460067
15947,0.8771488185949488
15948,1
15949,0.43264841804700904
15950,0.28379854069434945
15951,1
15952,1
15953,1
15954,0.8062708575984718
15955,0.7309947923504955
15956,1
15957,1
15958,1
15959,1
15960,1
15961,0.8801634659849612
15962,1
15963,1
15964,0.9905051668667311
15965,0.722912887020431
15966,0.6862353448173085
15967,1
15968,1
15969,0.999011897929704
15970,1
15971,0.9969928523546226
15972,1
15973,1
15974,0.8680276625315166
15975,0.9584122106405254
15976,0.8585328293982476
15977,0.959090147274585
15978,1
15979,1
15980,0.9832309317100514
15981,1
15982,1
15983,1
15984,1
15985,0.9685849804078539
15986,0.9905051668667311
15987,0.9159596774449509
15988,1
15989,1
15990,1
15991,0.1394358406950158
15992,1
15993,0.93249795366834
15994,0.9718392465479493
15995,0.9055161505890064
15996,1
15997,0.9430581897446968
15998,1
15999,1
16000,0.7941599469730644
16001,1
16002,1
16003,1
16004,0.8632679727914276
16005,1
16006,1
16007,1
16008,1
16009,0.8956024152852753
16010,1
16011,1
16012,0.7900111191044499
16013,0.9949058168780378
16014,0.9905051668667311
16015,1
16016,0.8337750023884092
16017,1
16018,1
16019,1
16020,1
16021,1
16022,1
16023,0.5224267632028491
16024,1
16025,0.7900696251687257
16026,0.7538610578529071
16027,0.9207407233092864
16028,0.9157374172056919
16029,1
16030,1
16031,1
16032,1
16033,0.8835722862991494
16034,0.28404767400530745
16035,0.980590260469024
16036,0.999011897929704
16037,0.9625026952155957
16038,1
16039,1
16040,1
16041,0.7585904864954874
16042,0.9969928523546226
16043,1
16044,1
16045,1
16046,1
16047,0.7416814070175594
16048,1
16049,1
16050,0.9377561715106503
16051,1
16052,1
16053,1
16054,0.9054140956122729
16055,1
16056,0.9323325874823246
16057,0.8727038272412928
16058,0.8693878193315967
16059,0.7797607022827165
16060,0.8433216728389504
16061,1
16062,1
16063,0.9302355564425553
16064,0.9455999444082086
16065,0.9651212677009737
16066,0.8722569390466473
16067,1
16068,1
16069,1
16070,1
16071,1
16072,1
16073,1
16074,0.9555012127891466
16075,0.9371052762402644
16076,0.8678809756694313
16077,1
16078,1
16079,1
16080,0.1362400349580319
16081,0.7393145829202801
16082,1
16083,1
16084,0.5803721801271648
16085,0.753551958504048
16086,0.5681046136782318
16087,1
16088,1
16089,1
16090,1
16091,1
16092,1
16093,0.9325068689536401
16094,1
16095,1
16096,1
16097,1
16098,1
16099,0.8004091727518199
16100,1
16101,1
16102,0.7117516989995135
16103,1
16104,0.36041373970373797
16105,1
16106,1
16107,1
16108,0.8299398710324766
16109,0.868525404723658
16110,0.8421928040866778
16111,1
16112,1
16113,0.687257877784988
16114,1
16115,1
16116,1
16117,0.999011897929704
16118,0.9775831128236467
16119,1
16120,0.8388686576174249
16121,0.9574216351622019
16122,0.8149809347877505
16123,1
16124,0.9371052762402644
16125,0.7886809447085816
16126,1
16127,1
16128,0.9714287955428867
16129,0.9927453194301491
16130,1
16131,1
16132,0.7640105588309645
16133,1
16134,0.9371052762402644
16135,1
16136,0.9056902566481183
16137,0.5971594890634548
16138,1
16139,1
16140,1
16141,1
16142,1
16143,1
16144,1
16145,0.9651212677009737
16146,1
16147,1
16148,0.7941932617398576
16149,1
16150,1
16151,0.9520985415017371
16152,1
16153,0.9479924604500709
16154,0.8048131858812508
16155,0.9905051668667311
16156,1
16157,1
16158,0.6634866250113226
16159,0.7311209891149338
16160,0.9574216351622019
16161,1
16162,0.9056902566481183
16163,0.999011897929704
16164,1
16165,1
16166,0.8685734744958303
16167,1
16168,0.9584073186634412
16169,1
16170,1
16171,1
16172,0.9408268483435689
16173,0.52005578091781
16174,1
16175,1
16176,0.39025893179295296
16177,1
16178,1
16179,1
16180,1
16181,0.9614144663088184
16182,1
16183,0.980590260469024
16184,0.8854392350049481
16185,1
16186,0.9682413967772109
16187,0.9179691420648194
16188,1
16189,1
16190,1
16191,0.8274239578322002
16192,1
16193,0.999011897929704
16194,0.9532995769469804
16195,1
16196,1
16197,0.25232520675064646
16198,0.8235026910512263
16199,0.7653736492580413
16200,0.7631999216802124
16201,0.9117330397512
16202,0.6270862504061968
16203,0.9117330397512
16204,1
16205,0.9203362079503158
16206,0.9458319630021822
16207,0.9927453194301491
16208,1
16209,1
16210,0.9832309317100514
16211,1
16212,1
16213,1
16214,1
16215,0.8913921485093805
16216,0.9122273774383411
16217,1
16218,0.9857566700855682
16219,1
16220,1
16221,1
16222,1
16223,0.8524149230875373
16224,1
16225,1
16226,1
16227,1
16228,1
16229,1
16230,0.61005969408293
16231,0.7584161955351433
16232,0.9220419626372091
16233,0.9458319630021822
16234,1
16235,0.28404767400530745
16236,1
16237,1
16238,0.5462117152243747
16239,1
16240,1
16241,0.1394358406950158
16242,1
16243,0.9727479965064865
16244,0.9067588393767277
16245,1
16246,1
16247,1
16248,1
16249,1
16250,1
16251,1
16252,0.98325048629688
16253,1
16254,1
16255,1
16256,1
16257,1
16258,1
16259,0.8611441501860898
16260,1
16261,1
16262,0.4392917513334205
16263,0.9063862205190136
16264,1
16265,0.811276150035524
16266,0.9881783092460067
16267,0.9651212677009737
16268,1
16269,1
16270,0.9117330397512
16271,0.8676983091129982
16272,0.999011897929704
16273,0.9220419626372091
16274,1
16275,1
16276,0.8679274953273802
16277,1
16278,1
16279,1
16280,0.7197619701773212
16281,0.9749109523201227
16282,0.9857566700855682
16283,1
16284,0.9905051668667311
16285,1
16286,0.5440477346626692
16287,1
16288,1
16289,1
16290,1
16291,0.9584073186634412
16292,1
16293,1
16294,1
16295,1
16296,0.9546597272529381
16297,1
16298,1
16299,1
16300,1
16301,1
16302,1
16303,1
16304,1
16305,1
16306,1
16307,0.6176511683378058
16308,0.999011897929704
16309,1
16310,0.8055254441721953
16311,0.13551615908469558
16312,0.9070745529850461
16313,1
16314,0.8973459867265247
16315,1
16316,1
16317,1
16318,1
16319,1
16320,0.9718392465479493
16321,0.8954876967616701
16322,0.9121767908466181
16323,0.9718392465479493
16324,0.8973459867265247
16325,1
16326,0.8680276625315166
16327,1
16328,1
16329,0.8853694274127564
16330,1
16331,0.9574216351622019
16332,0.9614144663088184
16333,1
16334,0.8652817382799306
16335,0.9302355564425553
16336,0.7503056587388022
16337,1
16338,1
16339,1
16340,0.9371052762402644
16341,1
16342,0.94925074571438806
16343,0.8969529149573318
16344,0.9430581897446968
16345,1
16346,0.8650205148861393
16347,0.8992118965512257
16348,1
16349,1
16350,0.9749109523201227
16351,1
16352,1
16353,0.3975417476754209
16354,1
16355,0.645318646368076
16356,0.8027777087395082
16357,1
16358,0.9052728943472605
16359,1
16360,0.966886818302565
16361,0.9302355564425553
16362,1
16363,1
16364,1
16365,1
16366,1
16367,1
16368,1
16369,1
16370,1
16371,0.28404767400530745
16372,1
16373,1
16374,1
16375,0.9651212677009737
16376,1
16377,1
16378,1
16379,1
16380,1
16381,0.9614144663088184
16382,1
16383,1
16384,1
16385,1
16386,0.9250779069124737
16387,1
16388,0.9836558865925136
16389,1
16390,0.9117330397512
16391,0.4219757431005803
16392,1
16393,0.7797607022827165
16394,1
16395,1
16396,0.9737360985767824
16397,1
16398,1
16399,1
16400,1
16401,1
16402,0.8530328532679335
16403,0.8228389486838933
16404,0.9530866435720331
16405,0.7302137662753131
16406,0.8138697140937888
16407,0.9371052762402644
16408,1
16409,0.9260066155700558
16410,0.9651212677009737
16411,1
16412,1
16413,1
16414,1
16415,1
16416,0.9969928523546226
16417,0.980590260469024
16418,0.9543263590458063
16419,0.9210538605669131
16420,1
16421,1
16422,1
16423,1
16424,0.7653736492580413
16425,0.9718392465479493
16426,0.9555012127891466
16427,1
16428,1
16429,0.9708511444776533
16430,1
16431,0.8084518894873198
16432,1
16433,0.9949058168780378
16434,1
16435,0.8680276625315166
16436,0.9058195460636571
16437,0.9800769784786673
16438,1
16439,0.9371052762402644
16440,1
16441,1
16442,1
16443,0.9046433454688064
16444,0.8861965230234163
16445,1
16446,1
16447,1
16448,1
16449,0.9749109523201227
16450,0.9759762511402005
16451,1
16452,0.9802237840646741
16453,0.9339533666035457
16454,0.9567632896538606
16455,1
16456,1
16457,0.9034041370226844
16458,0.8785695152072391
16459,1
16460,1
16461,1
16462,1
16463,1
16464,0.7286426491300951
16465,0.916947779515247
16466,0.9949058168780378
16467,1
16468,1
16469,0.9927453194301491
16470,1
16471,0.9927453194301491
16472,1
16473,1
16474,0.8801634659849612
16475,0.8406224927679302
16476,0.9265357340097923
16477,1
16478,1
16479,1
16480,1
16481,0.860774107136407
16482,1
16483,0.9345852398253619
16484,1
16485,0.9651212677009737
16486,0.9302355564425553
16487,1
16488,1
16489,0.8680276625315166
16490,1
16491,1
16492,0.959090147274585
16493,1
16494,1
16495,1
16496,1
16497,0.9530866435720331
16498,1
16499,0.9832309317100514
16500,0.8537843326170849
16501,1
16502,0.49749115925389537
16503,0.7593567903393763
16504,1
16505,1
16506,1
16507,0.999011897929704
16508,1
16509,1
16510,0.9683271170382325
16511,1
16512,1
16513,1
16514,1
16515,1
16516,0.2969948651910791
16517,1
16518,0.7987665890632416
16519,1
16520,1
16521,1
16522,0.8904040464390846
16523,1
16524,0.9905051668667311
16525,0.8963577666916772
16526,0.980590260469024
16527,1
16528,0.9857566700855682
16529,1
16530,0.9483339587646836
16531,1
16532,0.9685849804078539
16533,0.9614144663088184
16534,1
16535,1
16536,1
16537,1
16538,1
16539,0.9371052762402644
16540,1
16541,1
16542,1
16543,1
16544,0.9651212677009737
16545,0.9251523820894283
16546,0.8267201316337808
16547,1
16548,0.980590260469024
16549,1
16550,0.9530866435720331
16551,0.9479924604500709
16552,1
16553,0.8027777087395082
16554,0.9781367485880892
16555,0.9483339587646836
16556,0.9420047267778425
16557,0.9574216351622019
16558,0.9355583837502911
16559,0.936960514248923
16560,1
16561,1
16562,0.9302355564425553
16563,1
16564,0.8966861581757088
16565,1
16566,0.9832309317100514
16567,1
16568,0.8680276625315166
16569,1
16570,1
16571,1
16572,1
16573,1
16574,1
16575,1
16576,1
16577,1
16578,0.8211143061035497
16579,1
16580,1
16581,1
16582,0.8529724212942293
16583,1
16584,1
16585,1
16586,0.9927453194301491
16587,1
16588,0.9683271170382325
16589,0.8033250296388427
16590,0.9483339587646836
16591,1
16592,1
16593,0.9604263642385225
16594,0.9651212677009737
16595,1
16596,0.8986865879802418
16597,0.9530866435720331
16598,0.980590260469024
16599,1
16600,1
16601,0.9969928523546226
16602,1
16603,1
16604,1
16605,1
16606,1
16607,1
16608,0.9781563031749179
16609,0.9905051668667311
16610,1
16611,0.9226603481434248
16612,1
16613,0.9220419626372091
16614,1
16615,1
16616,0.757662774349328
16617,1
16618,1
16619,1
16620,1
16621,1
16622,1
16623,1
16624,0.9739228502498266
16625,1
16626,1
16627,1
16628,1
16629,1
16630,1
16631,0.9718392465479493
16632,1
16633,0.9220419626372091
16634,0.9363254186289411
16635,1
16636,0.9969928523546226
16637,1
16638,0.35608839591199365
16639,0.9574216351622019
16640,1
16641,0.8243038315257112
16642,0.9718392465479493
16643,0.9574216351622019
16644,0.27103052858604
16645,0.8973459867265247
16646,0.7377211270869183
16647,0.8973459867265247
16648,1
16649,1
16650,1
16651,0.785996804596336
16652,0.9067588393767277
16653,1
16654,0.999011897929704
16655,1
16656,0.9918986692326606
16657,0.44822043282973734
16658,1
16659,1
16660,1
16661,1
16662,1
16663,0.7926377892076264
16664,1
16665,1
16666,1
16667,0.9430581897446968
16668,0.14421982184185203
16669,1
16670,0.999011897929704
16671,0.9479924604500709
16672,0.9927453194301491
16673,1
16674,1
16675,0.8628319757129675
16676,0.9117330397512
16677,1
16678,1
16679,1
16680,0.891650022751374
16681,1
16682,0.9614144663088184
16683,0.9555012127891466
16684,1
16685,0.9857566700855682
16686,0.7311209891149338
16687,0.9483339587646836
16688,0.999011897929704
16689,1
16690,1
16691,0.7653736492580413
16692,0.5724200006096981
16693,1
16694,0.9483339587646836
16695,1
16696,0.9778219501715014
16697,1
16698,1
16699,0.8732147519096309
16700,1
16701,1
16702,1
16703,0.6856423365877345
16704,0.7207221966302754
16705,1
16706,1
16707,1
16708,1
16709,0.8960298614445082
16710,0.999011897929704
16711,1
16712,1
16713,0.9026322231062331
16714,0.999011897929704
16715,0.5536200632573138
16716,0.9614144663088184
16717,1
16718,0.9949058168780378
16719,1
16720,1
16721,0.7092003441114499
16722,0.9685849804078539
16723,1
16724,1
16725,0.9905051668667311
16726,0.9584073186634412
16727,0.9905051668667311
16728,1
16729,1
16730,1
16731,1
16732,1
16733,1
16734,1
16735,1
16736,0.9969928523546226
16737,1
16738,0.9302355564425553
16739,1
16740,1
16741,1
16742,1
16743,1
16744,1
16745,1
16746,0.9260684823907971
16747,1
16748,0.7775006743752342
16749,0.9159596774449509
16750,1
16751,1
16752,1
16753,1
16754,1
16755,0.8941326123473502
16756,1
16757,1
16758,1
16759,1
16760,0.7651088629026602
16761,0.9530866435720331
16762,0.39436096366558704
16763,1
16764,0.9832309317100514
16765,0.7599309113245942
16766,0.7007389988165832
16767,1
16768,1
16769,1
16770,1
16771,1
16772,0.9430581897446968
16773,0.9530866435720331
16774,1
16775,1
16776,1
16777,0.805132938771781
16778,1
16779,1
16780,0.9614144663088184
16781,1
16782,0.9098511421791752
16783,0.9055161505890064
16784,1
16785,1
16786,1
16787,0.25232520675064646
16788,1
16789,0.9614144663088184
16790,1
16791,0.22853005627794243
16792,0.8680138699837988
16793,0.9055161505890064
16794,1
16795,1
16796,1
16797,0.49009559973280764
16798,0.7474912603309277
16799,1
16800,0.8978458621180052
16801,0.8953775425363821
16802,0.8226310831573614
16803,0.9832309317100514
16804,0.9188361014710205
16805,1
16806,1
16807,0.9430581897446968
16808,1
16809,1
16810,0.9685849804078539
16811,0.9614144663088184
16812,1
16813,0.9685849804078539
16814,1
16815,1
16816,0.9832309317100514
16817,0.9749109523201227
16818,0.9055454946567769
16819,1
16820,1
16821,0.6611428969489386
16822,1
16823,1
16824,1
16825,1
16826,1
16827,0.8876571916047573
16828,0.9483339587646836
16829,1
16830,1
16831,0.1978908552178076
16832,0.8684217335450968
16833,1
16834,1
16835,0.8027777087395082
16836,1
16837,1
16838,1
16839,1
16840,1
16841,1
16842,1
16843,1
16844,0.9905051668667311
16845,1
16846,0.9518159121179053
16847,0.9220419626372091
16848,1
16849,0.959090147274585
16850,1
16851,1
16852,1
16853,0.8758662053818779
16854,0.833240520069993
16855,1
16856,0.8999113489972067
16857,0.5862478071550675
16858,1
16859,1
16860,1
16861,0.9775831128236467
16862,0.8525337439539906
16863,1
16864,1
16865,0.9714092409560581
16866,0.9584122106405254
16867,1
16868,1
16869,1
16870,0.6499588856237568
16871,1
16872,1
16873,1
16874,1
16875,0.9857566700855682
16876,1
16877,0.9881783092460067
16878,0.9220419626372091
16879,0.903439888661189
16880,1
16881,0.9614144663088184
16882,1
16883,1
16884,0.9089445227882137
16885,1
16886,0.9431783052477701
16887,1
16888,1
16889,0.6578928101493071
16890,1
16891,1
16892,1
16893,1
16894,0.926155908936185
16895,0.9785019895157173
16896,1
16897,1
16898,0.7602794661360791
16899,1
16900,1
16901,0.9768338481012054
16902,1
16903,0.8275815431690801
16904,0.999011897929704
16905,1
16906,0.9117330397512
16907,0.9220419626372091
16908,0.9483339587646836
16909,0.6833278021241889
16910,1
16911,1
16912,0.8247528783580204
16913,0.9749109523201227
16914,1
16915,0.7833738407624912
16916,1
16917,1
16918,0.8398669090794659
16919,1
16920,0.980590260469024
16921,1
16922,1
16923,1
16924,1
16925,1
16926,1
16927,0.7790202842637117
16928,1
16929,0.980590260469024
16930,1
16931,1
16932,0.8680276625315166
16933,0.8914074246445102
16934,1
16935,1
16936,0.6482591057084938
16937,1
16938,0.9881783092460067
16939,0.9420047267778425
16940,0.7599309113245942
16941,1
16942,0.9080575066140567
16943,1
16944,1
16945,1
16946,1
16947,0.8973459867265247
16948,0.8337750023884092
16949,0.9969928523546226
16950,1
16951,0.7465971777387557
16952,0.8233526022965806
16953,1
16954,1
16955,1
16956,1
16957,0.8973459867265247
16958,1
16959,1
16960,0.6714636875261043
16961,1
16962,1
16963,0.9949058168780378
16964,0.9651212677009737
16965,1
16966,0.8993784729315532
16967,1
16968,1
16969,0.9574216351622019
16970,1
16971,1
16972,0.8505404987553314
16973,1
16974,0.9363175752820845
16975,1
16976,0.9453268111193064
16977,0.28404767400530745
16978,1
16979,0.9949058168780378
16980,1
16981,1
16982,1
16983,1
16984,0.7599309113245942
16985,1
16986,1
16987,1
16988,0.8504326302985578
16989,1
16990,1
16991,1
16992,1
16993,1
16994,0.8670395604612207
16995,0.9614144663088184
16996,0.4972425565918858
16997,1
16998,0.4319974409017798
16999,0.9969928523546226
17000,1
17001,0.9949058168780378
17002,1
17003,1
17004,1
17005,1
17006,0.8663527306125238
17007,1
17008,1
17009,1
17010,1
17011,1
17012,1
17013,0.8218503352051854
17014,1
17015,1
17016,0.980590260469024
17017,1
17018,1
17019,0.9651212677009737
17020,0.9927453194301491
17021,1
17022,0.9881783092460067
17023,1
17024,0.8573024241598532
17025,1
17026,1
17027,0.980590260469024
17028,0.7214030012893606
17029,1
17030,1
17031,1
17032,1
17033,0.9614144663088184
17034,1
17035,1
17036,0.8973459867265247
17037,1
17038,1
17039,1
17040,0.5895234985565171
17041,1
17042,1
17043,1
17044,1
17045,0.7392028571191744
17046,0.9380721305494554
17047,1
17048,0.9014206023367168
17049,1
17050,1
17051,0.9785019895157173
17052,0.9532995769469804
17053,0.9188361014710205
17054,1
17055,0.9543263590458063
17056,0.9881783092460067
17057,1
17058,0.9881783092460067
17059,1
17060,1
17061,0.29300334429183306
17062,0.44822043282973734
17063,1
17064,0.9489173775072564
17065,0.8008763083445318
17066,0.9574216351622019
17067,0.8883850008640032
17068,1
17069,0.8953568241435291
17070,0.892637858468941
17071,1
17072,0.9574192165931452
17073,0.9371052762402644
17074,0.9371052762402644
17075,1
17076,0.8726636352576804
17077,0.9651212677009737
17078,1
17079,1
17080,0.8494502840744601
17081,0.9530866435720331
17082,1
17083,0.9881783092460067
17084,1
17085,1
17086,1
17087,1
17088,0.9483339587646836
17089,0.9136191735199042
17090,0.9748148025261241
17091,0.9718392465479493
17092,1
17093,0.9927453194301491
17094,1
17095,1
17096,1
17097,0.8336635620086092
17098,0.9832309317100514
17099,1
17100,0.9759762511402005
17101,0.7501690487295319
17102,1
17103,0.8999113489972067
17104,1
17105,1
17106,1
17107,1
17108,0.9102281227584307
17109,0.9749109523201227
17110,1
17111,1
17112,1
17113,1
17114,1
17115,0.7923736719467944
17116,1
17117,0.9749109523201227
17118,0.9116431701525507
17119,0.8906035548791262
17120,0.8922518036045625
17121,1
17122,1
17123,0.81233914238156
17124,0.8022054286221703
17125,1
17126,0.9220419626372091
17127,1
17128,0.702960235662883
17129,1
17130,0.9614144663088184
17131,1
17132,0.9857566700855682
17133,0.7777303025991193
17134,1
17135,1
17136,1
17137,0.739403749393992
17138,1
17139,0.8827992982552433
17140,0.980590260469024
17141,0.9147872820673582
17142,1
17143,1
17144,0.98325048629688
17145,0.9905051668667311
17146,1
17147,1
17148,0.9055161505890064
17149,1
17150,1
17151,1
17152,0.8726636352576804
17153,1
17154,0.9117330397512
17155,0.7638867919297291
17156,0.8684217335450968
17157,0.7638867919297291
17158,1
17159,0.9014206023367168
17160,1
17161,1
17162,1
17163,1
17164,0.4776938798437548
17165,0.7162050209565409
17166,0.28404767400530745
17167,1
17168,1
17169,1
17170,1
17171,0.9431783052477701
17172,1
17173,0.9969928523546226
17174,1
17175,1
17176,0.8973459867265247
17177,0.6714230021935402
17178,1
17179,0.9832309317100514
17180,1
17181,1
17182,0.9927453194301491
17183,0.7694482648682334
17184,1
17185,1
17186,0.7933112480177877
17187,0.9314681982555659
17188,1
17189,1
17190,0.8673408326828198
17191,1
17192,0.9352435853337033
17193,1
17194,0.944490119851477
17195,1
17196,1
17197,1
17198,1
17199,1
17200,1
17201,0.6842097507290618
17202,0.7927663041623637
17203,0.8756295464352087
17204,1
17205,1
17206,1
17207,0.9614144663088184
17208,0.9265357340097923
17209,0.9830841261240445
17210,0.4720049191070904
17211,1
17212,0.6366219827371132
17213,1
17214,0.9689876017956197
17215,0.6820707859436561
17216,0.9172192432039413
17217,1
17218,0.7539670816146481
17219,1
17220,1
17221,1
17222,1
17223,0.7147447735072628
17224,0.8944697482253062
17225,0.9881783092460067
17226,1
17227,0.9733355798991731
17228,1
17229,1
17230,0.9432484875040074
17231,1
17232,0.9336769040410571
17233,0.9464069305793552
17234,0.6201648787539381
17235,1
17236,0.9371052762402644
17237,0.40253543053667423
17238,1
17239,0.8500016050194376
17240,1
17241,1
17242,1
17243,0.41728200054401016
17244,0.4308776005662461
17245,1
17246,1
17247,0.7803858433634824
17248,1
17249,1
17250,1
17251,1
17252,1
17253,0.9614144663088184
17254,1
17255,0.7587452501484613
17256,1
17257,1
17258,0.8896020845934822
17259,1
17260,1
17261,1
17262,1
17263,1
17264,1
17265,1
17266,0.9220419626372091
17267,0.9483339587646836
17268,1
17269,1
17270,0.9718392465479493
17271,0.9337062481088276
17272,1
17273,1
17274,1
17275,0.9778219501715014
17276,0.903439888661189
17277,1
17278,1
17279,0.8375093320355865
17280,1
17281,0.9371052762402644
17282,1
17283,1
17284,0.6962422568159075
17285,1
17286,0.8488383159914644
17287,1
17288,0.7953357088244613
17289,0.9881783092460067
17290,1
17291,1
17292,1
17293,1
17294,1
17295,0.8640604917914398
17296,0.7832213203363327
17297,0.9614144663088184
17298,1
17299,1
17300,1
17301,0.805380063397717
17302,1
17303,1
17304,1
17305,1
17306,0.9220419626372091
17307,0.9857566700855682
17308,0.9371052762402644
17309,1
17310,1
17311,0.9479924604500709
17312,1
17313,1
17314,0.8900913061566738
17315,1
17316,0.9881783092460067
17317,0.8956024152852753
17318,0.6142119652495057
17319,1
17320,1
17321,0.8012845151454274
17322,0.9483339587646836
17323,1
17324,1
17325,1
17326,0.6674460593319381
17327,0.9651212677009737
17328,1
17329,0.9555012127891466
17330,1
17331,1
17332,0.8027777087395082
17333,1
17334,0.6295361960262146
17335,1
17336,1
17337,0.5626887659473436
17338,1
17339,1
17340,1
17341,1
17342,0.8525337439539906
17343,1
17344,0.9733355798991731
17345,1
17346,1
17347,0.999011897929704
17348,0.9323325874823246
17349,0.964440146198306
17350,0.9704211388857621
17351,1
17352,1
17353,1
17354,0.9685849804078539
17355,1
17356,1
17357,0.9241532712502971
17358,0.9574216351622019
17359,1
17360,0.9574216351622019
17361,1
17362,1
17363,0.9584122106405254
17364,1
17365,1
17366,0.8821551896181049
17367,0.9857566700855682
17368,0.8680276625315166
17369,1
17370,1
17371,0.9220419626372091
17372,0.9927453194301491
17373,1
17374,0.9927453194301491
17375,1
17376,1
17377,0.9614144663088184
17378,1
17379,1
17380,0.8012845151454274
17381,0.8993784729315532
17382,1
17383,0.8680276625315166
17384,1
17385,1
17386,1
17387,1
17388,1
17389,0.9377561715106503
17390,0.9380118956312259
17391,1
17392,1
17393,0.9430581897446968
17394,0.959090147274585
17395,1
17396,1
17397,1
17398,1
17399,1
17400,1
17401,1
17402,1
17403,1
17404,1
17405,0.8149809347877505
17406,0.9260684823907971
17407,0.9771682011046219
17408,0.9500794959266557
17409,1
17410,1
17411,0.9685849804078539
17412,1
17413,1
17414,0.9220419626372091
17415,0.698034390663302
17416,1
17417,1
17418,1
17419,0.9220419626372091
17420,0.9614144663088184
17421,0.9778219501715014
17422,1
17423,1
17424,0.9651212677009737
17425,0.9682413967772109
17426,0.9881783092460067
17427,0.9117330397512
17428,1
17429,1
17430,0.8266308714086987
17431,0.6082686814428431
17432,0.3795796795795765
17433,0.9949058168780378
17434,1
17435,1
17436,1
17437,0.7665468387118208
17438,0.9832309317100514
17439,1
17440,1
17441,0.9371052762402644
17442,0.9832309317100514
17443,1
17444,0.9857566700855682
17445,1
17446,1
17447,1
17448,1
17449,1
17450,1
17451,1
17452,0.7376738038094356
17453,1
17454,0.9614144663088184
17455,0.980590260469024
17456,1
17457,1
17458,1
17459,1
17460,1
17461,0.7385005780025401
17462,0.4784650942096875
17463,1
17464,0.8680276625315166
17465,0.9778219501715014
17466,0.8980182137774095
17467,1
17468,1
17469,1
17470,0.9159922265281236
17471,0.9530866435720331
17472,1
17473,0.9264222234712062
17474,1
17475,1
17476,1
17477,1
17478,0.43541596494313156
17479,1
17480,1
17481,1
17482,0.5509048811945736
17483,0.999011897929704
17484,1
17485,0.9719038046747454
17486,1
17487,0.8336183417344482
17488,1
17489,1
17490,1
17491,0.9483339587646836
17492,0.9718392465479493
17493,0.9530866435720331
17494,0.8007334168471321
17495,1
17496,1
17497,1
17498,0.7996078711754357
17499,1
17500,1
17501,1
17502,1
17503,0.8680276625315166
17504,0.6674460593319381
17505,1
17506,1
17507,0.9117330397512
17508,1
17509,1
17510,0.9832309317100514
17511,1
17512,0.6354599407161192
17513,0.9718392465479493
17514,0.9196465075015726
17515,0.39025893179295296
17516,1
17517,1
17518,0.8027777087395082
17519,1
17520,0.8973459867265247
17521,1
17522,1
17523,1
17524,1
17525,1
17526,1
17527,0.3959059575410981
17528,0.8680276625315166
17529,0.6913924366782699
17530,1
17531,0.9574216351622019
17532,0.9175361170923116
17533,1
17534,0.8336183417344482
17535,0.9832309317100514
17536,1
17537,0.8027777087395082
17538,1
17539,0.8853694274127564
17540,0.980590260469024
17541,1
17542,1
17543,0.8004091727518199
17544,0.9430581897446968
17545,0.9584073186634412
17546,0.8993784729315532
17547,1
17548,0.98325048629688
17549,1
17550,1
17551,1
17552,1
17553,1
17554,1
17555,1
17556,0.8943388390811474
17557,1
17558,1
17559,0.6674460593319381
17560,0.4003879470865306
17561,1
17562,0.9857566700855682
17563,1
17564,0.9881783092460067
17565,1
17566,0.6338615874014425
17567,1
17568,0.9574216351622019
17569,0.9214120581031638
17570,0.9371052762402644
17571,0.999011897929704
17572,1
17573,1
17574,0.5495324195963454
17575,0.9905051668667311
17576,1
17577,1
17578,1
17579,0.9550701782580007
17580,1
17581,1
17582,1
17583,0.6357478142198169
17584,1
17585,1
17586,1
17587,1
17588,0.8755650586983369
17589,0.9117330397512
17590,1
17591,0.8368744130717932
17592,1
17593,1
17594,0.931564890474735
17595,0.9145011098808516
17596,0.9778219501715014
17597,0.9325512361049139
17598,0.9052728943472605
17599,0.6919093832678336
17600,0.7171355903579985
17601,0.9225429028631756
17602,1
17603,0.6771066890092413
17604,1
17605,0.3291344524549886
17606,1
17607,1
17608,1
17609,1
17610,0.9614144663088184
17611,0.8680276625315166
17612,1
17613,0.8254492976937186
17614,1
17615,1
17616,1
17617,0.9220419626372091
17618,0.9419765105577085
17619,0.8680276625315166
17620,1
17621,0.9949058168780378
17622,1
17623,0.9832309317100514
17624,1
17625,1
17626,1
17627,0.8853057347005561
17628,0.9604263642385225
17629,1
17630,0.9206224804901203
17631,1
17632,1
17633,1
17634,0.8834564289460277
17635,0.9634907972858918
17636,0.4711833525288941
17637,0.9927453194301491
17638,1
17639,1
17640,1
17641,1
17642,1
17643,0.9302355564425553
17644,1
17645,1
17646,0.971095427335755
17647,0.9651212677009737
17648,0.9857566700855682
17649,1
17650,0.9832309317100514
17651,0.9905051668667311
17652,1
17653,1
17654,1
17655,1
17656,1
17657,1
17658,0.6571054564729908
17659,0.999011897929704
17660,1
17661,1
17662,1
17663,1
17664,0.811276150035524
17665,0.8680276625315166
17666,1
17667,1
17668,0.8662582795517989
17669,1
17670,0.9559782533464193
17671,1
17672,0.9574216351622019
17673,0.9066388566292378
17674,0.999011897929704
17675,1
17676,0.999011897929704
17677,1
17678,0.736076217526104
17679,0.8726636352576804
17680,0.9685849804078539
17681,1
17682,1
17683,0.9905051668667311
17684,1
17685,1
17686,0.9568784850608267
17687,1
17688,1
17689,1
17690,0.9857566700855682
17691,1
17692,1
17693,1
17694,0.8008763083445318
17695,0.891650022751374
17696,0.8866439920713227
17697,0.9148974362926461
17698,0.9584122106405254
17699,1
17700,1
17701,1
17702,1
17703,1
17704,0.7671529740416729
17705,0.6093583074220777
17706,0.7504086068329762
17707,1
17708,1
17709,1
17710,1
17711,1
17712,0.9905051668667311
17713,1
17714,1
17715,1
17716,0.8770530091440552
17717,1
17718,0.8928159316229987
17719,1
17720,1
17721,0.8973459867265247
17722,0.6473481067216231
17723,0.4003622490413691
17724,1
17725,1
17726,0.8163616212962004
17727,1
17728,1
17729,1
17730,0.8680276625315166
17731,1
17732,1
17733,1
17734,1
17735,0.8833674448282782
17736,0.8973459867265247
17737,1
17738,1
17739,0.9179691420648194
17740,1
17741,1
17742,0.5507197202958112
17743,1
17744,1
17745,1
17746,1
17747,1
17748,0.9483339587646836
17749,1
17750,1
17751,0.989517064796435
17752,1
17753,0.959090147274585
17754,0.9614144663088184
17755,0.7797607022827165
17756,1
17757,0.8901919198122976
17758,1
17759,1
17760,1
17761,0.5724200006096981
17762,1
17763,0.9854109837447689
17764,0.9530866435720331
17765,1
17766,1
17767,1
17768,1
17769,1
17770,0.9685849804078539
17771,0.9881783092460067
17772,0.8999113489972067
17773,0.8027777087395082
17774,1
17775,1
17776,0.645318646368076
17777,1
17778,0.9220419626372091
17779,1
17780,1
17781,1
17782,1
17783,0.8973459867265247
17784,1
17785,1
17786,1
17787,1
17788,0.991757217359853
17789,1
17790,1
17791,0.8923438601313527
17792,0.9949058168780378
17793,0.9574216351622019
17794,1
17795,1
17796,0.9434959327279765
17797,0.9857566700855682
17798,1
17799,1
17800,0.999011897929704
17801,1
17802,1
17803,1
17804,0.6662380032300987
17805,0.9352435853337033
17806,0.9749109523201227
17807,1
17808,1
17809,1
17810,0.14421982184185203
17811,1
17812,0.5646236567413525
17813,1
17814,1
17815,1
17816,1
17817,1
17818,0.950877937786542
17819,0.9117330397512
17820,0.9927453194301491
17821,0.9969928523546226
17822,0.14477797273036425
17823,0.8998639128087105
17824,1
17825,1
17826,1
17827,0.9881783092460067
17828,1
17829,0.9881783092460067
17830,0.9220419626372091
17831,0.6165602241198819
17832,0.8090790264777248
17833,1
17834,0.9117330397512
17835,1
17836,1
17837,1
17838,0.9680882796903777
17839,1
17840,0.8693289563847175
17841,0.9312364989907035
17842,1
17843,1
17844,1
17845,1
17846,0.9651212677009737
17847,0.9905051668667311
17848,1
17849,1
17850,0.9857566700855682
17851,0.9689876017956197
17852,1
17853,0.9518159121179053
17854,1
17855,0.8110858522762134
17856,1
17857,1
17858,1
17859,1
17860,1
17861,1
17862,1
17863,1
17864,0.9949058168780378
17865,1
17866,1
17867,1
17868,1
17869,1
17870,0.9778219501715014
17871,1
17872,1
17873,1
17874,0.8671700602357042
17875,1
17876,0.9302355564425553
17877,1
17878,0.9150175517957195
17879,1
17880,1
17881,1
17882,1
17883,0.9927453194301491
17884,1
17885,1
17886,0.9117330397512
17887,0.28404767400530745
17888,0.9684216478975095
17889,0.5967220817228063
17890,1
17891,1
17892,0.989517064796435
17893,1
17894,0.6968180682730999
17895,1
17896,0.898519742549083
17897,1
17898,1
17899,1
17900,1
17901,1
17902,0.9685849804078539
17903,0.9969928523546226
17904,1
17905,0.9857566700855682
17906,1
17907,0.9685849804078539
17908,0.5189407302635127
17909,1
17910,1
17911,0.9055161505890064
17912,0.8835722862991494
17913,1
17914,1
17915,1
17916,1
17917,0.5022132717349348
17918,1
17919,0.6282122009568956
17920,1
17921,1
17922,1
17923,1
17924,0.9302355564425553
17925,0.8027777087395082
17926,1
17927,1
17928,1
17929,1
17930,0.9638211921790754
17931,1
17932,0.9905051668667311
17933,1
17934,0.9832309317100514
17935,1
17936,0.9018242963479838
17937,1
17938,0.9876511363081869
17939,0.9220419626372091
17940,0.5427243775753641
17941,1
17942,1
17943,0.27877753836240676
17944,0.9969928523546226
17945,1
17946,1
17947,0.999011897929704
17948,1
17949,0.9651212677009737
17950,0.9084224811889559
17951,1
17952,0.999011897929704
17953,0.9749109523201227
17954,1
17955,1
17956,0.9832309317100514
17957,0.8949639714612515
17958,0.8722569390466473
17959,1
17960,1
17961,1
17962,1
17963,0.9371052762402644
17964,1
17965,1
17966,1
17967,1
17968,1
17969,0.934090628850252
17970,1
17971,0.9614144663088184
17972,1
17973,1
17974,1
17975,1
17976,1
17977,1
17978,1
17979,0.8344512629667891
17980,1
17981,0.9220419626372091
17982,0.8282545804700592
17983,1
17984,1
17985,1
17986,0.8785695152072391
17987,0.9667450634259871
17988,1
17989,1
17990,1
17991,0.9675968783375579
17992,0.980590260469024
17993,0.7874919117096618
17994,0.9105082787342351
17995,1
17996,0.8784361225870291
17997,1
17998,1
17999,1
18000,1
18001,1
18002,0.9905051668667311
18003,1
18004,0.8424596948130196
18005,1
18006,1
18007,0.9574216351622019
18008,1
18009,0.9326953700442052
18010,0.9749109523201227
18011,1
18012,0.9430581897446968
18013,1
18014,1
18015,0.9857566700855682
18016,0.14421982184185203
18017,0.9949058168780378
18018,0.9265357340097923
18019,1
18020,0.9463201932761807
18021,0.9969928523546226
18022,1
18023,1
18024,0.9312364989907035
18025,1
18026,1
18027,0.8582783971484009
18028,1
18029,1
18030,1
18031,0.9117330397512
18032,1
18033,0.5077230850269264
18034,1
18035,0.8027777087395082
18036,1
18037,1
18038,1
18039,1
18040,1
18041,1
18042,1
18043,0.9220419626372091
18044,1
18045,0.7606359638820859
18046,1
18047,0.7671529740416729
18048,1
18049,0.980590260469024
18050,0.9329116830163308
18051,1
18052,0.8680276625315166
18053,0.8684217335450968
18054,1
18055,0.9949058168780378
18056,0.7381759003666757
18057,1
18058,1
18059,0.980590260469024
18060,1
18061,1
18062,0.48934057145874793
18063,0.9614144663088184
18064,1
18065,1
18066,1
18067,0.9927453194301491
18068,1
18069,0.9145011098808516
18070,1
18071,1
18072,1
18073,0.999011897929704
18074,1
18075,1
18076,1
18077,1
18078,1
18079,0.8510146104626144
18080,0.8343232517239288
18081,1
18082,0.8966580516425219
18083,1
18084,0.9689876017956197
18085,0.999011897929704
18086,0.8218503352051854
18087,0.9339533666035457
18088,0.9057555939268856
18089,0.9302355564425553
18090,1
18091,0.5174264140846152
18092,0.916947779515247
18093,0.9220419626372091
18094,0.9574216351622019
18095,1
18096,0.9832309317100514
18097,1
18098,0.7539670816146481
18099,0.980590260469024
18100,1
18101,0.919462918194396
18102,1
18103,0.8853694274127564
18104,0.9832309317100514
18105,0.9483339587646836
18106,0.9584122106405254
18107,1
18108,0.5675142323891663
18109,0.767459667954118
18110,0.9881783092460067
18111,1
18112,1
18113,1
18114,1
18115,1
18116,0.9276104431069954
18117,1
18118,1
18119,0.9749109523201227
18120,0.9927453194301491
18121,1
18122,0.8752946274330228
18123,0.9220419626372091
18124,1
18125,1
18126,0.9220419626372091
18127,0.928814859830265
18128,1
18129,1
18130,1
18131,0.8038311717063625
18132,1
18133,0.9759762511402005
18134,1
18135,1
18136,0.9201914459589744
18137,0.8297562415397864
18138,1
18139,0.9969928523546226
18140,0.9881783092460067
18141,0.9325512361049139
18142,0.9483339587646836
18143,0.7147447735072628
18144,1
18145,1
18146,1
18147,0.9718392465479493
18148,0.9574216351622019
18149,1
18150,0.9927453194301491
18151,0.9610724364683815
18152,0.8294285764604884
18153,1
18154,1
18155,0.8650205148861393
18156,0.9651212677009737
18157,0.9158338458027273
18158,0.40653302668395447
18159,0.9969928523546226
18160,0.21217441155755498
18161,1
18162,0.9220419626372091
18163,1
18164,0.9651212677009737
18165,1
18166,0.9614144663088184
18167,0.13551615908469558
18168,0.3594475323086776
18169,1
18170,1
18171,0.9832309317100514
18172,0.8953568241435291
18173,1
18174,0.980590260469024
18175,0.9614144663088184
18176,1
18177,1
18178,0.9949058168780378
18179,1
18180,1
18181,0.4972425565918858
18182,0.6165602241198819
18183,0.8680276625315166
18184,1
18185,0.9168791820003348
18186,1
18187,1
18188,0.5838736165048607
18189,1
18190,0.9302355564425553
18191,0.8973459867265247
18192,1
18193,1
18194,0.9663469305545923
18195,1
18196,1
18197,0.7192247918038389
18198,1
18199,0.9969928523546226
18200,0.9781563031749179
18201,1
18202,0.8508568224674742
18203,0.9832309317100514
18204,1
18205,1
18206,0.800119619715764
18207,0.9857566700855682
18208,1
18209,0.9584073186634412
18210,1
18211,1
18212,1
18213,1
18214,0.999011897929704
18215,0.9530866435720331
18216,0.8973459867265247
18217,0.8837959696249168
18218,1
18219,1
18220,1
18221,1
18222,0.9574216351622019
18223,0.9022382066179311
18224,0.8920317214461785
18225,0.947820662402232
18226,1
18227,1
18228,1
18229,0.8027777087395082
18230,1
18231,1
18232,0.9497557275787277
18233,0.4664894843292701
18234,1
18235,1
18236,0.7588875353662929
18237,1
18238,0.881689179773843
18239,1
18240,0.9117330397512
18241,1
18242,0.7471673834119055
18243,1
18244,1
18245,0.999011897929704
18246,0.9220419626372091
18247,0.9905051668667311
18248,1
18249,1
18250,0.7775006743752342
18251,1
18252,0.9430581897446968
18253,1
18254,1
18255,1
18256,1
18257,0.5827724360387795
18258,1
18259,1
18260,0.9430581897446968
18261,1
18262,1
18263,1
18264,1
18265,0.8090790264777248
18266,1
18267,1
18268,1
18269,1
18270,1
18271,1
18272,1
18273,1
18274,0.8768543074521739
18275,0.9260066155700558
18276,0.9905051668667311
18277,1
18278,0.881689179773843
18279,1
18280,0.9685849804078539
18281,1
18282,1
18283,1
18284,1
18285,1
18286,1
18287,1
18288,1
18289,1
18290,0.9430581897446968
18291,1
18292,1
18293,0.9055161505890064
18294,0.9337062481088276
18295,1
18296,0.921671623979887
18297,0.7372128958059906
18298,0.9905051668667311
18299,0.6881772574191536
18300,1
18301,1
18302,0.8902293261390836
18303,0.999011897929704
18304,1
18305,1
18306,0.8648664696279342
18307,0.682272121973936
18308,0.8963463772712646
18309,0.8983749805577416
18310,1
18311,1
18312,0.881689179773843
18313,0.8802539314951286
18314,0.9830841261240445
18315,1
18316,1
18317,1
18318,1
18319,1
18320,0.7413158074698726
18321,0.9117330397512
18322,0.743669667589145
18323,1
18324,0.9857566700855682
18325,1
18326,0.8130735347263286
18327,0.6271785134442035
18328,1
18329,0.989517064796435
18330,1
18331,1
18332,0.616643516675273
18333,0.7893601211390554
18334,1
18335,1
18336,1
18337,1
18338,1
18339,0.941476531497304
18340,0.9614144663088184
18341,1
18342,1
18343,0.9574216351622019
18344,1
18345,0.6327424230145567
18346,0.3310461831291048
18347,1
18348,1
18349,0.8505605027059218
18350,1
18351,1
18352,0.8684217335450968
18353,0.8562295855565916
18354,0.8802539314951286
18355,1
18356,0.980590260469024
18357,1
18358,0.865100152381906
18359,1
18360,0.9574216351622019
18361,0.6132645160563458
18362,0.8973459867265247
18363,1
18364,1
18365,0.8380341891653327
18366,0.9614144663088184
18367,0.8722569390466473
18368,0.9371052762402644
18369,1
18370,1
18371,1
18372,1
18373,1
18374,0.6078948800366302
18375,1
18376,1
18377,0.4003622490413691
18378,1
18379,0.8893505834722302
18380,0.9301623987405749
18381,0.6845395265664629
18382,0.8468719419601081
18383,1
18384,1
18385,0.9939177148077418
18386,1
18387,0.9371052762402644
18388,1
18389,1
18390,0.9778219501715014
18391,1
18392,0.4375528650009647
18393,1
18394,1
18395,0.9949058168780378
18396,1
18397,0.9379640066227346
18398,1
18399,0.9381738589688738
18400,0.9651212677009737
18401,1
18402,1
18403,1
18404,0.7887683858408029
18405,1
18406,1
18407,1
18408,0.9832309317100514
18409,0.6694783044867445
18410,1
18411,0.980590260469024
18412,1
18413,0.7587329811922002
18414,0.8640604917914398
18415,1
18416,1
18417,0.9969928523546226
18418,0.8554852864605971
18419,0.8147717503447908
18420,1
18421,1
18422,1
18423,1
18424,1
18425,1
18426,1
18427,1
18428,1
18429,1
18430,1
18431,1
18432,1
18433,0.8459971145491967
18434,0.9323325874823246
18435,0.9781367485880892
18436,0.7874919117096618
18437,0.9857566700855682
18438,0.1978908552178076
18439,1
18440,1
18441,1
18442,1
18443,1
18444,1
18445,1
18446,1
18447,1
18448,0.9159596774449509
18449,0.8366126429393705
18450,1
18451,0.9685849804078539
18452,0.903768856986917
18453,1
18454,0.4085729993415628
18455,1
18456,0.9614144663088184
18457,0.8834564289460277
18458,1
18459,0.44822043282973734
18460,0.9530866435720331
18461,0.9737360985767824
18462,0.9574216351622019
18463,1
18464,1
18465,1
18466,0.9881783092460067
18467,1
18468,0.9641331656306777
18469,1
18470,0.9584122106405254
18471,1
18472,0.48934057145874793
18473,1
18474,0.8368744130717932
18475,0.7304749139927137
18476,0.9614144663088184
18477,1
18478,0.7665468387118208
18479,1
18480,1
18481,1
18482,1
18483,0.9117330397512
18484,0.826142194717372
18485,0.8066697072100872
18486,1
18487,0.9685849804078539
18488,0.9117330397512
18489,0.6637644988028824
18490,0.9718392465479493
18491,0.9302355564425553
18492,1
18493,1
18494,1
18495,1
18496,1
18497,1
18498,1
18499,0.9260066155700558
18500,1
18501,0.98325048629688
18502,1
18503,1
18504,0.999011897929704
18505,1
18506,0.13551615908469558
18507,1
18508,1
18509,1
18510,0.9927453194301491
18511,0.3795796795795765
18512,0.4392917513334205
18513,0.980590260469024
18514,0.8993784729315532
18515,0.9651212677009737
18516,1
18517,1
18518,1
18519,1
18520,1
18521,1
18522,1
18523,1
18524,1
18525,1
18526,0.8913921485093805
18527,0.9969928523546226
18528,1
18529,1
18530,0.7653736492580413
18531,1
18532,1
18533,0.9927453194301491
18534,0.9323325874823246
18535,1
18536,1
18537,0.7900696251687257
18538,1
18539,0.7682801502435397
18540,0.6991280743309305
18541,1
18542,1
18543,0.8027777087395082
18544,1
18545,1
18546,1
18547,1
18548,0.9192617904508813
18549,0.7460054678371016
18550,0.9455999444082086
18551,1
18552,1
18553,0.999011897929704
18554,1
18555,1
18556,0.9225429028631756
18557,1
18558,0.9483339587646836
18559,1
18560,0.9778219501715014
18561,1
18562,0.8532127273985227
18563,1
18564,0.9663469305545923
18565,1
18566,0.6183567211688704
18567,0.9232819738093709
18568,1
18569,1
18570,0.9927453194301491
18571,1
18572,1
18573,0.973934979331575
18574,1
18575,0.9428326189069708
18576,1
18577,1
18578,0.5724200006096981
18579,0.9455999444082086
18580,0.9667450634259871
18581,1
18582,0.9949058168780378
18583,1
18584,0.9574216351622019
18585,1
18586,0.9614144663088184
18587,0.7145488901349192
18588,1
18589,1
18590,0.980590260469024
18591,1
18592,0.991757217359853
18593,1
18594,0.9778219501715014
18595,0.8937392104442865
18596,0.5671690067994277
18597,1
18598,0.6369940778140282
18599,1
18600,1
18601,0.9464069305793552
18602,1
18603,1
18604,0.9684216478975095
18605,0.4085729993415628
18606,1
18607,0.541795675886363
18608,1
18609,1
18610,1
18611,1
18612,1
18613,1
18614,0.991757217359853
18615,1
18616,1
18617,1
18618,1
18619,0.9905051668667311
18620,1
18621,1
18622,0.9117330397512
18623,0.582406606242927
18624,1
18625,1
18626,1
18627,1
18628,1
18629,1
18630,1
18631,1
18632,0.9532995769469804
18633,1
18634,1
18635,1
18636,1
18637,1
18638,1
18639,1
18640,1
18641,0.7996078711754357
18642,0.8983749805577416
18643,1
18644,1
18645,0.9431783052477701
18646,0.7573879905037759
18647,0.88552429597253135
18648,0.9520985415017371
18649,0.8525337439539906
18650,1
18651,1
18652,1
18653,0.8486179230005406
18654,1
18655,0.9881783092460067
18656,0.9651212677009737
18657,0.9302355564425553
18658,1
18659,1
18660,1
18661,1
18662,1
18663,0.958141884030174
18664,0.4217187450080195
18665,1
18666,0.7874919117096618
18667,0.9220419626372091
18668,1
18669,0.9371052762402644
18670,1
18671,0.934090628850252
18672,0.9685849804078539
18673,0.28404767400530745
18674,1
18675,1
18676,0.9555012127891466
18677,1
18678,1
18679,1
18680,0.8247528783580204
18681,1
18682,1
18683,0.8680276625315166
18684,1
18685,1
18686,0.9718392465479493
18687,1
18688,1
18689,0.8940871402771595
18690,1
18691,1
18692,1
18693,0.9749109523201227
18694,1
18695,0.7923256398467801
18696,1
18697,0.8753415395841895
18698,1
18699,1
18700,1
18701,1
18702,1
18703,1
18704,0.5071325768693296
18705,1
18706,1
18707,1
18708,0.8607729819616656
18709,1
18710,1
18711,1
18712,1
18713,1
18714,0.9685849804078539
18715,1
18716,1
18717,0.9392445259270482
18718,1
18719,1
18720,0.9881783092460067
18721,0.9927453194301491
18722,1
18723,1
18724,0.9430581897446968
18725,1
18726,0.9329116830163308
18727,0.9323325874823246
18728,1
18729,1
18730,0.9778219501715014
18731,0.938732144499198
18732,0.81195496506415
18733,0.9960047502843267
18734,1
18735,1
18736,1
18737,1
18738,1
18739,1
18740,0.980590260469024
18741,1
18742,1
18743,0.9530866435720331
18744,1
18745,0.9685849804078539
18746,0.9651212677009737
18747,0.9371052762402644
18748,0.9584073186634412
18749,0.6032429840185679
18750,0.9614144663088184
18751,1
18752,1
18753,1
18754,1
18755,1
18756,0.6919959902947406
18757,1
18758,1
18759,1
18760,0.9332537128567678
18761,1
18762,0.7651088629026602
18763,1
18764,0.9574216351622019
18765,1
18766,1
18767,0.7578974508708058
18768,1
18769,1
18770,1
18771,0.964440146198306
18772,1
18773,1
18774,1
18775,0.9749109523201227
18776,0.7884117274171174
18777,1
18778,1
18779,1
18780,1
18781,1
18782,1
18783,1
18784,1
18785,1
18786,0.9918986692326606
18787,0.8275815431690801
18788,1
18789,1
18790,1
18791,1
18792,1
18793,1
18794,1
18795,1
18796,1
18797,0.9969928523546226
18798,0.8993784729315532
18799,0.5339597639251643
18800,0.9824038360993915
18801,0.991757217359853
18802,1
18803,1
18804,0.9905051668667311
18805,1
18806,1
18807,0.4308776005662461
18808,0.7326078680617114
18809,1
18810,0.8973459867265247
18811,1
18812,1
18813,0.8753415395841895
18814,1
18815,0.8109720987352943
18816,1
18817,0.9302355564425553
18818,1
18819,0.9371052762402644
18820,1
18821,0.6196182574870107
18822,0.9584073186634412
18823,0.1394358406950158
18824,0.8524161649845253
18825,1
18826,0.8230978407895173
18827,0.9117330397512
18828,1
18829,0.9555012127891466
18830,1
18831,1
18832,0.9276104431069954
18833,1
18834,1
18835,1
18836,1
18837,1
18838,1
18839,1
18840,1
18841,1
18842,0.9651212677009737
18843,1
18844,1
18845,1
18846,1
18847,1
18848,0.8680276625315166
18849,1
18850,1
18851,0.9641331656306777
18852,1
18853,1
18854,1
18855,1
18856,1
18857,0.6114784213898836
18858,0.9201430291561377
18859,0.9685849804078539
18860,1
18861,0.9180545781688456
18862,1
18863,0.5827724360387795
18864,1
18865,1
18866,1
18867,0.980590260469024
18868,1
18869,0.7536099688184668
18870,1
18871,0.9969928523546226
18872,1
18873,0.9122924040953605
18874,1
18875,1
18876,1
18877,1
18878,1
18879,0.910744937680904
18880,0.3594475323086776
18881,0.9749109523201227
18882,1
18883,1
18884,0.9708511444776533
18885,1
18886,1
18887,0.3959059575410981
18888,1
18889,0.8732937461872521
18890,0.9483339587646836
18891,1
18892,1
18893,1
18894,1
18895,0.874337314260167
18896,0.9225429028631756
18897,0.8726636352576804
18898,0.16511844455198982
18899,1
18900,1
18901,0.6132645160563458
18902,0.7092003441114499
18903,1
18904,0.9949058168780378
18905,1
18906,1
18907,1
18908,1
18909,1
18910,1
18911,0.9614144663088184
18912,0.8973459867265247
18913,1
18914,0.946809551967121
18915,0.2102101280322056
18916,0.8680276625315166
18917,1
18918,0.8827992982552433
18919,0.8275815431690801
18920,1
18921,0.9489173775072564
18922,1
18923,1
18924,1
18925,0.9302355564425553
18926,1
18927,0.8557254347517103
18928,1
18929,1
18930,1
18931,0.9117330397512
18932,0.9077986327227774
18933,1
18934,1
18935,0.6270862504061968
18936,1
18937,1
18938,1
18939,1
18940,1
18941,1
18942,1
18943,0.916947779515247
18944,1
18945,1
18946,1
18947,0.6734245401332902
18948,1
18949,1
18950,1
18951,0.968832098902572
18952,1
18953,0.7124547939216391
18954,1
18955,1
18956,0.98325048629688
18957,1
18958,1
18959,1
18960,1
18961,1
18962,0.832589572060228
18963,1
18964,0.7117516989995135
18965,0.9574216351622019
18966,0.8038311717063625
18967,0.9483339587646836
18968,0.9969928523546226
18969,1
18970,1
18971,0.5440477346626692
18972,1
18973,1
18974,0.7856097884199205
18975,1
18976,1
18977,0.9614144663088184
18978,1
18979,1
18980,0.9651212677009737
18981,1
18982,1
18983,1
18984,1
18985,1
18986,1
18987,1
18988,0.8035860462818079
18989,1
18990,1
18991,0.7906690304517511
18992,0.9667450634259871
18993,0.8954876967616701
18994,1
18995,1
18996,0.8395557669049658
18997,0.8722569390466473
18998,1
18999,0.999011897929704
19000,1
19001,0.8099888066425217
19002,1
19003,1
19004,1
19005,1
19006,1
19007,0.9384895725771922
19008,0.8993784729315532
19009,0.9530866435720331
19010,0.5724200006096981
19011,1
19012,0.9483339587646836
19013,0.8504326302985578
19014,1
19015,0.9067588393767277
19016,0.9574216351622019
19017,1
19018,1
19019,1
19020,1
19021,1
19022,0.7874919117096618
19023,1
19024,0.9854109837447689
19025,1
19026,1
19027,1
19028,0.7599309113245942
19029,1
19030,0.9430581897446968
19031,1
19032,1
19033,1
19034,1
19035,0.6967563111611781
19036,1
19037,0.9302355564425553
19038,1
19039,0.7803152538282229
19040,1
19041,1
19042,0.8941659217668659
19043,1
19044,1
19045,0.4229230174211761
19046,1
19047,1
19048,1
19049,0.8254492976937186
19050,0.999011897929704
19051,1
19052,1
19053,1
19054,0.8359810869786789
19055,0.8922518036045625
19056,1
19057,0.980590260469024
19058,0.8600669985158838
19059,1
19060,0.876735093785754
19061,1
19062,0.8782280168926263
19063,0.9574216351622019
19064,1
19065,1
19066,0.8785695152072391
19067,0.891512264012454
19068,0.9479924604500709
19069,1
19070,0.40389461283950107
19071,1
19072,1
19073,0.9832309317100514
19074,1
19075,1
19076,1
19077,1
19078,0.980590260469024
19079,1
19080,0.9927453194301491
19081,0.8038311717063625
19082,0.7491817204315939
19083,1
19084,0.9574216351622019
19085,1
19086,0.9530866435720331
19087,1
19088,0.9410792781948327
19089,1
19090,0.9117330397512
19091,0.9227171843344912
19092,0.9117330397512
19093,0.9832309317100514
19094,1
19095,0.9918986692326606
19096,0.8910295644328288
19097,0.9718392465479493
19098,1
19099,0.9483339587646836
19100,0.9749109523201227
19101,0.980590260469024
19102,0.1739354062296626
19103,1
19104,1
19105,1
19106,1
19107,0.9832309317100514
19108,1
19109,0.9302355564425553
19110,0.4972425565918858
19111,1
19112,1
19113,1
19114,1
19115,0.9775831128236467
19116,1
19117,0.973934979331575
19118,0.9117330397512
19119,1
19120,0.7171355903579985
19121,1
19122,0.9574216351622019
19123,1
19124,0.9380721305494554
19125,1
19126,1
19127,1
19128,0.8954876967616701
19129,1
19130,1
19131,0.9949058168780378
19132,1
19133,0.9201430291561377
19134,1
19135,1
19136,0.8854392350049481
19137,1
19138,0.9038285657415572
19139,0.9685849804078539
19140,1
19141,1
19142,0.9483339587646836
19143,1
19144,1
19145,0.9541597857389675
19146,1
19147,1
19148,0.8484491671627215
19149,1
19150,1
19151,0.9483339587646836
19152,1
19153,1
19154,0.8732780895310075
19155,0.999011897929704
19156,0.8650205148861393
19157,0.8496372578486844
19158,1
19159,0.7413158074698726
19160,1
19161,0.9483339587646836
19162,1
19163,0.46287881347255627
19164,0.9302355564425553
19165,0.9220419626372091
19166,1
19167,1
19168,1
19169,1
19170,0.9851711616006295
19171,0.4664894843292701
19172,0.8973459867265247
19173,0.9031837319599779
19174,1
19175,1
19176,1
19177,1
19178,1
19179,0.9483339587646836
19180,1
19181,1
19182,0.9143592062873781
19183,0.9188361014710205
19184,1
19185,0.999011897929704
19186,1
19187,1
19188,1
19189,0.9927453194301491
19190,0.590706150344359
19191,0.7438756387737586
19192,1
19193,1
19194,0.8607729819616656
19195,0.9555012127891466
19196,1
19197,0.8149809347877505
19198,0.96125274743263
19199,1
19200,1
19201,1
19202,1
19203,0.9485002453108982
19204,1
19205,0.8242685065784473
19206,0.9117330397512
19207,0.9371052762402644
19208,0.9905051668667311
19209,1
19210,0.980590260469024
19211,1
19212,1
19213,1
19214,0.8474254826531805
19215,0.9778219501715014
19216,1
19217,1
19218,1
19219,0.9564335330919059
19220,0.823523920846721
19221,1
19222,1
19223,1
19224,0.9905051668667311
19225,0.9371052762402644
19226,0.910744937680904
19227,0.9969928523546226
19228,1
19229,1
19230,1
19231,1
19232,1
19233,1
19234,0.9651212677009737
19235,0.9651212677009737
19236,0.980590260469024
19237,1
19238,0.9778219501715014
19239,0.8678809756694313
19240,1
19241,1
19242,1
19243,0.9762618369522993
19244,1
19245,0.9637379157806099
19246,1
19247,0.6508128842629893
19248,0.9371052762402644
19249,1
19250,1
19251,0.8389614485483781
19252,1
19253,0.9343075711884747
19254,1
19255,0.8966861581757088
19256,1
19257,1
19258,0.8703759214018928
19259,1
19260,0.7599309113245942
19261,1
19262,0.8241813237545098
19263,1
19264,0.9927453194301491
19265,1
19266,0.913754265977724
19267,0.9718392465479493
19268,0.14421982184185203
19269,1
19270,0.9857566700855682
19271,1
19272,0.9220419626372091
19273,0.980590260469024
19274,0.9718392465479493
19275,1
19276,1
19277,1
19278,0.9718392465479493
19279,1
19280,1
19281,1
19282,1
19283,0.9404242269558032
19284,0.8953775425363821
19285,0.8393846089594514
19286,1
19287,0.7811318618975056
19288,1
19289,0.9949058168780378
19290,0.9302355564425553
19291,0.6598521924064532
19292,0.8885233806441406
19293,1
19294,1
19295,0.9220419626372091
19296,1
19297,0.7241673796566783
19298,0.9117330397512
19299,1
19300,0.9683271170382325
19301,1
19302,0.9371052762402644
19303,0.9651212677009737
19304,0.730494916959015
19305,0.8502740337330496
19306,0.9483339587646836
19307,1
19308,1
19309,0.28404767400530745
19310,1
19311,0.9949058168780378
19312,1
19313,1
19314,1
19315,1
19316,0.9881783092460067
19317,0.9897381717847717
19318,1
19319,1
19320,0.9749109523201227
19321,1
19322,0.9363254186289411
19323,0.9430581897446968
19324,1
19325,1
19326,0.3594475323086776
19327,0.10860785149061951
19328,1
19329,1
19330,0.9857566700855682
19331,1
19332,1
19333,1
19334,1
19335,0.9881783092460067
19336,0.9299994467166725
19337,1
19338,0.6437438783163454
19339,1
19340,0.9927453194301491
19341,0.9584073186634412
19342,1
19343,1
19344,0.8587604530353432
19345,1
19346,1
19347,1
19348,1
19349,0.9718392465479493
19350,0.35608839591199365
19351,1
19352,0.8488383159914644
19353,0.9088643189236684
19354,1
19355,1
19356,0.9574216351622019
19357,0.9641331656306777
19358,0.8524149230875373
19359,1
19360,0.13551615908469558
19361,0.2102101280322056
19362,1
19363,0.9430581897446968
19364,1
19365,1
19366,1
19367,1
19368,0.5536200632573138
19369,1
19370,1
19371,1
19372,1
19373,0.800119619715764
19374,1
19375,0.9458319630021822
19376,0.936960514248923
19377,0.7311209891149338
19378,1
19379,1
19380,1
19381,1
19382,1
19383,0.9887500697144758
19384,0.1585171311982322
19385,1
19386,0.9302355564425553
19387,0.9519995014250819
19388,1
19389,1
19390,0.9857566700855682
19391,0.9651212677009737
19392,0.9483339587646836
19393,0.8973459867265247
19394,1
19395,1
19396,1
19397,0.9927453194301491
19398,1
19399,0.9302355564425553
19400,1
19401,1
19402,1
19403,1
19404,0.7757593252394487
19405,1
19406,1
19407,1
19408,1
19409,0.9392364164803199
19410,1
19411,0.9520985415017371
19412,0.826142194717372
19413,1
19414,1
19415,1
19416,0.9881783092460067
19417,1
19418,0.9667450634259871
19419,1
19420,0.3857403231366577
19421,0.999011897929704
19422,1
19423,1
19424,0.9265357340097923
19425,0.6882224120678957
19426,0.7118196247642333
19427,0.9530866435720331
19428,1
19429,1
19430,1
19431,1
19432,0.999011897929704
19433,0.9483339587646836
19434,0.9405717638818152
19435,1
19436,0.8254492976937186
19437,1
19438,0.980590260469024
19439,0.8973459867265247
19440,1
19441,0.9718392465479493
19442,1
19443,1
19444,0.931477463929347
19445,1
19446,1
19447,0.9927453194301491
19448,1
19449,0.9220419626372091
19450,1
19451,0.8457341393459076
19452,1
19453,1
19454,1
19455,0.868525404723658
19456,1
19457,1
19458,1
19459,1
19460,0.9117330397512
19461,0.9080575066140567
19462,0.8447918842136349
19463,0.8973459867265247
19464,1
19465,1
19466,0.9530866435720331
19467,0.8265146186907244
19468,1
19469,1
19470,0.9969928523546226
19471,1
19472,0.999011897929704
19473,0.9685849804078539
19474,1
19475,0.9614144663088184
19476,1
19477,0.9336769040410571
19478,0.8680276625315166
19479,1
19480,0.9687685697150307
19481,1
19482,1
19483,1
19484,0.9778219501715014
19485,1
19486,0.942943217872475
19487,0.9630892615661294
19488,1
19489,1
19490,1
19491,0.8973459867265247
19492,0.9927453194301491
19493,1
19494,0.913891443035069
19495,1
19496,0.8999113489972067
19497,0.88552429597253135
19498,1
19499,0.980590260469024
19500,1
19501,1
19502,1
19503,1
19504,0.9530866435720331
19505,0.634934499542128
19506,1
19507,1
19508,1
19509,0.9134552264656575
19510,0.9302355564425553
19511,1
19512,0.9778219501715014
19513,0.9718392465479493
19514,0.9366732600982316
19515,0.9458319630021822
19516,1
19517,1
19518,0.9614144663088184
19519,1
19520,0.9754960773470618
19521,0.9543985855403884
19522,1
19523,1
19524,1
19525,1
19526,0.9117330397512
19527,0.9781367485880892
19528,0.9483339587646836
19529,0.9081794574456705
19530,0.999011897929704
19531,1
19532,1
19533,1
19534,0.8733809135121012
19535,1
19536,0.7430129220446466
19537,1
19538,0.7459461444908584
19539,1
19540,0.921671623979887
19541,0.5466701392565332
19542,1
19543,0.9404242269558032
19544,0.9927453194301491
19545,1
19546,0.9718392465479493
19547,1
19548,0.758680460773494
19549,0.44822043282973734
19550,0.8216277049519358
19551,1
19552,0.9718392465479493
19553,1
19554,1
19555,1
19556,1
19557,0.980590260469024
19558,1
19559,1
19560,0.9564335330919059
19561,1
19562,1
19563,1
19564,0.9881783092460067
19565,1
19566,0.5319420297985993
19567,1
19568,0.9517569295030762
19569,1
19570,0.8973459867265247
19571,1
19572,0.9249258901199824
19573,0.36277644661871633
19574,1
19575,0.7436572089667254
19576,1
19577,1
19578,1
19579,1
19580,0.9614144663088184
19581,1
19582,1
19583,1
19584,0.8504326302985578
19585,1
19586,1
19587,1
19588,0.9220419626372091
19589,1
19590,0.9949058168780378
19591,0.964440146198306
19592,1
19593,0.9574216351622019
19594,0.9574216351622019
19595,0.7593567903393763
19596,1
19597,0.1739354062296626
19598,1
19599,1
19600,1
19601,0.9483339587646836
19602,0.9117330397512
19603,1
19604,1
19605,0.7821089611530928
19606,1
19607,0.9638407467659041
19608,0.5174264140846152
19609,0.9927453194301491
19610,0.9530866435720331
19611,0.7186991367446938
19612,1
19613,1
19614,0.8938812091851585
19615,1
19616,1
19617,1
19618,1
19619,0.8388686576174249
19620,0.8389080307595108
19621,1
19622,1
19623,1
19624,1
19625,0.9651212677009737
19626,1
19627,1
19628,1
19629,1
19630,0.7989199360914329
19631,1
19632,0.9302355564425553
19633,1
19634,0.852778459305731
19635,1
19636,0.9220419626372091
19637,0.6588591719987924
19638,0.9905051668667311
19639,0.634934499542128
19640,1
19641,1
19642,0.980590260469024
19643,1
19644,0.5991486516464504
19645,0.9430581897446968
19646,1
19647,0.8090790264777248
19648,0.968832098902572
19649,0.9574216351622019
19650,0.9003428817080144
19651,1
19652,1
19653,1
19654,0.7430129220446466
19655,0.9718392465479493
19656,1
19657,0.9685849804078539
19658,0.9574216351622019
19659,1
19660,0.9250779069124737
19661,1
19662,0.9530866435720331
19663,0.9584122106405254
19664,1
19665,0.2679212824639739
19666,1
19667,0.9430581897446968
19668,1
19669,1
19670,1
19671,1
19672,1
19673,1
19674,1
19675,1
19676,1
19677,1
19678,0.9179691420648194
19679,1
19680,0.9430581897446968
19681,1
19682,0.9574216351622019
19683,0.8110858522762134
19684,1
19685,0.8739667834882313
19686,0.999011897929704
19687,0.9524295070169732
19688,1
19689,0.6954248808736343
19690,0.953998066862779
19691,0.8038311717063625
19692,1
19693,1
19694,1
19695,0.437907872145543
19696,1
19697,0.7694482648682334
19698,1
19699,1
19700,1
19701,0.865100152381906
19702,1
19703,0.9857566700855682
19704,1
19705,0.8286952849372076
19706,0.9371052762402644
19707,1
19708,0.916947779515247
19709,0.9778219501715014
19710,0.9299204916732384
19711,1
19712,0.999011897929704
19713,0.7941599469730644
19714,0.8266308714086987
19715,1
19716,0.7171355903579985
19717,1
19718,0.6915018576525431
19719,0.919462918194396
19720,0.9887500697144758
19721,1
19722,0.9307093260528836
19723,1
19724,0.9220419626372091
19725,0.999011897929704
19726,1
19727,0.9685849804078539
19728,1
19729,0.9276104431069954
19730,0.8792748847814255
19731,0.7653736492580413
19732,1
19733,0.9371052762402644
19734,1
19735,1
19736,0.28404767400530745
19737,1
19738,1
19739,1
19740,1
19741,0.9881783092460067
19742,1
19743,1
19744,1
19745,1
19746,0.9663469305545923
19747,0.9371052762402644
19748,1
19749,0.9832309317100514
19750,1
19751,0.9881783092460067
19752,0.6578928101493071
19753,0.9785019895157173
19754,1
19755,0.44822043282973734
19756,0.7854668534876745
19757,0.7822515641681951
19758,1
19759,1
19760,1
19761,0.9584122106405254
19762,0.9651212677009737
19763,0.9660002594175081
19764,1
19765,0.999011897929704
19766,1
19767,1
19768,1
19769,0.7084808463112847
19770,0.8680276625315166
19771,0.8314874256513893
19772,0.9524295070169732
19773,1
19774,0.8027777087395082
19775,1
19776,1
19777,1
19778,1
19779,0.9044058549724622
19780,1
19781,1
19782,0.7900696251687257
19783,1
19784,1
19785,1
19786,1
19787,1
19788,0.9434959327279765
19789,0.5695836187842358
19790,0.9530866435720331
19791,1
19792,0.9832309317100514
19793,0.9568784850608267
19794,1
19795,1
19796,0.9749109523201227
19797,0.9847685680152722
19798,0.2414910543090284
19799,0.6829564558196678
19800,0.980590260469024
19801,1
19802,1
19803,0.8874210818788744
19804,0.9749109523201227
19805,1
19806,0.4227354348940315
19807,1
19808,0.9778219501715014
19809,0.9651212677009737
19810,1
19811,1
19812,0.5660033677488308
19813,0.9298505956704135
19814,1
19815,1
19816,1
19817,0.9055454946567769
19818,1
19819,1
19820,1
19821,1
19822,1
19823,1
19824,0.4724423978337025
19825,1
19826,0.9574216351622019
19827,1
19828,0.8246458613661484
19829,1
19830,1
19831,1
19832,0.5998457321866448
19833,1
19834,1
19835,1
19836,0.7941932617398576
19837,1
19838,0.9905051668667311
19839,1
19840,1
19841,1
19842,0.9718392465479493
19843,1
19844,1
19845,1
19846,1
19847,0.6673190425155775
19848,1
19849,0.9574216351622019
19850,1
19851,0.9614144663088184
19852,0.9332537128567678
19853,0.835102158237175
19854,0.9778219501715014
19855,1
19856,0.47638908725645024
19857,1
19858,0.8883850008640032
19859,0.8265203218185583
19860,1
19861,0.8973459867265247
19862,1
19863,0.999011897929704
19864,0.8683417752309678
19865,1
19866,1
19867,0.9651212677009737
19868,0.9056902566481183
19869,0.9307093260528836
19870,1
19871,1
19872,1
19873,1
19874,1
19875,1
19876,0.9832309317100514
19877,1
19878,0.9651212677009737
19879,1
19880,1
19881,0.9139406318698696
19882,0.8753294922974266
19883,1
19884,1
19885,0.9559782533464193
19886,1
19887,0.8507608647880893
19888,0.980590260469024
19889,0.980590260469024
19890,0.5291711478506371
19891,1
19892,1
19893,0.9969928523546226
19894,1
19895,0.8368744130717932
19896,0.980590260469024
19897,1
19898,1
19899,1
19900,0.9949058168780378
19901,0.9147872820673582
19902,1
19903,1
19904,0.8388686576174249
19905,1
19906,1
19907,0.8839573691719942
19908,0.964440146198306
19909,1
19910,1
19911,0.13551615908469558
19912,1
19913,1
19914,1
19915,0.9292474543722593
19916,1
19917,1
19918,0.9117330397512
19919,0.44822043282973734
19920,0.7474912603309277
19921,1
19922,0.9905051668667311
19923,0.9718392465479493
19924,1
19925,1
19926,1
19927,1
19928,0.9718392465479493
19929,0.9778219501715014
19930,0.809824254844284
19931,1
19932,0.9352435853337033
19933,0.9371052762402644
19934,1
19935,1
19936,1
19937,1
19938,1
19939,0.9881783092460067
19940,1
19941,0.9430581897446968
19942,0.8684217335450968
19943,0.8973459867265247
19944,1
19945,1
19946,1
19947,0.9228406985647277
19948,0.9687685697150307
19949,0.8973459867265247
19950,0.722912887020431
19951,0.9663346124209247
19952,0.7665477563107075
19953,0.7702542064727548
19954,0.9718392465479493
19955,1
19956,0.8973459867265247
19957,1
19958,0.9117330397512
19959,0.9530866435720331
19960,0.9778219501715014
19961,0.9614144663088184
19962,0.9881783092460067
19963,1
19964,1
19965,1
19966,0.9781367485880892
19967,1
19968,1
19969,1
19970,0.999011897929704
19971,1
19972,1
19973,0.8973459867265247
19974,0.9685849804078539
19975,0.9430581897446968
19976,1
19977,0.9010134456009661
19978,1
19979,0.4219757431005803
19980,0.5291711478506371
19981,0.9881783092460067
19982,0.9371052762402644
19983,0.4003879470865306
19984,1
19985,1
19986,1
19987,1
19988,1
19989,1
19990,0.742074575337153
19991,1
19992,0.999011897929704
19993,1
19994,0.8389570112107562
19995,1
19996,0.936960514248923
19997,1
19998,1
19999,1
20000,1
20001,0.960017555793956
20002,0.9574216351622019
20003,0.9927453194301491
20004,0.9718392465479493
20005,1
20006,1
20007,1
20008,0.9685849804078539
20009,1
20010,1
20011,1
20012,1
20013,1
20014,0.9420700876744007
20015,1
20016,0.6287167585972125
20017,0.9651212677009737
20018,1
20019,1
20020,1
20021,1
20022,1
20023,0.9220419626372091
20024,1
20025,0.8131698459082387
20026,0.9220419626372091
20027,1
20028,0.9584073186634412
20029,0.8600669985158838
20030,1
20031,1
20032,1
20033,0.9371052762402644
20034,1
20035,0.9969928523546226
20036,1
20037,1
20038,0.971095427335755
20039,1
20040,1
20041,0.5462117152243747
20042,0.8368744130717932
20043,1
20044,1
20045,1
20046,1
20047,0.7018026649199257
20048,0.9667450634259871
20049,1
20050,0.8579854161564625
20051,1
20052,1
20053,0.936960514248923
20054,1
20055,1
20056,1
20057,0.5734349065260769
20058,0.9034902571110531
20059,1
20060,0.9685849804078539
20061,0.9559782533464193
20062,0.8732147519096309
20063,1
20064,0.5895234985565171
20065,1
20066,1
20067,1
20068,1
20069,1
20070,1
20071,0.9299204916732384
20072,1
20073,1
20074,1
20075,0.8827569704712935
20076,0.9430581897446968
20077,1
20078,0.8684217335450968
20079,1
20080,1
20081,0.9214415508878301
20082,0.8504326302985578
20083,1
20084,0.9832309317100514
20085,1
20086,1
20087,1
20088,0.9117330397512
20089,1
20090,1
20091,1
20092,1
20093,0.9404242269558032
20094,1
20095,0.5328287467882192
20096,1
20097,1
20098,0.8680276625315166
20099,0.9148974362926461
20100,1
20101,0.9949058168780378
20102,1
20103,0.9778219501715014
20104,0.9220419626372091
20105,1
20106,1
20107,0.9905051668667311
20108,1
20109,1
20110,1
20111,1
20112,1
20113,1
20114,0.8214916522921538
20115,0.8651894940876088
20116,0.999011897929704
20117,0.9949058168780378
20118,0.9685849804078539
20119,1
20120,1
20121,1
20122,1
20123,0.9150790221906708
20124,0.8922518036045625
20125,1
20126,0.8925722000478029
20127,0.8322620074866983
20128,1
20129,1
20130,1
20131,0.9201732053126329
20132,1
20133,1
20134,0.4986073074310286
20135,0.734979334229408
20136,1
20137,1
20138,1
20139,1
20140,1
20141,0.8600669985158838
20142,1
20143,1
20144,1
20145,0.999011897929704
20146,0.7923736719467944
20147,1
20148,1
20149,0.9949058168780378
20150,0.7533221355451233
20151,1
20152,1
20153,0.7862355738045234
20154,1
20155,1
20156,0.8359810869786789
20157,1
20158,0.9630892615661294
20159,0.8922215143972502
20160,1
20161,1
20162,1
20163,0.39607846458173007
20164,1
20165,1
20166,1
20167,1
20168,1
20169,1
20170,0.9434959327279765
20171,1
20172,1
20173,1
20174,1
20175,0.8488383159914644
20176,1
20177,1
20178,1
20179,0.8680276625315166
20180,1
20181,1
20182,0.8941326123473502
20183,1
20184,1
20185,1
20186,1
20187,0.9749109523201227
20188,1
20189,1
20190,1
20191,0.9044100372396918
20192,1
20193,1
20194,0.9641331656306777
20195,0.7228188920274133
20196,0.7616599249730321
20197,1
20198,0.9881783092460067
20199,1
20200,1
20201,0.811276150035524
20202,0.9584122106405254
20203,1
20204,0.9530866435720331
20205,1
20206,1
20207,1
20208,1
20209,1
20210,1
20211,0.9117330397512
20212,0.8618125356778558
20213,1
20214,1
20215,1
20216,0.6471509460941921
20217,1
20218,1
20219,0.9969928523546226
20220,0.8607729819616656
20221,1
20222,1
20223,0.9927453194301491
20224,1
20225,0.9881783092460067
20226,1
20227,1
20228,1
20229,1
20230,0.9021393611173008
20231,0.9832309317100514
20232,0.8833222000145885
20233,0.8848750527459885
20234,1
20235,1
20236,1
20237,0.9832309317100514
20238,1
20239,1
20240,0.7410788821358545
20241,1
20242,1
20243,0.9483339587646836
20244,1
20245,1
20246,1
20247,1
20248,0.501869156854263
20249,1
20250,0.9881783092460067
20251,1
20252,1
20253,1
20254,0.980590260469024
20255,1
20256,1
20257,0.9489173775072564
20258,1
20259,1
20260,0.8831855131250667
20261,0.8368744130717932
20262,1
20263,0.9927453194301491
20264,0.4227354348940315
20265,1
20266,0.42556245390438524
20267,1
20268,0.9329116830163308
20269,1
20270,1
20271,0.8680276625315166
20272,1
20273,0.9117330397512
20274,1
20275,1
20276,0.7092003441114499
20277,0.9949058168780378
20278,0.8069446692185808
20279,1
20280,1
20281,0.9430581897446968
20282,0.9939177148077418
20283,0.9574216351622019
20284,0.9927453194301491
20285,1
20286,1
20287,1
20288,0.7097501535402219
20289,1
20290,1
20291,0.8956024152852753
20292,1
20293,1
20294,1
20295,0.9551347363847966
20296,0.8801634659849612
20297,1
20298,0.8956980561054129
20299,0.9832309317100514
20300,1
20301,0.8437619915910028
20302,1
20303,1
20304,0.9188361014710205
20305,1
20306,0.9078286648293864
20307,1
20308,1
20309,1
20310,1
20311,1
20312,1
20313,1
20314,1
20315,1
20316,1
20317,1
20318,1
20319,0.9071259944788163
20320,0.6210447393077128
20321,0.5670379659113903
20322,0.7788622395295586
20323,1
20324,1
20325,0.9483339587646836
20326,0.7996078711754357
20327,1
20328,0.9371052762402644
20329,0.9371052762402644
20330,1
20331,0.9220419626372091
20332,0.7596396005831617
20333,1
20334,0.999011897929704
20335,0.9832309317100514
20336,1
20337,0.7773647030756767
20338,0.8966580516425219
20339,1
20340,0.9483339587646836
20341,0.8680276625315166
20342,0.8549728153939216
20343,0.980590260469024
20344,0.9851711616006295
20345,1
20346,0.5643619743440815
20347,1
20348,0.980590260469024
20349,0.9220419626372091
20350,1
20351,1
20352,1
20353,1
20354,1
20355,0.8973459867265247
20356,0.980590260469024
20357,1
20358,0.8217239496206029
20359,1
20360,0.999011897929704
20361,1
20362,0.999011897929704
20363,1
20364,1
20365,1
20366,0.8680276625315166
20367,0.9905051668667311
20368,0.9249258901199824
20369,0.9530866435720331
20370,1
20371,0.9302355564425553
20372,1
20373,0.9685849804078539
20374,0.9430581897446968
20375,1
20376,1
20377,1
20378,1
20379,0.8038311717063625
20380,1
20381,1
20382,0.9651212677009737
20383,1
20384,0.9574216351622019
20385,0.9574216351622019
20386,0.9117330397512
20387,1
20388,1
20389,1
20390,1
20391,0.9371052762402644
20392,1
20393,1
20394,0.7375958606367407
20395,1
20396,1
20397,0.6069491736826037
20398,0.9927453194301491
20399,1
20400,0.9685849804078539
20401,0.7504086068329762
20402,1
20403,0.8324621003837935
20404,1
20405,1
20406,0.682272121973936
20407,1
20408,1
20409,0.9927453194301491
20410,1
20411,0.7501690487295319
20412,1
20413,1
20414,1
20415,0.9832309317100514
20416,0.8169187842503255
20417,0.9251413733205932
20418,0.980590260469024
20419,1
20420,1
20421,0.7776640068855786
20422,0.6771066890092413
20423,0.9517448004213279
20424,0.9430581897446968
20425,0.4664894843292701
20426,1
20427,1
20428,1
20429,1
20430,0.9483339587646836
20431,0.9371052762402644
20432,1
20433,1
20434,0.9749109523201227
20435,1
20436,1
20437,1
20438,1
20439,1
20440,1
20441,0.9371052762402644
20442,0.8419685961937553
20443,1
20444,1
20445,1
20446,1
20447,0.9380721305494554
20448,0.8337750023884092
20449,1
20450,0.8537843326170849
20451,0.9184138656885621
20452,0.9574216351622019
20453,1
20454,1
20455,0.8665801358919882
20456,0.9969928523546226
20457,1
20458,1
20459,0.9857566700855682
20460,1
20461,1
20462,0.8110858522762134
20463,1
20464,1
20465,1
20466,0.9969928523546226
20467,0.6674178938874739
20468,1
20469,1
20470,0.7735813915893656
20471,1
20472,0.9778219501715014
20473,1
20474,1
20475,1
20476,1
20477,1
20478,0.6791134495650047
20479,1
20480,1
20481,1
20482,1
20483,0.9708511444776533
20484,0.9483339587646836
20485,0.9228619463258326
20486,0.9857566700855682
20487,1
20488,1
20489,0.9614144663088184
20490,1
20491,0.9220419626372091
20492,0.8782280168926263
20493,0.8398538173842052
20494,0.8959254397449499
20495,1
20496,1
20497,1
20498,1
20499,1
20500,0.9682413967772109
20501,0.9532995769469804
20502,0.2679212824639739
20503,1
20504,1
20505,0.7599309113245942
20506,0.81195496506415
20507,0.9220419626372091
20508,1
20509,1
20510,1
20511,0.980590260469024
20512,0.9905051668667311
20513,0.8729087854151102
20514,0.9220419626372091
20515,0.979602158398728
20516,0.9832309317100514
20517,0.9117330397512
20518,1
20519,1
20520,1
20521,1
20522,1
20523,1
20524,0.910744937680904
20525,1
20526,1
20527,1
20528,1
20529,1
20530,0.9371052762402644
20531,0.9905051668667311
20532,1
20533,0.9159596774449509
20534,1
20535,1
20536,0.9260066155700558
20537,1
20538,1
20539,1
20540,0.7333371370959657
20541,1
20542,0.8853694274127564
20543,1
20544,1
20545,1
20546,1
20547,1
20548,0.9220419626372091
20549,0.999011897929704
20550,1
20551,0.27877753836240676
20552,1
20553,1
20554,1
20555,0.8842977929663591
20556,0.9668096215527832
20557,1
20558,1
20559,1
20560,1
20561,0.8994935741513884
20562,1
20563,0.910744937680904
20564,0.9969928523546226
20565,0.9321636006649235
20566,1
20567,0.4085729993415628
20568,1
20569,1
20570,1
20571,0.9651212677009737
20572,0.9574216351622019
20573,0.8971700560515212
20574,0.8973459867265247
20575,1
20576,1
20577,1
20578,1
20579,0.8973459867265247
20580,1
20581,0.9651212677009737
20582,0.8599080753548342
20583,1
20584,0.7767535546373393
20585,0.9887500697144758
20586,0.9614144663088184
20587,1
20588,1
20589,0.6524349644487543
20590,1
20591,0.8103990224275166
20592,0.8359810869786789
20593,1
20594,0.865100152381906
20595,1
20596,1
20597,1
20598,0.9685849804078539
20599,1
20600,0.9685849804078539
20601,0.999011897929704
20602,1
20603,1
20604,0.9681605061849599
20605,1
20606,1
20607,1
20608,1
20609,1
20610,1
20611,1
20612,0.8795704577553871
20613,0.881689179773843
20614,0.8537843326170849
20615,1
20616,1
20617,1
20618,1
20619,1
20620,0.9410792781948327
20621,0.8680276625315166
20622,0.6118701509353975
20623,0.7704934927865432
20624,0.8607729819616656
20625,0.9651212677009737
20626,1
20627,0.9778219501715014
20628,1
20629,0.9432397756427214
20630,0.4392917513334205
20631,1
20632,1
20633,0.9871902071757107
20634,1
20635,0.9371052762402644
20636,1
20637,1
20638,0.1394358406950158
20639,0.8006114778444482
20640,1
20641,0.9832309317100514
20642,0.9832309317100514
20643,1
20644,1
20645,0.6366219827371132
20646,1
20647,1
20648,0.9881783092460067
20649,1
20650,1
20651,1
20652,0.7945105195728001
20653,1
20654,0.8998639128087105
20655,1
20656,0.6771066890092413
20657,1
20658,1
20659,1
20660,0.9483339587646836
20661,1
20662,1
20663,0.7651088629026602
20664,1
20665,1
20666,0.9689876017956197
20667,0.9624861682912582
20668,1
20669,0.9220419626372091
20670,0.999011897929704
20671,1
20672,0.9685849804078539
20673,1
20674,1
20675,0.8640604917914398
20676,0.9876511363081869
20677,0.8854392350049481
20678,1
20679,0.9574216351622019
20680,1
20681,1
20682,1
20683,0.9483339587646836
20684,0.6380149496302026
20685,1
20686,0.9832309317100514
20687,0.9220419626372091
20688,0.9651212677009737
20689,1
20690,1
20691,0.9613563113443844
20692,1
20693,1
20694,1
20695,1
20696,0.4431272601585963
20697,0.952732902491624
20698,1
20699,0.7160554477958305
20700,1
20701,1
20702,1
20703,0.9718392465479493
20704,1
20705,0.7874919117096618
20706,1
20707,1
20708,0.8153151287913442
20709,1
20710,1
20711,0.7996078711754357
20712,1
20713,0.9718392465479493
20714,0.9430581897446968
20715,1
20716,0.8059567908445945
20717,1
20718,0.6002407030730966
20719,1
20720,0.9371052762402644
20721,0.8130735347263286
20722,1
20723,0.6636962436560656
20724,0.28690530630792
20725,1
20726,0.9905051668667311
20727,1
20728,0.7585904864954874
20729,0.9718392465479493
20730,0.7092003441114499
20731,0.4319974409017798
20732,0.7900613444257978
20733,1
20734,0.6693140296369525
20735,1
20736,0.9555012127891466
20737,1
20738,1
20739,1
20740,0.6282122009568956
20741,0.9685849804078539
20742,0.8680276625315166
20743,1
20744,0.9298505956704135
20745,1
20746,1
20747,0.9117330397512
20748,1
20749,0.9927453194301491
20750,1
20751,1
20752,1
20753,1
20754,0.9430581897446968
20755,0.835102158237175
20756,0.9718392465479493
20757,0.900748265730851
20758,0.8011451019521744
20759,0.8375851011471631
20760,0.9802433386515028
20761,0.9220419626372091
20762,0.7900696251687257
20763,1
20764,0.9371052762402644
20765,1
20766,1
20767,1
20768,1
20769,0.8941326123473502
20770,1
20771,0.9483339587646836
20772,1
20773,1
20774,1
20775,0.999011897929704
20776,0.9614144663088184
20777,1
20778,1
20779,0.6866679056734154
20780,1
20781,0.9685849804078539
20782,1
20783,0.9881783092460067
20784,1
20785,0.9778219501715014
20786,0.8722569390466473
20787,1
20788,1
20789,1
20790,0.9905051668667311
20791,1
20792,0.9026322231062331
20793,1
20794,1
20795,1
20796,0.980590260469024
20797,1
20798,0.8892822332268789
20799,1
20800,1
20801,1
20802,0.9660002594175081
20803,1
20804,1
20805,1
20806,0.7147447735072628
20807,1
20808,1
20809,1
20810,1
20811,0.36630256266689154
20812,0.9270174348774214
20813,0.8973459867265247
20814,0.9927453194301491
20815,0.5214367281898951
20816,1
20817,1
20818,0.9530866435720331
20819,0.9651212677009737
20820,1
20821,0.8038311717063625
20822,1
20823,1
20824,0.9969928523546226
20825,0.8368597614340886
20826,1
20827,1
20828,1
20829,1
20830,0.9651212677009737
20831,0.8973459867265247
20832,1
20833,1
20834,0.5675142323891663
20835,0.9483339587646836
20836,0.8537843326170849
20837,0.9220419626372091
20838,1
20839,0.9543985855403884
20840,1
20841,1
20842,0.8297562415397864
20843,1
20844,1
20845,0.9614144663088184
20846,1
20847,1
20848,1
20849,1
20850,1
20851,0.9651212677009737
20852,0.28404767400530745
20853,1
20854,1
20855,1
20856,1
20857,1
20858,1
20859,1
20860,1
20861,0.7593465947256995
20862,1
20863,0.7107607576990365
20864,1
20865,0.1739354062296626
20866,1
20867,1
20868,1
20869,1
20870,1
20871,0.4242210627688309
20872,1
20873,0.9532995769469804
20874,1
20875,1
20876,0.9727277670495392
20877,1
20878,0.8794635977994111
20879,1
20880,1
20881,0.959090147274585
20882,1
20883,1
20884,0.8680276625315166
20885,1
20886,0.8785695152072391
20887,1
20888,1
20889,1
20890,1
20891,1
20892,0.9718392465479493
20893,1
20894,0.9430581897446968
20895,0.999011897929704
20896,1
20897,0.1394358406950158
20898,0.9905051668667311
20899,1
20900,0.8966861581757088
20901,1
20902,1
20903,1
20904,0.6771066890092413
20905,1
20906,0.9026322231062331
20907,0.9832309317100514
20908,0.9184138656885621
20909,1
20910,1
20911,1
20912,1
20913,0.1978908552178076
20914,1
20915,1
20916,1
20917,1
20918,0.989517064796435
20919,0.9371052762402644
20920,1
20921,1
20922,1
20923,1
20924,1
20925,0.6059548396014424
20926,0.9332537128567678
20927,1
20928,1
20929,1
20930,1
20931,1
20932,1
20933,1
20934,0.959090147274585
20935,1
20936,1
20937,0.9621141200555965
20938,1
20939,1
20940,1
20941,1
20942,0.9371052762402644
20943,1
20944,1
20945,0.8925722000478029
20946,1
20947,1
20948,1
20949,0.9574216351622019
20950,1
20951,1
20952,1
20953,0.4986073074310286
20954,1
20955,1
20956,1
20957,0.8273746906208931
20958,1
20959,1
20960,1
20961,0.8456799454912083
20962,1
20963,0.8157046947705378
20964,0.8511117886555611
20965,1
20966,1
20967,1
20968,0.8678809756694313
20969,1
20970,0.7900696251687257
20971,0.9201430291561377
20972,0.9969928523546226
20973,0.9824038360993915
20974,0.9778219501715014
20975,1
20976,1
20977,1
20978,1
20979,0.9574216351622019
20980,0.769045577077274
20981,1
20982,1
20983,0.9927453194301491
20984,1
20985,1
20986,1
20987,1
20988,1
20989,0.9778219501715014
20990,0.9749109523201227
20991,0.9905051668667311
20992,0.8161273001866366
20993,0.8680276625315166
20994,1
20995,0.7904814583420412
20996,1
20997,1
20998,1
20999,0.9117330397512
21000,1
21001,1
21002,0.9276104431069954
21003,1
21004,0.8680276625315166
21005,1
21006,1
21007,1
21008,0.9419765105577085
21009,0.9857566700855682
21010,1
21011,0.8667133484105514
21012,0.9430581897446968
21013,1
21014,0.9949058168780378
21015,1
21016,1
21017,1
21018,1
21019,1
21020,0.6713936581257697
21021,0.9578665871311227
21022,1
21023,0.8973459867265247
21024,1
21025,1
21026,0.9905051668667311
21027,0.999011897929704
21028,0.9749109523201227
21029,1
21030,1
21031,0.9392364164803199
21032,1
21033,1
21034,0.8719891174305382
21035,1
21036,0.8973459867265247
21037,0.9832309317100514
21038,1
21039,0.9771682011046219
21040,1
21041,0.9939177148077418
21042,0.9905051668667311
21043,0.999011897929704
21044,1
21045,1
21046,1
21047,1
21048,0.959090147274585
21049,0.9969928523546226
21050,0.8246458613661484
21051,0.9339533666035457
21052,0.9555012127891466
21053,0.7882491655747709
21054,1
21055,0.30822174916597134
21056,0.9749109523201227
21057,0.9846439886628096
21058,0.8297021818160195
21059,0.9371052762402644
21060,0.869185233274474
21061,1
21062,1
21063,1
21064,1
21065,0.9194212559929577
21066,0.7474912603309277
21067,0.88552429597253135
21068,0.9881783092460067
21069,1
21070,1
21071,1
21072,1
21073,1
21074,0.9483339587646836
21075,0.7314219611212461
21076,1
21077,0.9483339587646836
21078,1
21079,1
21080,0.9543263590458063
21081,0.9969928523546226
21082,0.9147872820673582
21083,1
21084,0.702960235662883
21085,0.9483339587646836
21086,1
21087,1
21088,1
21089,0.8673408326828198
21090,1
21091,1
21092,1
21093,0.6223047271475328
21094,1
21095,0.5174264140846152
21096,1
21097,0.9927453194301491
21098,0.8055262761723858
21099,0.9220419626372091
21100,0.8297562415397864
21101,1
21102,1
21103,0.9483339587646836
21104,0.9854109837447689
21105,1
21106,0.9220419626372091
21107,1
21108,1
21109,0.8297562415397864
21110,0.9685849804078539
21111,0.7987665890632416
21112,1
21113,0.9302355564425553
21114,1
21115,1
21116,1
21117,1
21118,0.9651212677009737
21119,1
21120,1
21121,0.6023130481878964
21122,1
21123,0.6706237746400191
21124,0.9430581897446968
21125,0.9905051668667311
21126,0.9178866927507422
21127,0.9371052762402644
21128,1
21129,1
21130,0.8088832592919767
21131,0.7874460996781049
21132,1
21133,0.9066368100017664
21134,1
21135,1
21136,1
21137,1
21138,1
21139,0.7648840535879152
21140,0.9371052762402644
21141,0.9905051668667311
21142,1
21143,1
21144,0.9302355564425553
21145,1
21146,0.9685849804078539
21147,0.9832309317100514
21148,0.6168720271900433
21149,0.8650205148861393
21150,0.7599309113245942
21151,1
21152,1
21153,0.9574216351622019
21154,1
21155,1
21156,0.794835696563293
21157,0.9651212677009737
21158,0.9524295070169732
21159,0.9260066155700558
21160,1
21161,1
21162,0.8705031625426668
21163,1
21164,0.9905051668667311
21165,0.28404767400530745
21166,1
21167,0.7274078311987034
21168,0.9969928523546226
21169,1
21170,1
21171,1
21172,1
21173,1
21174,0.8504326302985578
21175,0.9905051668667311
21176,1
21177,1
21178,0.8999113489972067
21179,0.6948311731592617
21180,0.9574216351622019
21181,0.9604263642385225
21182,0.999011897929704
21183,0.9927453194301491
21184,1
21185,0.9614144663088184
21186,0.8433216728389504
21187,0.3594475323086776
21188,1
21189,0.7730293866733278
21190,0.966886818302565
21191,1
21192,1
21193,1
21194,0.9905051668667311
21195,0.8988487403698091
21196,1
21197,0.9637379157806099
21198,0.9371052762402644
21199,0.9430581897446968
21200,1
21201,0.8913921485093805
21202,1
21203,1
21204,0.9718392465479493
21205,0.9857566700855682
21206,1
21207,0.5433052853262442
21208,1
21209,0.9307093260528836
21210,0.9749109523201227
21211,0.938732144499198
21212,0.8904040464390846
21213,0.9302355564425553
21214,1
21215,1
21216,1
21217,1
21218,1
21219,0.9302355564425553
21220,1
21221,1
21222,0.9881783092460067
21223,1
21224,0.9483339587646836
21225,0.48735174451838364
21226,1
21227,0.9718392465479493
21228,1
21229,1
21230,0.9574216351622019
21231,0.999011897929704
21232,1
21233,0.9684216478975095
21234,1
21235,1
21236,1
21237,1
21238,1
21239,1
21240,1
21241,1
21242,1
21243,0.643137217675321
21244,1
21245,0.4972425565918858
21246,1
21247,0.9251413733205932
21248,1
21249,1
21250,0.40895466584439294
21251,0.7465971777387557
21252,1
21253,1
21254,1
21255,1
21256,0.9830841261240445
21257,0.4064503783136805
21258,1
21259,0.9685849804078539
21260,0.9530866435720331
21261,1
21262,1
21263,1
21264,0.9117330397512
21265,1
21266,1
21267,1
21268,1
21269,1
21270,1
21271,1
21272,1
21273,0.9574216351622019
21274,1
21275,0.9881783092460067
21276,1
21277,1
21278,1
21279,1
21280,1
21281,1
21282,1
21283,1
21284,1
21285,1
21286,0.8334482506631616
21287,1
21288,1
21289,1
21290,0.8090790264777248
21291,1
21292,1
21293,1
21294,1
21295,1
21296,0.9949058168780378
21297,0.991757217359853
21298,0.9302355564425553
21299,1
21300,1
21301,1
21302,0.7953079196865327
21303,0.6118701509353975
21304,0.980590260469024
21305,0.9718392465479493
21306,0.9483339587646836
21307,1
21308,1
21309,0.9749109523201227
21310,0.8973459867265247
21311,1
21312,0.9949058168780378
21313,1
21314,0.9685849804078539
21315,1
21316,1
21317,0.8297562415397864
21318,1
21319,1
21320,1
21321,1
21322,1
21323,0.7900696251687257
21324,0.6900182500031675
21325,1
21326,0.9518159121179053
21327,0.9194212559929577
21328,1
21329,1
21330,1
21331,1
21332,0.8027777087395082
21333,1
21334,1
21335,1
21336,0.6471509460941921
21337,0.8973459867265247
21338,1
21339,0.9604263642385225
21340,1
21341,1
21342,1
21343,1
21344,1
21345,0.6179478292273362
21346,1
21347,1
21348,1
21349,1
21350,1
21351,0.999011897929704
21352,1
21353,1
21354,1
21355,0.9302355564425553
21356,1
21357,1
21358,0.9420047267778425
21359,0.9604263642385225
21360,0.7503056587388022
21361,1
21362,0.9544144875168246
21363,1
21364,1
21365,1
21366,1
21367,0.9336769040410571
21368,1
21369,0.8337750023884092
21370,0.8554852864605971
21371,1
21372,0.9832309317100514
21373,1
21374,1
21375,0.9265357340097923
21376,1
21377,1
21378,0.7930890571457584
21379,1
21380,0.36630256266689154
21381,0.9614144663088184
21382,0.9532995769469804
21383,0.8833222000145885
21384,0.7877625025904624
21385,0.9117330397512
21386,0.9400322200210963
21387,1
21388,1
21389,1
21390,0.8509694562315199
21391,1
21392,1
21393,1
21394,0.9881783092460067
21395,1
21396,1
21397,1
21398,1
21399,1
21400,0.8380074175004473
21401,1
21402,0.8876571916047573
21403,0.5261532419748116
21404,0.48649380657993996
21405,1
21406,1
21407,1
21408,1
21409,1
21410,1
21411,0.9530866435720331
21412,0.7923736719467944
21413,1
21414,1
21415,1
21416,1
21417,1
21418,1
21419,1
21420,1
21421,1
21422,1
21423,0.9749109523201227
21424,0.9785019895157173
21425,1
21426,0.7834313289286899
21427,0.9117330397512
21428,0.9574216351622019
21429,0.8027777087395082
21430,0.4592425495496196
21431,1
21432,1
21433,0.9857566700855682
21434,0.5291711478506371
21435,1
21436,0.9927453194301491
21437,1
21438,1
21439,1
21440,1
21441,1
21442,1
21443,0.8286860346969143
21444,0.5133592580903996
21445,1
21446,1
21447,0.9428326189069708
21448,1
21449,1
21450,1
21451,0.9949058168780378
21452,1
21453,0.9654161191868537
21454,1
21455,0.6954248808736343
21456,1
21457,1
21458,1
21459,0.9530866435720331
21460,1
21461,1
21462,0.968832098902572
21463,1
21464,0.7900696251687257
21465,0.9651212677009737
21466,0.999011897929704
21467,0.845056202711848
21468,1
21469,1
21470,0.9927453194301491
21471,1
21472,0.866693931052422
21473,0.9066388566292378
21474,0.9471711363943868
21475,1
21476,1
21477,1
21478,1
21479,1
21480,1
21481,0.6295361960262146
21482,1
21483,0.6478002100750792
21484,1
21485,1
21486,1
21487,0.9483339587646836
21488,1
21489,0.9949058168780378
21490,0.55475644457807
21491,1
21492,0.9927453194301491
21493,1
21494,0.961330299838003
21495,0.9905051668667311
21496,0.9685849804078539
21497,1
21498,0.9582856345114656
21499,1
21500,0.8265146186907244
21501,1
21502,0.8726636352576804
21503,0.9075011310888578
21504,0.999011897929704
21505,1
21506,1
21507,1
21508,1
21509,1
21510,1
21511,1
21512,1
21513,1
21514,0.9685849804078539
21515,0.9010668612563077
21516,0.9905051668667311
21517,1
21518,1
21519,0.9718392465479493
21520,0.9066368100017664
21521,1
21522,0.4219757431005803
21523,0.7671529740416729
21524,1
21525,1
21526,1
21527,1
21528,1
21529,1
21530,1
21531,0.9749109523201227
21532,0.753551958504048
21533,1
21534,1
21535,1
21536,1
21537,0.9179691420648194
21538,0.48062514729493044
21539,1
21540,1
21541,1
21542,0.9857566700855682
21543,0.9302355564425553
21544,1
21545,0.9718392465479493
21546,1
21547,1
21548,0.9719038046747454
21549,1
21550,1
21551,1
21552,0.9927453194301491
21553,1
21554,1
21555,0.7900696251687257
21556,1
21557,0.2293188906575876
21558,0.8452727887554576
21559,0.9718392465479493
21560,1
21561,1
21562,0.9337062481088276
21563,1
21564,1
21565,0.8090790264777248
21566,0.9969928523546226
21567,0.8110858522762134
21568,1
21569,1
21570,0.8680276625315166
21571,1
21572,0.9949058168780378
21573,1
21574,0.5701705444137887
21575,1
21576,1
21577,1
21578,0.910744937680904
21579,0.8235201363090512
21580,0.8075111009651916
21581,1
21582,0.7653736492580413
21583,0.5107443584661719
21584,1
21585,0.9430581897446968
21586,1
21587,0.9340981285948871
21588,1
21589,0.9905051668667311
21590,1
21591,1
21592,1
21593,0.999011897929704
21594,0.9188361014710205
21595,0.999011897929704
21596,1
21597,1
21598,0.9857566700855682
21599,0.9718392465479493
21600,0.9685849804078539
21601,0.9004798249068988
21602,0.9001661653948452
21603,1
21604,0.9530866435720331
21605,0.5753944216296216
21606,0.9574216351622019
21607,1
21608,1
21609,1
21610,1
21611,0.28404767400530745
21612,1
21613,1
21614,1
21615,1
21616,1
21617,0.9718392465479493
21618,0.9857566700855682
21619,1
21620,1
21621,0.9302355564425553
21622,1
21623,0.8973459867265247
21624,1
21625,1
21626,0.9430581897446968
21627,1
21628,0.9857566700855682
21629,1
21630,0.9483339587646836
21631,0.9651212677009737
21632,0.9718392465479493
21633,1
21634,1
21635,1
21636,0.8359810869786789
21637,1
21638,1
21639,0.9651212677009737
21640,1
21641,1
21642,0.9117330397512
21643,0.9343075711884747
21644,1
21645,1
21646,1
21647,0.8680276625315166
21648,1
21649,0.9927453194301491
21650,0.8973459867265247
21651,0.8027777087395082
21652,1
21653,0.9255755732737176
21654,1
21655,1
21656,0.9371052762402644
21657,0.728937666717299
21658,0.9055161505890064
21659,1
21660,1
21661,1
21662,1
21663,0.8896388409747671
21664,0.9483339587646836
21665,1
21666,0.9832309317100514
21667,0.8671700602357042
21668,0.9614144663088184
21669,0.7797607022827165
21670,1
21671,0.9969928523546226
21672,1
21673,1
21674,0.7198478299027808
21675,0.8973459867265247
21676,1
21677,0.98325048629688
21678,1
21679,0.739219656361754
21680,1
21681,1
21682,1
21683,1
21684,1
21685,1
21686,0.7848177079365012
21687,0.8380341891653327
21688,1
21689,1
21690,1
21691,1
21692,1
21693,1
21694,0.9881783092460067
21695,1
21696,1
21697,1
21698,1
21699,1
21700,1
21701,0.8973459867265247
21702,1
21703,0.9015056424333553
21704,0.9483339587646836
21705,0.9881783092460067
21706,1
21707,1
21708,0.7551908928696994
21709,0.8983749805577416
21710,1
21711,0.9655778327624767
21712,0.9778219501715014
21713,1
21714,0.9302355564425553
21715,0.8522775190797645
21716,1
21717,1
21718,0.9778219501715014
21719,1
21720,0.9543263590458063
21721,0.959090147274585
21722,0.8722569390466473
21723,1
21724,1
21725,0.9846439886628096
21726,0.9530866435720331
21727,1
21728,0.9420047267778425
21729,1
21730,0.9610528818815528
21731,1
21732,1
21733,0.9600270845790115
21734,0.8221514488867858
21735,1
21736,1
21737,0.9969928523546226
21738,1
21739,0.968832098902572
21740,1
21741,0.7702542064727548
21742,1
21743,0.8275815431690801
21744,0.7982632189740719
21745,1
21746,1
21747,0.9905051668667311
21748,1
21749,0.9905051668667311
21750,0.7953357088244613
21751,1
21752,1
21753,1
21754,1
21755,0.9667450634259871
21756,1
21757,0.3795796795795765
21758,1
21759,0.8680276625315166
21760,0.8973459867265247
21761,0.8239635051998926
21762,1
21763,1
21764,0.9685849804078539
21765,0.4108927515660568
21766,1
21767,1
21768,0.9034902571110531
21769,1
21770,0.9645897306921807
21771,1
21772,0.999011897929704
21773,0.664207693937762
21774,1
21775,0.9881783092460067
21776,0.9483339587646836
21777,1
21778,0.9117330397512
21779,1
21780,0.9927453194301491
21781,1
21782,1
21783,1
21784,0.9543263590458063
21785,1
21786,1
21787,1
21788,1
21789,1
21790,1
21791,1
21792,1
21793,0.9430581897446968
21794,0.28404767400530745
21795,0.9905051668667311
21796,1
21797,1
21798,1
21799,1
21800,1
21801,0.9663469305545923
21802,0.7024789254983056
21803,1
21804,1
21805,0.9143342181821917
21806,1
21807,0.8680276625315166
21808,0.8134145467013567
21809,1
21810,0.8753415395841895
21811,1
21812,0.9927453194301491
21813,0.999011897929704
21814,1
21815,0.9778219501715014
21816,0.9014712115359719
21817,1
21818,0.7147447735072628
21819,1
21820,0.8554852864605971
21821,0.9969928523546226
21822,1
21823,0.9685849804078539
21824,1
21825,1
21826,1
21827,1
21828,1
21829,1
21830,1
21831,0.7694482648682334
21832,0.9302355564425553
21833,0.8918587318353696
21834,0.9530866435720331
21835,0.9155611006233193
21836,1
21837,1
21838,1
21839,1
21840,1
21841,0.999011897929704
21842,1
21843,0.7222959531745593
21844,1
21845,1
21846,1
21847,0.9689876017956197
21848,1
21849,1
21850,0.9651212677009737
21851,1
21852,0.9188361014710205
21853,0.9778219501715014
21854,1
21855,0.7156765057907074
21856,0.9371052762402644
21857,1
21858,1
21859,0.9496611967194506
21860,1
21861,1
21862,1
21863,1
21864,1
21865,0.880576918436576
21866,1
21867,1
21868,1
21869,1
21870,1
21871,1
21872,0.9458319630021822
21873,0.9220419626372091
21874,0.8038311717063625
21875,0.9663469305545923
21876,1
21877,1
21878,1
21879,1
21880,0.8973459867265247
21881,1
21882,0.8680276625315166
21883,1
21884,0.9371052762402644
21885,1
21886,0.9548594394857455
21887,1
21888,0.4664894843292701
21889,0.9166474827354723
21890,1
21891,1
21892,1
21893,1
21894,1
21895,0.999011897929704
21896,0.9574216351622019
21897,0.910744937680904
21898,1
21899,1
21900,0.9614144663088184
21901,0.8027777087395082
21902,0.2102101280322056
21903,0.9282694853705434
21904,0.7918965057361613
21905,0.6466278335292304
21906,1
21907,0.9117330397512
21908,0.590706150344359
21909,1
21910,0.964440146198306
21911,1
21912,1
21913,0.9220419626372091
21914,0.8801634659849612
21915,0.9031331633321997
21916,1
21917,0.9683271170382325
21918,1
21919,1
21920,1
21921,0.9371052762402644
21922,1
21923,0.8726636352576804
21924,0.8969529149573318
21925,1
21926,1
21927,1
21928,0.8988205368504093
21929,1
21930,1
21931,1
21932,0.9949058168780378
21933,0.9226603481434248
21934,0.9905051668667311
21935,0.9625026952155957
21936,0.9371052762402644
21937,1
21938,0.9430581897446968
21939,0.8878511535932557
21940,0.9483339587646836
21941,1
21942,1
21943,0.9768338481012054
21944,1
21945,1
21946,1
21947,1
21948,1
21949,1
21950,0.5133592580903996
21951,1
21952,0.9857566700855682
21953,0.8554852864605971
21954,1
21955,0.8007334168471321
21956,1
21957,0.9614144663088184
21958,1
21959,1
21960,1
21961,0.9614144663088184
21962,1
21963,0.9371052762402644
21964,0.8883302289057365
21965,1
21966,1
21967,1
21968,1
21969,0.9371052762402644
21970,1
21971,0.9214415508878301
21972,0.9158289538256432
21973,1
21974,1
21975,1
21976,0.9489173775072564
21977,0.8508568224674742
21978,0.9614144663088184
21979,1
21980,1
21981,0.25232520675064646
21982,0.6771066890092413
21983,1
21984,0.9832309317100514
21985,0.903439888661189
21986,1
21987,0.9667450634259871
21988,0.9220419626372091
21989,0.9532995769469804
21990,0.8452727887554576
21991,0.999011897929704
21992,0.8901919198122976
21993,1
21994,0.9718392465479493
21995,1
21996,0.8680276625315166
21997,0.7577291769616384
21998,0.8779362471955486
21999,0.8709352797173001
22000,1
22001,0.94073777988022
22002,0.5646236567413525
22003,1
22004,1
22005,0.81195496506415
22006,1
22007,0.9493043272313071
22008,1
22009,0.8444787920814136
22010,1
22011,1
22012,0.9372697031023665
22013,1
22014,0.999011897929704
22015,1
22016,1
22017,1
22018,0.8359258130906737
22019,0.980590260469024
22020,1
22021,1
22022,1
22023,1
22024,1
22025,1
22026,1
22027,1
22028,1
22029,0.9949058168780378
22030,1
22031,0.9105082787342351
22032,0.5646236567413525
22033,1
22034,0.9638211921790754
22035,1
22036,0.9430581897446968
22037,1
22038,1
22039,0.9857566700855682
22040,0.9857566700855682
22041,1
22042,1
22043,1
22044,0.8375093320355865
22045,0.9610528818815528
22046,0.9117330397512
22047,0.7888451806464097
22048,1
22049,0.9718392465479493
22050,0.7396052096268936
22051,1
22052,1
22053,1
22054,0.980590260469024
22055,1
22056,1
22057,1
22058,1
22059,0.9220419626372091
22060,0.8366126429393705
22061,1
22062,0.9524295070169732
22063,1
22064,0.8254492976937186
22065,0.5895234985565171
22066,1
22067,0.7880106269306362
22068,1
22069,0.7446008192999884
22070,0.8969529149573318
22071,1
22072,1
22073,1
22074,1
22075,1
22076,0.9660002594175081
22077,1
22078,1
22079,0.13551615908469558
22080,1
22081,1
22082,1
22083,1
22084,1
22085,0.4308776005662461
22086,0.9718392465479493
22087,0.7131277869033867
22088,0.9220419626372091
22089,1
22090,1
22091,1
22092,1
22093,0.8510146104626144
22094,1
22095,0.8973459867265247
22096,1
22097,0.9619144078227891
22098,0.8337750023884092
22099,0.9141395254535859
22100,1
22101,1
22102,0.9637379157806099
22103,1
22104,1
22105,1
22106,0.9371052762402644
22107,0.9574216351622019
22108,0.999011897929704
22109,1
22110,1
22111,1
22112,1
22113,0.9651212677009737
22114,1
22115,1
22116,1
22117,1
22118,0.9467501988680719
22119,1
22120,0.9220419626372091
22121,1
22122,0.9754960773470618
22123,1
22124,0.971095427335755
22125,0.28404767400530745
22126,1
22127,1
22128,1
22129,1
22130,1
22131,0.9614144663088184
22132,0.9651212677009737
22133,0.9302355564425553
22134,1
22135,1
22136,0.9544144875168246
22137,1
22138,1
22139,0.5901597247102331
22140,0.999011897929704
22141,1
22142,1
22143,1
22144,0.8994935741513884
22145,1
22146,1
22147,1
22148,1
22149,0.8131698459082387
22150,0.9857566700855682
22151,1
22152,0.9430581897446968
22153,1
22154,1
22155,1
22156,1
22157,0.9220419626372091
22158,1
22159,1
22160,1
22161,1
22162,1
22163,1
22164,0.9574216351622019
22165,0.9371052762402644
22166,1
22167,1
22168,0.9857566700855682
22169,1
22170,0.9718392465479493
22171,1
22172,0.8833222000145885
22173,0.980590260469024
22174,0.880318020159054
22175,0.8988487403698091
22176,0.9179691420648194
22177,1
22178,1
22179,1
22180,1
22181,1
22182,1
22183,0.9159596774449509
22184,1
22185,1
22186,1
22187,1
22188,1
22189,1
22190,0.9388433136576013
22191,1
22192,0.9574216351622019
22193,0.9854109837447689
22194,1
22195,1
22196,1
22197,1
22198,1
22199,1
22200,1
22201,1
22202,1
22203,1
22204,0.8752595806223096
22205,1
22206,1
22207,0.8833674448282782
22208,1
22209,1
22210,0.78662759446879
22211,0.9614144663088184
22212,0.8368744130717932
22213,1
22214,0.923022185161748
22215,1
22216,1
22217,1
22218,0.9213178828994779
22219,1
22220,1
22221,0.8941252131738987
22222,1
22223,0.9066388566292378
22224,1
22225,0.9530866435720331
22226,1
22227,1
22228,1
22229,1
22230,0.9969928523546226
22231,1
22232,0.9759762511402005
22233,0.9220419626372091
22234,0.9857566700855682
22235,0.9220419626372091
22236,1
22237,0.8708768616278594
22238,1
22239,0.9483339587646836
22240,0.980590260469024
22241,1
22242,0.9483339587646836
22243,1
22244,1
22245,1
22246,0.9651212677009737
22247,0.8680276625315166
22248,1
22249,1
22250,1
22251,0.9578665871311227
22252,1
22253,0.8973459867265247
22254,1
22255,0.7941599469730644
22256,0.4219757431005803
22257,1
22258,1
22259,1
22260,1
22261,0.753551958504048
22262,0.9905051668667311
22263,1
22264,0.8753294922974266
22265,1
22266,1
22267,1
22268,0.9778219501715014
22269,1
22270,1
22271,0.8839573691719942
22272,0.9927453194301491
22273,1
22274,0.9865099171510577
22275,0.9584122106405254
22276,0.9785019895157173
22277,1
22278,0.8901919198122976
22279,0.6626922383973295
22280,1
22281,1
22282,1
22283,1
22284,0.999011897929704
22285,1
22286,1
22287,1
22288,0.9220419626372091
22289,0.22853005627794243
22290,1
22291,0.9802237840646741
22292,1
22293,1
22294,1
22295,1
22296,1
22297,0.6684508125042652
22298,1
22299,1
22300,1
22301,0.9530866435720331
22302,0.9479924604500709
22303,0.9574216351622019
22304,1
22305,0.6300358124091112
22306,1
22307,0.9075264151260265
22308,1
22309,0.9430581897446968
22310,1
22311,1
22312,0.8784754957291151
22313,1
22314,1
22315,0.3402781391970247
22316,1
22317,1
22318,0.8510146104626144
22319,0.8678809756694313
22320,1
22321,1
22322,1
22323,1
22324,0.8732147519096309
22325,1
22326,0.9832309317100514
22327,0.9775831128236467
22328,1
22329,1
22330,1
22331,0.938732144499198
22332,0.9371052762402644
22333,0.8405077254509076
22334,1
22335,0.9458319630021822
22336,1
22337,1
22338,0.9949058168780378
22339,0.9483339587646836
22340,1
22341,1
22342,1
22343,1
22344,1
22345,0.9430581897446968
22346,0.9651212677009737
22347,0.9685849804078539
22348,0.9927453194301491
22349,1
22350,1
22351,0.9905051668667311
22352,1
22353,1
22354,0.8680276625315166
22355,1
22356,0.9881783092460067
22357,1
22358,0.9718392465479493
22359,0.9832309317100514
22360,0.9430581897446968
22361,0.9229808758727044
22362,0.999011897929704
22363,1
22364,0.9737360985767824
22365,0.9949058168780378
22366,1
22367,0.8973459867265247
22368,0.6145482921800118
22369,0.980590260469024
22370,0.9802237840646741
22371,0.774925525458799
22372,0.7887111844411075
22373,1
22374,1
22375,0.9881783092460067
22376,0.544447521692061
22377,1
22378,1
22379,0.9299994467166725
22380,1
22381,0.8523856066234534
22382,0.5819661309048869
22383,0.9543985855403884
22384,0.8635489518691053
22385,1
22386,1
22387,0.980590260469024
22388,1
22389,1
22390,1
22391,0.9388391256314147
22392,0.9881783092460067
22393,1
22394,0.8578296363670391
22395,0.9400322200210963
22396,1
22397,0.6549066802953377
22398,0.9949058168780378
22399,1
22400,1
22401,1
22402,1
22403,1
22404,1
22405,0.9483339587646836
22406,1
22407,1
22408,0.999011897929704
22409,1
22410,1
22411,0.9220419626372091
22412,1
22413,0.9302355564425553
22414,1
22415,0.9969928523546226
22416,1
22417,0.9117330397512
22418,1
22419,1
22420,0.9905051668667311
22421,0.10860785149061951
22422,1
22423,0.9905051668667311
22424,1
22425,1
22426,1
22427,0.9718392465479493
22428,0.9651212677009737
22429,1
22430,1
22431,1
22432,1
22433,1
22434,0.7668046167150885
22435,0.590706150344359
22436,0.9630892615661294
22437,0.9329116830163308
22438,1
22439,0.8680276625315166
22440,1
22441,1
22442,1
22443,1
22444,1
22445,0.9014388429830583
22446,0.9857566700855682
22447,0.6379194096998694
22448,0.9614144663088184
22449,0.8910506501947678
22450,1
22451,1
22452,1
22453,0.6287167585972125
22454,1
22455,1
22456,1
22457,1
22458,0.9345702816799951
22459,1
22460,0.9881783092460067
22461,1
22462,0.8938812091851585
22463,0.9718392465479493
22464,1
22465,1
22466,0.6723880599750685
22467,0.9371052762402644
22468,1
22469,1
22470,1
22471,1
22472,0.5385680558348167
22473,1
22474,1
22475,0.8973459867265247
22476,0.8768543074521739
22477,0.8785695152072391
22478,1
22479,0.9614144663088184
22480,1
22481,1
22482,1
22483,1
22484,0.9651212677009737
22485,1
22486,0.9749109523201227
22487,1
22488,0.7024402345419885
22489,0.7262229310341184
22490,1
22491,1
22492,0.9265357340097923
22493,1
22494,1
22495,0.8225588566627794
22496,1
22497,0.7503439792957645
22498,0.999011897929704
22499,0.9483339587646836
22500,1
22501,0.8973459867265247
22502,0.9881783092460067
22503,1
22504,1
22505,1
22506,1
22507,0.9222689380962587
22508,1
22509,1
22510,0.9430581897446968
22511,1
22512,0.7941932617398576
22513,0.9332537128567678
22514,1
22515,1
22516,1
22517,0.9371052762402644
22518,1
22519,0.9714092409560581
22520,0.6613055403630825
22521,1
22522,0.9949058168780378
22523,0.9483339587646836
22524,0.9905051668667311
22525,0.9754960773470618
22526,0.9718392465479493
22527,0.952732902491624
22528,0.9832309317100514
22529,1
22530,0.9718392465479493
22531,0.8954876967616701
22532,0.959090147274585
22533,1
22534,0.9056902566481183
22535,1
22536,0.8973459867265247
22537,1
22538,1
22539,1
22540,1
22541,0.8680276625315166
22542,1
22543,1
22544,1
22545,1
22546,0.1394358406950158
22547,0.9430581897446968
22548,0.9325068689536401
22549,0.9778219501715014
22550,0.8691593289728721
22551,1
22552,1
22553,1
22554,1
22555,0.8022035462992988
22556,1
22557,1
22558,1
22559,1
22560,1
22561,1
22562,0.9371052762402644
22563,0.61005969408293
22564,1
22565,1
22566,1
22567,0.999011897929704
22568,1
22569,1
22570,1
22571,1
22572,0.9574216351622019
22573,0.6684508125042652
22574,0.8835722862991494
22575,1
22576,0.8835722862991494
22577,0.8973459867265247
22578,1
22579,0.9969928523546226
22580,0.8554907695172779
22581,1
22582,0.9871902071757107
22583,0.9524295070169732
22584,1
22585,0.7671529740416729
22586,1
22587,0.9430581897446968
22588,1
22589,1
22590,0.9430581897446968
22591,0.6196182574870107
22592,1
22593,1
22594,0.8424596948130196
22595,1
22596,0.9638407467659041
22597,0.9949058168780378
22598,1
22599,0.9530866435720331
22600,1
22601,1
22602,1
22603,0.9574216351622019
22604,0.8650205148861393
22605,0.9874980192213537
22606,1
22607,1
22608,0.8595755987692782
22609,1
22610,1
22611,1
22612,1
22613,1
22614,0.4242210627688309
22615,0.6673190425155775
22616,1
22617,0.8004091727518199
22618,1
22619,1
22620,1
22621,1
22622,1
22623,1
22624,0.9483339587646836
22625,1
22626,0.9857566700855682
22627,0.9179691420648194
22628,1
22629,1
22630,0.9117330397512
22631,1
22632,1
22633,0.9685849804078539
22634,0.9778219501715014
22635,1
22636,0.9718392465479493
22637,0.9651212677009737
22638,1
22639,0.9651212677009737
22640,0.5261532419748116
22641,1
22642,1
22643,0.8607729819616656
22644,1
22645,1
22646,0.9302355564425553
22647,1
22648,1
22649,1
22650,1
22651,1
22652,1
22653,1
22654,1
22655,1
22656,0.6132645160563458
22657,1
22658,1
22659,1
22660,1
22661,1
22662,0.9371052762402644
22663,0.7996078711754357
22664,1
22665,0.6578928101493071
22666,1
22667,0.9857566700855682
22668,1
22669,1
22670,1
22671,1
22672,1
22673,0.9927453194301491
22674,1
22675,1
22676,0.9371052762402644
22677,1
22678,1
22679,0.9299994467166725
22680,1
22681,0.9905051668667311
22682,1
22683,1
22684,1
22685,0.875649559874828
22686,0.898519742549083
22687,1
22688,0.9543985855403884
22689,0.9778219501715014
22690,0.913891443035069
22691,1
22692,0.9786834761127378
22693,0.9651212677009737
22694,0.9857566700855682
22695,1
22696,0.9302355564425553
22697,0.774714348523969
22698,0.7584161955351433
22699,0.9806624869636061
22700,1
22701,0.980590260469024
22702,1
22703,1
22704,0.9641331656306777
22705,0.999011897929704
22706,1
22707,1
22708,1
22709,0.8420755960242442
22710,0.4986073074310286
22711,1
22712,0.9584073186634412
22713,0.8973459867265247
22714,1
22715,1
22716,0.8275815431690801
22717,1
22718,0.9530866435720331
22719,0.36078209663113275
22720,1
22721,1
22722,1
22723,1
22724,0.9483339587646836
22725,0.7694482648682334
22726,0.9221342256752159
22727,1
22728,0.9141849248160626
22729,0.8953568241435291
22730,0.9097484250735023
22731,1
22732,1
22733,0.9939177148077418
22734,0.9371052762402644
22735,1
22736,0.8235026910512263
22737,1
22738,1
22739,1
22740,1
22741,1
22742,1
22743,0.9651212677009737
22744,0.6674178938874739
22745,0.9969928523546226
22746,1
22747,1
22748,0.9371052762402644
22749,0.9143342181821917
22750,1
22751,1
22752,1
22753,0.9832309317100514
22754,1
22755,1
22756,0.9371052762402644
22757,1
22758,0.8973459867265247
22759,1
22760,0.9493203043948625
22761,1
22762,1
22763,1
22764,1
22765,0.6118701509353975
22766,0.9302355564425553
22767,0.999011897929704
22768,0.857643269613079
22769,0.9881783092460067
22770,1
22771,1
22772,0.7769721853197303
22773,1
22774,1
22775,1
22776,1
22777,1
22778,1
22779,1
22780,0.999011897929704
22781,1
22782,1
22783,1
22784,1
22785,1
22786,1
22787,0.9857566700855682
22788,1
22789,0.9683271170382325
22790,1
22791,0.9292474543722593
22792,0.9718392465479493
22793,0.9117330397512
22794,1
22795,0.9718392465479493
22796,0.9545252398005989
22797,1
22798,1
22799,1
22800,0.6270862504061968
22801,0.971095427335755
22802,1
22803,0.936960514248923
22804,1
22805,0.9483339587646836
22806,1
22807,0.9530866435720331
22808,0.9220419626372091
22809,0.9881783092460067
22810,0.8072640790118365
22811,1
22812,1
22813,0.9379640066227346
22814,0.999011897929704
22815,1
22816,1
22817,0.999011897929704
22818,1
22819,0.9475627990326104
22820,0.9651212677009737
22821,1
22822,1
22823,0.9927453194301491
22824,0.9530866435720331
22825,0.6578928101493071
22826,1
22827,0.9614144663088184
22828,0.7355517006121576
22829,1
22830,1
22831,1
22832,0.8835722862991494
22833,1
22834,0.8910295644328288
22835,1
22836,1
22837,1
22838,1
22839,0.9530866435720331
22840,0.8703759214018928
22841,1
22842,1
22843,1
22844,1
22845,1
22846,0.9857566700855682
22847,1
22848,1
22849,1
22850,0.9881783092460067
22851,0.9568784850608267
22852,1
22853,1
22854,0.9667450634259871
22855,0.9117330397512
22856,0.934090628850252
22857,1
22858,1
22859,1
22860,0.9430581897446968
22861,0.5670379659113903
22862,1
22863,1
22864,1
22865,1
22866,1
22867,1
22868,1
22869,1
22870,1
22871,1
22872,0.3647101396247044
22873,0.999011897929704
22874,1
22875,0.8913921485093805
22876,1
22877,0.8680276625315166
22878,0.8336183417344482
22879,1
22880,0.9117330397512
22881,1
22882,0.9905051668667311
22883,1
22884,1
22885,0.5540399239011624
22886,0.9489173775072564
22887,1
22888,1
22889,0.6962422568159075
22890,1
22891,1
22892,1
22893,1
22894,1
22895,1
22896,0.9550897328448293
22897,1
22898,0.734353591295971
22899,1
22900,1
22901,1
22902,0.869593923754489
22903,0.9887500697144758
22904,1
22905,1
22906,0.5536200632573138
22907,1
22908,1
22909,1
22910,0.9574216351622019
22911,1
22912,1
22913,1
22914,1
22915,1
22916,1
22917,1
22918,0.9685849804078539
22919,0.9567632896538606
22920,1
22921,1
22922,0.8910506501947678
22923,1
22924,0.9718392465479493
22925,1
22926,0.9651212677009737
22927,0.9555012127891466
22928,1
22929,1
22930,1
22931,1
22932,0.8398669090794659
22933,0.9927453194301491
22934,1
22935,0.4222595218993172
22936,0.9555012127891466
22937,0.835705377211033
22938,1
22939,1
22940,1
22941,1
22942,0.9159596774449509
22943,1
22944,1
22945,1
22946,1
22947,0.9690071563824484
22948,1
22949,0.971095427335755
22950,0.9651212677009737
22951,1
22952,0.9493043272313071
22953,0.9718392465479493
22954,0.3291344524549886
22955,1
22956,0.7893827953200289
22957,1
22958,0.9483339587646836
22959,1
22960,1
22961,1
22962,0.24821548254300763
22963,0.869154674913402
22964,0.8736731474892405
22965,0.8556692978066883
22966,0.9337062481088276
22967,0.7982632189740719
22968,0.4064503783136805
22969,0.9614144663088184
22970,1
22971,0.9483339587646836
22972,0.9077986327227774
22973,0.9372697031023665
22974,1
22975,0.6868212011720297
22976,1
22977,0.8973459867265247
22978,0.6574104578515455
22979,1
22980,0.7653736492580413
22981,1
22982,0.9117330397512
22983,0.8943388390811474
22984,0.9881783092460067
22985,1
22986,1
22987,1
22988,1
22989,1
22990,1
22991,0.7698282937977114
22992,1
22993,1
22994,1
22995,1
22996,1
22997,1
22998,0.8973459867265247
22999,0.28404767400530745
23000,0.999011897929704
23001,1
23002,0.6666049942050397
23003,1
23004,1
23005,1
23006,0.9905051668667311
23007,1
23008,1
23009,0.9530866435720331
23010,1
23011,0.6845395265664629
23012,0.980590260469024
23013,0.8973459867265247
23014,1
23015,1
23016,1
23017,1
23018,0.9905051668667311
23019,1
23020,0.9220419626372091
23021,0.9265357340097923
23022,0.8830904097657931
23023,1
23024,0.8956024152852753
23025,0.8368744130717932
23026,1
23027,1
23028,1
23029,0.9685849804078539
23030,1
23031,0.9480960327908194
23032,0.8331489302324904
23033,1
23034,1
23035,1
23036,1
23037,0.9081794574456705
23038,1
23039,1
23040,0.9407468213616915
23041,0.5440477346626692
23042,1
23043,0.9430581897446968
23044,0.9718392465479493
23045,1
23046,0.8254492976937186
23047,1
23048,0.9969928523546226
23049,0.9117330397512
23050,0.7504086068329762
23051,1
23052,1
23053,1
23054,1
23055,1
23056,1
23057,1
23058,1
23059,1
23060,1
23061,0.7375960889756816
23062,1
23063,1
23064,0.9651212677009737
23065,1
23066,0.29287075097238313
23067,0.7711608258637163
23068,0.9507910536663244
23069,0.8027777087395082
23070,0.9881783092460067
23071,1
23072,0.9430581897446968
23073,1
23074,0.9685849804078539
23075,1
23076,1
23077,0.9969928523546226
23078,0.999011897929704
23079,0.9614144663088184
23080,1
23081,1
23082,0.9832309317100514
23083,0.9718392465479493
23084,1
23085,0.920237763439429
23086,1
23087,1
23088,1
23089,1
23090,1
23091,1
23092,1
23093,1
23094,0.8680276625315166
23095,0.9030576086593953
23096,0.8297562415397864
23097,1
23098,1
23099,0.9739228502498266
23100,1
23101,1
23102,0.9857566700855682
23103,0.973934979331575
23104,1
23105,0.46336730817178323
23106,1
23107,1
23108,1
23109,0.9092321698129198
23110,1
23111,0.6701297819581581
23112,1
23113,1
23114,1
23115,1
23116,1
23117,1
23118,1
23119,1
23120,1
23121,0.9651212677009737
23122,0.8556692978066883
23123,0.6771066890092413
23124,1
23125,0.9532995769469804
23126,1
23127,0.9749109523201227
23128,0.980590260469024
23129,1
23130,1
23131,0.9905051668667311
23132,1
23133,1
23134,0.8590504162728203
23135,0.9651212677009737
23136,1
23137,0.8729087854151102
23138,1
23139,1
23140,1
23141,1
23142,1
23143,1
23144,0.980590260469024
23145,0.8768845533565979
23146,1
23147,0.8680276625315166
23148,0.9874980192213537
23149,0.9150790221906708
23150,1
23151,1
23152,1
23153,0.88552429597253135
23154,1
23155,1
23156,0.13551615908469558
23157,0.9718392465479493
23158,1
23159,0.9749109523201227
23160,1
23161,0.9207407233092864
23162,0.9651212677009737
23163,0.823081520605899
23164,0.8953568241435291
23165,0.9210538605669131
23166,1
23167,1
23168,1
23169,0.6283241637863345
23170,1
23171,1
23172,1
23173,0.4724423978337025
23174,1
23175,1
23176,1
23177,1
23178,1
23179,1
23180,0.7154881766180683
23181,0.8973459867265247
23182,1
23183,1
23184,1
23185,1
23186,1
23187,0.2679212824639739
23188,1
23189,0.9037019896124976
23190,1
23191,1
23192,1
23193,1
23194,0.9574216351622019
23195,1
23196,0.9443033681784329
23197,0.9685849804078539
23198,0.823081520605899
23199,0.9571659110416263
23200,0.9832309317100514
23201,1
23202,1
23203,1
23204,1
23205,1
23206,1
23207,0.869154674913402
23208,1
23209,1
23210,1
23211,0.8726636352576804
23212,1
23213,1
23214,1
23215,1
23216,1
23217,0.9530866435720331
23218,1
23219,1
23220,1
23221,0.9614144663088184
23222,1
23223,0.9905051668667311
23224,1
23225,0.9905051668667311
23226,1
23227,1
23228,1
23229,1
23230,1
23231,1
23232,1
23233,1
23234,0.8788713456525111
23235,0.9857566700855682
23236,0.9530866435720331
23237,0.8719227450430536
23238,1
23239,1
23240,0.8710939833514829
23241,0.9651212677009737
23242,1
23243,1
23244,0.9220419626372091
23245,1
23246,0.9430581897446968
23247,1
23248,0.5769806579122614
23249,1
23250,1
23251,1
23252,0.897674977213915
23253,1
23254,1
23255,1
23256,0.903439888661189
23257,1
23258,1
23259,1
23260,1
23261,0.9905051668667311
23262,0.9909105671623645
23263,0.9718392465479493
23264,1
23265,1
23266,0.8012845151454274
23267,1
23268,0.7461843027179891
23269,1
23270,1
23271,0.845849612703018
23272,1
23273,1
23274,1
23275,1
23276,0.9949058168780378
23277,0.999011897929704
23278,1
23279,0.7874460996781049
23280,1
23281,1
23282,1
23283,0.9476387193696618
23284,1
23285,0.9229808758727044
23286,0.7214030012893606
23287,0.7353684952143363
23288,1
23289,1
23290,1
23291,0.9543263590458063
23292,0.8973459867265247
23293,0.9610528818815528
23294,0.44822043282973734
23295,1
23296,0.982749522440191
23297,1
23298,1
23299,0.9778219501715014
23300,0.9614144663088184
23301,1
23302,0.13076347427734616
23303,0.8973459867265247
23304,0.9718392465479493
23305,1
23306,1
23307,1
23308,0.8680276625315166
23309,0.8452818526510674
23310,0.9718392465479493
23311,1
23312,0.8724383926080256
23313,1
23314,1
23315,0.65417794632338
23316,1
23317,0.8356381596019324
23318,1
23319,1
23320,1
23321,1
23322,1
23323,1
23324,0.9258077121848878
23325,0.629941525965343
23326,0.9455999444082086
23327,1
23328,1
23329,0.9776953740424417
23330,1
23331,1
23332,1
23333,1
23334,0.980590260469024
23335,1
23336,0.98325048629688
23337,0.9685849804078539
23338,1
23339,1
23340,0.9580722751939489
23341,1
23342,0.8325861794225579
23343,0.66585347416494
23344,1
23345,0.805132938771781
23346,1
23347,1
23348,0.6608316527260744
23349,1
23350,1
23351,0.5895234985565171
23352,1
23353,1
23354,1
23355,1
23356,1
23357,1
23358,1
23359,0.36078209663113275
23360,0.9960047502843267
23361,1
23362,1
23363,1
23364,1
23365,1
23366,1
23367,0.9371052762402644
23368,1
23369,1
23370,0.8504326302985578
23371,1
23372,0.8279788315279484
23373,1
23374,1
23375,0.48893853464075954
23376,0.9708511444776533
23377,1
23378,1
23379,0.9969928523546226
23380,0.9041685397609621
23381,0.6962422568159075
23382,1
23383,1
23384,1
23385,0.881689179773843
23386,1
23387,1
23388,1
23389,0.9685849804078539
23390,1
23391,1
23392,0.999011897929704
23393,0.9010668612563077
23394,1
23395,0.6023130481878964
23396,0.9718392465479493
23397,1
23398,0.3739002125826403
23399,1
23400,1
23401,1
23402,1
23403,0.40569611069047035
23404,0.980590260469024
23405,1
23406,0.9014206023367168
23407,0.7268896028483065
23408,1
23409,0.9056902566481183
23410,1
23411,0.9574216351622019
23412,1
23413,0.20628660338491664
23414,0.9614144663088184
23415,1
23416,0.65417794632338
23417,0.971095427335755
23418,0.647855834044397
23419,1
23420,0.8830860902887055
23421,0.9927453194301491
23422,1
23423,0.943675828192684
23424,1
23425,1
23426,1
23427,0.9574216351622019
23428,0.5655190440191297
23429,0.6181510437292862
23430,1
23431,1
23432,1
23433,1
23434,1
23435,1
23436,1
23437,1
23438,1
23439,1
23440,0.865100152381906
23441,1
23442,1
23443,1
23444,1
23445,1
23446,0.8749745404477245
23447,1
23448,1
23449,1
23450,1
23451,0.8456799454912083
23452,1
23453,1
23454,0.9949058168780378
23455,0.8444787920814136
23456,1
23457,0.8729087854151102
23458,1
23459,0.9550701782580007
23460,0.8562421720126112
23461,1
23462,1
23463,1
23464,1
23465,1
23466,1
23467,1
23468,0.8246458613661484
23469,0.8966861581757088
23470,0.9881783092460067
23471,1
23472,1
23473,1
23474,0.9530866435720331
23475,0.9340981285948871
23476,1
23477,1
23478,1
23479,0.8680276625315166
23480,0.590706150344359
23481,1
23482,1
23483,1
23484,1
23485,0.9614144663088184
23486,0.9265357340097923
23487,0.9430581897446968
23488,1
23489,1
23490,0.971095427335755
23491,0.8973459867265247
23492,0.39650552096909064
23493,1
23494,1
23495,1
23496,1
23497,1
23498,0.7394269992823516
23499,1
23500,1
23501,0.9022382066179311
23502,1
23503,0.9055454946567769
23504,0.9584073186634412
23505,1
23506,0.7694482648682334
23507,1
23508,1
23509,1
23510,1
23511,1
23512,0.9011557710995964
23513,0.7900696251687257
23514,0.8176204380863418
23515,1
23516,0.9905051668667311
23517,0.6832181711556715
23518,0.9718392465479493
23519,0.5261532419748116
23520,1
23521,1
23522,1
23523,0.980590260469024
23524,0.9874980192213537
23525,1
23526,1
23527,1
23528,1
23529,1
23530,1
23531,1
23532,0.9927453194301491
23533,1
23534,1
23535,0.5683562262012407
23536,1
23537,0.9905051668667311
23538,1
23539,0.9614144663088184
23540,0.7311209891149338
23541,0.9927453194301491
23542,1
23543,1
23544,1
23545,0.9483339587646836
23546,1
23547,0.7372128958059906
23548,1
23549,0.9949058168780378
23550,1
23551,0.9483339587646836
23552,1
23553,1
23554,1
23555,0.869154674913402
23556,0.9718392465479493
23557,0.7171355903579985
23558,1
23559,0.8901919198122976
23560,1
23561,1
23562,1
23563,1
23564,0.8557188666782662
23565,0.28404767400530745
23566,0.9749109523201227
23567,0.9148974362926461
23568,1
23569,1
23570,1
23571,0.9159922265281236
23572,0.9220419626372091
23573,0.8225588566627794
23574,1
23575,0.826142194717372
23576,1
23577,1
23578,1
23579,0.9638211921790754
23580,0.9949058168780378
23581,1
23582,0.8920317214461785
23583,0.7900696251687257
23584,0.6093583074220777
23585,0.8466615478652787
23586,0.9530866435720331
23587,1
23588,1
23589,1
23590,0.7803858433634824
23591,1
23592,1
23593,1
23594,0.7604361855267884
23595,1
23596,1
23597,1
23598,1
23599,0.9685849804078539
23600,1
23601,0.9739228502498266
23602,0.8878511535932557
23603,1
23604,0.7653736492580413
23605,0.8779362471955486
23606,1
23607,1
23608,1
23609,0.5062698605943717
23610,0.9438047438137114
23611,1
23612,0.7900696251687257
23613,1
23614,1
23615,0.9614144663088184
23616,0.8928159316229987
23617,1
23618,0.9471711363943868
23619,0.999011897929704
23620,0.6706237746400191
23621,0.861278379117529
23622,0.9781563031749179
23623,1
23624,1
23625,1
23626,1
23627,0.8430766180828266
23628,0.7271496322061999
23629,0.9718392465479493
23630,1
23631,1
23632,1
23633,0.9371052762402644
23634,0.9574216351622019
23635,1
23636,0.980590260469024
23637,0.5979947066822194
23638,0.8966580516425219
23639,1
23640,1
23641,0.55475644457807
23642,0.865100152381906
23643,0.8746230802194318
23644,1
23645,1
23646,1
23647,0.7690046388766888
23648,1
23649,0.9905051668667311
23650,0.9371052762402644
23651,1
23652,1
23653,0.9881783092460067
23654,1
23655,1
23656,1
23657,0.4227354348940315
23658,1
23659,1
23660,1
23661,0.55475644457807
23662,1
23663,0.5440477346626692
23664,1
23665,1
23666,0.9006896772530381
23667,1
23668,0.44822043282973734
23669,1
23670,1
23671,1
23672,0.9430581897446968
23673,1
23674,1
23675,1
23676,1
23677,1
23678,0.28404767400530745
23679,0.9960047502843267
23680,0.9524295070169732
23681,1
23682,1
23683,0.8680276625315166
23684,1
23685,0.980590260469024
23686,1
23687,1
23688,0.9927453194301491
23689,1
23690,0.8294421288403351
23691,1
23692,1
23693,1
23694,1
23695,1
23696,0.4308776005662461
23697,0.9574216351622019
23698,0.6226591972289537
23699,0.9203362079503158
23700,1
23701,0.7665468387118208
23702,1
23703,1
23704,0.9614144663088184
23705,0.7501690487295319
23706,0.5291711478506371
23707,1
23708,0.9718392465479493
23709,1
23710,1
23711,0.9574216351622019
23712,1
23713,1
23714,0.9584073186634412
23715,0.9558639953510272
23716,1
23717,1
23718,1
23719,0.8953383171444587
23720,0.9651212677009737
23721,1
23722,1
23723,1
23724,1
23725,1
23726,1
23727,1
23728,1
23729,1
23730,0.9881783092460067
23731,1
23732,0.6801178259087808
23733,0.7803858433634824
23734,0.9371052762402644
23735,1
23736,1
23737,0.8938812091851585
23738,0.693751249921008
23739,1
23740,1
23741,0.538512863897073
23742,1
23743,1
23744,1
23745,1
23746,0.9371052762402644
23747,0.4756840206827645
23748,1
23749,1
23750,0.9718392465479493
23751,0.9430581897446968
23752,1
23753,1
23754,1
23755,0.973934979331575
23756,0.8326316698229056
23757,0.9857566700855682
23758,0.9182079112730068
23759,1
23760,1
23761,1
23762,1
23763,1
23764,1
23765,1
23766,1
23767,1
23768,1
23769,1
23770,0.8600669985158838
23771,0.9714287955428867
23772,0.999011897929704
23773,0.9543416504934221
23774,1
23775,1
23776,1
23777,1
23778,1
23779,0.9778219501715014
23780,1
23781,1
23782,1
23783,0.7900696251687257
23784,1
23785,1
23786,0.5189407302635127
23787,1
23788,0.9500794959266557
23789,1
23790,0.29287075097238313
23791,1
23792,0.8684217335450968
23793,0.8983749805577416
23794,1
23795,0.8038311717063625
23796,1
23797,0.9201430291561377
23798,0.9651212677009737
23799,0.9458319630021822
23800,1
23801,0.9220419626372091
23802,0.47567606244611943
23803,0.9969928523546226
23804,0.97967438489331
23805,1
23806,1
23807,1
23808,1
23809,1
23810,1
23811,1
23812,0.9651212677009737
23813,0.973934979331575
23814,1
23815,1
23816,1
23817,1
23818,1
23819,1
23820,1
23821,0.9483339587646836
23822,0.3377124616080103
23823,1
23824,0.5293842080890057
23825,1
23826,1
23827,1
23828,0.9778219501715014
23829,0.9117330397512
23830,1
23831,1
23832,0.8522775190797645
23833,0.9718392465479493
23834,1
23835,0.9574216351622019
23836,0.9120162285603871
23837,0.9718392465479493
23838,1
23839,0.9651212677009737
23840,0.9165540946706994
23841,0.9207407233092864
23842,0.9778219501715014
23843,0.97967438489331
23844,0.8767370178811877
23845,0.9208801399161981
23846,1
23847,0.9467501988680719
23848,0.7465971777387557
23849,1
23850,1
23851,0.9905051668667311
23852,1
23853,1
23854,1
23855,1
23856,1
23857,0.999011897929704
23858,1
23859,1
23860,0.8325861794225579
23861,0.9483339587646836
23862,1
23863,0.8866439920713227
23864,0.9905051668667311
23865,0.9159596774449509
23866,0.980590260469024
23867,0.8833222000145885
23868,1
23869,0.8925716487648969
23870,1
23871,1
23872,1
23873,0.4790332002460549
23874,0.999011897929704
23875,1
23876,0.9905051668667311
23877,1
23878,1
23879,1
23880,1
23881,0.3999233439226605
23882,1
23883,0.5174264140846152
23884,1
23885,1
23886,1
23887,0.9371052762402644
23888,0.9220419626372091
23889,1
23890,1
23891,1
23892,1
23893,1
23894,1
23895,0.8172805321326422
23896,0.9881783092460067
23897,0.9524295070169732
23898,1
23899,1
23900,1
23901,0.934090628850252
23902,1
23903,1
23904,0.8027777087395082
23905,1
23906,1
23907,0.9949058168780378
23908,0.6114784213898836
23909,1
23910,0.7593465947256995
23911,0.999011897929704
23912,0.9117330397512
23913,0.9778219501715014
23914,0.9614144663088184
23915,1
23916,0.9685849804078539
23917,0.9302355564425553
23918,1
23919,1
23920,1
23921,1
23922,1
23923,1
23924,0.9881783092460067
23925,1
23926,0.9969928523546226
23927,1
23928,1
23929,1
23930,1
23931,1
23932,0.42580041727909607
23933,0.905146508762678
23934,1
23935,1
23936,1
23937,0.9881783092460067
23938,0.910744937680904
23939,1
23940,0.9881783092460067
23941,1
23942,1
23943,0.9832309317100514
23944,0.6962422568159075
23945,1
23946,1
23947,1
23948,0.9614144663088184
23949,1
23950,1
23951,1
23952,1
23953,1
23954,0.9003428817080144
23955,0.6684508125042652
23956,0.8266308714086987
23957,0.61005969408293
23958,0.8956980561054129
23959,0.7959475137391832
23960,1
23961,0.9302355564425553
23962,1
23963,0.767994939061034
23964,1
23965,1
23966,1
23967,1
23968,1
23969,1
23970,1
23971,1
23972,1
23973,1
23974,1
23975,0.9022382066179311
23976,1
23977,1
23978,1
23979,1
23980,1
23981,1
23982,0.7719950746343598
23983,1
23984,0.9651212677009737
23985,0.5932654186722855
23986,1
23987,0.9434959327279765
23988,0.810252782300283
23989,1
23990,1
23991,1
23992,0.999011897929704
23993,1
23994,0.4655013376903048
23995,1
23996,0.9014206023367168
23997,0.7989362562750512
23998,1
23999,1
24000,1
24001,1
24002,1
24003,1
24004,0.9778219501715014
24005,1
24006,0.48062514729493044
24007,0.9927453194301491
24008,1
24009,0.7599309113245942
24010,1
24011,0.968832098902572
24012,0.9026322231062331
24013,1
24014,0.6242261294252995
24015,1
24016,1
24017,0.9530866435720331
24018,0.9905051668667311
24019,1
24020,0.8973459867265247
24021,1
24022,0.9718392465479493
24023,1
24024,0.9417153688451588
24025,0.9610528818815528
24026,0.9969928523546226
24027,0.7018026649199257
24028,1
24029,0.9832309317100514
24030,1
24031,1
24032,1
24033,1
24034,0.9530866435720331
24035,1
24036,1
24037,1
24038,0.980590260469024
24039,1
24040,1
24041,1
24042,0.871750595545156
24043,1
24044,0.9881783092460067
24045,1
24046,1
24047,0.4972425565918858
24048,1
24049,1
24050,1
24051,1
24052,1
24053,1
24054,1
24055,1
24056,1
24057,0.8585328293982476
24058,1
24059,0.8607729819616656
24060,1
24061,1
24062,0.9302355564425553
24063,0.9857566700855682
24064,1
24065,1
24066,1
24067,0.9939177148077418
24068,1
24069,1
24070,0.9004325002664209
24071,0.8368744130717932
24072,1
24073,1
24074,1
24075,1
24076,1
24077,1
24078,1
24079,1
24080,1
24081,1
24082,0.980590260469024
24083,1
24084,0.810252782300283
24085,1
24086,0.8732147519096309
24087,1
24088,0.9776953740424417
24089,1
24090,1
24091,0.9225429028631756
24092,1
24093,1
24094,1
24095,1
24096,0.9565054262842391
24097,1
24098,1
24099,0.9530866435720331
24100,1
24101,1
24102,0.8508568224674742
24103,1
24104,1
24105,0.9881783092460067
24106,1
24107,1
24108,0.7147447735072628
24109,0.8642347732627553
24110,0.9021393611173008
24111,1
24112,0.9718392465479493
24113,1
24114,1
24115,1
24116,1
24117,1
24118,1
24119,0.9229967766186237
24120,0.4219757431005803
24121,1
24122,0.7874919117096618
24123,0.8027777087395082
24124,1
24125,1
24126,1
24127,0.8254721960185941
24128,1
24129,0.9832309317100514
24130,1
24131,0.9325068689536401
24132,0.8782696154026804
24133,0.28404767400530745
24134,1
24135,1
24136,1
24137,0.865100152381906
24138,0.9530866435720331
24139,1
24140,0.8737314891705319
24141,0.4108927515660568
24142,1
24143,1
24144,0.9134552264656575
24145,1
24146,1
24147,0.9718392465479493
24148,0.8027777087395082
24149,0.980590260469024
24150,1
24151,0.9022382066179311
24152,1
24153,1
24154,0.7797607022827165
24155,0.9302355564425553
24156,1
24157,0.8518079799485264
24158,1
24159,1
24160,1
24161,1
24162,1
24163,1
24164,1
24165,1
24166,1
24167,1
24168,1
24169,0.8956024152852753
24170,1
24171,0.9117330397512
24172,1
24173,0.8978324347801133
24174,1
24175,1
24176,0.8651674674050014
24177,1
24178,1
24179,0.9371052762402644
24180,1
24181,1
24182,1
24183,1
24184,1
24185,1
24186,0.6082686814428431
24187,0.9881783092460067
24188,1
24189,1
24190,1
24191,0.8206775625394137
24192,1
24193,1
24194,0.5440477346626692
24195,0.9949058168780378
24196,1
24197,0.8090790264777248
24198,0.9969928523546226
24199,1
24200,1
24201,0.8193879493637338
24202,0.9312364989907035
24203,1
24204,0.9949058168780378
24205,0.9969928523546226
24206,1
24207,0.5967748047391827
24208,0.9483339587646836
24209,1
24210,1
24211,1
24212,1
24213,0.9918986692326606
24214,1
24215,1
24216,1
24217,0.4217187450080195
24218,1
24219,0.880576918436576
24220,1
24221,1
24222,1
24223,0.8680276625315166
24224,0.9336769040410571
24225,0.9614144663088184
24226,1
24227,1
24228,0.5174264140846152
24229,0.7880238861016474
24230,0.7036260309588871
24231,0.5676700126819629
24232,0.9786834761127378
24233,1
24234,0.9685849804078539
24235,0.7849466017040542
24236,0.7653736492580413
24237,1
24238,0.9718392465479493
24239,0.9969928523546226
24240,0.9969928523546226
24241,1
24242,0.9881783092460067
24243,1
24244,1
24245,1
24246,1
24247,1
24248,0.999011897929704
24249,0.9524295070169732
24250,1
24251,1
24252,1
24253,0.9299204916732384
24254,0.8673408326828198
24255,0.8225588566627794
24256,0.9685849804078539
24257,1
24258,0.9614144663088184
24259,1
24260,0.9044726560535153
24261,0.9905051668667311
24262,1
24263,1
24264,0.9543263590458063
24265,1
24266,0.7538610578529071
24267,1
24268,0.9302355564425553
24269,0.9949058168780378
24270,0.522443640218606
24271,0.5174264140846152
24272,1
24273,0.7568958226055211
24274,1
24275,0.9574216351622019
24276,0.5440477346626692
24277,1
24278,0.6437438783163454
24279,1
24280,1
24281,1
24282,0.8973459867265247
24283,0.9022265439412381
24284,1
24285,1
24286,1
24287,0.8973459867265247
24288,1
24289,0.9704211388857621
24290,1
24291,1
24292,1
24293,0.9778219501715014
24294,1
24295,1
24296,0.869154674913402
24297,1
24298,1
24299,0.9969928523546226
24300,1
24301,1
24302,1
24303,1
24304,1
24305,0.9220419626372091
24306,1
24307,1
24308,1
24309,0.9182079112730068
24310,0.9627498137103139
24311,1
24312,0.4219757431005803
24313,1
24314,0.9108258169115794
24315,1
24316,0.8556787988397034
24317,1
24318,0.9117330397512
24319,0.9969928523546226
24320,1
24321,1
24322,0.9748148025261241
24323,1
24324,0.8275093226793488
24325,0.9188361014710205
24326,0.8708744430588026
24327,0.7599309113245942
24328,1
24329,0.8607729819616656
24330,1
24331,1
24332,1
24333,1
24334,0.9685849804078539
24335,1
24336,1
24337,0.9927453194301491
24338,1
24339,1
24340,1
24341,1
24342,1
24343,0.6300358124091112
24344,1
24345,1
24346,1
24347,1
24348,1
24349,1
24350,1
24351,1
24352,1
24353,1
24354,0.9111402211550652
24355,1
24356,0.9809236286761558
24357,1
24358,0.98325048629688
24359,1
24360,1
24361,1
24362,1
24363,0.9718392465479493
24364,1
24365,1
24366,0.9718392465479493
24367,1
24368,1
24369,0.8850977366903354
24370,0.8452818526510674
24371,0.9685849804078539
24372,1
24373,0.9371052762402644
24374,1
24375,1
24376,0.9630892615661294
24377,0.81195496506415
24378,1
24379,0.8048131858812508
24380,1
24381,0.928814859830265
24382,0.9117330397512
24383,1
24384,0.9905051668667311
24385,0.9781563031749179
24386,1
24387,1
24388,0.9614144663088184
24389,0.9832309317100514
24390,0.617379358020077
24391,1
24392,1
24393,1
24394,1
24395,0.6166101870324855
24396,1
24397,0.8525337439539906
24398,1
24399,1
24400,1
24401,0.8170933837254789
24402,0.8618942912157173
24403,1
24404,1
24405,0.9708511444776533
24406,1
24407,1
24408,0.9651212677009737
24409,1
24410,0.999011897929704
24411,0.28404767400530745
24412,1
24413,0.8733809135121012
24414,0.8432770270472955
24415,1
24416,1
24417,1
24418,0.9781563031749179
24419,0.9117330397512
24420,1
24421,1
24422,1
24423,0.9483339587646836
24424,1
24425,1
24426,0.9289242192337076
24427,1
24428,1
24429,0.9685849804078539
24430,1
24431,1
24432,1
24433,1
24434,1
24435,0.991757217359853
24436,1
24437,1
24438,0.9052728943472605
24439,1
24440,0.9651212677009737
24441,1
24442,1
24443,1
24444,1
24445,1
24446,1
24447,1
24448,1
24449,0.8973459867265247
24450,1
24451,1
24452,1
24453,1
24454,1
24455,0.6674178938874739
24456,1
24457,1
24458,1
24459,1
24460,1
24461,0.9430581897446968
24462,0.8732937461872521
24463,1
24464,1
24465,0.9548594394857455
24466,1
24467,1
24468,0.9905051668667311
24469,1
24470,1
24471,1
24472,1
24473,0.9949058168780378
24474,1
24475,0.9117330397512
24476,1
24477,0.9430581897446968
24478,0.9874980192213537
24479,1
24480,1
24481,1
24482,0.6761769355998031
24483,1
24484,1
24485,1
24486,1
24487,1
24488,1
24489,1
24490,0.9939177148077418
24491,1
24492,0.7391097478348237
24493,0.8529985884807579
24494,1
24495,0.9374170793104258
24496,1
24497,1
24498,0.960017555793956
24499,0.21614003212648986
24500,1
24501,1
24502,1
24503,0.8975091996415616
24504,1
24505,0.9614144663088184
24506,0.8585328293982476
24507,1
24508,0.8680276625315166
24509,0.9220419626372091
24510,0.9637379157806099
24511,0.25677062574644
24512,0.8488383159914644
24513,0.8505717643928711
24514,1
24515,0.8960043474308276
24516,1
24517,0.7941932617398576
24518,1
24519,1
24520,1
24521,1
24522,0.9685849804078539
24523,1
24524,1
24525,0.28404767400530745
24526,1
24527,0.9371052762402644
24528,0.9574216351622019
24529,1
24530,1
24531,1
24532,1
24533,1
24534,0.10114507501474657
24535,1
24536,1
24537,1
24538,1
24539,1
24540,0.42795208427062664
24541,1
24542,1
24543,1
24544,0.9483339587646836
24545,1
24546,1
24547,0.28690530630792
24548,0.8297562415397864
24549,0.8337750023884092
24550,1
24551,1
24552,1
24553,1
24554,0.9574216351622019
24555,0.9436572959485738
24556,1
24557,1
24558,0.7651088629026602
24559,0.9905051668667311
24560,1
24561,1
24562,0.9175361170923116
24563,0.5597212560122065
24564,0.25232520675064646
24565,1
24566,0.7758262952542939
24567,0.40569611069047035
24568,0.8722569390466473
24569,0.13551615908469558
24570,1
24571,0.1739354062296626
24572,0.776967299473864
24573,1
24574,0.6531815169790459
24575,1
24576,1
24577,1
24578,0.9651212677009737
24579,1
24580,1
24581,0.9654161191868537
24582,0.9430581897446968
24583,0.7683589138645027
24584,0.7418673099859446
24585,0.8680276625315166
24586,1
24587,1
24588,0.9651212677009737
24589,0.9857566700855682
24590,1
24591,1
24592,0.9584122106405254
24593,0.9302355564425553
24594,0.7018026649199257
24595,1
24596,1
24597,1
24598,1
24599,0.9685849804078539
24600,0.6727678805331969
24601,1
24602,1
24603,1
24604,1
24605,0.9604263642385225
24606,0.7599309113245942
24607,1
24608,1
24609,0.980590260469024
24610,0.8168914112428973
24611,0.6478002100750792
24612,0.22853005627794243
24613,1
24614,0.9371052762402644
24615,0.9052728943472605
24616,0.8090790264777248
24617,1
24618,0.9749109523201227
24619,1
24620,1
24621,0.9206413025683434
24622,0.9857566700855682
24623,1
24624,0.89614483331673
24625,1
24626,1
24627,1
24628,0.9685849804078539
24629,0.9927453194301491
24630,0.794835696563293
24631,0.6205239750413186
24632,1
24633,0.999011897929704
24634,0.8202657506240163
24635,1
24636,1
24637,1
24638,1
24639,1
24640,1
24641,0.9584122106405254
24642,1
24643,1
24644,1
24645,0.9778219501715014
24646,0.9759762511402005
24647,1
24648,1
24649,1
24650,1
24651,0.9685849804078539
24652,0.9292608817101512
24653,0.9536006669178442
24654,0.6132645160563458
24655,0.9927453194301491
24656,0.9905051668667311
24657,0.1978908552178076
24658,0.6409400400706994
24659,1
24660,1
24661,0.6245796118348689
24662,1
24663,1
24664,1
24665,0.9905051668667311
24666,0.8640604917914398
24667,1
24668,1
24669,1
24670,1
24671,0.6611428969489386
24672,1
24673,1
24674,1
24675,1
24676,1
24677,0.9010668612563077
24678,0.8090790264777248
24679,1
24680,0.9371052762402644
24681,0.9749109523201227
24682,1
24683,1
24684,1
24685,0.9614144663088184
24686,0.9802237840646741
24687,0.4219757431005803
24688,1
24689,0.9969928523546226
24690,1
24691,1
24692,1
24693,0.9638211921790754
24694,1
24695,1
24696,0.9749109523201227
24697,1
24698,0.9302355564425553
24699,1
24700,1
24701,1
24702,0.8751286062092423
24703,1
24704,0.8954876967616701
24705,1
24706,1
24707,0.9651212677009737
24708,0.8219533116344159
24709,0.889509293024317
24710,1
24711,1
24712,0.9749109523201227
24713,1
24714,1
24715,1
24716,1
24717,0.7900696251687257
24718,0.6142119652495057
24719,0.9097862203066723
24720,1
24721,1
24722,1
24723,1
24724,1
24725,0.8833674448282782
24726,0.9905051668667311
24727,0.999011897929704
24728,1
24729,1
24730,1
24731,0.5415200115424502
24732,0.724262951215942
24733,1
24734,1
24735,0.8246458613661484
24736,0.8973459867265247
24737,0.7171355903579985
24738,1
24739,1
24740,1
24741,1
24742,1
24743,0.9881783092460067
24744,1
24745,0.9483339587646836
24746,1
24747,1
24748,1
24749,0.9312364989907035
24750,1
24751,0.9749109523201227
24752,1
24753,1
24754,1
24755,0.9685849804078539
24756,0.999011897929704
24757,1
24758,0.9430581897446968
24759,1
24760,0.8954876967616701
24761,1
24762,1
24763,1
24764,0.9960047502843267
24765,1
24766,1
24767,0.9905051668667311
24768,0.9969928523546226
24769,1
24770,1
24771,1
24772,1
24773,1
24774,1
24775,1
24776,0.9749109523201227
24777,0.6294959696726754
24778,0.9136191735199042
24779,1
24780,1
24781,1
24782,1
24783,1
24784,1
24785,1
24786,1
24787,0.8562421720126112
24788,0.8867664729597151
24789,0.999011897929704
24790,1
24791,0.8982312942255648
24792,1
24793,1
24794,1
24795,1
24796,1
24797,0.8027777087395082
24798,0.980590260469024
24799,1
24800,1
24801,0.9857566700855682
24802,1
24803,1
24804,0.8833674448282782
24805,1
24806,1
24807,1
24808,1
24809,1
24810,0.7631999216802124
24811,0.9255755732737176
24812,1
24813,1
24814,1
24815,1
24816,1
24817,1
24818,1
24819,0.8999113489972067
24820,0.980590260469024
24821,1
24822,1
24823,1
24824,1
24825,1
24826,0.7653736492580413
24827,0.9220419626372091
24828,1
24829,1
24830,0.9302355564425553
24831,1
24832,0.9949058168780378
24833,0.7683589138645027
24834,1
24835,0.9718392465479493
24836,0.980590260469024
24837,1
24838,1
24839,1
24840,0.9574216351622019
24841,0.9718392465479493
24842,1
24843,0.9778219501715014
24844,1
24845,0.9574216351622019
24846,1
24847,0.9530866435720331
24848,1
24849,1
24850,0.8993784729315532
24851,0.8833222000145885
24852,0.999011897929704
24853,1
24854,1
24855,1
24856,0.8684217335450968
24857,0.49071010966216494
24858,0.9559586987595905
24859,1
24860,1
24861,1
24862,1
24863,1
24864,0.857643269613079
24865,1
24866,1
24867,1
24868,0.9969928523546226
24869,1
24870,0.9302355564425553
24871,1
24872,1
24873,0.9651212677009737
24874,1
24875,1
24876,1
24877,0.8680276625315166
24878,1
24879,0.9927453194301491
24880,0.9651212677009737
24881,1
24882,0.826142194717372
24883,1
24884,0.7646927335342504
24885,1
24886,0.8452818526510674
24887,1
24888,1
24889,1
24890,0.16511844455198982
24891,0.5344946269460396
24892,0.999011897929704
24893,1
24894,1
24895,1
24896,1
24897,1
24898,1
24899,0.9014206023367168
24900,1
24901,0.9244739237737922
24902,0.9718392465479493
24903,1
24904,0.7214030012893606
24905,1
24906,0.9483339587646836
24907,1
24908,1
24909,1
24910,1
24911,1
24912,1
24913,1
24914,0.8876571916047573
24915,0.9857566700855682
24916,1
24917,1
24918,1
24919,0.9749109523201227
24920,0.8625063156703126
24921,0.9614144663088184
24922,1
24923,1
24924,1
24925,1
24926,0.8486179230005406
24927,1
24928,1
24929,1
24930,1
24931,1
24932,0.8947697296867483
24933,1
24934,0.9651212677009737
24935,0.980590260469024
24936,0.8680276625315166
24937,1
24938,1
24939,1
24940,0.9225429028631756
24941,1
24942,1
24943,1
24944,0.9778219501715014
24945,1
24946,0.9969928523546226
24947,1
24948,0.9927453194301491
24949,1
24950,1
24951,1
24952,1
24953,1
24954,1
24955,0.9567632896538606
24956,1
24957,0.9220419626372091
24958,0.7501690487295319
24959,1
24960,0.6939093651386093
24961,1
24962,1
24963,1
24964,0.21720591340224574
24965,1
24966,1
24967,0.8673408326828198
24968,1
24969,0.9676562717502717
24970,1
24971,1
24972,1
24973,1
24974,0.9302355564425553
24975,0.9530866435720331
24976,1
24977,0.8038311717063625
24978,1
24979,1
24980,1
24981,1
24982,0.8680276625315166
24983,1
24984,0.999011897929704
24985,0.9543416504934221
24986,1
24987,1
24988,1
24989,0.9574216351622019
24990,0.9832309317100514
24991,1
24992,1
24993,1
24994,0.6300358124091112
24995,0.7599309113245942
24996,0.8920286489122582
24997,0.8999113489972067
24998,1
24999,0.4227354348940315
25000,1
25001,1
25002,1
25003,0.9289242192337076
25004,1
25005,1
25006,1
25007,0.9251413733205932
25008,1
25009,0.9718392465479493
25010,1
25011,0.999011897929704
25012,1
25013,1
25014,0.959090147274585
25015,1
25016,1
25017,1
25018,0.9614144663088184
25019,1
25020,1
25021,0.9371052762402644
25022,1
25023,0.8813881945361456
25024,0.8920317214461785
25025,1
25026,1
25027,1
25028,1
25029,1
25030,0.8165310899688616
25031,0.6353488712083996
25032,1
25033,0.8785854159531583
25034,1
25035,1
25036,1
25037,0.44822043282973734
25038,0.8973459867265247
25039,1
25040,1
25041,1
25042,1
25043,1
25044,1
25045,1
25046,1
25047,0.7138258727518523
25048,1
25049,0.8835722862991494
25050,0.999011897929704
25051,0.28690530630792
25052,1
25053,1
25054,1
25055,1
25056,0.4308776005662461
25057,0.999011897929704
25058,0.860774107136407
25059,0.6132645160563458
25060,1
25061,1
25062,1
25063,1
25064,0.2102101280322056
25065,1
25066,1
25067,0.9524295070169732
25068,1
25069,1
25070,0.9905051668667311
25071,1
25072,1
25073,1
25074,1
25075,1
25076,0.9905051668667311
25077,1
25078,1
25079,1
25080,1
25081,1
25082,0.9251388234949297
25083,0.8703759214018928
25084,0.9530866435720331
25085,1
25086,0.9014206023367168
25087,0.8038311717063625
25088,0.8447918842136349
25089,1
25090,0.8973459867265247
25091,0.8878511535932557
25092,0.9034041370226844
25093,1
25094,1
25095,0.8147717503447908
25096,1
25097,0.8251018449957696
25098,0.8974897098367683
25099,1
25100,1
25101,0.9371052762402644
25102,0.9949058168780378
25103,0.8973459867265247
25104,0.9775831128236467
25105,1
25106,1
25107,0.999011897929704
25108,1
25109,1
25110,0.8027777087395082
25111,0.9682413967772109
25112,0.8680276625315166
25113,1
25114,1
25115,1
25116,0.8225588566627794
25117,1
25118,1
25119,1
25120,1
25121,1
25122,1
25123,0.8027777087395082
25124,1
25125,0.9262891214547482
25126,1
25127,0.9651212677009737
25128,0.6771066890092413
25129,1
25130,0.49071010966216494
25131,0.9066388566292378
25132,0.9927453194301491
25133,1
25134,1
25135,1
25136,1
25137,1
25138,1
25139,0.9718392465479493
25140,0.7632661227970541
25141,0.9832309317100514
25142,0.9302355564425553
25143,0.826142194717372
25144,0.8680276625315166
25145,0.8949639714612515
25146,1
25147,1
25148,0.6444794248277425
25149,0.9718392465479493
25150,0.8973459867265247
25151,1
25152,1
25153,1
25154,1
25155,1
25156,1
25157,0.6613316361402632
25158,1
25159,1
25160,1
25161,1
25162,1
25163,0.9574216351622019
25164,1
25165,0.9651212677009737
25166,1
25167,0.8680276625315166
25168,1
25169,1
25170,0.981761420369895
25171,0.999011897929704
25172,1
25173,1
25174,0.9685849804078539
25175,0.9371052762402644
25176,0.9302355564425553
25177,0.9302355564425553
25178,1
25179,0.9949058168780378
25180,0.999011897929704
25181,0.9117330397512
25182,0.8853694274127564
25183,0.9614144663088184
25184,1
25185,1
25186,0.9718392465479493
25187,0.9458319630021822
25188,1
25189,1
25190,1
25191,0.9574216351622019
25192,1
25193,1
25194,1
25195,0.8680276625315166
25196,0.9220419626372091
25197,0.8895549899227014
25198,1
25199,1
25200,1
25201,1
25202,0.9253010193844522
25203,1
25204,1
25205,0.9105713910471472
25206,0.9778219501715014
25207,0.9651212677009737
25208,0.9066388566292378
25209,1
25210,1
25211,1
25212,0.8680276625315166
25213,0.9574216351622019
25214,0.7953357088244613
25215,1
25216,1
25217,0.9969928523546226
25218,0.9778219501715014
25219,0.9969928523546226
25220,1
25221,0.9371052762402644
25222,1
25223,0.10860785149061951
25224,1
25225,0.9518159121179053
25226,0.8973459867265247
25227,0.8620795336141043
25228,1
25229,0.952571261893551
25230,0.8939988401059485
25231,0.617379358020077
25232,1
25233,0.7214030012893606
25234,0.971095427335755
25235,0.9117330397512
25236,0.9749109523201227
25237,1
25238,0.9614144663088184
25239,1
25240,1
25241,0.8286928821913642
25242,1
25243,1
25244,0.706598447179919
25245,0.27809842270951574
25246,0.8293468271809392
25247,0.9117330397512
25248,1
25249,1
25250,0.5382330641304538
25251,1
25252,1
25253,1
25254,1
25255,0.9302355564425553
25256,1
25257,1
25258,1
25259,1
25260,1
25261,0.49877856729965403
25262,1
25263,0.8680138699837988
25264,1
25265,1
25266,1
25267,1
25268,1
25269,1
25270,0.7996078711754357
25271,0.9220419626372091
25272,0.9718392465479493
25273,0.910744937680904
25274,1
25275,1
25276,1
25277,0.8831855131250667
25278,1
25279,1
25280,0.9323325874823246
25281,1
25282,1
25283,0.9832309317100514
25284,0.9718392465479493
25285,0.9651212677009737
25286,0.8680276625315166
25287,1
25288,1
25289,0.5397753312949936
25290,1
25291,1
25292,0.9194212559929577
25293,0.9778219501715014
25294,0.7342684399960174
25295,1
25296,0.9645845659780984
25297,0.9436572959485738
25298,1
25299,1
25300,0.9245721490395733
25301,1
25302,1
25303,0.9220419626372091
25304,1
25305,1
25306,0.9229808758727044
25307,0.9614144663088184
25308,1
25309,1
25310,1
25311,0.8680276625315166
25312,1
25313,1
25314,0.9778219501715014
25315,0.8769481451252527
25316,1
25317,1
25318,0.581771640464797
25319,0.9718392465479493
25320,0.8998639128087105
25321,1
25322,1
25323,0.865100152381906
25324,0.9881783092460067
25325,1
25326,1
25327,1
25328,0.477509716446351
25329,1
25330,1
25331,1
25332,0.6069491736826037
25333,1
25334,1
25335,1
25336,1
25337,1
25338,1
25339,0.9252835854862711
25340,0.7833738407624912
25341,1
25342,0.9684216478975095
25343,0.7953357088244613
25344,0.9098428632825688
25345,0.980590260469024
25346,1
25347,1
25348,1
25349,0.9530866435720331
25350,0.9905051668667311
25351,0.999011897929704
25352,1
25353,1
25354,0.9614144663088184
25355,1
25356,1
25357,0.9457115281699977
25358,1
25359,0.9847685680152722
25360,1
25361,0.9371052762402644
25362,0.9394080658112631
25363,1
25364,1
25365,1
25366,0.9635786202570696
25367,1
25368,0.7900696251687257
25369,0.6962422568159075
25370,1
25371,1
25372,1
25373,0.9857566700855682
25374,1
25375,1
25376,1
25377,1
25378,1
25379,1
25380,1
25381,1
25382,1
25383,0.6577569289265476
25384,1
25385,1
25386,1
25387,0.7043120837200184
25388,1
25389,0.9026322231062331
25390,1
25391,1
25392,1
25393,1
25394,1
25395,1
25396,1
25397,1
25398,1
25399,1
25400,1
25401,0.9430581897446968
25402,0.9685849804078539
25403,0.9737360985767824
25404,1
25405,1
25406,1
25407,1
25408,1
25409,1
25410,1
25411,0.590706150344359
25412,1
25413,1
25414,0.9302355564425553
25415,1
25416,1
25417,0.9574216351622019
25418,0.8973459867265247
25419,1
25420,1
25421,0.8973459867265247
25422,1
25423,1
25424,1
25425,1
25426,0.9778219501715014
25427,0.8090790264777248
25428,1
25429,0.25232520675064646
25430,0.9651212677009737
25431,1
25432,1
25433,1
25434,0.921671623979887
25435,1
25436,0.9718392465479493
25437,1
25438,1
25439,1
25440,1
25441,0.9312364989907035
25442,0.9371052762402644
25443,1
25444,1
25445,1
25446,1
25447,1
25448,1
25449,1
25450,0.8999113489972067
25451,0.980590260469024
25452,1
25453,1
25454,1
25455,1
25456,1
25457,0.25232520675064646
25458,0.9685849804078539
25459,1
25460,1
25461,0.36630256266689154
25462,1
25463,0.8585328293982476
25464,1
25465,0.833240520069993
25466,0.9781367485880892
25467,0.9663150578340959
25468,1
25469,0.25677062574644
25470,0.8165310899688616
25471,0.9420047267778425
25472,1
25473,1
25474,1
25475,0.612756852582587
25476,1
25477,1
25478,1
25479,0.9905051668667311
25480,1
25481,1
25482,1
25483,1
25484,1
25485,1
25486,1
25487,1
25488,0.9905051668667311
25489,0.7018026649199257
25490,0.8147717503447908
25491,1
25492,0.818704202756383
25493,1
25494,0.9927453194301491
25495,1
25496,0.9905051668667311
25497,0.9117330397512
25498,0.5695733293422813
25499,1
25500,0.9545252398005989
25501,0.6548387695820933
25502,0.9530866435720331
25503,0.8456799454912083
25504,1
25505,0.8993784729315532
25506,1
25507,1
25508,1
25509,1
25510,0.9483339587646836
25511,1
25512,1
25513,1
25514,0.9371052762402644
25515,1
25516,1
25517,0.9613563113443844
25518,1
25519,1
25520,1
25521,0.9939177148077418
25522,1
25523,0.9530866435720331
25524,1
25525,0.901830863647325
25526,1
25527,1
25528,1
25529,0.999011897929704
25530,0.9718392465479493
25531,0.9302355564425553
25532,1
25533,1
25534,0.8798967531620061
25535,0.9483339587646836
25536,1
25537,1
25538,0.8620795336141043
25539,0.612756852582587
25540,1
25541,1
25542,1
25543,1
25544,0.796166523576934
25545,0.9778219501715014
25546,0.9881783092460067
25547,0.9455999444082086
25548,0.9949058168780378
25549,0.6815152512982988
25550,0.44822043282973734
25551,0.9749109523201227
25552,0.999011897929704
25553,1
25554,0.7916107468872815
25555,0.9220419626372091
25556,0.9749109523201227
25557,1
25558,1
25559,0.9044783591813491
25560,0.7214030012893606
25561,1
25562,1
25563,1
25564,1
25565,0.9830841261240445
25566,1
25567,0.9302355564425553
25568,1
25569,1
25570,0.999011897929704
25571,1
25572,1
25573,0.9809236286761558
25574,1
25575,0.9371052762402644
25576,0.9302355564425553
25577,1
25578,0.8833674448282782
25579,1
25580,1
25581,0.8785695152072391
25582,0.8732147519096309
25583,0.4638998024069281
25584,0.9483339587646836
25585,1
25586,1
25587,1
25588,1
25589,1
25590,0.9559586987595905
25591,0.9220419626372091
25592,1
25593,1
25594,1
25595,0.8439215118401979
25596,1
25597,1
25598,1
25599,1
25600,0.7371708041428875
25601,0.8359810869786789
25602,0.5557573871262182
25603,1
25604,1
25605,1
25606,0.6771066890092413
25607,0.9927453194301491
25608,1
25609,0.9371052762402644
25610,1
25611,1
25612,1
25613,0.7989199360914329
25614,1
25615,1
25616,0.9220419626372091
25617,1
25618,1
25619,0.7996078711754357
25620,1
25621,1
25622,1
25623,0.5326172109522959
25624,0.8683417752309678
25625,1
25626,1
25627,0.7551511839281417
25628,0.9574216351622019
25629,1
25630,1
25631,0.7459461444908584
25632,1
25633,0.9857566700855682
25634,1
25635,1
25636,1
25637,1
25638,0.7640938111797704
25639,0.9651212677009737
25640,1
25641,1
25642,1
25643,1
25644,1
25645,1
25646,0.9775831128236467
25647,1
25648,1
25649,1
25650,0.9371052762402644
25651,1
25652,0.7141716909679351
25653,0.8277252662793236
25654,1
25655,1
25656,1
25657,0.9718392465479493
25658,0.9026322231062331
25659,0.9727277670495392
25660,1
25661,1
25662,1
25663,1
25664,1
25665,0.9302355564425553
25666,1
25667,1
25668,1
25669,1
25670,1
25671,0.9265357340097923
25672,1
25673,1
25674,1
25675,1
25676,0.805132938771781
25677,1
25678,0.9574216351622019
25679,1
25680,0.7754322794557841
25681,1
25682,0.6954248808736343
25683,1
25684,0.9748148025261241
25685,1
25686,1
25687,1
25688,0.7311209891149338
25689,0.9918986692326606
25690,1
25691,1
25692,1
25693,0.9220419626372091
25694,0.8314874256513893
25695,1
25696,1
25697,0.9832309317100514
25698,1
25699,1
25700,1
25701,0.8008763083445318
25702,0.9584122106405254
25703,0.9857566700855682
25704,1
25705,1
25706,0.8680276625315166
25707,0.9117330397512
25708,0.9458319630021822
25709,0.7092003441114499
25710,1
25711,1
25712,1
25713,1
25714,0.9517448004213279
25715,0.9430581897446968
25716,1
25717,0.9530866435720331
25718,0.9260066155700558
25719,0.4545434592784971
25720,0.999011897929704
25721,0.9718392465479493
25722,0.16511844455198982
25723,1
25724,1
25725,0.9116431701525507
25726,0.9905051668667311
25727,1
25728,1
25729,0.9969928523546226
25730,1
25731,1
25732,0.9483339587646836
25733,1
25734,0.8902293261390836
25735,0.9340981285948871
25736,1
25737,0.9905051668667311
25738,1
25739,1
25740,1
25741,1
25742,1
25743,0.9229967766186237
25744,1
25745,1
25746,0.7011771584328871
25747,0.9682413967772109
25748,1
25749,1
25750,0.8732147519096309
25751,0.8590504162728203
25752,0.9832309317100514
25753,1
25754,0.9718392465479493
25755,1
25756,1
25757,0.7911438370706332
25758,0.9117330397512
25759,1
25760,1
25761,1
25762,1
25763,1
25764,1
25765,0.9905051668667311
25766,0.25232520675064646
25767,1
25768,0.9483339587646836
25769,1
25770,1
25771,0.9430581897446968
25772,0.9265357340097923
25773,1
25774,1
25775,0.9685849804078539
25776,1
25777,0.9299811305781233
25778,1
25779,0.7193570805763306
25780,0.25232520675064646
25781,1
25782,0.9302355564425553
25783,0.999011897929704
25784,1
25785,0.8038311717063625
25786,0.8344512629667891
25787,0.9651212677009737
25788,0.7614734450301699
25789,1
25790,0.7698282937977114
25791,1
25792,1
25793,1
25794,1
25795,1
25796,0.9011557710995964
25797,1
25798,0.7577291769616384
25799,1
25800,1
25801,0.9718392465479493
25802,1
25803,0.8681995630652899
25804,1
25805,0.9530866435720331
25806,1
25807,1
25808,0.9453268111193064
25809,0.6016921617742602
25810,0.9905051668667311
25811,1
25812,0.7653736492580413
25813,1
25814,0.9371052762402644
25815,1
25816,0.9749109523201227
25817,0.876735093785754
25818,0.9458319630021822
25819,1
25820,0.8680276625315166
25821,0.9781367485880892
25822,1
25823,1
25824,1
25825,1
25826,1
25827,0.9117330397512
25828,1
25829,1
25830,0.9614144663088184
25831,1
25832,1
25833,1
25834,1
25835,1
25836,1
25837,1
25838,1
25839,0.9458373479832913
25840,0.25503297447524303
25841,1
25842,1
25843,0.9927453194301491
25844,0.9685849804078539
25845,0.8680276625315166
25846,0.9778219501715014
25847,1
25848,0.8835722862991494
25849,1
25850,1
25851,1
25852,1
25853,1
25854,1
25855,1
25856,1
25857,1
25858,0.9663150578340959
25859,1
25860,0.8753415395841895
25861,0.8973459867265247
25862,1
25863,1
25864,1
25865,0.9147872820673582
25866,0.9389693629123311
25867,1
25868,0.7334454707035312
25869,1
25870,1
25871,1
25872,1
25873,1
25874,0.8629334794095544
25875,0.7506770092560862
25876,1
25877,1
25878,1
25879,0.999011897929704
25880,0.936960514248923
25881,1
25882,0.9832309317100514
25883,1
25884,0.9574216351622019
25885,1
25886,0.44822043282973734
25887,1
25888,1
25889,1
25890,0.980590260469024
25891,1
25892,0.8956024152852753
25893,1
25894,1
25895,0.9052042968323484
25896,1
25897,0.968832098902572
25898,0.8597848798913696
25899,1
25900,1
25901,0.8131536420879169
25902,0.7588920557344682
25903,0.9574216351622019
25904,0.9400510420993194
25905,0.8624672544274984
25906,1
25907,1
25908,0.9685849804078539
25909,0.9778219501715014
25910,0.395705052931984
25911,0.9667450634259871
25912,1
25913,1
25914,0.6956885715951154
25915,1
25916,0.7291623621917084
25917,0.921194938332786
25918,1
25919,0.7570056377942681
25920,1
25921,1
25922,1
25923,1
25924,1
25925,1
25926,0.7578974508708058
25927,0.9380118956312259
25928,1
25929,0.9067644100515505
25930,1
25931,0.934090628850252
25932,1
25933,0.999011897929704
25934,0.7311209891149338
25935,0.9574216351622019
25936,1
25937,0.999011897929704
25938,1
25939,0.9220419626372091
25940,1
25941,1
25942,1
25943,1
25944,0.9483339587646836
25945,0.9530866435720331
25946,0.9651212677009737
25947,1
25948,0.926155908936185
25949,0.971095427335755
25950,0.9430581897446968
25951,0.9187292547283327
25952,1
25953,0.9614144663088184
25954,0.980590260469024
25955,0.9685849804078539
25956,1
25957,1
25958,0.9718392465479493
25959,0.8103990224275166
25960,0.9220419626372091
25961,0.9949058168780378
25962,1
25963,1
25964,1
25965,1
25966,1
25967,1
25968,1
25969,1
25970,1
25971,0.8973459867265247
25972,1
25973,1
25974,0.9265357340097923
25975,0.9044726560535153
25976,1
25977,1
25978,1
25979,1
25980,0.8254492976937186
25981,1
25982,0.9905051668667311
25983,1
25984,1
25985,0.9022265439412381
25986,1
25987,0.9371052762402644
25988,0.823081520605899
25989,1
25990,1
25991,0.9905051668667311
25992,1
25993,0.5583134489830683
25994,0.999011897929704
25995,1
25996,1
25997,1
25998,0.9635786202570696
25999,1
26000,1
26001,1
26002,0.9651212677009737
26003,1
26004,1
26005,0.8908740615397811
26006,1
26007,1
26008,1
26009,0.8343232517239288
26010,0.8883850008640032
26011,0.8059567908445945
26012,1
26013,1
26014,1
26015,1
26016,1
26017,0.8680276625315166
26018,1
26019,0.9663346124209247
26020,0.9380118956312259
26021,1
26022,1
26023,0.980590260469024
26024,0.8275815431690801
26025,1
26026,1
26027,1
26028,1
26029,0.999011897929704
26030,1
26031,0.7233525307223089
26032,1
26033,1
26034,0.9483339587646836
26035,0.9718392465479493
26036,1
26037,1
26038,0.8181753616161872
26039,0.5174264140846152
26040,0.9905051668667311
26041,1
26042,1
26043,1
26044,1
26045,0.9749109523201227
26046,1
26047,0.9574192165931452
26048,1
26049,0.9530866435720331
26050,1
26051,1
26052,1
26053,1
26054,1
26055,0.9641331656306777
26056,1
26057,1
26058,0.8876571916047573
26059,0.8885233806441406
26060,1
26061,1
26062,0.9969928523546226
26063,0.9969928523546226
26064,0.9371052762402644
26065,1
26066,1
26067,1
26068,0.9524295070169732
26069,0.9182079112730068
26070,1
26071,0.9749109523201227
26072,1
26073,1
26074,1
26075,1
26076,0.980590260469024
26077,0.9651212677009737
26078,1
26079,1
26080,1
26081,1
26082,1
26083,1
26084,1
26085,0.9927453194301491
26086,1
26087,0.9493203043948625
26088,1
26089,0.9171660576672557
26090,1
26091,1
26092,1
26093,1
26094,1
26095,1
26096,1
26097,0.9638211921790754
26098,0.9832309317100514
26099,0.9220419626372091
26100,1
26101,0.980590260469024
26102,1
26103,0.8274239578322002
26104,0.9614144663088184
26105,0.8626529081797606
26106,0.9918986692326606
26107,1
26108,1
26109,0.9240861931970005
26110,1
26111,1
26112,0.9614144663088184
26113,1
26114,0.9927453194301491
26115,0.999011897929704
26116,1
26117,1
26118,1
26119,1
26120,1
26121,1
26122,1
26123,0.9584073186634412
26124,1
26125,0.9689876017956197
26126,1
26127,0.8225588566627794
26128,1
26129,1
26130,1
26131,0.8973459867265247
26132,0.9220419626372091
26133,0.9302355564425553
26134,0.8456799454912083
26135,1
26136,0.9614144663088184
26137,1
26138,1
26139,1
26140,0.999011897929704
26141,0.8472114306620593
26142,1
26143,1
26144,1
26145,1
26146,0.9388433136576013
26147,1
26148,0.722206581317645
26149,0.6437438783163454
26150,1
26151,0.5067312111867694
26152,1
26153,1
26154,1
26155,0.9778219501715014
26156,0.9832309317100514
26157,0.9574216351622019
26158,0.9781563031749179
26159,1
26160,1
26161,1
26162,1
26163,0.49055590837826973
26164,0.999011897929704
26165,1
26166,1
26167,0.7923285611790839
26168,1
26169,1
26170,1
26171,1
26172,0.9881783092460067
26173,1
26174,1
26175,1
26176,1
26177,0.48062514729493044
26178,1
26179,0.999011897929704
26180,0.8903386855425262
26181,1
26182,1
26183,0.9949058168780378
26184,1
26185,1
26186,1
26187,0.9220419626372091
26188,0.7459461444908584
26189,0.14421982184185203
26190,1
26191,1
26192,0.7938853393162266
26193,0.8785695152072391
26194,0.28404767400530745
26195,1
26196,1
26197,0.8941659217668659
26198,1
26199,0.9614144663088184
26200,1
26201,0.9430581897446968
26202,1
26203,0.8380341891653327
26204,1
26205,0.7620035319224719
26206,1
26207,1
26208,1
26209,0.9905051668667311
26210,0.8678739256393914
26211,1
26212,1
26213,1
26214,1
26215,0.9299994467166725
26216,0.9111402211550652
26217,0.9949058168780378
26218,0.960017555793956
26219,0.7118196247642333
26220,1
26221,1
26222,1
26223,1
26224,1
26225,0.9621141200555965
26226,0.9034041370226844
26227,0.6761769355998031
26228,1
26229,0.8902293261390836
26230,1
26231,1
26232,0.7393145829202801
26233,1
26234,0.8734833675838863
26235,1
26236,0.1394358406950158
26237,0.32958286158215516
26238,0.9749109523201227
26239,1
26240,1
26241,1
26242,0.9718392465479493
26243,1
26244,0.9430581897446968
26245,0.960017555793956
26246,0.5935772724124221
26247,0.7989714594644206
26248,0.7474912603309277
26249,0.9881783092460067
26250,0.7585904864954874
26251,0.9749109523201227
26252,1
26253,0.8749745404477245
26254,0.8261768628447848
26255,1
26256,1
26257,1
26258,1
26259,0.9683271170382325
26260,0.9188361014710205
26261,1
26262,1
26263,0.8667133484105514
26264,1
26265,1
26266,0.9265357340097923
26267,0.9371052762402644
26268,1
26269,1
26270,1
26271,0.9007254387499468
26272,1
26273,1
26274,1
26275,0.999011897929704
26276,0.8993784729315532
26277,0.999011897929704
26278,1
26279,1
26280,0.9905051668667311
26281,1
26282,1
26283,0.9604263642385225
26284,1
26285,1
26286,0.991757217359853
26287,1
26288,0.7088197319200059
26289,0.8910506501947678
26290,0.9749109523201227
26291,1
26292,0.9905051668667311
26293,1
26294,1
26295,0.9949058168780378
26296,1
26297,0.9718392465479493
26298,1
26299,0.9471711363943868
26300,0.13551615908469558
26301,1
26302,1
26303,0.9939177148077418
26304,0.9778219501715014
26305,1
26306,1
26307,0.866693931052422
26308,0.1362400349580319
26309,1
26310,1
26311,1
26312,0.590706150344359
26313,0.9905051668667311
26314,0.968832098902572
26315,0.9530866435720331
26316,1
26317,0.6283719243971303
26318,1
26319,0.8508568224674742
26320,0.9345702816799951
26321,0.8419685961937553
26322,1
26323,0.2414910543090284
26324,1
26325,0.9260066155700558
26326,0.9876511363081869
26327,1
26328,1
26329,1
26330,0.2170334303791966
26331,0.8973459867265247
26332,0.9718392465479493
26333,1
26334,1
26335,0.6574104578515455
26336,1
26337,1
26338,0.9857566700855682
26339,0.9949058168780378
26340,1
26341,0.8920286489122582
26342,1
26343,1
26344,0.8275815431690801
26345,1
26346,1
26347,1
26348,0.865100152381906
26349,1
26350,1
26351,1
26352,0.9778219501715014
26353,1
26354,1
26355,1
26356,1
26357,1
26358,1
26359,1
26360,1
26361,1
26362,0.952732902491624
26363,1
26364,1
26365,0.6282122009568956
26366,1
26367,1
26368,1
26369,1
26370,0.9395697471410178
26371,1
26372,1
26373,1
26374,1
26375,1
26376,1
26377,1
26378,0.7311209891149338
26379,0.85964817910344
26380,1
26381,0.9718392465479493
26382,1
26383,1
26384,1
26385,0.9570104081485786
26386,1
26387,1
26388,0.999011897929704
26389,0.9295781535347665
26390,1
26391,0.9220419626372091
26392,1
26393,0.9116431701525507
26394,1
26395,1
26396,1
26397,1
26398,0.8840936783177543
26399,1
26400,1
26401,1
26402,1
26403,1
26404,1
26405,0.7996078711754357
26406,0.7437795059335296
26407,1
26408,1
26409,1
26410,0.27877753836240676
26411,0.9145011098808516
26412,1
26413,0.9117330397512
26414,1
26415,0.9173215605603033
26416,1
26417,1
26418,1
26419,1
26420,0.8193879493637338
26421,0.7851637346204056
26422,0.36630256266689154
26423,1
26424,1
26425,0.9021393611173008
26426,1
26427,1
26428,0.9530866435720331
26429,0.9969928523546226
26430,1
26431,0.9905051668667311
26432,0.8983749805577416
26433,1
26434,1
26435,1
26436,0.7304749139927137
26437,0.9857566700855682
26438,1
26439,0.7886689650998601
26440,0.40582497423735
26441,0.7701025632538776
26442,1
26443,0.9708511444776533
26444,0.9660002594175081
26445,1
26446,0.9684216478975095
26447,0.9846439886628096
26448,0.9461830343240908
26449,0.865100152381906
26450,1
26451,1
26452,1
26453,1
26454,1
26455,1
26456,1
26457,1
26458,0.8680276625315166
26459,1
26460,1
26461,0.9307093260528836
26462,0.980590260469024
26463,1
26464,0.9614144663088184
26465,1
26466,1
26467,0.6309480989877713
26468,0.999011897929704
26469,1
26470,1
26471,0.9574216351622019
26472,0.8644702478478606
26473,1
26474,1
26475,1
26476,0.9949058168780378
26477,1
26478,0.9574216351622019
26479,1
26480,1
26481,0.9927453194301491
26482,0.9663346124209247
26483,1
26484,0.9483339587646836
26485,0.9150041244578276
26486,1
26487,1
26488,1
26489,0.6799514813743207
26490,0.7927663041623637
26491,1
26492,1
26493,1
26494,0.839180079230769
26495,0.9857566700855682
26496,0.9614144663088184
26497,0.9371052762402644
26498,0.9388391256314147
26499,1
26500,1
26501,1
26502,1
26503,1
26504,1
26505,0.999011897929704
26506,1
26507,1
26508,1
26509,1
26510,0.9685849804078539
26511,1
26512,1
26513,1
26514,1
26515,0.8317136600883183
26516,0.5998457321866448
26517,1
26518,1
26519,1
26520,1
26521,1
26522,1
26523,1
26524,0.826142194717372
26525,0.6320382213624811
26526,1
26527,0.7885838326748996
26528,0.8726636352576804
26529,0.9718392465479493
26530,1
26531,0.9905051668667311
26532,1
26533,0.8153041760929284
26534,0.8818165972828573
26535,1
26536,1
26537,1
26538,1
26539,1
26540,1
26541,1
26542,0.9905051668667311
26543,1
26544,1
26545,1
26546,1
26547,1
26548,0.9117330397512
26549,1
26550,0.8680276625315166
26551,0.7578974508708058
26552,1
26553,1
26554,1
26555,1
26556,0.9651212677009737
26557,0.28404767400530745
26558,0.9117330397512
26559,1
26560,1
26561,0.999011897929704
26562,0.999011897929704
26563,1
26564,1
26565,0.8933854693638774
26566,1
26567,0.8038311717063625
26568,1
26569,0.9046433454688064
26570,1
26571,0.9718392465479493
26572,1
26573,1
26574,1
26575,0.7566059964155584
26576,0.5797519631530456
26577,1
26578,0.8801634659849612
26579,0.9857566700855682
26580,1
26581,1
26582,1
26583,1
26584,0.9530866435720331
26585,0.9927453194301491
26586,0.9532995769469804
26587,1
26588,0.9667450634259871
26589,0.9651212677009737
26590,1
26591,0.26978843991536916
26592,1
26593,1
26594,1
26595,1
26596,1
26597,0.8998639128087105
26598,1
26599,0.9117330397512
26600,0.7754322794557841
26601,1
26602,0.9749109523201227
26603,0.8246458613661484
26604,1
26605,1
26606,0.9927453194301491
26607,1
26608,0.9129850788827463
26609,1
26610,1
26611,1
26612,1
26613,1
26614,0.9455999444082086
26615,1
26616,0.8325861794225579
26617,1
26618,0.9382578051726624
26619,1
26620,0.7141716909679351
26621,1
26622,1
26623,1
26624,0.9446453980188699
26625,1
26626,1
26627,1
26628,0.7118196247642333
26629,1
26630,1
26631,1
26632,0.8910506501947678
26633,0.6771066890092413
26634,1
26635,1
26636,1
26637,0.9500794959266557
26638,1
26639,1
26640,0.32958286158215516
26641,0.980590260469024
26642,1
26643,1
26644,1
26645,1
26646,1
26647,0.8266308714086987
26648,1
26649,0.8247528783580204
26650,1
26651,0.9182079112730068
26652,1
26653,0.9251413733205932
26654,0.45353423233273343
26655,0.980590260469024
26656,1
26657,1
26658,1
26659,0.8607729819616656
26660,1
26661,1
26662,1
26663,1
26664,0.5293842080890057
26665,1
26666,0.8007334168471321
26667,1
26668,1
26669,1
26670,1
26671,1
26672,1
26673,0.9969928523546226
26674,1
26675,1
26676,1
26677,1
26678,1
26679,1
26680,1
26681,1
26682,1
26683,1
26684,1
26685,0.9574216351622019
26686,0.9905051668667311
26687,1
26688,0.9404242269558032
26689,1
26690,0.34361791551562876
26691,0.9420700876744007
26692,0.6956885715951154
26693,1
26694,0.9260066155700558
26695,0.9749109523201227
26696,1
26697,1
26698,1
26699,1
26700,0.8510146104626144
26701,1
26702,0.9830841261240445
26703,0.9685849804078539
26704,1
26705,1
26706,1
26707,1
26708,1
26709,0.9055161505890064
26710,1
26711,1
26712,1
26713,1
26714,0.9220419626372091
26715,1
26716,1
26717,1
26718,0.9265357340097923
26719,1
26720,1
26721,0.9857566700855682
26722,0.898519742549083
26723,1
26724,0.8912637015342665
26725,1
26726,1
26727,1
26728,1
26729,1
26730,0.6767946523379735
26731,1
26732,0.9651212677009737
26733,0.9430581897446968
26734,0.9323325874823246
26735,1
26736,0.3575401345240379
26737,1
26738,1
26739,1
26740,0.8929040600940169
26741,1
26742,1
26743,1
26744,0.7653736492580413
26745,0.9759762511402005
26746,0.9380118956312259
26747,1
26748,1
26749,1
26750,0.9530866435720331
26751,1
26752,0.7884117274171174
26753,1
26754,1
26755,0.9430581897446968
26756,1
26757,1
26758,1
26759,0.13551615908469558
26760,0.862050920941016
26761,1
26762,1
26763,0.9651212677009737
26764,1
26765,1
26766,1
26767,1
26768,1
26769,0.8053641626517976
26770,1
26771,0.9302355564425553
26772,0.8831026568120929
26773,0.8680276625315166
26774,1
26775,0.7593567903393763
26776,0.9718392465479493
26777,1
26778,0.9832309317100514
26779,0.9614144663088184
26780,1
26781,1
26782,1
26783,1
26784,1
26785,1
26786,0.9220419626372091
26787,1
26788,0.9574216351622019
26789,1
26790,0.4030434767698065
26791,0.7989088430632761
26792,0.9179691420648194
26793,0.9430581897446968
26794,0.5710368264258573
26795,1
26796,1
26797,1
26798,1
26799,1
26800,1
26801,1
26802,1
26803,0.7520862110280149
26804,1
26805,1
26806,1
26807,0.8780049368743608
26808,0.8925722000478029
26809,0.9380721305494554
26810,1
26811,1
26812,0.9905051668667311
26813,1
26814,1
26815,0.7900696251687257
26816,0.9302355564425553
26817,0.7704934927865432
26818,1
26819,0.8703759214018928
26820,1
26821,1
26822,0.44822043282973734
26823,1
26824,1
26825,1
26826,1
26827,1
26828,1
26829,1
26830,1
26831,1
26832,0.7070687485756613
26833,1
26834,1
26835,1
26836,1
26837,0.9584073186634412
26838,1
26839,0.9857566700855682
26840,1
26841,0.9651212677009737
26842,1
26843,1
26844,1
26845,0.837746020965658
26846,1
26847,1
26848,0.9685849804078539
26849,1
26850,0.9409112117376307
26851,0.8532127273985227
26852,1
26853,0.9949058168780378
26854,1
26855,0.9881783092460067
26856,0.9574216351622019
26857,1
26858,0.9832309317100514
26859,0.8973459867265247
26860,0.9651212677009737
26861,0.9544144875168246
26862,0.7900696251687257
26863,0.643137217675321
26864,0.9220419626372091
26865,1
26866,1
26867,0.9969928523546226
26868,1
26869,1
26870,1
26871,0.8319305633750004
26872,1
26873,1
26874,0.9749109523201227
26875,1
26876,0.9832309317100514
26877,0.49997639423348816
26878,0.979602158398728
26879,1
26880,1
26881,0.9939177148077418
26882,0.7092003441114499
26883,0.579181491999746
26884,1
26885,0.9430581897446968
26886,0.9228619463258326
26887,1
26888,1
26889,1
26890,1
26891,0.7880106269306362
26892,0.8456799454912083
26893,1
26894,1
26895,0.9220419626372091
26896,0.7599309113245942
26897,1
26898,0.9685849804078539
26899,1
26900,1
26901,1
26902,0.9302355564425553
26903,0.7886809447085816
26904,0.9555012127891466
26905,1
26906,0.8701923450625062
26907,0.999011897929704
26908,1
26909,1
26910,1
26911,1
26912,1
26913,0.980590260469024
26914,0.9685849804078539
26915,1
26916,1
26917,1
26918,1
26919,1
26920,1
26921,0.9530866435720331
26922,0.9781367485880892
26923,1
26924,1
26925,1
26926,0.6320382213624811
26927,0.9430581897446968
26928,0.9302355564425553
26929,1
26930,1
26931,0.980590260469024
26932,1
26933,1
26934,1
26935,1
26936,0.6684508125042652
26937,1
26938,1
26939,1
26940,0.7736902296248852
26941,1
26942,1
26943,1
26944,1
26945,1
26946,0.999011897929704
26947,1
26948,0.5062698605943717
26949,1
26950,1
26951,0.9530866435720331
26952,0.9927453194301491
26953,1
26954,1
26955,1
26956,1
26957,0.9014206023367168
26958,0.7289087508001405
26959,1
26960,1
26961,0.8600669985158838
26962,1
26963,0.826142194717372
26964,1
26965,1
26966,0.980590260469024
26967,0.9749109523201227
26968,0.9881783092460067
26969,0.9905051668667311
26970,1
26971,1
26972,1
26973,1
26974,1
26975,1
26976,0.6845395265664629
26977,1
26978,1
26979,0.617379358020077
26980,1
26981,1
26982,1
26983,1
26984,0.9543263590458063
26985,1
26986,0.5382330641304538
26987,1
26988,1
26989,1
26990,1
26991,0.999011897929704
26992,1
26993,1
26994,1
26995,1
26996,1
26997,1
26998,0.9574216351622019
26999,0.9927453194301491
27000,0.7960943030872027
27001,1
27002,0.9651212677009737
27003,1
27004,1
27005,0.868525404723658
27006,1
27007,1
27008,1
27009,0.9491752408768779
27010,1
27011,1
27012,0.671849492052899
27013,1
27014,1
27015,0.8263978078692197
27016,1
27017,1
27018,1
27019,1
27020,0.931564890474735
27021,0.8680276625315166
27022,0.999011897929704
27023,0.9489173775072564
27024,1
27025,0.9927453194301491
27026,0.980590260469024
27027,1
27028,0.28404767400530745
27029,1
27030,1
27031,1
27032,1
27033,1
27034,1
27035,0.7006408421989148
27036,1
27037,1
27038,1
27039,1
27040,0.6789817069027524
27041,1
27042,0.70529039824131
27043,1
27044,0.9117330397512
27045,0.6226591972289537
27046,0.8131698459082387
27047,0.9651212677009737
27048,0.9614144663088184
27049,1
27050,0.4227354348940315
27051,1
27052,1
27053,0.9329177125092637
27054,1
27055,1
27056,0.9969928523546226
27057,0.9402326279973442
27058,0.8368744130717932
27059,0.7009296144392757
27060,1
27061,1
27062,0.8693169698948043
27063,1
27064,1
27065,1
27066,1
27067,0.9530866435720331
27068,1
27069,0.7474912603309277
27070,0.9832309317100514
27071,1
27072,1
27073,1
27074,1
27075,1
27076,0.9806624869636061
27077,0.9430581897446968
27078,0.5822187491244567
27079,1
27080,0.9832309317100514
27081,1
27082,1
27083,1
27084,1
27085,0.9969928523546226
27086,0.980590260469024
27087,1
27088,1
27089,0.8225588566627794
27090,0.9718392465479493
27091,0.999011897929704
27092,1
27093,0.8275815431690801
27094,1
27095,0.999011897929704
27096,0.999011897929704
27097,0.9117330397512
27098,1
27099,0.9574216351622019
27100,0.9714092409560581
27101,1
27102,0.9614144663088184
27103,1
27104,0.9857566700855682
27105,1
27106,0.34223647604472807
27107,1
27108,0.8211143061035497
27109,1
27110,1
27111,0.999011897929704
27112,1
27113,0.8652817382799306
27114,0.9430581897446968
27115,0.9658336485642355
27116,0.9302355564425553
27117,0.98325048629688
27118,0.9489173775072564
27119,0.7989088430632761
27120,1
27121,1
27122,1
27123,0.55475644457807
27124,0.8973459867265247
27125,1
27126,0.664207693937762
27127,1
27128,1
27129,0.980590260469024
27130,0.865100152381906
27131,1
27132,1
27133,1
27134,1
27135,0.9430581897446968
27136,1
27137,0.9252835854862711
27138,0.8974897098367683
27139,0.9651212677009737
27140,1
27141,1
27142,1
27143,1
27144,0.8275093226793488
27145,1
27146,1
27147,1
27148,0.8505717643928711
27149,1
27150,1
27151,1
27152,0.9220419626372091
27153,1
27154,0.9905051668667311
27155,0.9748148025261241
27156,1
27157,1
27158,1
27159,1
27160,0.9574216351622019
27161,1
27162,0.9117330397512
27163,0.9614144663088184
27164,0.6789817069027524
27165,1
27166,1
27167,1
27168,0.8839573691719942
27169,0.4972425565918858
27170,1
27171,1
27172,0.9430581897446968
27173,1
27174,1
27175,0.9574216351622019
27176,1
27177,0.9651212677009737
27178,1
27179,1
27180,1
27181,0.28404767400530745
27182,0.5433052853262442
27183,1
27184,0.6954248808736343
27185,1
27186,0.9737360985767824
27187,1
27188,0.93249795366834
27189,1
27190,1
27191,1
27192,0.9380118956312259
27193,1
27194,1
27195,0.7822515641681951
27196,1
27197,1
27198,0.7606359638820859
27199,1
27200,1
27201,0.9969928523546226
27202,0.8651028721324201
27203,1
27204,1
27205,1
27206,0.8969529149573318
27207,0.9380118956312259
27208,1
27209,0.8973459867265247
27210,0.9483339587646836
27211,1
27212,0.8505605027059218
27213,0.7228188920274133
27214,0.9857566700855682
27215,0.7683589138645027
27216,1
27217,0.9571659110416263
27218,0.8056289931518812
27219,1
27220,1
27221,1
27222,1
27223,0.5998457321866448
27224,0.9483339587646836
27225,1
27226,0.8267201316337808
27227,1
27228,1
27229,1
27230,0.9022382066179311
27231,0.9822428296397554
27232,1
27233,1
27234,0.9881783092460067
27235,1
27236,0.21217441155755498
27237,0.5165744152647165
27238,0.48062514729493044
27239,1
27240,1
27241,1
27242,0.9876511363081869
27243,1
27244,1
27245,0.8973459867265247
27246,0.9881783092460067
27247,1
27248,0.6300358124091112
27249,0.9420047267778425
27250,0.8756295464352087
27251,0.617379358020077
27252,0.9260066155700558
27253,0.5819661309048869
27254,0.9683271170382325
27255,0.9483521994110251
27256,1
27257,1
27258,1
27259,1
27260,1
27261,0.9651212677009737
27262,0.8933854693638774
27263,1
27264,1
27265,0.4219757431005803
27266,1
27267,0.9881783092460067
27268,1
27269,0.9614144663088184
27270,0.9550701782580007
27271,1
27272,0.800119619715764
27273,1
27274,1
27275,0.9832309317100514
27276,0.9949058168780378
27277,1
27278,1
27279,1
27280,1
27281,0.9430581897446968
27282,0.2414910543090284
27283,1
27284,1
27285,1
27286,1
27287,0.7141716909679351
27288,1
27289,0.8522775190797645
27290,1
27291,0.9887500697144758
27292,1
27293,0.9532995769469804
27294,1
27295,1
27296,1
27297,1
27298,1
27299,1
27300,1
27301,0.9430581897446968
27302,1
27303,1
27304,1
27305,0.9420700876744007
27306,0.9483339587646836
27307,0.9479924604500709
27308,1
27309,1
27310,1
27311,1
27312,1
27313,0.7691065936422924
27314,1
27315,0.9749109523201227
27316,0.9881783092460067
27317,0.9651212677009737
27318,1
27319,0.8983037995895085
27320,0.9371052762402644
27321,0.8973459867265247
27322,0.9606676224056909
27323,0.9117330397512
27324,0.9830841261240445
27325,0.9584073186634412
27326,0.49597525974835455
27327,1
27328,1
27329,1
27330,0.9320110931183022
27331,1
27332,1
27333,1
27334,1
27335,1
27336,1
27337,1
27338,1
27339,0.898519742549083
27340,0.9302355564425553
27341,0.6366980569027252
27342,0.4756840206827645
27343,1
27344,1
27345,0.8056142489363585
27346,1
27347,1
27348,1
27349,0.8876571916047573
27350,1
27351,0.9969928523546226
27352,1
27353,1
27354,1
27355,0.5714926113154442
27356,0.9614144663088184
27357,0.8866439920713227
27358,0.8504326302985578
27359,0.98325048629688
27360,1
27361,0.8973459867265247
27362,1
27363,1
27364,1
27365,1
27366,0.9371052762402644
27367,0.7874919117096618
27368,1
27369,0.8524149230875373
27370,0.8468719419601081
27371,1
27372,1
27373,1
27374,0.7665477563107075
27375,0.9530866435720331
27376,1
27377,0.9594927686623507
27378,1
27379,0.8722569390466473
27380,0.9614144663088184
27381,1
27382,1
27383,1
27384,1
27385,0.9718392465479493
27386,1
27387,0.9530866435720331
27388,1
27389,1
27390,0.8405077254509076
27391,0.9530866435720331
27392,1
27393,0.9718392465479493
27394,1
27395,1
27396,1
27397,0.9881783092460067
27398,0.9530866435720331
27399,1
27400,1
27401,1
27402,1
27403,1
27404,0.823081520605899
27405,1
27406,0.9786834761127378
27407,0.9857566700855682
27408,0.6578928101493071
27409,0.9749109523201227
27410,1
27411,1
27412,0.9614144663088184
27413,1
27414,1
27415,1
27416,1
27417,1
27418,1
27419,1
27420,0.8652817382799306
27421,1
27422,0.9857566700855682
27423,1
27424,0.9778219501715014
27425,1
27426,1
27427,0.9905051668667311
27428,0.9905051668667311
27429,0.9749109523201227
27430,0.9052728943472605
27431,1
27432,1
27433,0.9556264345677047
27434,0.8966861581757088
27435,1
27436,1
27437,0.8445171231209114
27438,0.9651212677009737
27439,1
27440,1
27441,1
27442,0.8923438601313527
27443,1
27444,1
27445,0.702960235662883
27446,0.8947248939455258
27447,1
27448,1
27449,1
27450,0.999011897929704
27451,0.9802237840646741
27452,1
27453,1
27454,1
27455,1
27456,1
27457,1
27458,1
27459,0.9584122106405254
27460,1
27461,1
27462,0.865100152381906
27463,1
27464,1
27465,1
27466,1
27467,1
27468,0.9190348149918318
27469,0.8831026568120929
27470,0.9881783092460067
27471,1
27472,0.9685849804078539
27473,0.9483339587646836
27474,1
27475,1
27476,0.9574216351622019
27477,0.999011897929704
27478,1
27479,0.8419685961937553
27480,0.9651212677009737
27481,0.8537843326170849
27482,0.8667133484105514
27483,1
27484,0.9273404593370959
27485,0.9651212677009737
27486,1
27487,0.9546597272529381
27488,1
27489,1
27490,1
27491,1
27492,0.98325048629688
27493,0.935330043833841
27494,1
27495,1
27496,1
27497,0.9832309317100514
27498,1
27499,1
27500,1
27501,1
27502,1
27503,1
27504,0.9312364989907035
27505,1
27506,0.9515580487482838
27507,1
27508,0.7195073123725279
27509,0.9252835854862711
27510,0.9614144663088184
27511,1
27512,1
27513,1
27514,0.9188361014710205
27515,0.5803721801271648
27516,0.9969928523546226
27517,0.7599309113245942
27518,1
27519,0.9430581897446968
27520,0.8945991131641734
27521,1
27522,1
27523,1
27524,1
27525,0.7539670816146481
27526,0.8815876716214515
27527,1
27528,0.8983037995895085
27529,1
27530,1
27531,1
27532,1
27533,0.9483339587646836
27534,0.9371052762402644
27535,1
27536,0.8658928254901676
27537,0.9847685680152722
27538,0.9949058168780378
27539,0.8474858616901312
27540,1
27541,1
27542,0.9320110931183022
27543,0.9927453194301491
27544,1
27545,0.9584073186634412
27546,1
27547,1
27548,0.8680276625315166
27549,0.9685849804078539
27550,1
27551,1
27552,1
27553,1
27554,1
27555,0.3959059575410981
27556,0.9564335330919059
27557,1
27558,0.8505605027059218
27559,0.7562155677741058
27560,1
27561,1
27562,1
27563,0.7842815215258987
27564,1
27565,0.4085729993415628
27566,1
27567,1
27568,0.8225588566627794
27569,0.9718392465479493
27570,0.9302355564425553
27571,1
27572,1
27573,1
27574,0.9832309317100514
27575,1
27576,1
27577,1
27578,1
27579,0.8256235791650341
27580,0.9430581897446968
27581,1
27582,0.8659309671343786
27583,1
27584,1
27585,0.999011897929704
27586,0.9574216351622019
27587,1
27588,1
27589,1
27590,0.9927453194301491
27591,1
27592,0.8138697140937888
27593,0.9927453194301491
27594,0.6859532543577919
27595,0.9220419626372091
27596,1
27597,1
27598,1
27599,0.4545434592784971
27600,1
27601,1
27602,1
27603,0.9709278316861977
27604,1
27605,1
27606,1
27607,1
27608,0.8228147617674003
27609,1
27610,1
27611,1
27612,0.9298505956704135
27613,1
27614,0.9939177148077418
27615,0.9220419626372091
27616,1
27617,1
27618,0.9651212677009737
27619,1
27620,1
27621,1
27622,1
27623,1
27624,0.980590260469024
27625,1
27626,0.6132645160563458
27627,0.7984310915462897
27628,1
27629,1
27630,1
27631,1
27632,1
27633,1
27634,0.9960047502843267
27635,0.9651212677009737
27636,1
27637,1
27638,0.9574216351622019
27639,1
27640,0.980590260469024
27641,1
27642,1
27643,1
27644,1
27645,1
27646,0.7224456255244913
27647,0.8973459867265247
27648,0.8358907409422436
27649,0.921299076672304
27650,1
27651,1
27652,0.886998846096416
27653,1
27654,1
27655,0.9927453194301491
27656,1
27657,0.9949058168780378
27658,1
27659,1
27660,1
27661,1
27662,1
27663,1
27664,1
27665,0.9749109523201227
27666,1
27667,0.9173215605603033
27668,1
27669,1
27670,0.9034041370226844
27671,0.5345796879136229
27672,0.8973459867265247
27673,0.9905051668667311
27674,0.9614144663088184
27675,1
27676,1
27677,0.9352435853337033
27678,1
27679,1
27680,1
27681,0.8835722862991494
27682,1
27683,1
27684,0.9832309317100514
27685,0.9685849804078539
27686,0.8733809135121012
27687,0.865100152381906
27688,1
27689,0.9778219501715014
27690,0.9371052762402644
27691,0.8719891174305382
27692,0.869154674913402
27693,1
27694,0.8504326302985578
27695,0.9949058168780378
27696,1
27697,0.8910506501947678
27698,1
27699,0.9055161505890064
27700,0.9430581897446968
27701,0.49055590837826973
27702,0.9749109523201227
27703,1
27704,0.9220419626372091
27705,1
27706,0.5415200115424502
27707,0.8947376292694665
27708,1
27709,1
27710,1
27711,1
27712,1
27713,0.9420047267778425
27714,1
27715,1
27716,0.9685849804078539
27717,0.8170197855574555
27718,0.9117330397512
27719,1
27720,1
27721,1
27722,1
27723,0.8973459867265247
27724,1
27725,1
27726,0.5710368264258573
27727,0.9455999444082086
27728,0.8973459867265247
27729,0.44822043282973734
27730,1
27731,0.8973459867265247
27732,1
27733,0.8895989115827235
27734,1
27735,1
27736,1
27737,1
27738,1
27739,1
27740,0.8973459867265247
27741,0.980590260469024
27742,0.9718392465479493
27743,0.8665726863114686
27744,1
27745,1
27746,1
27747,1
27748,1
27749,0.9302355564425553
27750,1
27751,1
27752,0.6287167585972125
27753,0.9218552132870638
27754,1
27755,1
27756,1
27757,1
27758,1
27759,0.9832309317100514
27760,1
27761,0.8965016077664724
27762,0.9905051668667311
27763,0.8883850008640032
27764,0.5382330641304538
27765,1
27766,1
27767,1
27768,1
27769,0.9718392465479493
27770,0.9117330397512
27771,1
27772,1
27773,1
27774,1
27775,1
27776,1
27777,0.8327516064852438
27778,1
27779,0.9969928523546226
27780,0.9614144663088184
27781,0.980590260469024
27782,1
27783,1
27784,0.8537843326170849
27785,1
27786,1
27787,1
27788,0.8587604530353432
27789,1
27790,1
27791,0.22853005627794243
27792,0.9832309317100514
27793,0.980590260469024
27794,0.9220419626372091
27795,1
27796,0.8523856066234534
27797,0.9229808758727044
27798,1
27799,1
27800,1
27801,1
27802,1
27803,1
27804,1
27805,0.5750728035000077
27806,1
27807,1
27808,1
27809,0.7653736492580413
27810,1
27811,1
27812,1
27813,1
27814,1
27815,0.7084808463112847
27816,0.9379640066227346
27817,0.9905051668667311
27818,1
27819,1
27820,1
27821,1
27822,0.44796618038399205
27823,1
27824,0.8508568224674742
27825,1
27826,0.4972425565918858
27827,0.9117330397512
27828,0.9667450634259871
27829,0.623499929657955
27830,0.7092003441114499
27831,1
27832,1
27833,0.9614144663088184
27834,1
27835,1
27836,1
27837,1
27838,1
27839,0.7653736492580413
27840,1
27841,1
27842,1
27843,1
27844,0.9530866435720331
27845,1
27846,1
27847,0.8275815431690801
27848,1
27849,1
27850,1
27851,1
27852,1
27853,1
27854,1
27855,1
27856,1
27857,1
27858,1
27859,0.8607729819616656
27860,0.8225588566627794
27861,0.9927453194301491
27862,1
27863,0.9430581897446968
27864,1
27865,0.9574216351622019
27866,1
27867,1
27868,0.9778219501715014
27869,1
27870,0.8680276625315166
27871,1
27872,1
27873,0.9905051668667311
27874,0.9574216351622019
27875,1
27876,1
27877,0.8902293261390836
27878,0.1083997555845975
27879,0.9302355564425553
27880,0.8222413184854351
27881,0.9718392465479493
27882,0.9949058168780378
27883,1
27884,0.8291323882244642
27885,0.9284057581571736
27886,1
27887,0.9159922265281236
27888,1
27889,1
27890,1
27891,1
27892,0.829447452993781
27893,0.9299204916732384
27894,1
27895,0.9584122106405254
27896,0.9371052762402644
27897,0.9066388566292378
27898,0.7874919117096618
27899,1
27900,0.6732199121192619
27901,1
27902,1
27903,1
27904,0.7314219611212461
27905,0.7263141713515281
27906,1
27907,0.9749109523201227
27908,1
27909,0.860104744164943
27910,1
27911,0.7777303025991193
27912,1
27913,1
27914,0.9208801399161981
27915,1
27916,1
27917,0.9651212677009737
27918,1
27919,1
27920,0.9927453194301491
27921,0.8149809347877505
27922,0.9718392465479493
27923,0.898519742549083
27924,0.9555012127891466
27925,1
27926,1
27927,1
27928,1
27929,0.8726636352576804
27930,0.8211143061035497
27931,1
27932,1
27933,0.4003879470865306
27934,0.7918965057361613
27935,1
27936,1
27937,1
27938,1
27939,1
27940,1
27941,0.8600669985158838
27942,0.7638867919297291
27943,1
27944,1
27945,0.8444787920814136
27946,0.6574104578515455
27947,0.9685849804078539
27948,0.805132938771781
27949,1
27950,1
27951,1
27952,0.7736902296248852
27953,0.8866439920713227
27954,1
27955,0.980590260469024
27956,1
27957,1
27958,0.8940763032084594
27959,0.9117330397512
27960,1
27961,1
27962,1
27963,1
27964,1
27965,1
27966,1
27967,1
27968,0.999011897929704
27969,0.9718392465479493
27970,0.9001661653948452
27971,1
27972,1
27973,0.9483339587646836
27974,0.9969928523546226
27975,1
27976,1
27977,1
27978,0.9641331656306777
27979,1
27980,0.8510146104626144
27981,1
27982,0.8973459867265247
27983,0.9273404593370959
27984,1
27985,1
27986,1
27987,0.48649380657993996
27988,0.8680276625315166
27989,1
27990,0.9430581897446968
27991,1
27992,1
27993,1
27994,1
27995,1
27996,1
27997,1
27998,0.999011897929704
27999,0.9156072657559817
28000,0.9302355564425553
28001,0.7648840535879152
28002,1
28003,0.9455999444082086
28004,1
28005,1
28006,0.9371052762402644
28007,1
28008,0.9555012127891466
28009,1
28010,0.725208767712068
28011,1
28012,0.8913921485093805
28013,1
28014,1
28015,0.9220419626372091
28016,1
28017,0.9105400962100331
28018,1
28019,1
28020,0.9117330397512
28021,1
28022,0.8547912294958968
28023,0.2589311231943287
28024,1
28025,0.9573919851692959
28026,1
28027,1
28028,1
28029,0.980590260469024
28030,1
28031,1
28032,1
28033,0.9530866435720331
28034,1
28035,0.9574192165931452
28036,1
28037,1
28038,0.48420614467943573
28039,1
28040,1
28041,1
28042,1
28043,1
28044,1
28045,1
28046,1
28047,0.9651212677009737
28048,0.9220419626372091
28049,1
28050,1
28051,0.8555396794827171
28052,1
28053,1
28054,1
28055,1
28056,1
28057,1
28058,1
28059,1
28060,0.9685849804078539
28061,1
28062,1
28063,0.3377124616080103
28064,0.9651212677009737
28065,1
28066,1
28067,0.9685849804078539
28068,1
28069,1
28070,1
28071,1
28072,1
28073,1
28074,0.9847685680152722
28075,1
28076,0.9097862203066723
28077,0.8800187039936198
28078,0.980590260469024
28079,0.8202079330523573
28080,0.952732902491624
28081,1
28082,0.8042569313664591
28083,1
28084,1
28085,0.8753535906502883
28086,1
28087,0.9430581897446968
28088,0.9887500697144758
28089,1
28090,0.7441052705363442
28091,0.999011897929704
28092,0.9881783092460067
28093,1
28094,0.8112553209488748
28095,1
28096,0.869154674913402
28097,1
28098,1
28099,0.8963577666916772
28100,0.9778219501715014
28101,1
28102,1
28103,0.6966447649652159
28104,1
28105,1
28106,1
28107,1
28108,0.8368744130717932
28109,0.7117505476399139
28110,0.7694416743576931
28111,0.9905051668667311
28112,1
28113,1
28114,0.7311209891149338
28115,1
28116,0.722912887020431
28117,1
28118,0.7882200482663058
28119,1
28120,1
28121,1
28122,1
28123,1
28124,1
28125,0.8294421288403351
28126,1
28127,0.5174264140846152
28128,0.9371052762402644
28129,1
28130,0.9718392465479493
28131,0.9739228502498266
28132,1
28133,1
28134,1
28135,1
28136,0.9685849804078539
28137,0.8547912294958968
28138,1
28139,0.7797607022827165
28140,0.9220419626372091
28141,1
28142,0.9220419626372091
28143,0.28404767400530745
28144,1
28145,0.9079564207179177
28146,0.4746456817959174
28147,1
28148,0.9718392465479493
28149,0.4227354348940315
28150,0.9749109523201227
28151,1
28152,0.9905051668667311
28153,0.8667133484105514
28154,1
28155,1
28156,1
28157,0.8938812091851585
28158,0.9969928523546226
28159,0.7621116253498931
28160,1
28161,1
28162,1
28163,0.8266308714086987
28164,0.9905051668667311
28165,1
28166,1
28167,0.6471015349655364
28168,0.853866306405366
28169,1
28170,1
28171,0.9614144663088184
28172,0.460252211179709
28173,1
28174,1
28175,1
28176,1
28177,1
28178,0.9857566700855682
28179,1
28180,1
28181,1
28182,0.9430581897446968
28183,1
28184,1
28185,0.9832309317100514
28186,0.9493203043948625
28187,1
28188,1
28189,1
28190,1
28191,1
28192,0.8254492976937186
28193,1
28194,0.8854392350049481
28195,1
28196,1
28197,1
28198,1
28199,0.9145011098808516
28200,0.8624672544274984
28201,0.9379640066227346
28202,0.8684217335450968
28203,0.8976311613455473
28204,1
28205,1
28206,0.9667450634259871
28207,0.9302355564425553
28208,1
28209,0.9301623987405749
28210,0.9006896772530381
28211,1
28212,1
28213,1
28214,1
28215,1
28216,1
28217,1
28218,0.9210538605669131
28219,1
28220,1
28221,1
28222,0.8181867959539391
28223,1
28224,1
28225,1
28226,0.633459132715531
28227,1
28228,0.7888242157341308
28229,1
28230,1
28231,1
28232,0.9483339587646836
28233,0.9685849804078539
28234,1
28235,1
28236,1
28237,1
28238,1
28239,1
28240,0.8140438045074677
28241,0.9857566700855682
28242,1
28243,0.9718392465479493
28244,1
28245,0.9905051668667311
28246,1
28247,0.8999113489972067
28248,1
28249,0.9543263590458063
28250,1
28251,0.6077713744323948
28252,1
28253,1
28254,0.5350921051657037
28255,1
28256,1
28257,0.8500106032804553
28258,0.9708511444776533
28259,1
28260,1
28261,1
28262,0.9034902571110531
28263,1
28264,1
28265,1
28266,0.9775831128236467
28267,1
28268,1
28269,1
28270,1
28271,1
28272,1
28273,1
28274,1
28275,1
28276,0.8297562415397864
28277,0.9483339587646836
28278,0.8424596948130196
28279,1
28280,0.8973459867265247
28281,1
28282,1
28283,1
28284,1
28285,1
28286,0.9682413967772109
28287,0.9905051668667311
28288,0.9651212677009737
28289,1
28290,0.9055161505890064
28291,1
28292,1
28293,1
28294,1
28295,1
28296,1
28297,1
28298,1
28299,0.8684217335450968
28300,1
28301,0.5004321695533525
28302,0.7092003441114499
28303,0.693751249921008
28304,1
28305,1
28306,0.7092003441114499
28307,1
28308,0.8729087854151102
28309,1
28310,0.8396955331925394
28311,1
28312,0.6761769355998031
28313,1
28314,1
28315,1
28316,1
28317,1
28318,1
28319,0.8650205148861393
28320,0.9927453194301491
28321,1
28322,0.8368744130717932
28323,0.9663346124209247
28324,0.9778219501715014
28325,0.798827574040791
28326,1
28327,0.9675968783375579
28328,1
28329,1
28330,0.9220419626372091
28331,1
28332,1
28333,1
28334,1
28335,1
28336,1
28337,1
28338,1
28339,1
28340,1
28341,1
28342,0.9117330397512
28343,1
28344,0.6119737479683408
28345,1
28346,0.8680276625315166
28347,1
28348,0.8684217335450968
28349,1
28350,0.7599309113245942
28351,0.9927453194301491
28352,0.8938812091851585
28353,0.9905051668667311
28354,1
28355,1
28356,1
28357,1
28358,1
28359,1
28360,1
28361,0.8385960573079084
28362,1
28363,0.9220419626372091
28364,1
28365,0.9479924604500709
28366,1
28367,0.8736731474892405
28368,1
28369,1
28370,0.9156072657559817
28371,0.958141884030174
28372,1
28373,0.9388391256314147
28374,1
28375,0.9594903828561362
28376,0.9430581897446968
28377,0.9483339587646836
28378,0.9905051668667311
28379,1
28380,0.8297562415397864
28381,0.3757408830683724
28382,1
28383,0.9057555939268856
28384,0.9438047438137114
28385,0.3738513256647965
28386,0.999011897929704
28387,0.8658928254901676
28388,0.9208801399161981
28389,1
28390,1
28391,0.910744937680904
28392,1
28393,0.6683216659331421
28394,1
28395,0.9220419626372091
28396,1
28397,1
28398,1
28399,0.9117330397512
28400,1
28401,0.9108258169115794
28402,0.25232520675064646
28403,1
28404,1
28405,0.744057125370779
28406,0.7665468387118208
28407,0.9685849804078539
28408,0.9857566700855682
28409,1
28410,1
28411,0.973934979331575
28412,1
28413,0.9392445259270482
28414,1
28415,0.9574216351622019
28416,0.28404767400530745
28417,1
28418,1
28419,1
28420,1
28421,1
28422,0.8768543074521739
28423,0.5492013345860682
28424,1
28425,1
28426,1
28427,1
28428,0.9658336485642355
28429,0.9014206023367168
28430,0.5992410654063112
28431,1
28432,1
28433,0.9220419626372091
28434,0.6190723782977133
28435,1
28436,1
28437,1
28438,1
28439,0.9651212677009737
28440,0.9495778622646436
28441,1
28442,0.999011897929704
28443,1
28444,1
28445,1
28446,0.9220419626372091
28447,1
28448,1
28449,1
28450,1
28451,1
28452,1
28453,1
28454,1
28455,1
28456,1
28457,1
28458,1
28459,1
28460,0.9909105671623645
28461,0.9927453194301491
28462,1
28463,0.9778219501715014
28464,1
28465,0.69256443940735
28466,1
28467,0.8947248939455258
28468,1
28469,1
28470,1
28471,1
28472,0.44822043282973734
28473,0.9719038046747454
28474,1
28475,1
28476,1
28477,0.7214030012893606
28478,1
28479,0.26484638961218143
28480,0.9718392465479493
28481,1
28482,1
28483,1
28484,0.8027777087395082
28485,0.9380118956312259
28486,0.8913921485093805
28487,1
28488,1
28489,0.9574216351622019
28490,0.643137217675321
28491,0.5031960386314985
28492,0.5984618217977535
28493,1
28494,0.999011897929704
28495,0.8775948404748349
28496,1
28497,0.9555012127891466
28498,1
28499,1
28500,1
28501,1
28502,0.9302355564425553
28503,1
28504,1
28505,1
28506,1
28507,0.9969928523546226
28508,1
28509,1
28510,1
28511,1
28512,1
28513,1
28514,1
28515,1
28516,1
28517,1
28518,1
28519,1
28520,0.98325048629688
28521,1
28522,0.9654161191868537
28523,1
28524,0.729874629106756
28525,0.8059567908445945
28526,1
28527,0.36078209663113275
28528,1
28529,0.9169189391725376
28530,0.8368744130717932
28531,0.9108345769980419
28532,0.9614144663088184
28533,1
28534,0.7822515641681951
28535,1
28536,0.999011897929704
28537,1
28538,1
28539,0.9388391256314147
28540,1
28541,1
28542,0.9905051668667311
28543,0.7900696251687257
28544,1
28545,1
28546,1
28547,0.9206224804901203
28548,0.34223647604472807
28549,0.9574216351622019
28550,1
28551,1
28552,1
28553,1
28554,0.7092003441114499
28555,0.5174264140846152
28556,1
28557,1
28558,1
28559,1
28560,1
28561,0.8359810869786789
28562,0.9905051668667311
28563,0.9687685697150307
28564,1
28565,1
28566,1
28567,0.8442894994838158
28568,1
28569,1
28570,0.9584073186634412
28571,0.9371052762402644
28572,0.868525404723658
28573,0.9420700876744007
28574,1
28575,0.9685849804078539
28576,0.9574216351622019
28577,1
28578,1
28579,1
28580,1
28581,0.8680367727729549
28582,1
28583,0.9685849804078539
28584,1
28585,1
28586,1
28587,1
28588,0.8673443417070197
28589,1
28590,0.27231681156022064
28591,1
28592,1
28593,1
28594,1
28595,1
28596,1
28597,0.910744937680904
28598,1
28599,0.9388391256314147
28600,1
28601,0.8956980561054129
28602,1
28603,1
28604,1
28605,1
28606,1
28607,0.8211143061035497
28608,1
28609,1
28610,0.8051280529259146
28611,0.9927453194301491
28612,1
28613,1
28614,0.8109720987352943
28615,0.8684217335450968
28616,0.9949058168780378
28617,1
28618,0.8274239578322002
28619,1
28620,1
28621,0.8835722862991494
28622,0.9117330397512
28623,1
28624,1
28625,0.9718392465479493
28626,1
28627,0.8974897098367683
28628,1
28629,0.9775831128236467
28630,0.9483339587646836
28631,0.9530866435720331
28632,0.9651212677009737
28633,1
28634,0.9483339587646836
28635,1
28636,0.980590260469024
28637,1
28638,1
28639,0.9949058168780378
28640,0.8193879493637338
28641,0.9718392465479493
28642,1
28643,1
28644,0.9651212677009737
28645,1
28646,0.9117330397512
28647,1
28648,0.9382578051726624
28649,0.8969529149573318
28650,1
28651,1
28652,1
28653,0.999011897929704
28654,0.9641331656306777
28655,0.7147447735072628
28656,1
28657,1
28658,0.98325048629688
28659,0.9379640066227346
28660,1
28661,1
28662,0.9302355564425553
28663,1
28664,1
28665,0.4973838650831303
28666,0.9159922265281236
28667,0.9874980192213537
28668,1
28669,0.5724200006096981
28670,0.9483339587646836
28671,0.9302355564425553
28672,1
28673,1
28674,0.816483976591108
28675,1
28676,1
28677,0.9614144663088184
28678,0.9312364989907035
28679,0.9507910536663244
28680,1
28681,1
28682,1
28683,0.7413158074698726
28684,0.8902293261390836
28685,0.9075011310888578
28686,1
28687,1
28688,0.36948711658486155
28689,1
28690,0.7147925768549297
28691,1
28692,0.9905051668667311
28693,1
28694,1
28695,1
28696,1
28697,0.36630256266689154
28698,1
28699,0.8473773854407525
28700,1
28701,0.9857566700855682
28702,1
28703,1
28704,1
28705,1
28706,1
28707,0.9483339587646836
28708,1
28709,0.9356604387270246
28710,1
28711,0.9635786202570696
28712,1
28713,0.9614144663088184
28714,1
28715,0.9969928523546226
28716,0.9857566700855682
28717,0.8530854027250891
28718,0.8282545804700592
28719,1
28720,1
28721,1
28722,1
28723,0.8683417752309678
28724,1
28725,1
28726,0.5174264140846152
28727,1
28728,0.9927453194301491
28729,1
28730,1
28731,0.9949058168780378
28732,0.980590260469024
28733,0.9483339587646836
28734,1
28735,0.8027777087395082
28736,0.8680276625315166
28737,0.7979998778243399
28738,1
28739,0.9220419626372091
28740,0.9220419626372091
28741,0.9781563031749179
28742,1
28743,1
28744,1
28745,1
28746,1
28747,1
28748,0.958141884030174
28749,1
28750,1
28751,0.9832309317100514
28752,0.9857566700855682
28753,0.8680276625315166
28754,0.9220419626372091
28755,0.25232520675064646
28756,1
28757,1
28758,1
28759,1
28760,0.999011897929704
28761,0.9832309317100514
28762,1
28763,0.9117330397512
28764,1
28765,0.826142194717372
28766,1
28767,1
28768,1
28769,1
28770,0.8951207144176462
28771,1
28772,1
28773,1
28774,1
28775,1
28776,1
28777,1
28778,0.9496611967194506
28779,0.9614144663088184
28780,0.9265357340097923
28781,0.9117330397512
28782,0.999011897929704
28783,1
28784,0.9464069305793552
28785,1
28786,1
28787,1
28788,1
28789,1
28790,0.9574216351622019
28791,1
28792,1
28793,1
28794,1
28795,1
28796,1
28797,0.48062514729493044
28798,1
28799,1
28800,0.49055590837826973
28801,1
28802,1
28803,1
28804,1
28805,1
28806,0.9881783092460067
28807,1
28808,1
28809,1
28810,1
28811,1
28812,0.8827992982552433
28813,1
28814,1
28815,1
28816,0.7927316285114613
28817,1
28818,1
28819,1
28820,1
28821,1
28822,1
28823,1
28824,1
28825,1
28826,1
28827,0.9905051668667311
28828,0.597831513874066
28829,0.1978908552178076
28830,1
28831,0.9927453194301491
28832,1
28833,0.9718392465479493
28834,1
28835,1
28836,1
28837,1
28838,0.9574216351622019
28839,0.9220419626372091
28840,1
28841,0.7653736492580413
28842,1
28843,1
28844,0.9719038046747454
28845,1
28846,1
28847,1
28848,1
28849,1
28850,1
28851,1
28852,1
28853,1
28854,1
28855,1
28856,0.9343075711884747
28857,0.9382578051726624
28858,1
28859,0.9949058168780378
28860,0.9778219501715014
28861,1
28862,1
28863,1
28864,0.9145011098808516
28865,0.9377561715106503
28866,1
28867,1
28868,0.8876571916047573
28869,1
28870,0.6415400620270321
28871,0.9881783092460067
28872,1
28873,1
28874,0.9832309317100514
28875,1
28876,0.8254492976937186
28877,1
28878,1
28879,1
28880,0.6028844293654015
28881,1
28882,1
28883,0.3253975950771635
28884,1
28885,0.865100152381906
28886,1
28887,0.9071259944788163
28888,0.8319305633750004
28889,1
28890,0.9778219501715014
28891,0.8910506501947678
28892,1
28893,0.9225429028631756
28894,0.9388391256314147
28895,1
28896,0.9651212677009737
28897,0.7171355903579985
28898,1
28899,0.8504009919457556
28900,1
28901,1
28902,1
28903,0.6120447259083754
28904,1
28905,1
28906,1
28907,0.952732902491624
28908,1
28909,1
28910,0.6927071047546955
28911,0.8254721960185941
28912,1
28913,1
28914,1
28915,1
28916,0.9905051668667311
28917,0.999011897929704
28918,0.9430581897446968
28919,1
28920,0.7533221355451233
28921,0.9651212677009737
28922,0.9614144663088184
28923,0.4646833640122748
28924,1
28925,1
28926,0.9574192165931452
28927,0.9865099171510577
28928,1
28929,0.9614144663088184
28930,1
28931,1
28932,0.8982312942255648
28933,1
28934,0.9068345332661574
28935,1
28936,0.8359810869786789
28937,1
28938,0.9939177148077418
28939,0.8359810869786789
28940,1
28941,0.9117330397512
28942,1
28943,0.6684508125042652
28944,1
28945,1
28946,0.8973459867265247
28947,0.8238817207363169
28948,1
28949,0.9117330397512
28950,1
28951,0.9302355564425553
28952,0.9265357340097923
28953,1
28954,1
28955,1
28956,1
28957,0.980590260469024
28958,1
28959,1
28960,1
28961,0.9117330397512
28962,0.9927453194301491
28963,1
28964,1
28965,1
28966,1
28967,1
28968,1
28969,0.8831026568120929
28970,0.9685849804078539
28971,0.9323325874823246
28972,1
28973,0.9802237840646741
28974,1
28975,0.8968567651633332
28976,1
28977,1
28978,1
28979,0.8801634659849612
28980,0.7900696251687257
28981,0.9718392465479493
28982,1
28983,1
28984,0.9106619336802785
28985,1
28986,1
28987,0.8973459867265247
28988,0.661837353218792
28989,0.48062514729493044
28990,1
28991,0.9832309317100514
28992,1
28993,0.9483339587646836
28994,0.9651212677009737
28995,1
28996,0.7060838714944706
28997,1
28998,0.9949058168780378
28999,1
29000,1
29001,1
29002,1
29003,1
29004,0.8651028721324201
29005,0.7271970681520823
29006,0.6069491736826037
29007,0.7591924738460214
29008,0.9108258169115794
29009,0.7171355903579985
29010,1
29011,1
29012,1
29013,1
29014,0.9709278316861977
29015,0.999011897929704
29016,1
29017,0.5494078692768082
29018,1
29019,1
29020,0.9584073186634412
29021,1
29022,0.3377124616080103
29023,0.9960047502843267
29024,1
29025,0.9949058168780378
29026,1
29027,1
29028,1
29029,1
29030,1
29031,0.8648664696279342
29032,1
29033,1
29034,0.999011897929704
29035,1
29036,1
29037,1
29038,0.9217416658574344
29039,0.9778219501715014
29040,1
29041,0.9363254186289411
29042,1
29043,0.4242210627688309
29044,0.999011897929704
29045,1
29046,0.8992118965512257
29047,1
29048,0.8546762576236752
29049,1
29050,1
29051,0.9117330397512
29052,1
29053,0.9371052762402644
29054,1
29055,1
29056,1
29057,1
29058,1
29059,1
29060,1
29061,1
29062,0.9220419626372091
29063,1
29064,1
29065,1
29066,1
29067,0.9778219501715014
29068,1
29069,0.9302355564425553
29070,1
29071,1
29072,1
29073,1
29074,1
29075,0.4227354348940315
29076,0.9749109523201227
29077,0.9574216351622019
29078,0.6205822018733284
29079,1
29080,1
29081,0.8680276625315166
29082,0.9927453194301491
29083,0.9555012127891466
29084,1
29085,0.8680276625315166
29086,1
29087,1
29088,0.9337062481088276
29089,0.5993682010208442
29090,0.8368744130717932
29091,1
29092,0.9685849804078539
29093,1
29094,0.6441740248159257
29095,0.6833278021241889
29096,1
29097,1
29098,1
29099,0.8993784729315532
29100,0.8110858522762134
29101,1
29102,1
29103,0.9651212677009737
29104,1
29105,0.9749109523201227
29106,1
29107,1
29108,0.6168720271900433
29109,0.9178479994007245
29110,1
29111,1
29112,0.5437420736483883
29113,0.9874980192213537
29114,0.999011897929704
29115,1
29116,1
29117,1
29118,0.8839573691719942
29119,1
29120,1
29121,1
29122,1
29123,1
29124,1
29125,1
29126,1
29127,0.9832309317100514
29128,1
29129,1
29130,0.9905051668667311
29131,1
29132,1
29133,1
29134,1
29135,0.8683417752309678
29136,1
29137,0.980590260469024
29138,0.7214030012893606
29139,0.9905051668667311
29140,1
29141,0.7900696251687257
29142,1
29143,0.08033838011372274
29144,0.9574216351622019
29145,1
29146,1
29147,0.98325048629688
29148,1
29149,1
29150,1
29151,1
29152,1
29153,0.8664927093466002
29154,0.8359810869786789
29155,1
29156,1
29157,1
29158,1
29159,0.9718392465479493
29160,0.8398669090794659
29161,1
29162,1
29163,0.9881783092460067
29164,1
29165,0.8337750023884092
29166,0.9493043272313071
29167,1
29168,0.8938812091851585
29169,1
29170,1
29171,0.8998639128087105
29172,1
29173,0.9927453194301491
29174,0.9568784850608267
29175,1
29176,1
29177,1
29178,0.9420047267778425
29179,0.8982312942255648
29180,0.9302355564425553
29181,1
29182,0.9530866435720331
29183,1
29184,0.9781367485880892
29185,1
29186,1
29187,1
29188,1
29189,0.7599309113245942
29190,1
29191,0.8547912294958968
29192,1
29193,1
29194,0.9881783092460067
29195,0.9574216351622019
29196,1
29197,1
29198,0.9614144663088184
29199,0.8275815431690801
29200,1
29201,1
29202,1
29203,1
29204,1
29205,0.9778219501715014
29206,1
29207,0.9574216351622019
29208,1
29209,0.48649380657993996
29210,0.8683417752309678
29211,1
29212,1
29213,1
29214,1
29215,1
29216,0.40582497423735
29217,1
29218,1
29219,1
29220,0.5293842080890057
29221,1
29222,1
29223,1
29224,0.9927453194301491
29225,1
29226,1
29227,0.8920317214461785
29228,0.9574216351622019
29229,1
29230,1
29231,0.9530866435720331
29232,1
29233,0.865100152381906
29234,0.9969928523546226
29235,0.9832309317100514
29236,1
29237,1
29238,0.999011897929704
29239,1
29240,0.7375958606367407
29241,0.830146905439762
29242,0.9857566700855682
29243,1
29244,0.9778219501715014
29245,1
29246,1
29247,1
29248,1
29249,1
29250,1
29251,0.9302355564425553
29252,1
29253,1
29254,0.9718392465479493
29255,0.8299398710324766
29256,1
29257,1
29258,0.702960235662883
29259,1
29260,1
29261,1
29262,1
29263,0.8973459867265247
29264,1
29265,0.8297562415397864
29266,0.8954876967616701
29267,0.6771066890092413
29268,0.9574216351622019
29269,1
29270,1
29271,1
29272,0.7996078711754357
29273,1
29274,0.999011897929704
29275,1
29276,0.9832309317100514
29277,1
29278,0.9949058168780378
29279,1
29280,1
29281,0.9802433386515028
29282,0.9905051668667311
29283,1
29284,0.8736731474892405
29285,0.8940567486216308
29286,1
29287,1
29288,1
29289,1
29290,0.5536200632573138
29291,1
29292,1
29293,1
29294,0.8027777087395082
29295,0.8998639128087105
29296,1
29297,0.775608431116141
29298,1
29299,1
29300,0.9574216351622019
29301,0.9584073186634412
29302,0.8853694274127564
29303,1
29304,1
29305,1
29306,0.7900696251687257
29307,0.9201732053126329
29308,1
29309,0.6862353448173085
29310,0.8504326302985578
29311,1
29312,1
29313,0.8683417752309678
29314,0.9574216351622019
29315,0.9530866435720331
29316,0.7763663561986606
29317,1
29318,0.9874980192213537
29319,1
29320,1
29321,1
29322,1
29323,0.8737473899164511
29324,1
29325,1
29326,1
29327,1
29328,1
29329,0.6118701509353975
29330,1
29331,1
29332,0.8833674448282782
29333,0.991757217359853
29334,0.9530866435720331
29335,1
29336,0.9651212677009737
29337,0.9220419626372091
29338,0.9363175752820845
29339,1
29340,0.9380721305494554
29341,0.7653736492580413
29342,0.9483521994110251
29343,0.8069660969934936
29344,1
29345,1
29346,0.999011897929704
29347,1
29348,1
29349,1
29350,1
29351,0.9098511421791752
29352,0.8726636352576804
29353,1
29354,0.9220419626372091
29355,1
29356,1
29357,1
29358,0.9574216351622019
29359,1
29360,0.9881783092460067
29361,1
29362,1
29363,1
29364,0.895062559453212
29365,1
29366,0.9536006669178442
29367,1
29368,1
29369,0.901830863647325
29370,1
29371,1
29372,0.8577658343162884
29373,0.8999113489972067
29374,0.9651212677009737
29375,0.9832309317100514
29376,1
29377,0.9483339587646836
29378,0.9337062481088276
29379,1
29380,1
29381,1
29382,0.9520630306126233
29383,1
29384,0.9651212677009737
29385,0.5467957805624372
29386,1
29387,1
29388,0.8684217335450968
29389,1
29390,0.9483339587646836
29391,0.9689876017956197
29392,1
29393,1
29394,1
29395,1
29396,1
29397,1
29398,0.9517448004213279
29399,0.7900696251687257
29400,1
29401,1
29402,1
29403,0.9483339587646836
29404,1
29405,0.9614144663088184
29406,1
29407,0.65417794632338
29408,1
29409,1
29410,0.28991058467845343
29411,0.9614144663088184
29412,0.9847685680152722
29413,1
29414,0.734979334229408
29415,1
29416,1
29417,0.891512264012454
29418,0.9302355564425553
29419,1
29420,1
29421,1
29422,0.9236484502137208
29423,1
29424,1
29425,1
29426,0.8854392350049481
29427,1
29428,0.8729087854151102
29429,0.7894014369561139
29430,0.9832309317100514
29431,1
29432,0.6093583074220777
29433,1
29434,0.9905051668667311
29435,1
29436,1
29437,0.46443072862366297
29438,1
29439,1
29440,1
29441,1
29442,1
29443,1
29444,1
29445,0.7147925768549297
29446,1
29447,1
29448,0.8483310840919573
29449,1
29450,0.8780049368743608
29451,1
29452,1
29453,1
29454,0.9430581897446968
29455,0.6879146543099413
29456,0.8958508550879216
29457,1
29458,0.9117330397512
29459,1
29460,0.9091927966708339
29461,1
29462,1
29463,0.9685849804078539
29464,1
29465,1
29466,1
29467,0.9337062481088276
29468,1
29469,0.7898322596939146
29470,0.8027777087395082
29471,0.9809236286761558
29472,0.7893827953200289
29473,0.8005074225233629
29474,1
29475,1
29476,0.8344512629667891
29477,1
29478,0.866693931052422
29479,0.9014712115359719
29480,1
29481,0.6884319352745655
29482,1
29483,1
29484,0.8027777087395082
29485,1
29486,0.9520985415017371
29487,0.9881783092460067
29488,1
29489,0.9857566700855682
29490,1
29491,1
29492,1
29493,0.7908230340263003
29494,1
29495,1
29496,1
29497,1
29498,0.9905051668667311
29499,1
29500,1
29501,1
29502,0.910744937680904
29503,0.9949058168780378
29504,1
29505,0.9302355564425553
29506,0.7833738407624912
29507,1
29508,1
29509,1
29510,1
29511,0.9430581897446968
29512,0.9832309317100514
29513,0.8389614485483781
29514,0.6684508125042652
29515,0.9339533666035457
29516,1
29517,1
29518,1
29519,1
29520,1
29521,1
29522,0.544447521692061
29523,1
29524,1
29525,1
29526,0.8973459867265247
29527,0.9759762511402005
29528,1
29529,0.9927453194301491
29530,1
29531,1
29532,1
29533,1
29534,0.9568784850608267
29535,1
29536,1
29537,0.9881783092460067
29538,1
29539,0.9371052762402644
29540,1
29541,1
29542,1
29543,0.9832309317100514
29544,0.9614144663088184
29545,1
29546,1
29547,1
29548,0.7567717790070329
29549,1
29550,1
29551,1
29552,0.9584073186634412
29553,1
29554,0.8669599609655955
29555,1
29556,1
29557,1
29558,0.9089445227882137
29559,0.9371052762402644
29560,1
29561,0.9273404593370959
29562,1
29563,1
29564,1
29565,0.7214030012893606
29566,1
29567,0.600623201770335
29568,1
29569,0.9905051668667311
29570,1
29571,1
29572,0.7960943030872027
29573,1
29574,1
29575,0.8954876967616701
29576,0.9614144663088184
29577,1
29578,0.8020537968943419
29579,1
29580,0.9905051668667311
29581,1
29582,0.9066388566292378
29583,1
29584,0.8115969525599106
29585,1
29586,0.8876571916047573
29587,0.9574216351622019
29588,1
29589,0.9749109523201227
29590,0.4558532091574121
29591,1
29592,0.4709587233819713
29593,0.9430581897446968
29594,1
29595,1
29596,0.9430581897446968
29597,1
29598,1
29599,1
29600,0.837986773815974
29601,1
29602,1
29603,1
29604,0.9651212677009737
29605,1
29606,1
29607,1
29608,0.1362400349580319
29609,1
29610,1
29611,0.43086267635087866
29612,0.9574216351622019
29613,1
29614,0.9781563031749179
29615,0.810252782300283
29616,1
29617,1
29618,0.9532995769469804
29619,1
29620,0.9685849804078539
29621,1
29622,0.9430581897446968
29623,0.8094295182864019
29624,0.7923736719467944
29625,1
29626,0.9483339587646836
29627,1
29628,0.9430581897446968
29629,1
29630,0.8632679727914276
29631,0.7854668534876745
29632,0.9117330397512
29633,0.9685849804078539
29634,0.980590260469024
29635,0.980590260469024
29636,1
29637,1
29638,1
29639,0.9228619463258326
29640,0.5291711478506371
29641,0.9949058168780378
29642,0.8368744130717932
29643,1
29644,1
29645,1
29646,0.9927453194301491
29647,0.9371052762402644
29648,0.9430581897446968
29649,1
29650,1
29651,1
29652,1
29653,0.9927453194301491
29654,1
29655,1
29656,1
29657,1
29658,1
29659,1
29660,0.7672047454915303
29661,0.8021374718039247
29662,0.9663469305545923
29663,1
29664,0.9117330397512
29665,1
29666,1
29667,1
29668,1
29669,1
29670,1
29671,0.980590260469024
29672,1
29673,0.9881783092460067
29674,1
29675,1
29676,0.8225588566627794
29677,0.9778219501715014
29678,1
29679,0.9220419626372091
29680,0.9969928523546226
29681,0.8901919198122976
29682,1
29683,1
29684,1
29685,1
29686,1
29687,0.9680882796903777
29688,1
29689,1
29690,1
29691,1
29692,0.9371052762402644
29693,1
29694,1
29695,1
29696,1
29697,1
29698,0.9881783092460067
29699,0.7599309113245942
29700,1
29701,1
29702,0.9949058168780378
29703,1
29704,1
29705,1
29706,1
29707,1
29708,1
29709,1
29710,1
29711,0.8969529149573318
29712,1
29713,0.8953399590624196
29714,1
29715,1
29716,1
29717,1
29718,1
29719,0.9651212677009737
29720,0.98325048629688
29721,0.8920317214461785
29722,1
29723,1
29724,1
29725,0.8505717643928711
29726,1
29727,1
29728,1
29729,1
29730,1
29731,1
29732,1
29733,1
29734,1
29735,0.8831855131250667
29736,0.980590260469024
29737,1
29738,1
29739,1
29740,1
29741,1
29742,1
29743,0.9689876017956197
29744,1
29745,1
29746,1
29747,0.9555012127891466
29748,1
29749,0.999011897929704
29750,0.9832309317100514
29751,0.9846439886628096
29752,1
29753,0.9220419626372091
29754,0.8901919198122976
29755,1
29756,1
29757,1
29758,1
29759,0.8901919198122976
29760,1
29761,0.8973459867265247
29762,0.8254492976937186
29763,1
29764,1
29765,0.9718392465479493
29766,0.980590260469024
29767,0.9371052762402644
29768,1
29769,0.8017351289716468
29770,0.9778219501715014
29771,0.544447521692061
29772,1
29773,1
29774,0.27809842270951574
29775,0.5174264140846152
29776,0.5862478071550675
29777,1
29778,1
29779,1
29780,0.9220419626372091
29781,0.9832309317100514
29782,1
29783,0.9685849804078539
29784,0.9927453194301491
29785,1
29786,1
29787,1
29788,1
29789,1
29790,0.9949058168780378
29791,1
29792,0.9969928523546226
29793,0.9969928523546226
29794,0.9749109523201227
29795,1
29796,1
29797,0.8802539314951286
29798,0.6611428969489386
29799,1
29800,1
29801,0.9220419626372091
29802,0.9614144663088184
29803,1
29804,0.9969928523546226
29805,1
29806,0.952732902491624
29807,0.9832309317100514
29808,0.6509674218561518
29809,1
29810,0.9927453194301491
29811,0.9302355564425553
29812,1
29813,1
29814,0.8385960573079084
29815,1
29816,1
29817,1
29818,0.8658928254901676
29819,0.7665468387118208
29820,0.9887500697144758
29821,0.9778219501715014
29822,0.7092003441114499
29823,1
29824,1
29825,1
29826,0.4227354348940315
29827,0.8973459867265247
29828,1
29829,1
29830,0.7896516438426814
29831,0.9641331656306777
29832,1
29833,0.28404767400530745
29834,1
29835,1
29836,1
29837,0.8680138699837988
29838,0.9371052762402644
29839,0.8066701372579829
29840,1
29841,1
29842,1
29843,1
29844,1
29845,0.8680276625315166
29846,0.8973459867265247
29847,1
29848,0.9905051668667311
29849,0.3594475323086776
29850,1
29851,1
29852,1
29853,1
29854,1
29855,0.999011897929704
29856,1
29857,0.869154674913402
29858,1
29859,1
29860,0.6155832657719837
29861,0.9905051668667311
29862,1
29863,1
29864,1
29865,1
29866,0.9749109523201227
29867,0.9718392465479493
29868,0.8027777087395082
29869,1
29870,1
29871,1
29872,1
29873,0.9718392465479493
29874,0.9802237840646741
29875,1
29876,1
29877,0.4227354348940315
29878,0.8409804941234593
29879,1
29880,1
29881,0.9614144663088184
29882,0.9749109523201227
29883,0.9854109837447689
29884,0.9220419626372091
29885,1
29886,0.839180079230769
29887,1
29888,1
29889,1
29890,1
29891,1
29892,1
29893,1
29894,0.4392917513334205
29895,1
29896,1
29897,1
29898,0.980590260469024
29899,0.9778219501715014
29900,1
29901,1
29902,1
29903,1
29904,1
29905,0.8759626425180206
29906,1
29907,1
29908,1
29909,0.6098353987394531
29910,0.9969928523546226
29911,1
29912,0.9220419626372091
29913,1
29914,0.9718392465479493
29915,1
29916,0.9300988695530336
29917,1
29918,1
29919,1
29920,0.8238817207363169
29921,0.9220419626372091
29922,1
29923,0.9857566700855682
29924,0.8294421288403351
29925,1
29926,1
29927,1
29928,0.8901919198122976
29929,1
29930,1
29931,1
29932,1
29933,0.8439215118401979
29934,0.9685849804078539
29935,1
29936,1
29937,1
29938,1
29939,0.8218503352051854
29940,1
29941,0.921671623979887
29942,1
29943,1
29944,0.9969928523546226
29945,1
29946,0.9809236286761558
29947,1
29948,0.8910506501947678
29949,0.9684216478975095
29950,1
29951,1
29952,1
29953,1
29954,1
29955,1
29956,1
29957,1
29958,0.8445294012806686
29959,0.8591472388774735
29960,1
29961,0.8920286489122582
29962,0.5093761256000896
29963,1
29964,1
29965,1
29966,0.6314138400501839
29967,1
29968,0.8309093433379524
29969,0.9458319630021822
29970,1
29971,1
29972,1
29973,1
29974,1
29975,0.6471509460941921
29976,0.8684217335450968
29977,1
29978,0.7147925768549297
29979,0.9371052762402644
29980,1
29981,0.9134664881526068
29982,1
29983,0.8509694562315199
29984,1
29985,0.9493043272313071
29986,0.947926802028933
29987,0.9574216351622019
29988,0.999011897929704
29989,1
29990,0.9832309317100514
29991,1
29992,1
29993,0.9685849804078539
29994,1
29995,0.9832309317100514
29996,0.818704202756383
29997,0.9651212677009737
29998,0.9052728943472605
29999,0.9483339587646836
30000,0.9654161191868537
30001,0.9371052762402644
30002,1
30003,1
30004,1
30005,0.729874629106756
30006,1
30007,0.41793394340215423
30008,1
30009,1
30010,1
30011,1
30012,1
30013,1
30014,1
30015,1
30016,1
30017,1
30018,1
30019,0.9574216351622019
30020,1
30021,0.999011897929704
30022,0.9345702816799951
30023,0.6706237746400191
30024,1
30025,0.933323162960648
30026,1
30027,1
30028,0.9718392465479493
30029,1
30030,1
30031,1
30032,0.8802539314951286
30033,1
30034,1
30035,1
30036,1
30037,1
30038,0.5382330641304538
30039,1
30040,1
30041,1
30042,1
30043,0.901465508408138
30044,1
30045,1
30046,0.8680276625315166
30047,1
30048,1
30049,0.9543416504934221
30050,1
30051,1
30052,1
30053,1
30054,0.9044726560535153
30055,0.8866439920713227
30056,0.9249930865658882
30057,1
30058,1
30059,1
30060,1
30061,1
30062,0.9969928523546226
30063,1
30064,0.8549728153939216
30065,0.881689179773843
30066,0.9881783092460067
30067,0.9220419626372091
30068,0.65417794632338
30069,1
30070,1
30071,1
30072,0.9969928523546226
30073,0.8973459867265247
30074,1
30075,1
30076,0.9718392465479493
30077,0.8745241636419162
30078,1
30079,0.910744937680904
30080,1
30081,1
30082,1
30083,0.980590260469024
30084,1
30085,0.8368744130717932
30086,0.9574216351622019
30087,0.8973459867265247
30088,1
30089,0.9010668612563077
30090,0.7599309113245942
30091,1
30092,1
30093,0.1362400349580319
30094,1
30095,1
30096,0.9492311911275594
30097,1
30098,1
30099,1
30100,1
30101,1
30102,1
30103,1
30104,1
30105,0.9881783092460067
30106,1
30107,0.999011897929704
30108,0.8680276625315166
30109,1
30110,0.9232449110848063
30111,1
30112,1
30113,1
30114,1
30115,1
30116,1
30117,1
30118,1
30119,1
30120,1
30121,1
30122,0.8275815431690801
30123,0.9685849804078539
30124,1
30125,0.999011897929704
30126,1
30127,1
30128,1
30129,0.9781367485880892
30130,1
30131,1
30132,0.9557198614117358
30133,1
30134,1
30135,1
30136,1
30137,1
30138,0.6773162941043517
30139,0.921671623979887
30140,1
30141,1
30142,1
30143,1
30144,1
30145,1
30146,1
30147,1
30148,0.8549728153939216
30149,0.9651212677009737
30150,1
30151,0.9251413733205932
30152,1
30153,1
30154,0.999011897929704
30155,0.8651894940876088
30156,1
30157,0.9371052762402644
30158,1
30159,0.8999113489972067
30160,0.999011897929704
30161,1
30162,0.8319305633750004
30163,1
30164,1
30165,1
30166,0.9420700876744007
30167,1
30168,1
30169,0.9905051668667311
30170,0.9778219501715014
30171,1
30172,0.9905051668667311
30173,0.9881783092460067
30174,0.9479924604500709
30175,1
30176,1
30177,0.4783928230213106
30178,0.859115458316992
30179,1
30180,1
30181,1
30182,0.9302355564425553
30183,1
30184,0.7145107484907083
30185,1
30186,1
30187,0.9302355564425553
30188,1
30189,1
30190,0.9654161191868537
30191,1
30192,0.9685849804078539
30193,0.9663150578340959
30194,0.9523274520402397
30195,1
30196,0.9371052762402644
30197,1
30198,1
30199,1
30200,1
30201,0.9228619463258326
30202,1
30203,1
30204,0.9430581897446968
30205,0.5504004351964934
30206,1
30207,0.7381959471668575
30208,0.7953357088244613
30209,0.9857566700855682
30210,1
30211,1
30212,0.8835722862991494
30213,0.865100152381906
30214,1
30215,0.8274239578322002
30216,0.7530559464363756
30217,0.9881783092460067
30218,1
30219,0.8265146186907244
30220,0.9201732053126329
30221,1
30222,0.9574216351622019
30223,1
30224,0.9458319630021822
30225,0.9532995769469804
30226,1
30227,0.9524295070169732
30228,1
30229,1
30230,1
30231,1
30232,0.8901919198122976
30233,0.8225588566627794
30234,1
30235,0.1739354062296626
30236,0.8680276625315166
30237,0.9881783092460067
30238,0.9614144663088184
30239,0.9358035091748458
30240,1
30241,1
30242,1
30243,0.8554852864605971
30244,0.7904814583420412
30245,0.9483339587646836
30246,0.9371052762402644
30247,1
30248,0.9590922499847413
30249,1
30250,1
30251,0.8722569390466473
30252,0.9188361014710205
30253,1
30254,0.7092003441114499
30255,1
30256,0.9430581897446968
30257,1
30258,1
30259,1
30260,1
30261,1
30262,0.9574216351622019
30263,1
30264,1
30265,1
30266,1
30267,1
30268,0.9420700876744007
30269,1
30270,0.8680276625315166
30271,1
30272,1
30273,1
30274,1
30275,0.9500794959266557
30276,0.9550701782580007
30277,1
30278,0.9927453194301491
30279,1
30280,0.9685849804078539
30281,1
30282,1
30283,0.9034041370226844
30284,1
30285,1
30286,0.9802237840646741
30287,0.7683589138645027
30288,0.9479924604500709
30289,0.6165602241198819
30290,0.9479924604500709
30291,0.43541596494313156
30292,0.34223647604472807
30293,0.5269572853044975
30294,1
30295,1
30296,1
30297,0.9969928523546226
30298,0.952732902491624
30299,0.999011897929704
30300,0.8684217335450968
30301,1
30302,0.687597536490557
30303,1
30304,1
30305,1
30306,0.9260066155700558
30307,1
30308,1
30309,0.999011897929704
30310,1
30311,1
30312,0.8594207642644073
30313,1
30314,1
30315,1
30316,1
30317,1
30318,1
30319,1
30320,1
30321,0.9881783092460067
30322,0.8956024152852753
30323,1
30324,1
30325,1
30326,1
30327,1
30328,0.9052728943472605
30329,1
30330,1
30331,0.9614144663088184
30332,1
30333,1
30334,0.9881783092460067
30335,1
30336,1
30337,1
30338,1
30339,1
30340,1
30341,1
30342,1
30343,1
30344,1
30345,1
30346,1
30347,0.968832098902572
30348,1
30349,0.8973459867265247
30350,1
30351,1
30352,0.9483339587646836
30353,0.971095427335755
30354,0.3795796795795765
30355,0.8684217335450968
30356,1
30357,0.5626887659473436
30358,1
30359,1
30360,1
30361,0.9614144663088184
30362,0.7880106269306362
30363,0.7570056377942681
30364,0.8430766180828266
30365,0.9578665871311227
30366,1
30367,1
30368,1
30369,1
30370,0.8680276625315166
30371,0.7577291769616384
30372,1
30373,1
30374,0.9768338481012054
30375,1
30376,1
30377,1
30378,1
30379,1
30380,0.7536099688184668
30381,0.999011897929704
30382,1
30383,1
30384,1
30385,0.9905051668667311
30386,0.9007254387499468
30387,1
30388,0.9430581897446968
30389,0.8038311717063625
30390,0.9832309317100514
30391,0.9574216351622019
30392,0.9245721490395733
30393,0.9430581897446968
30394,0.819123096818456
30395,1
30396,1
30397,0.28404767400530745
30398,0.9905051668667311
30399,0.8680989100804373
30400,0.14421982184185203
30401,0.8254492976937186
30402,1
30403,0.8732147519096309
30404,1
30405,0.9792552365812068
30406,1
30407,0.7602889238288337
30408,1
30409,1
30410,0.980590260469024
30411,1
30412,1
30413,0.9778219501715014
30414,1
30415,1
30416,0.9371052762402644
30417,1
30418,1
30419,1
30420,1
30421,0.9778219501715014
30422,0.7444529735780295
30423,1
30424,1
30425,1
30426,1
30427,1
30428,1
30429,1
30430,1
30431,0.7752841804026074
30432,0.7730345983551381
30433,1
30434,0.9881783092460067
30435,0.47827296059125024
30436,0.8779362471955486
30437,1
30438,0.8165310899688616
30439,1
30440,1
30441,1
30442,0.851258594241568
30443,1
30444,1
30445,1
30446,0.8258942496626395
30447,0.9881783092460067
30448,0.8110858522762134
30449,0.9881783092460067
30450,0.9927453194301491
30451,1
30452,0.9220419626372091
30453,1
30454,0.8408419194545013
30455,0.9905051668667311
30456,0.8949835260480802
30457,1
30458,1
30459,1
30460,1
30461,1
30462,1
30463,1
30464,1
30465,1
30466,0.7393145829202801
30467,0.9371052762402644
30468,0.8251018449957696
30469,1
30470,0.8973459867265247
30471,1
30472,1
30473,1
30474,0.9507910536663244
30475,1
30476,0.9781563031749179
30477,1
30478,1
30479,1
30480,1
30481,0.9969928523546226
30482,1
30483,0.9905051668667311
30484,1
30485,1
30486,0.5492013345860682
30487,1
30488,0.9881783092460067
30489,0.7746665191607545
30490,1
30491,1
30492,0.7361822376852131
30493,1
30494,1
30495,0.8936281364226846
30496,1
30497,0.8721622885920627
30498,0.9905051668667311
30499,0.9434959327279765
30500,1
30501,1
30502,1
30503,1
30504,1
30505,1
30506,0.9043576841812937
30507,0.9905051668667311
30508,1
30509,1
30510,1
30511,1
30512,1
30513,1
30514,0.9004798249068988
30515,1
30516,1
30517,1
30518,1
30519,0.89801602408729
30520,0.9574216351622019
30521,0.9832309317100514
30522,0.9949058168780378
30523,1
30524,1
30525,0.9847685680152722
30526,0.8973459867265247
30527,0.999011897929704
30528,1
30529,1
30530,0.7156765057907074
30531,0.9614144663088184
30532,0.8562421720126112
30533,0.4545434592784971
30534,1
30535,0.9778219501715014
30536,1
30537,0.8522775190797645
30538,1
30539,0.9832309317100514
30540,0.9150175517957195
30541,1
30542,0.6469307625184209
30543,0.9371052762402644
30544,0.8405077254509076
30545,1
30546,1
30547,0.9430581897446968
30548,1
30549,1
30550,1
30551,0.7606359638820859
30552,0.9905051668667311
30553,1
30554,1
30555,1
30556,1
30557,0.9754960773470618
30558,1
30559,1
30560,0.9905051668667311
30561,0.9969928523546226
30562,1
30563,1
30564,1
30565,0.8452727887554576
30566,1
30567,0.980590260469024
30568,0.9532995769469804
30569,0.9881783092460067
30570,0.9371052762402644
30571,1
30572,1
30573,0.999011897929704
30574,1
30575,1
30576,1
30577,0.5453532098756242
30578,0.7726862108247106
30579,1
30580,1
30581,0.8556053192486369
30582,1
30583,1
30584,1
30585,1
30586,1
30587,1
30588,0.9881783092460067
30589,0.8423708547996887
30590,1
30591,1
30592,0.9905051668667311
30593,0.5494078692768082
30594,1
30595,0.9430581897446968
30596,0.999011897929704
30597,0.9530866435720331
30598,0.9651212677009737
30599,1
30600,1
30601,0.9714092409560581
30602,0.24821548254300763
30603,0.8973459867265247
30604,0.999011897929704
30605,1
30606,1
30607,0.5509048811945736
30608,0.9918986692326606
30609,1
30610,1
30611,1
30612,0.9857566700855682
30613,0.8510146104626144
30614,1
30615,0.950877937786542
30616,1
30617,0.868525404723658
30618,0.8355084507898158
30619,1
30620,1
30621,0.9749109523201227
30622,0.9969928523546226
30623,1
30624,1
30625,0.9563202831868564
30626,1
30627,0.9305562089660505
30628,1
30629,1
30630,1
30631,1
30632,1
30633,0.5707378119098389
30634,1
30635,0.8925722000478029
30636,1
30637,1
30638,1
30639,1
30640,1
30641,1
30642,0.8027777087395082
30643,0.5062698605943717
30644,1
30645,0.9430581897446968
30646,0.9871902071757107
30647,0.8680276625315166
30648,1
30649,0.8413632037994067
30650,0.971095427335755
30651,0.1978908552178076
30652,1
30653,1
30654,1
30655,1
30656,1
30657,1
30658,1
30659,1
30660,1
30661,1
30662,0.980590260469024
30663,0.9857566700855682
30664,1
30665,0.6421419357953682
30666,1
30667,1
30668,0.7311209891149338
30669,0.9718392465479493
30670,0.9371052762402644
30671,1
30672,0.9229967766186237
30673,1
30674,0.9116431701525507
30675,1
30676,0.6944586424889212
30677,0.968832098902572
30678,1
30679,1
30680,1
30681,1
30682,1
30683,1
30684,0.6588591719987924
30685,1
30686,0.9483339587646836
30687,0.8056289931518812
30688,0.921671623979887
30689,1
30690,1
30691,0.9778219501715014
30692,1
30693,1
30694,1
30695,0.9117330397512
30696,1
30697,0.9651212677009737
30698,0.792021689367386
30699,0.9206224804901203
30700,0.901830863647325
30701,1
30702,0.9651212677009737
30703,0.999011897929704
30704,1
30705,1
30706,1
30707,1
30708,0.9857566700855682
30709,0.7304749139927137
30710,0.9094118287514229
30711,1
30712,1
30713,1
30714,1
30715,1
30716,0.8867664729597151
30717,1
30718,1
30719,1
30720,0.34223647604472807
30721,1
30722,1
30723,0.8224068156718862
30724,1
30725,1
30726,0.9574216351622019
30727,1
30728,0.9574216351622019
30729,1
30730,1
30731,0.8096248679440271
30732,1
30733,0.9430581897446968
30734,1
30735,0.9881783092460067
30736,0.28404767400530745
30737,0.9302355564425553
30738,1
30739,1
30740,1
30741,0.9781367485880892
30742,1
30743,1
30744,1
30745,1
30746,0.9225429028631756
30747,0.9832309317100514
30748,1
30749,1
30750,1
30751,1
30752,0.9379640066227346
30753,0.9857566700855682
30754,0.999011897929704
30755,1
30756,0.8549728153939216
30757,1
30758,1
30759,0.9574216351622019
30760,0.39025893179295296
30761,0.9430581897446968
30762,1
30763,0.9574216351622019
30764,1
30765,0.8831026568120929
30766,1
30767,1
30768,1
30769,1
30770,1
30771,0.5540399239011624
30772,1
30773,0.9106619336802785
30774,1
30775,1
30776,1
30777,1
30778,1
30779,1
30780,1
30781,0.8973459867265247
30782,0.865100152381906
30783,1
30784,1
30785,1
30786,1
30787,0.4229230174211761
30788,1
30789,1
30790,1
30791,0.9457115281699977
30792,1
30793,1
30794,1
30795,1
30796,0.999011897929704
30797,0.6023130481878964
30798,1
30799,1
30800,1
30801,0.980590260469024
30802,1
30803,0.910744937680904
30804,1
30805,0.8683417752309678
30806,0.8334482506631616
30807,0.8663527306125238
30808,1
30809,1
30810,0.8941326123473502
30811,1
30812,0.9574216351622019
30813,1
30814,1
30815,1
30816,0.8147936416332521
30817,0.08033838011372274
30818,0.7923736719467944
30819,1
30820,1
30821,1
30822,0.934090628850252
30823,1
30824,0.8110858522762134
30825,0.9614144663088184
30826,0.9887500697144758
30827,1
30828,1
30829,0.8969529149573318
30830,0.9574216351622019
30831,0.1978908552178076
30832,0.9709278316861977
30833,1
30834,1
30835,0.9299811305781233
30836,0.9905051668667311
30837,0.9352435853337033
30838,1
30839,0.9371052762402644
30840,0.9969928523546226
30841,0.9117330397512
30842,0.7092003441114499
30843,1
30844,0.811276150035524
30845,0.8732147519096309
30846,1
30847,0.9685849804078539
30848,0.9881783092460067
30849,0.81195496506415
30850,0.9949058168780378
30851,1
30852,1
30853,1
30854,0.7723724042265174
30855,1
30856,1
30857,1
30858,0.9614144663088184
30859,1
30860,0.8835722862991494
30861,1
30862,1
30863,0.9371052762402644
30864,0.9228619463258326
30865,0.48649380657993996
30866,0.9857566700855682
30867,1
30868,1
30869,1
30870,1
30871,1
30872,0.8600669985158838
30873,0.9969928523546226
30874,1
30875,1
30876,1
30877,1
30878,1
30879,0.9960047502843267
30880,1
30881,1
30882,1
30883,0.9173215605603033
30884,1
30885,1
30886,1
30887,1
30888,0.8957910922363208
30889,1
30890,1
30891,1
30892,0.8325861794225579
30893,1
30894,1
30895,1
30896,1
30897,0.9918986692326606
30898,1
30899,1
30900,1
30901,0.9749109523201227
30902,0.9832309317100514
30903,0.9289242192337076
30904,1
30905,1
30906,1
30907,0.9559586987595905
30908,1
30909,1
30910,1
30911,0.9927453194301491
30912,1
30913,1
30914,1
30915,0.9881783092460067
30916,1
30917,0.6253885498427604
30918,1
30919,1
30920,1
30921,0.8973459867265247
30922,0.8279788315279484
30923,1
30924,1
30925,0.8899959517511917
30926,0.600623201770335
30927,0.3594475323086776
30928,0.9949058168780378
30929,1
30930,0.41793394340215423
30931,1
30932,0.2414910543090284
30933,1
30934,1
30935,1
30936,0.9555012127891466
30937,1
30938,1
30939,1
30940,1
30941,0.8147717503447908
30942,0.999011897929704
30943,0.8375093320355865
30944,0.9252835854862711
30945,0.8509694562315199
30946,0.9927453194301491
30947,0.9314681982555659
30948,0.9905051668667311
30949,1
30950,0.8684217335450968
30951,0.865100152381906
30952,1
30953,1
30954,1
30955,0.7848177079365012
30956,1
30957,1
30958,1
30959,1
30960,1
30961,1
30962,0.49863738842437033
30963,0.9009175678901785
30964,1
30965,1
30966,0.9574216351622019
30967,0.9549233726719938
30968,1
30969,1
30970,0.9117330397512
30971,1
30972,0.31850908111378395
30973,0.999011897929704
30974,1
30975,1
30976,1
30977,0.7194974356133105
30978,0.9786834761127378
30979,1
30980,0.9524295070169732
30981,0.9483339587646836
30982,1
30983,0.6659258173725567
30984,1
30985,1
30986,1
30987,1
30988,0.9066388566292378
30989,1
30990,1
30991,1
30992,1
30993,1
30994,1
30995,0.9685849804078539
30996,0.46287881347255627
30997,0.9778219501715014
30998,0.8973459867265247
30999,1
31000,1
31001,1
31002,0.8337750023884092
31003,0.9857566700855682
31004,0.6015004426732845
31005,0.1362400349580319
31006,0.7759057657020438
31007,1
31008,1
31009,0.9881783092460067
31010,0.8562421720126112
31011,0.6369940778140282
31012,1
31013,1
31014,1
31015,0.9718392465479493
31016,1
31017,0.9323325874823246
31018,0.8953568241435291
31019,0.8115235952594932
31020,1
31021,0.9857566700855682
31022,0.9651212677009737
31023,1
31024,1
31025,1
31026,1
31027,1
31028,0.8163616212962004
31029,1
31030,0.9483339587646836
31031,0.6471015349655364
31032,0.9520985415017371
31033,0.9430581897446968
31034,1
31035,1
31036,0.9492311911275594
31037,1
31038,0.46287881347255627
31039,0.8949639714612515
31040,1
31041,0.9857566700855682
31042,1
31043,0.999011897929704
31044,0.9139406318698696
31045,0.8963578846562287
31046,1
31047,1
31048,0.723077791230936
31049,0.8906269430450631
31050,1
31051,1
31052,0.9302355564425553
31053,0.9905051668667311
31054,0.9651212677009737
31055,1
31056,0.7356449702934574
31057,0.9584073186634412
31058,1
31059,0.8973459867265247
31060,1
31061,0.4242210627688309
31062,1
31063,1
31064,1
31065,1
31066,0.9309085937435345
31067,1
31068,1
31069,0.9718392465479493
31070,0.9927453194301491
31071,0.9927453194301491
31072,0.7746665191607545
31073,1
31074,0.8835722862991494
31075,0.9651212677009737
31076,0.8270964956418029
31077,0.7197619701773212
31078,1
31079,0.980590260469024
31080,0.7599309113245942
31081,0.9644849844093923
31082,0.9705672696016505
31083,1
31084,1
31085,1
31086,1
31087,0.9220419626372091
31088,1
31089,0.9479924604500709
31090,1
31091,1
31092,0.9371052762402644
31093,0.8785695152072391
31094,1
31095,1
31096,1
31097,0.8680276625315166
31098,0.8368744130717932
31099,0.8969529149573318
31100,1
31101,0.742436350335148
31102,0.9302355564425553
31103,0.9733355798991731
31104,0.9117330397512
31105,1
31106,1
31107,1
31108,1
31109,1
31110,1
31111,0.5269572853044975
31112,0.9371052762402644
31113,0.8973459867265247
31114,1
31115,1
31116,0.7900696251687257
31117,0.9881783092460067
31118,1
31119,1
31120,0.9881783092460067
31121,1
31122,1
31123,1
31124,1
31125,0.8994935741513884
31126,1
31127,1
31128,0.999011897929704
31129,1
31130,1
31131,1
31132,1
31133,0.5174264140846152
31134,1
31135,0.7604361855267884
31136,0.8951207144176462
31137,0.9749109523201227
31138,1
31139,0.8508568224674742
31140,0.9150041244578276
31141,0.9881783092460067
31142,0.9563202831868564
31143,0.6437438783163454
31144,1
31145,0.9473458566943876
31146,1
31147,1
31148,0.8141028163282876
31149,1
31150,0.9651212677009737
31151,1
31152,0.910744937680904
31153,1
31154,1
31155,0.9927453194301491
31156,0.8090790264777248
31157,1
31158,0.9881783092460067
31159,1
31160,0.8853694274127564
31161,1
31162,0.44822043282973734
31163,0.9651212677009737
31164,0.7893827953200289
31165,0.9518159121179053
31166,1
31167,1
31168,1
31169,0.9832309317100514
31170,0.8996733087346275
31171,1
31172,1
31173,1
31174,1
31175,0.916947779515247
31176,0.49896093178919115
31177,1
31178,0.888890152746879
31179,0.991757217359853
31180,0.9969928523546226
31181,1
31182,1
31183,1
31184,1
31185,1
31186,0.8956024152852753
31187,1
31188,0.7702872703990995
31189,0.980590260469024
31190,1
31191,1
31192,1
31193,1
31194,1
31195,0.9778219501715014
31196,0.8549728153939216
31197,1
31198,1
31199,0.9651212677009737
31200,0.959090147274585
31201,0.9949058168780378
31202,0.8080435623689948
31203,0.9927453194301491
31204,1
31205,1
31206,0.9832309317100514
31207,0.8211143061035497
31208,1
31209,1
31210,1
31211,0.9685849804078539
31212,0.8973459867265247
31213,1
31214,1
31215,1
31216,1
31217,0.9371052762402644
31218,0.8937392104442865
31219,1
31220,0.7361822376852131
31221,1
31222,1
31223,0.9220419626372091
31224,0.9881783092460067
31225,1
31226,1
31227,1
31228,0.9302355564425553
31229,0.7856097884199205
31230,1
31231,1
31232,1
31233,0.9881783092460067
31234,0.9857566700855682
31235,1
31236,1
31237,0.9550701782580007
31238,1
31239,0.9651212677009737
31240,1
31241,1
31242,1
31243,0.9530866435720331
31244,0.9905051668667311
31245,1
31246,1
31247,0.9749109523201227
31248,1
31249,0.999011897929704
31250,0.9302355564425553
31251,1
31252,1
31253,1
31254,1
31255,0.6132645160563458
31256,1
31257,1
31258,1
31259,1
31260,0.8680276625315166
31261,1
31262,1
31263,0.9949058168780378
31264,1
31265,1
31266,1
31267,1
31268,0.9778219501715014
31269,1
31270,0.8678739256393914
31271,1
31272,0.9927453194301491
31273,1
31274,1
31275,1
31276,1
31277,1
31278,1
31279,1
31280,1
31281,1
31282,0.9749109523201227
31283,0.9265357340097923
31284,1
31285,0.9685849804078539
31286,0.9651212677009737
31287,0.9214415508878301
31288,1
31289,1
31290,1
31291,1
31292,1
31293,0.9534263854465286
31294,1
31295,1
31296,1
31297,1
31298,0.898519742549083
31299,1
31300,0.7145488901349192
31301,1
31302,1
31303,0.8132939056465897
31304,0.7797607022827165
31305,1
31306,1
31307,0.6233633719178356
31308,0.7893827953200289
31309,1
31310,1
31311,1
31312,0.9927453194301491
31313,1
31314,1
31315,0.661837353218792
31316,0.7874460996781049
31317,0.7960943030872027
31318,1
31319,0.9056902566481183
31320,0.9571659110416263
31321,0.9337062481088276
31322,1
31323,0.9530866435720331
31324,0.8973459867265247
31325,0.9685849804078539
31326,0.9007254387499468
31327,1
31328,0.9969928523546226
31329,0.9404242269558032
31330,0.9614144663088184
31331,0.8973459867265247
31332,0.3795796795795765
31333,0.9270492341182615
31334,1
31335,1
31336,1
31337,1
31338,0.9371052762402644
31339,0.9059373751428363
31340,1
31341,1
31342,0.39025893179295296
31343,1
31344,1
31345,1
31346,1
31347,1
31348,1
31349,1
31350,1
31351,1
31352,1
31353,0.9117330397512
31354,1
31355,0.980590260469024
31356,1
31357,1
31358,1
31359,1
31360,1
31361,0.9718392465479493
31362,0.6183567211688704
31363,0.8537843326170849
31364,1
31365,1
31366,0.9108258169115794
31367,0.7972573357237315
31368,0.6962422568159075
31369,1
31370,1
31371,1
31372,1
31373,1
31374,0.8141028163282876
31375,1
31376,1
31377,1
31378,0.8587604530353432
31379,1
31380,0.9302355564425553
31381,1
31382,1
31383,0.865986545198695
31384,0.9014206023367168
31385,1
31386,1
31387,0.9578665871311227
31388,1
31389,0.8562295855565916
31390,1
31391,1
31392,0.9530866435720331
31393,1
31394,1
31395,1
31396,1
31397,1
31398,0.9343075711884747
31399,0.7361822376852131
31400,1
31401,1
31402,0.9117330397512
31403,1
31404,1
31405,1
31406,1
31407,0.9397363579942904
31408,1
31409,0.8906269430450631
31410,1
31411,1
31412,1
31413,1
31414,0.4915008582738656
31415,1
31416,0.8211143061035497
31417,1
31418,1
31419,1
31420,1
31421,1
31422,1
31423,1
31424,1
31425,1
31426,0.9292474543722593
31427,0.7959475137391832
31428,0.9158338458027273
31429,1
31430,0.9876511363081869
31431,1
31432,1
31433,1
31434,0.9532995769469804
31435,0.8943388390811474
31436,0.437907872145543
31437,1
31438,0.9614144663088184
31439,1
31440,0.8547912294958968
31441,0.9881783092460067
31442,1
31443,1
31444,1
31445,1
31446,1
31447,0.9718392465479493
31448,0.9530866435720331
31449,1
31450,1
31451,0.9302355564425553
31452,1
31453,1
31454,1
31455,0.8710741895635202
31456,1
31457,0.9430581897446968
31458,1
31459,1
31460,1
31461,1
31462,1
31463,1
31464,0.9802237840646741
31465,1
31466,0.9651212677009737
31467,1
31468,0.999011897929704
31469,0.88552429597253135
31470,1
31471,0.9420047267778425
31472,0.9380118956312259
31473,1
31474,1
31475,1
31476,0.8457616794298598
31477,1
31478,0.9832309317100514
31479,1
31480,1
31481,1
31482,1
31483,0.9949058168780378
31484,0.7214030012893606
31485,1
31486,1
31487,1
31488,1
31489,1
31490,1
31491,1
31492,0.9905051668667311
31493,0.9604263642385225
31494,0.6245796118348689
31495,1
31496,1
31497,1
31498,0.9809236286761558
31499,0.8667133484105514
31500,1
31501,0.9778219501715014
31502,0.999011897929704
31503,0.9905051668667311
31504,0.7504086068329762
31505,1
31506,1
31507,1
31508,0.8266308714086987
31509,1
31510,0.7474912603309277
31511,1
31512,1
31513,1
31514,1
31515,1
31516,0.9737360985767824
31517,1
31518,0.9530866435720331
31519,1
31520,0.6023130481878964
31521,1
31522,1
31523,1
31524,1
31525,1
31526,1
31527,0.9372697031023665
31528,1
31529,0.9530866435720331
31530,1
31531,1
31532,0.999011897929704
31533,1
31534,0.7996078711754357
31535,0.980590260469024
31536,1
31537,0.9574216351622019
31538,1
31539,1
31540,1
31541,1
31542,1
31543,0.9685849804078539
31544,0.7638867919297291
31545,0.9685849804078539
31546,1
31547,0.6056300104128876
31548,1
31549,1
31550,0.9404242269558032
31551,1
31552,1
31553,1
31554,0.9302355564425553
31555,1
31556,0.9949058168780378
31557,0.9754960773470618
31558,1
31559,1
31560,0.9203557625371445
31561,0.8749745404477245
31562,1
31563,1
31564,0.7833738407624912
31565,1
31566,0.999011897929704
31567,1
31568,0.934090628850252
31569,1
31570,1
31571,1
31572,0.9220419626372091
31573,1
31574,0.9905051668667311
31575,1
31576,1
31577,0.9857566700855682
31578,0.7681434844420928
31579,0.8910506501947678
31580,0.7381712503547764
31581,0.9949058168780378
31582,1
31583,0.9412649528180398
31584,1
31585,1
31586,1
31587,1
31588,0.8056289931518812
31589,1
31590,0.8054264854325995
31591,1
31592,1
31593,0.9584073186634412
31594,0.9683271170382325
31595,0.7900696251687257
31596,1
31597,0.9881783092460067
31598,0.9220419626372091
31599,1
31600,0.980590260469024
31601,1
31602,1
31603,1
31604,1
31605,1
31606,0.8437619915910028
31607,1
31608,1
31609,1
31610,0.9778219501715014
31611,1
31612,1
31613,0.9430581897446968
31614,1
31615,0.9302355564425553
31616,0.7945633965413088
31617,0.41149562364530723
31618,1
31619,1
31620,1
31621,1
31622,0.9881783092460067
31623,0.9371052762402644
31624,1
31625,0.1978908552178076
31626,1
31627,1
31628,1
31629,0.8084518894873198
31630,1
31631,0.999011897929704
31632,1
31633,1
31634,0.9430581897446968
31635,1
31636,1
31637,1
31638,0.9228619463258326
31639,1
31640,1
31641,1
31642,0.9179691420648194
31643,1
31644,0.9220419626372091
31645,1
31646,1
31647,1
31648,0.9312364989907035
31649,0.8038311717063625
31650,1
31651,1
31652,1
31653,1
31654,0.960017555793956
31655,1
31656,1
31657,1
31658,0.9026322231062331
31659,0.649120041441546
31660,0.9021393611173008
31661,1
31662,1
31663,1
31664,0.9220419626372091
31665,1
31666,1
31667,1
31668,1
31669,0.9371052762402644
31670,1
31671,1
31672,1
31673,1
31674,1
31675,1
31676,1
31677,1
31678,1
31679,1
31680,0.8502740337330496
31681,0.7911438370706332
31682,1
31683,0.5174264140846152
31684,1
31685,0.8291542461856972
31686,0.9430581897446968
31687,1
31688,1
31689,1
31690,0.8000093489383308
31691,1
31692,1
31693,0.6132645160563458
31694,1
31695,1
31696,1
31697,0.7496235058062891
31698,0.8678809756694313
31699,0.9685849804078539
31700,1
31701,1
31702,1
31703,1
31704,0.7653736492580413
31705,0.9685849804078539
31706,1
31707,0.9147872820673582
31708,1
31709,1
31710,1
31711,0.4756840206827645
31712,1
31713,0.8973459867265247
31714,1
31715,0.7023564082979131
31716,1
31717,0.999011897929704
31718,1
31719,1
31720,1
31721,1
31722,1
31723,0.664833430217361
31724,0.7653736492580413
31725,1
31726,0.4219757431005803
31727,1
31728,0.9290039454729249
31729,1
31730,1
31731,1
31732,0.744057125370779
31733,1
31734,1
31735,0.973934979331575
31736,0.8275815431690801
31737,1
31738,0.9022265439412381
31739,1
31740,0.9778219501715014
31741,1
31742,1
31743,0.999011897929704
31744,1
31745,1
31746,0.9778219501715014
31747,1
31748,1
31749,1
31750,0.957250230292718
31751,0.9881783092460067
31752,1
31753,1
31754,1
31755,1
31756,1
31757,1
31758,0.7388119585507237
31759,0.999011897929704
31760,1
31761,1
31762,0.9312364989907035
31763,1
31764,0.9244551016955692
31765,0.9220419626372091
31766,0.980590260469024
31767,1
31768,1
31769,0.7311209891149338
31770,1
31771,0.9832309317100514
31772,1
31773,0.991757217359853
31774,0.6287131186651304
31775,1
31776,0.8474254826531805
31777,1
31778,1
31779,1
31780,0.6338615874014425
31781,1
31782,1
31783,1
31784,1
31785,1
31786,1
31787,1
31788,0.7591924738460214
31789,1
31790,0.8138697140937888
31791,0.8998639128087105
31792,0.9430581897446968
31793,1
31794,0.8368744130717932
31795,0.8658928254901676
31796,1
31797,0.7900696251687257
31798,1
31799,1
31800,0.9371052762402644
31801,1
31802,0.9905051668667311
31803,1
31804,1
31805,0.8374701292749415
31806,1
31807,0.9749109523201227
31808,0.8835722862991494
31809,1
31810,1
31811,1
31812,0.9371052762402644
31813,1
31814,1
31815,0.8973459867265247
31816,1
31817,0.6674460593319381
31818,0.9530866435720331
31819,1
31820,0.9530866435720331
31821,1
31822,1
31823,1
31824,1
31825,1
31826,0.9905051668667311
31827,0.4733861012109542
31828,1
31829,1
31830,1
31831,1
31832,0.9229034127701936
31833,1
31834,1
31835,1
31836,0.9969928523546226
31837,1
31838,0.9749109523201227
31839,1
31840,0.8663031008295031
31841,1
31842,0.8973459867265247
31843,1
31844,1
31845,1
31846,1
31847,1
31848,1
31849,1
31850,0.926155908936185
31851,1
31852,0.9014206023367168
31853,1
31854,0.7117505476399139
31855,1
31856,1
31857,1
31858,0.9969928523546226
31859,1
31860,0.9614144663088184
31861,0.8973459867265247
31862,1
31863,0.7214030012893606
31864,0.9905051668667311
31865,0.9117330397512
31866,0.9969928523546226
31867,1
31868,1
31869,0.9749109523201227
31870,1
31871,1
31872,0.9555012127891466
31873,0.9137598068549763
31874,0.8973459867265247
31875,1
31876,1
31877,1
31878,0.9778219501715014
31879,1
31880,1
31881,0.8076978526382358
31882,1
31883,1
31884,0.9371052762402644
31885,1
31886,0.8723056441169561
31887,0.7498004868111561
31888,0.9134552264656575
31889,1
31890,0.9905051668667311
31891,1
31892,0.999011897929704
31893,1
31894,0.9014704003852222
31895,1
31896,1
31897,1
31898,0.9117330397512
31899,1
31900,1
31901,1
31902,1
31903,0.9651212677009737
31904,0.4718606902210065
31905,0.8012845151454274
31906,0.9543263590458063
31907,0.9380118956312259
31908,1
31909,1
31910,1
31911,0.8973459867265247
31912,0.7147925768549297
31913,1
31914,1
31915,1
31916,0.9154167136063691
31917,1
31918,0.9905051668667311
31919,0.27809842270951574
31920,1
31921,1
31922,1
31923,0.9778219501715014
31924,0.9969928523546226
31925,1
31926,1
31927,1
31928,1
31929,0.9685849804078539
31930,1
31931,1
31932,0.805132938771781
31933,0.9739228502498266
31934,1
31935,1
31936,0.9685849804078539
31937,0.9881783092460067
31938,0.9675968783375579
31939,1
31940,0.9352435853337033
31941,1
31942,1
31943,0.960017555793956
31944,0.8469387622813499
31945,0.25181113317101506
31946,1
31947,1
31948,0.9417153688451588
31949,1
31950,1
31951,1
31952,1
31953,0.895813389205032
31954,1
31955,0.9832309317100514
31956,0.9105082787342351
31957,0.8966580516425219
31958,0.9949058168780378
31959,1
31960,1
31961,1
31962,0.9651212677009737
31963,1
31964,0.9220419626372091
31965,1
31966,0.9663469305545923
31967,1
31968,1
31969,1
31970,1
31971,1
31972,1
31973,0.8889625654996686
31974,0.999011897929704
31975,0.6576969494782653
31976,0.9785019895157173
31977,0.9244551016955692
31978,0.9530866435720331
31979,1
31980,1
31981,0.9905051668667311
31982,0.5898642454496716
31983,1
31984,1
31985,1
31986,1
31987,0.48062514729493044
31988,1
31989,0.999011897929704
31990,0.999011897929704
31991,1
31992,1
31993,0.9651212677009737
31994,1
31995,0.9680882796903777
31996,0.9574216351622019
31997,0.6098353987394531
31998,1
31999,1
32000,1
32001,1
32002,1
32003,0.9044783591813491
32004,1
32005,1
32006,1
32007,1
32008,1
32009,1
32010,1
32011,0.9614144663088184
32012,1
32013,0.9949058168780378
32014,1
32015,0.9251413733205932
32016,1
32017,0.9881783092460067
32018,0.7311209891149338
32019,1
32020,0.982749522440191
32021,0.8055262761723858
32022,1
32023,1
32024,1
32025,0.8973459867265247
32026,1
32027,0.9265357340097923
32028,0.9832309317100514
32029,1
32030,1
32031,0.9749109523201227
32032,1
32033,0.9949058168780378
32034,0.7314528829944297
32035,0.9778219501715014
32036,1
32037,1
32038,0.8708881233148087
32039,1
32040,1
32041,1
32042,1
32043,0.9905051668667311
32044,1
32045,0.22853005627794243
32046,0.9404242269558032
32047,0.9638211921790754
32048,1
32049,0.9749109523201227
32050,0.9905051668667311
32051,1
32052,1
32053,1
32054,1
32055,0.9881783092460067
32056,1
32057,0.9380118956312259
32058,1
32059,0.9229808758727044
32060,0.9574216351622019
32061,1
32062,0.9458319630021822
32063,0.891512264012454
32064,1
32065,0.9614144663088184
32066,1
32067,0.9949058168780378
32068,1
32069,0.7967608021485272
32070,0.9778219501715014
32071,1
32072,0.9056902566481183
32073,0.9458319630021822
32074,0.7961740057086291
32075,1
32076,1
32077,0.9949058168780378
32078,1
32079,0.9007254387499468
32080,1
32081,0.7191249145333393
32082,1
32083,1
32084,1
32085,1
32086,0.9749109523201227
32087,0.980590260469024
32088,1
32089,1
32090,0.9778219501715014
32091,0.6118701509353975
32092,1
32093,0.8680138699837988
32094,1
32095,1
32096,1
32097,1
32098,0.9905051668667311
32099,1
32100,1
32101,1
32102,1
32103,0.8280553127794084
32104,0.9108258169115794
32105,1
32106,0.933323162960648
32107,0.9139406318698696
32108,0.98325048629688
32109,1
32110,0.9651212677009737
32111,0.5536200632573138
32112,0.7271496322061999
32113,1
32114,0.7915121460055581
32115,1
32116,1
32117,0.8857510380751096
32118,1
32119,0.9881783092460067
32120,0.8620795336141043
32121,1
32122,1
32123,1
32124,0.9548594394857455
32125,1
32126,0.9530866435720331
32127,1
32128,0.9832309317100514
32129,1
32130,1
32131,1
32132,0.9574216351622019
32133,1
32134,1
32135,0.5554689348333067
32136,1
32137,1
32138,1
32139,1
32140,0.8217239496206029
32141,0.9614144663088184
32142,0.9366732600982316
32143,0.9574216351622019
32144,1
32145,0.9651212677009737
32146,1
32147,1
32148,0.9089445227882137
32149,1
32150,0.9371052762402644
32151,0.9719038046747454
32152,0.6684508125042652
32153,0.9749109523201227
32154,1
32155,1
32156,1
32157,0.7925484856077464
32158,1
32159,0.9345852398253619
32160,0.9781563031749179
32161,1
32162,1
32163,0.8726636352576804
32164,1
32165,0.9881783092460067
32166,0.8973459867265247
32167,1
32168,0.9240861931970005
32169,1
32170,1
32171,0.9388391256314147
32172,1
32173,1
32174,1
32175,0.9614144663088184
32176,1
32177,0.9778219501715014
32178,0.9567632896538606
32179,0.9851711616006295
32180,0.9066368100017664
32181,1
32182,1
32183,1
32184,1
32185,1
32186,0.9220419626372091
32187,1
32188,1
32189,0.9905051668667311
32190,0.9574216351622019
32191,1
32192,1
32193,1
32194,0.8947248939455258
32195,1
32196,1
32197,1
32198,0.9584122106405254
32199,1
32200,1
32201,1
32202,1
32203,0.9832309317100514
32204,1
32205,1
32206,0.891650022751374
32207,1
32208,0.3795796795795765
32209,0.9881783092460067
32210,1
32211,1
32212,1
32213,0.9651212677009737
32214,0.8913921485093805
32215,0.9400510420993194
32216,0.2969948651910791
32217,1
32218,0.9832309317100514
32219,0.9614144663088184
32220,0.9832309317100514
32221,1
32222,0.9704211388857621
32223,0.8680276625315166
32224,1
32225,1
32226,0.9857566700855682
32227,1
32228,1
32229,1
32230,0.9563202831868564
32231,1
32232,1
32233,1
32234,0.9969928523546226
32235,1
32236,0.9927453194301491
32237,1
32238,0.9614144663088184
32239,1
32240,1
32241,1
32242,0.785723199240805
32243,0.8297562415397864
32244,1
32245,1
32246,1
32247,1
32248,0.9430581897446968
32249,1
32250,1
32251,0.6577477955063445
32252,1
32253,1
32254,1
32255,0.9182079112730068
32256,0.8445171231209114
32257,1
32258,0.7092003441114499
32259,0.9949058168780378
32260,1
32261,1
32262,0.8768543074521739
32263,1
32264,0.9214137606102655
32265,0.9881783092460067
32266,1
32267,0.980590260469024
32268,0.8680276625315166
32269,1
32270,1
32271,0.8787395180616799
32272,1
32273,1
32274,0.9420700876744007
32275,0.9430581897446968
32276,1
32277,1
32278,0.9371052762402644
32279,1
32280,1
32281,0.9245721490395733
32282,1
32283,1
32284,1
32285,1
32286,0.9778219501715014
32287,0.7923736719467944
32288,1
32289,0.28404767400530745
32290,0.8504326302985578
32291,1
32292,0.5206622516889526
32293,0.9483339587646836
32294,0.7092003441114499
32295,1
32296,1
32297,1
32298,0.4693484532495964
32299,0.9614144663088184
32300,1
32301,1
32302,0.6684508125042652
32303,0.8680276625315166
32304,0.999011897929704
32305,0.8390192685333885
32306,0.9220419626372091
32307,1
32308,1
32309,0.9802237840646741
32310,1
32311,1
32312,1
32313,0.9493203043948625
32314,1
32315,0.7141716909679351
32316,1
32317,1
32318,1
32319,0.980590260469024
32320,0.9969928523546226
32321,1
32322,0.9905051668667311
32323,1
32324,1
32325,1
32326,0.999011897929704
32327,1
32328,1
32329,1
32330,0.8225588566627794
32331,1
32332,1
32333,1
32334,1
32335,1
32336,1
32337,0.8611569906639419
32338,1
32339,1
32340,0.8368744130717932
32341,1
32342,1
32343,1
32344,0.9949058168780378
32345,1
32346,1
32347,1
32348,0.9325512361049139
32349,0.4664894843292701
32350,1
32351,1
32352,0.9778219501715014
32353,1
32354,1
32355,1
32356,1
32357,0.9260066155700558
32358,1
32359,0.9905051668667311
32360,0.8827992982552433
32361,0.9651212677009737
32362,0.9949058168780378
32363,0.8973459867265247
32364,0.4279716235730086
32365,0.9550897328448293
32366,1
32367,0.8586762865645277
32368,1
32369,1
32370,0.9927453194301491
32371,1
32372,0.9778219501715014
32373,1
32374,0.7092003441114499
32375,1
32376,0.9749109523201227
32377,1
32378,1
32379,1
32380,0.9430581897446968
32381,0.9881783092460067
32382,1
32383,1
32384,0.22853005627794243
32385,1
32386,1
32387,0.8722569390466473
32388,1
32389,0.9302355564425553
32390,0.8733813126071528
32391,0.8938812091851585
32392,1
32393,0.8680276625315166
32394,1
32395,1
32396,0.8680276625315166
32397,1
32398,0.9781563031749179
32399,1
32400,1
32401,0.8954876967616701
32402,0.9857566700855682
32403,1
32404,0.7675419164444751
32405,1
32406,0.9117330397512
32407,0.9220419626372091
32408,1
32409,1
32410,1
32411,0.8662079686211823
32412,1
32413,1
32414,1
32415,1
32416,1
32417,0.9220419626372091
32418,0.9371052762402644
32419,0.8275815431690801
32420,1
32421,1
32422,1
32423,1
32424,0.8910506501947678
32425,0.8770530091440552
32426,1
32427,1
32428,0.8297562415397864
32429,1
32430,1
32431,1
32432,1
32433,1
32434,0.7923736719467944
32435,1
32436,1
32437,0.7803858433634824
32438,0.999011897929704
32439,1
32440,1
32441,0.9778219501715014
32442,0.3176597396102405
32443,1
32444,1
32445,1
32446,0.7228188920274133
32447,0.8762677371360482
32448,0.7197619701773212
32449,1
32450,0.9228619463258326
32451,0.9117330397512
32452,1
32453,1
32454,1
32455,0.9574216351622019
32456,0.999011897929704
32457,1
32458,1
32459,0.9718392465479493
32460,1
32461,0.980590260469024
32462,1
32463,1
32464,1
32465,1
32466,1
32467,1
32468,0.44154485035802976
32469,1
32470,1
32471,1
32472,1
32473,0.6666049942050397
32474,1
32475,1
32476,0.9778219501715014
32477,0.9881783092460067
32478,1
32479,0.9857566700855682
32480,1
32481,1
32482,1
32483,1
32484,1
32485,1
32486,0.8996733087346275
32487,1
32488,1
32489,1
32490,1
32491,1
32492,0.6270862504061968
32493,1
32494,0.851258594241568
32495,0.9493203043948625
32496,0.8876571916047573
32497,1
32498,0.9949058168780378
32499,0.9536006669178442
32500,1
32501,0.28404767400530745
32502,0.6233633719178356
32503,1
32504,0.9483339587646836
32505,0.999011897929704
32506,0.6539100609245111
32507,0.9117330397512
32508,0.9733355798991731
32509,1
32510,0.9614144663088184
32511,1
32512,0.9117330397512
32513,0.8831855131250667
32514,1
32515,0.9832309317100514
32516,1
32517,0.9371052762402644
32518,0.35608839591199365
32519,1
32520,0.8736731474892405
32521,0.9918986692326606
32522,1
32523,1
32524,1
32525,1
32526,1
32527,1
32528,1
32529,1
32530,1
32531,1
32532,1
32533,0.999011897929704
32534,1
32535,1
32536,1
32537,0.999011897929704
32538,1
32539,0.7599309113245942
32540,0.9905051668667311
32541,1
32542,1
32543,1
32544,1
32545,1
32546,1
32547,0.9614144663088184
32548,1
32549,1
32550,0.7599309113245942
32551,0.8488383159914644
32552,0.9969928523546226
32553,0.7465971777387557
32554,1
32555,1
32556,0.9371052762402644
32557,0.9660002594175081
32558,1
32559,1
32560,1
32561,1
32562,1
32563,0.999011897929704
32564,0.6899692996603095
32565,0.9960047502843267
32566,1
32567,1
32568,1
32569,1
32570,0.7833738407624912
32571,1
32572,0.8860102620258015
32573,1
32574,0.5040052461853659
32575,1
32576,0.48062514729493044
32577,0.9749109523201227
32578,1
32579,0.9265357340097923
32580,1
32581,1
32582,0.6560301784651017
32583,1
32584,0.9651212677009737
32585,0.9949058168780378
32586,1
32587,0.9718392465479493
32588,1
32589,0.5838736165048607
32590,1
32591,1
32592,1
32593,1
32594,1
32595,1
32596,0.9022382066179311
32597,0.9265357340097923
32598,1
32599,1
32600,1
32601,1
32602,1
32603,1
32604,1
32605,1
32606,0.9905051668667311
32607,1
32608,0.9927453194301491
32609,1
32610,0.9251413733205932
32611,1
32612,1
32613,1
32614,1
32615,0.52005578091781
32616,0.9939177148077418
32617,1
32618,0.6338615874014425
32619,1
32620,0.9749109523201227
32621,0.784807152198801
32622,0.971095427335755
32623,1
32624,1
32625,0.6320382213624811
32626,1
32627,1
32628,0.9969928523546226
32629,1
32630,0.9832309317100514
32631,1
32632,1
32633,0.9574216351622019
32634,0.9179691420648194
32635,0.9067588393767277
32636,1
32637,1
32638,0.9614144663088184
32639,1
32640,1
32641,0.8554852864605971
32642,0.9220419626372091
32643,0.9857566700855682
32644,1
32645,1
32646,1
32647,1
32648,0.9371052762402644
32649,1
32650,1
32651,0.35814838752597566
32652,0.9927453194301491
32653,1
32654,0.9416431423505767
32655,1
32656,1
32657,0.9524295070169732
32658,0.9066388566292378
32659,0.999011897929704
32660,0.8680276625315166
32661,0.9905051668667311
32662,1
32663,1
32664,1
32665,0.9584073186634412
32666,0.8054264854325995
32667,1
32668,1
32669,1
32670,1
32671,1
32672,0.7336552711090455
32673,1
32674,0.8147717503447908
32675,1
32676,1
32677,0.8896982343874809
32678,0.8643261852928072
32679,1
32680,1
32681,1
32682,1
32683,0.7043120837200184
32684,0.7599309113245942
32685,1
32686,0.9832309317100514
32687,0.9802237840646741
32688,0.9614144663088184
32689,1
32690,1
32691,0.8143652628574332
32692,1
32693,0.999011897929704
32694,0.9217566640765255
32695,1
32696,0.9430581897446968
32697,0.934090628850252
32698,0.9147872820673582
32699,0.9927453194301491
32700,0.9483339587646836
32701,0.8956980561054129
32702,0.9252835854862711
32703,1
32704,1
32705,0.5440477346626692
32706,0.5536200632573138
32707,1
32708,1
32709,1
32710,1
32711,1
32712,0.9604263642385225
32713,1
32714,0.6634866250113226
32715,0.9881783092460067
32716,0.9420700876744007
32717,1
32718,1
32719,1
32720,0.9749109523201227
32721,1
32722,1
32723,1
32724,0.9371052762402644
32725,1
32726,1
32727,1
32728,0.9651212677009737
32729,1
32730,1
32731,1
32732,1
32733,1
32734,1
32735,1
32736,1
32737,0.8012845151454274
32738,0.9685849804078539
32739,1
32740,1
32741,1
32742,1
32743,1
32744,1
32745,0.7751774630581455
32746,1
32747,0.8389614485483781
32748,0.9685849804078539
32749,0.9555012127891466
32750,0.9685849804078539
32751,1
32752,0.8913921485093805
32753,0.9550701782580007
32754,1
32755,0.5785009429665091
32756,1
32757,0.9574216351622019
32758,1
32759,0.8973459867265247
32760,0.9881783092460067
32761,0.9530866435720331
32762,1
32763,1
32764,0.9338751797903689
32765,0.9265357340097923
32766,0.9949058168780378
32767,0.8973459867265247
32768,0.9530866435720331
32769,1
32770,1
32771,1
32772,1
32773,1
32774,0.999011897929704
32775,1
32776,1
32777,1
32778,0.9179691420648194
32779,1
32780,1
32781,0.9117330397512
32782,0.8938812091851585
32783,0.7393145829202801
32784,1
32785,0.5261532419748116
32786,0.7463362141051101
32787,1
32788,0.854533329901948
32789,0.9584073186634412
32790,1
32791,1
32792,0.9685849804078539
32793,1
32794,1
32795,0.9754960773470618
32796,1
32797,1
32798,1
32799,1
32800,1
32801,0.9432397756427214
32802,0.8334482506631616
32803,1
32804,0.8886614187116825
32805,1
32806,1
32807,1
32808,1
32809,1
32810,0.9749109523201227
32811,0.9499759951360385
32812,0.8973459867265247
32813,0.8149809347877505
32814,1
32815,0.8680276625315166
32816,0.9371052762402644
32817,0.9718392465479493
32818,0.9371052762402644
32819,1
32820,0.16511844455198982
32821,1
32822,0.866693931052422
32823,1
32824,1
32825,1
32826,1
32827,1
32828,1
32829,0.9718392465479493
32830,1
32831,0.9718392465479493
32832,0.8733134522631281
32833,0.9927453194301491
32834,0.8993784729315532
32835,0.934090628850252
32836,0.9927453194301491
32837,0.9685849804078539
32838,0.4108927515660568
32839,0.6706237746400191
32840,1
32841,1
32842,0.7329252199808481
32843,0.8266308714086987
32844,0.9775831128236467
32845,0.9139391243414697
32846,0.9483339587646836
32847,1
32848,0.9483339587646836
32849,0.989517064796435
32850,1
32851,1
32852,1
32853,1
32854,0.7018026649199257
32855,1
32856,0.6023486739041868
32857,0.9262891214547482
32858,1
32859,1
32860,0.3795796795795765
32861,1
32862,1
32863,0.9689876017956197
32864,1
32865,1
32866,0.9530866435720331
32867,0.8953568241435291
32868,0.8956024152852753
32869,0.8359810869786789
32870,0.9654161191868537
32871,1
32872,0.8359810869786789
32873,1
32874,1
32875,0.4664894843292701
32876,1
32877,1
32878,1
32879,1
32880,0.8628395588055432
32881,1
32882,0.8131698459082387
32883,0.980590260469024
32884,1
32885,0.9258546125071245
32886,1
32887,1
32888,1
32889,0.9543416504934221
32890,1
32891,1
32892,1
32893,0.9302355564425553
32894,0.9614144663088184
32895,1
32896,1
32897,1
32898,1
32899,0.8364600575453842
32900,0.9857566700855682
32901,1
32902,1
32903,1
32904,0.8331489302324904
32905,1
32906,0.6132645160563458
32907,0.9117330397512
32908,0.9927453194301491
32909,0.9905051668667311
32910,0.9117330397512
32911,0.8609246069835943
32912,1
32913,0.9066528262897614
32914,1
32915,1
32916,0.6915018576525431
32917,1
32918,0.8999113489972067
32919,0.8573024241598532
32920,0.9483339587646836
32921,1
32922,1
32923,1
32924,0.9430581897446968
32925,0.9488087644725279
32926,0.8910295644328288
32927,1
32928,1
32929,1
32930,0.9668096215527832
32931,1
32932,1
32933,0.9969928523546226
32934,0.8922518036045625
32935,1
32936,0.9483339587646836
32937,1
32938,0.8287949589763988
32939,1
32940,1
32941,1
32942,1
32943,0.8756295464352087
32944,0.9949058168780378
32945,1
32946,1
32947,1
32948,0.9832309317100514
32949,1
32950,0.999011897929704
32951,0.6200360427497154
32952,1
32953,1
32954,0.8230978407895173
32955,0.9778219501715014
32956,1
32957,1
32958,1
32959,1
32960,1
32961,0.964440146198306
32962,0.9265357340097923
32963,0.9881783092460067
32964,1
32965,0.9832309317100514
32966,1
32967,1
32968,1
32969,1
32970,0.8680276625315166
32971,1
32972,0.8895549899227014
32973,0.9584073186634412
32974,0.9857566700855682
32975,0.9220419626372091
32976,0.9667450634259871
32977,1
32978,1
32979,0.9651212677009737
32980,0.9420047267778425
32981,1
32982,0.9430581897446968
32983,1
32984,0.9960047502843267
32985,1
32986,1
32987,0.9458319630021822
32988,0.9574216351622019
32989,0.7797607022827165
32990,0.5382330641304538
32991,1
32992,1
32993,0.36078209663113275
32994,1
32995,1
32996,1
32997,1
32998,1
32999,1
33000,1
33001,1
33002,1
33003,1
33004,1
33005,0.7632661227970541
33006,1
33007,1
33008,1
33009,1
33010,0.9337062481088276
33011,1
33012,0.8933854693638774
33013,1
33014,1
33015,1
33016,0.578120930555934
33017,1
33018,0.9610528818815528
33019,1
33020,0.8510146104626144
33021,0.9412649528180398
33022,1
33023,1
33024,1
33025,1
33026,1
33027,0.8973459867265247
33028,0.9832309317100514
33029,1
33030,1
33031,0.8038311717063625
33032,0.999011897929704
33033,0.8115969525599106
33034,0.9461830343240908
33035,1
33036,1
33037,0.9343075711884747
33038,1
33039,1
33040,1
33041,0.8193879493637338
33042,0.7578974508708058
33043,1
33044,1
33045,0.8793893115014718
33046,0.5509048811945736
33047,1
33048,0.980590260469024
33049,0.8575592996255484
33050,0.9969928523546226
33051,1
33052,0.9493203043948625
33053,1
33054,0.7597403714965959
33055,1
33056,1
33057,1
33058,1
33059,0.6944586424889212
33060,1
33061,1
33062,1
33063,0.9927453194301491
33064,0.8331489302324904
33065,0.7653736492580413
33066,0.9177677632038704
33067,1
33068,1
33069,0.9927453194301491
33070,1
33071,1
33072,0.9905051668667311
33073,1
33074,0.9220419626372091
33075,0.9458319630021822
33076,1
33077,0.9220419626372091
33078,1
33079,1
33080,1
33081,1
33082,1
33083,0.9117330397512
33084,1
33085,0.7024047844703962
33086,1
33087,1
33088,1
33089,1
33090,0.9614144663088184
33091,1
33092,0.9614144663088184
33093,0.9093412683377515
33094,1
33095,1
33096,0.7162912109397483
33097,0.8785695152072391
33098,0.833240520069993
33099,1
33100,1
33101,1
33102,0.8602350031592277
33103,1
33104,0.9574216351622019
33105,0.8973459867265247
33106,1
33107,1
33108,1
33109,0.2414910543090284
33110,0.9574216351622019
33111,1
33112,0.4003622490413691
33113,0.9960047502843267
33114,0.9218738442555366
33115,1
33116,1
33117,0.9718392465479493
33118,1
33119,0.9220419626372091
33120,1
33121,1
33122,0.371294066115471
33123,0.36948711658486155
33124,1
33125,0.8079560033500015
33126,0.27757864826605566
33127,1
33128,0.725208767712068
33129,1
33130,0.28404767400530745
33131,0.9739228502498266
33132,1
33133,0.5626887659473436
33134,0.8954876967616701
33135,1
33136,1
33137,0.8297562415397864
33138,1
33139,0.7599309113245942
33140,0.9718392465479493
33141,0.9337062481088276
33142,0.968832098902572
33143,0.6742306036804537
33144,1
33145,0.28404767400530745
33146,0.7588920557344682
33147,0.7474912603309277
33148,1
33149,1
33150,1
33151,1
33152,1
33153,1
33154,0.9458319630021822
33155,0.9832309317100514
33156,0.8265146186907244
33157,1
33158,1
33159,0.31283646162283607
33160,1
33161,0.9969928523546226
33162,0.9574216351622019
33163,1
33164,1
33165,1
33166,1
33167,1
33168,1
33169,1
33170,1
33171,1
33172,1
33173,0.9302355564425553
33174,0.9614144663088184
33175,1
33176,1
33177,1
33178,0.7874919117096618
33179,1
33180,0.9809236286761558
33181,1
33182,1
33183,1
33184,0.7345195979875275
33185,1
33186,0.9718392465479493
33187,1
33188,1
33189,0.9651212677009737
33190,1
33191,1
33192,1
33193,0.9225429028631756
33194,1
33195,1
33196,1
33197,1
33198,0.9939177148077418
33199,0.9574216351622019
33200,0.9881783092460067
33201,1
33202,1
33203,1
33204,0.9289242192337076
33205,1
33206,1
33207,0.48934057145874793
33208,1
33209,0.9014206023367168
33210,1
33211,1
33212,1
33213,0.7599309113245942
33214,0.8922518036045625
33215,0.5971594890634548
33216,1
33217,1
33218,0.999011897929704
33219,1
33220,1
33221,1
33222,1
33223,1
33224,1
33225,0.9430581897446968
33226,1
33227,0.6712938878891882
33228,1
33229,0.8733813126071528
33230,1
33231,1
33232,1
33233,1
33234,0.8478324452169427
33235,1
33236,0.2912139177662833
33237,1
33238,1
33239,0.9830841261240445
33240,1
33241,1
33242,0.9927453194301491
33243,1
33244,1
33245,1
33246,0.8876571916047573
33247,1
33248,0.9436572959485738
33249,0.9651212677009737
33250,0.711883904239201
33251,0.6732199121192619
33252,0.980590260469024
33253,1
33254,1
33255,1
33256,1
33257,0.7923736719467944
33258,0.8868821952807406
33259,1
33260,0.43471508608133874
33261,1
33262,0.8680276625315166
33263,0.8951207144176462
33264,1
33265,0.9120162285603871
33266,0.8502740337330496
33267,1
33268,1
33269,1
33270,1
33271,0.8504326302985578
33272,0.9574216351622019
33273,1
33274,1
33275,1
33276,1
33277,1
33278,1
33279,1
33280,0.9258077121848878
33281,0.6298687513134373
33282,1
33283,0.8697755096525137
33284,1
33285,1
33286,0.9651212677009737
33287,1
33288,0.8988205368504093
33289,1
33290,1
33291,1
33292,0.7162050209565409
33293,1
33294,0.9302355564425553
33295,1
33296,0.9778219501715014
33297,1
33298,0.9809236286761558
33299,1
33300,1
33301,0.9969928523546226
33302,0.9332537128567678
33303,0.9749109523201227
33304,1
33305,0.9574216351622019
33306,1
33307,0.9252835854862711
33308,1
33309,0.28864129780769265
33310,1
33311,1
33312,1
33313,1
33314,0.9584122106405254
33315,1
33316,1
33317,0.9574216351622019
33318,1
33319,1
33320,1
33321,1
33322,0.9108258169115794
33323,1
33324,1
33325,0.9574216351622019
33326,0.9014206023367168
33327,0.28404767400530745
33328,1
33329,1
33330,1
33331,0.8730102116708298
33332,1
33333,1
33334,1
33335,0.934090628850252
33336,1
33337,0.8910295644328288
33338,1
33339,0.865100152381906
33340,1
33341,1
33342,1
33343,1
33344,0.9800769784786673
33345,1
33346,0.7214030012893606
33347,0.8973459867265247
33348,1
33349,0.7821089611530928
33350,1
33351,1
33352,1
33353,1
33354,1
33355,1
33356,0.9651212677009737
33357,1
33358,1
33359,1
33360,1
33361,0.7996078711754357
33362,0.9574216351622019
33363,0.9638211921790754
33364,0.9117330397512
33365,1
33366,1
33367,0.6881772574191536
33368,1
33369,1
33370,0.9749109523201227
33371,1
33372,1
33373,1
33374,1
33375,0.9857566700855682
33376,1
33377,1
33378,1
33379,1
33380,0.8680276625315166
33381,0.9302355564425553
33382,1
33383,0.3999233439226605
33384,0.7411754444263023
33385,1
33386,1
33387,0.8680276625315166
33388,0.524463342541997
33389,1
33390,0.6023130481878964
33391,1
33392,1
33393,1
33394,1
33395,1
33396,1
33397,1
33398,0.980590260469024
33399,0.8246458613661484
33400,0.4972425565918858
33401,0.8027777087395082
33402,0.9117330397512
33403,1
33404,1
33405,1
33406,0.9371052762402644
33407,0.9232449110848063
33408,1
33409,1
33410,1
33411,1
33412,1
33413,1
33414,1
33415,1
33416,1
33417,1
33418,1
33419,0.9220419626372091
33420,1
33421,0.39025893179295296
33422,1
33423,0.999011897929704
33424,0.9613563113443844
33425,1
33426,0.8008052019827621
33427,1
33428,1
33429,1
33430,1
33431,1
33432,0.9302355564425553
33433,0.9312364989907035
33434,0.7147447735072628
33435,1
33436,1
33437,1
33438,1
33439,0.9949058168780378
33440,1
33441,1
33442,1
33443,0.810252782300283
33444,0.9969928523546226
33445,0.9323325874823246
33446,0.9927453194301491
33447,1
33448,0.866693931052422
33449,1
33450,1
33451,1
33452,1
33453,1
33454,1
33455,0.999011897929704
33456,1
33457,1
33458,1
33459,0.7018026649199257
33460,1
33461,0.8504326302985578
33462,1
33463,1
33464,1
33465,0.9431783052477701
33466,0.8109720987352943
33467,1
33468,1
33469,0.9651212677009737
33470,1
33471,1
33472,1
33473,0.9530866435720331
33474,0.999011897929704
33475,1
33476,0.9800769784786673
33477,0.9651212677009737
33478,1
33479,1
33480,0.9737360985767824
33481,1
33482,0.8889625654996686
33483,1
33484,1
33485,1
33486,1
33487,1
33488,1
33489,1
33490,0.9927453194301491
33491,1
33492,0.9455999444082086
33493,0.980590260469024
33494,0.9371052762402644
33495,0.9778219501715014
33496,1
33497,1
33498,0.9337062481088276
33499,0.8835722862991494
33500,0.8439215118401979
33501,1
33502,0.7426889120910531
33503,0.9614144663088184
33504,0.9684216478975095
33505,1
33506,1
33507,1
33508,0.999011897929704
33509,0.8733809135121012
33510,1
33511,1
33512,0.612756852582587
33513,1
33514,1
33515,0.9302355564425553
33516,1
33517,1
33518,1
33519,1
33520,1
33521,1
33522,0.7941932617398576
33523,1
33524,1
33525,0.40895466584439294
33526,0.5822187491244567
33527,0.980590260469024
33528,0.9184344032424527
33529,1
33530,1
33531,1
33532,1
33533,1
33534,1
33535,1
33536,0.6178194750374909
33537,1
33538,0.7304749139927137
33539,1
33540,1
33541,1
33542,1
33543,1
33544,1
33545,0.9371052762402644
33546,0.9489173775072564
33547,1
33548,1
33549,1
33550,1
33551,1
33552,1
33553,0.36078209663113275
33554,1
33555,0.4219757431005803
33556,0.5133592580903996
33557,1
33558,1
33559,0.9614144663088184
33560,0.9651212677009737
33561,0.8973459867265247
33562,0.980590260469024
33563,0.7989088430632761
33564,1
33565,1
33566,0.9302355564425553
33567,1
33568,1
33569,1
33570,0.9905051668667311
33571,1
33572,1
33573,1
33574,1
33575,1
33576,0.8027777087395082
33577,1
33578,0.999011897929704
33579,0.7943167839862648
33580,1
33581,1
33582,0.4319974409017798
33583,0.618801277321382
33584,0.7001355982482426
33585,0.13551615908469558
33586,1
33587,1
33588,1
33589,0.1394358406950158
33590,1
33591,1
33592,1
33593,1
33594,1
33595,0.9337062481088276
33596,1
33597,0.9265357340097923
33598,0.8644702478478606
33599,0.7651088629026602
33600,0.9169189391725376
33601,1
33602,1
33603,0.9718392465479493
33604,0.9457115281699977
33605,1
33606,0.9483339587646836
33607,0.8988205368504093
33608,1
33609,1
33610,1
33611,0.8869567438604391
33612,1
33613,0.7474912603309277
33614,1
33615,0.999011897929704
33616,0.9117330397512
33617,1
33618,1
33619,1
33620,0.9685849804078539
33621,1
33622,1
33623,1
33624,0.8007334168471321
33625,1
33626,1
33627,0.9430581897446968
33628,1
33629,0.9430581897446968
33630,0.5328287467882192
33631,1
33632,0.9574216351622019
33633,1
33634,1
33635,1
33636,1
33637,1
33638,0.6499588856237568
33639,0.6093583074220777
33640,1
33641,0.8768543074521739
33642,0.9380721305494554
33643,1
33644,1
33645,0.9117330397512
33646,0.9927453194301491
33647,1
33648,0.8366126429393705
33649,0.5174264140846152
33650,1
33651,1
33652,1
33653,1
33654,1
33655,0.4227354348940315
33656,1
33657,0.9117330397512
33658,0.9718392465479493
33659,1
33660,0.9651212677009737
33661,1
33662,1
33663,0.9905051668667311
33664,0.9371052762402644
33665,1
33666,0.9302355564425553
33667,1
33668,1
33669,0.8522775190797645
33670,1
33671,1
33672,0.9530866435720331
33673,1
33674,0.9969928523546226
33675,0.6178194750374909
33676,1
33677,0.4724423978337025
33678,0.9014206023367168
33679,1
33680,1
33681,1
33682,0.9749109523201227
33683,0.820728550617451
33684,1
33685,1
33686,1
33687,1
33688,0.9949058168780378
33689,1
33690,1
33691,1
33692,1
33693,1
33694,1
33695,1
33696,0.8892038177420015
33697,0.9905051668667311
33698,0.9733355798991731
33699,0.5174264140846152
33700,1
33701,0.9117330397512
33702,0.9436572959485738
33703,1
33704,1
33705,0.9371052762402644
33706,1
33707,1
33708,0.9220419626372091
33709,0.9832309317100514
33710,1
33711,1
33712,1
33713,0.999011897929704
33714,0.8695996268823228
33715,1
33716,1
33717,1
33718,0.9785019895157173
33719,0.4915008582738656
33720,0.9483339587646836
33721,0.999011897929704
33722,1
33723,1
33724,1
33725,0.9660002594175081
33726,1
33727,0.6578928101493071
33728,1
33729,1
33730,1
33731,1
33732,1
33733,0.8719891174305382
33734,1
33735,1
33736,1
33737,1
33738,0.971095427335755
33739,0.9881783092460067
33740,1
33741,0.999011897929704
33742,1
33743,1
33744,0.9302355564425553
33745,1
33746,0.7599309113245942
33747,1
33748,0.8628319757129675
33749,0.9028591985652826
33750,0.7172976598589691
33751,1
33752,1
33753,1
33754,1
33755,1
33756,1
33757,0.9302355564425553
33758,1
33759,1
33760,1
33761,1
33762,0.999011897929704
33763,0.9323325874823246
33764,1
33765,1
33766,0.7960252584236724
33767,0.9969928523546226
33768,0.942943217872475
33769,1
33770,1
33771,1
33772,1
33773,1
33774,1
33775,0.6752859775132293
33776,1
33777,1
33778,1
33779,1
33780,1
33781,0.9614144663088184
33782,1
33783,0.980590260469024
33784,1
33785,0.9458319630021822
33786,1
33787,0.9718392465479493
33788,0.7833738407624912
33789,0.8848750527459885
33790,1
33791,1
33792,1
33793,1
33794,0.9220419626372091
33795,0.841763761108299
33796,1
33797,0.8680276625315166
33798,1
33799,1
33800,1
33801,0.9371052762402644
33802,1
33803,1
33804,0.9430581897446968
33805,1
33806,1
33807,0.9117330397512
33808,1
33809,0.638071768288134
33810,1
33811,1
33812,1
33813,0.39025893179295296
33814,1
33815,0.1362400349580319
33816,0.9663346124209247
33817,0.9718392465479493
33818,1
33819,1
33820,0.9530866435720331
33821,1
33822,1
33823,0.910744937680904
33824,1
33825,0.8424596948130196
33826,0.9881783092460067
33827,1
33828,1
33829,0.865100152381906
33830,1
33831,0.8225588566627794
33832,1
33833,1
33834,1
33835,0.9145011098808516
33836,1
33837,1
33838,0.980590260469024
33839,1
33840,1
33841,1
33842,1
33843,1
33844,1
33845,1
33846,0.7763369830093019
33847,1
33848,1
33849,1
33850,0.9778219501715014
33851,0.8532127273985227
33852,0.61005969408293
33853,1
33854,0.9832309317100514
33855,1
33856,1
33857,0.8163616212962004
33858,0.7401877823789806
33859,1
33860,0.44665050530495065
33861,1
33862,0.7651088629026602
33863,1
33864,1
33865,1
33866,1
33867,1
33868,0.8910506501947678
33869,0.8680276625315166
33870,1
33871,0.9905051668667311
33872,0.9969928523546226
33873,1
33874,1
33875,0.7923736719467944
33876,1
33877,0.5695836187842358
33878,0.9337062481088276
33879,0.999011897929704
33880,1
33881,1
33882,1
33883,0.9651212677009737
33884,0.9377561715106503
33885,0.9312364989907035
33886,0.903439888661189
33887,0.980590260469024
33888,1
33889,1
33890,1
33891,1
33892,0.6536978047796382
33893,0.7092003441114499
33894,0.5902759260181409
33895,0.9881783092460067
33896,1
33897,1
33898,1
33899,1
33900,0.48062514729493044
33901,1
33902,1
33903,0.6771066890092413
33904,1
33905,0.999011897929704
33906,1
33907,1
33908,1
33909,1
33910,0.9832309317100514
33911,0.4392917513334205
33912,1
33913,0.8398669090794659
33914,1
33915,1
33916,0.9614144663088184
33917,1
33918,1
33919,0.9927453194301491
33920,1
33921,1
33922,0.9220419626372091
33923,1
33924,0.9857566700855682
33925,0.9574216351622019
33926,1
33927,0.7875785961222488
33928,0.9809236286761558
33929,0.9614144663088184
33930,0.9117330397512
33931,0.9301623987405749
33932,1
33933,1
33934,1
33935,0.7658417460398544
33936,0.8297562415397864
33937,1
33938,1
33939,1
33940,0.9371052762402644
33941,0.971095427335755
33942,1
33943,1
33944,1
33945,1
33946,1
33947,1
33948,0.682272121973936
33949,1
33950,0.934090628850252
33951,0.9718392465479493
33952,0.8956024152852753
33953,1
33954,1
33955,1
33956,1
33957,1
33958,0.8680276625315166
33959,1
33960,0.9905051668667311
33961,1
33962,1
33963,1
33964,1
33965,1
33966,1
33967,0.9430581897446968
33968,0.8575760157796513
33969,0.999011897929704
33970,0.8914074246445102
33971,1
33972,1
33973,1
33974,0.859659841780133
33975,1
33976,1
33977,1
33978,0.8886428751059966
33979,1
33980,0.6472544545466915
33981,1
33982,0.9117330397512
33983,1
33984,1
33985,0.9832309317100514
33986,1
33987,0.9905051668667311
33988,1
33989,0.9949058168780378
33990,0.936960514248923
33991,1
33992,1
33993,0.6674460593319381
33994,1
33995,1
33996,1
33997,1
33998,0.678847915644081
33999,0.980590260469024
34000,1
34001,1
34002,1
34003,0.8472114306620593
34004,1
34005,1
34006,1
34007,0.9905051668667311
34008,1
34009,0.4308776005662461
34010,0.991757217359853
34011,1
34012,1
34013,0.9117330397512
34014,1
34015,0.9969928523546226
34016,1
34017,1
34018,0.9117330397512
34019,1
34020,1
34021,1
34022,1
34023,1
34024,1
34025,1
34026,0.9117330397512
34027,0.28404767400530745
34028,1
34029,0.9832309317100514
34030,0.8254721960185941
34031,1
34032,0.8910506501947678
34033,0.6864275098249544
34034,1
34035,1
34036,0.9292608817101512
34037,1
34038,0.9604263642385225
34039,1
34040,0.8911278832710297
34041,1
34042,0.9518159121179053
34043,1
34044,0.7797607022827165
34045,1
34046,1
34047,1
34048,1
34049,1
34050,0.9905051668667311
34051,1
34052,1
34053,0.9754960773470618
34054,1
34055,0.851258594241568
34056,1
34057,1
34058,1
34059,1
34060,1
34061,1
34062,0.9173215605603033
34063,0.7653736492580413
34064,1
34065,1
34066,0.8140910315508917
34067,1
34068,0.4972425565918858
34069,1
34070,0.9614144663088184
34071,0.8680276625315166
34072,1
34073,1
34074,0.9134552264656575
34075,0.9179691420648194
34076,0.9718392465479493
34077,0.7982632189740719
34078,0.9897381717847717
34079,1
34080,1
34081,0.9905051668667311
34082,0.8973459867265247
34083,1
34084,0.8973459867265247
34085,0.980590260469024
34086,1
34087,1
34088,0.8738273668813195
34089,1
34090,0.9158338458027273
34091,1
34092,1
34093,1
34094,1
34095,0.9881783092460067
34096,0.8911278832710297
34097,0.9905051668667311
34098,0.9651212677009737
34099,1
34100,1
34101,0.9430581897446968
34102,0.9518159121179053
34103,0.9220419626372091
34104,0.8680276625315166
34105,0.9832309317100514
34106,0.9832309317100514
34107,1
34108,1
34109,1
34110,1
34111,1
34112,1
34113,1
34114,0.9117330397512
34115,1
34116,0.8430766180828266
34117,1
34118,0.9194212559929577
34119,1
34120,0.9822428296397554
34121,0.8910506501947678
34122,1
34123,1
34124,1
34125,1
34126,1
34127,1
34128,1
34129,1
34130,1
34131,1
34132,1
34133,1
34134,1
34135,1
34136,0.8510146104626144
34137,0.7464963203930682
34138,0.9520985415017371
34139,1
34140,1
34141,1
34142,1
34143,0.5301918669905724
34144,0.9881783092460067
34145,0.8130735347263286
34146,1
34147,0.8878511535932557
34148,1
34149,0.999011897929704
34150,1
34151,0.8732937461872521
34152,0.9927453194301491
34153,0.8973459867265247
34154,0.8925722000478029
34155,0.8600669985158838
34156,0.9265357340097923
34157,1
34158,1
34159,1
34160,0.980590260469024
34161,0.9638407467659041
34162,0.910744937680904
34163,0.8650205148861393
34164,1
34165,0.9574216351622019
34166,1
34167,0.8973459867265247
34168,0.9927453194301491
34169,0.9349568589773573
34170,1
34171,0.9737360985767824
34172,1
34173,0.9949058168780378
34174,0.9302355564425553
34175,1
34176,1
34177,0.9302355564425553
34178,1
34179,0.9546597272529381
34180,1
34181,1
34182,0.999011897929704
34183,0.5440477346626692
34184,1
34185,1
34186,0.9658336485642355
34187,0.8738273668813195
34188,1
34189,1
34190,0.7474912603309277
34191,1
34192,0.9651212677009737
34193,1
34194,1
34195,0.9524295070169732
34196,0.9117330397512
34197,1
34198,1
34199,1
34200,1
34201,0.805132938771781
34202,1
34203,1
34204,1
34205,1
34206,1
34207,1
34208,1
34209,0.8557540747553346
34210,0.8722569390466473
34211,1
34212,0.9530866435720331
34213,1
34214,0.9749109523201227
34215,1
34216,1
34217,1
34218,0.8911278832710297
34219,1
34220,1
34221,1
34222,0.9574216351622019
34223,1
34224,0.9778219501715014
34225,1
34226,0.980590260469024
34227,1
34228,1
34229,1
34230,1
34231,1
34232,0.9574216351622019
34233,0.9881783092460067
34234,1
34235,0.8956024152852753
34236,0.8835722862991494
34237,0.9685849804078539
34238,1
34239,1
34240,0.8986865879802418
34241,0.8366126429393705
34242,1
34243,1
34244,1
34245,0.9220419626372091
34246,0.8841374679395295
34247,1
34248,0.9969928523546226
34249,1
34250,1
34251,0.8368744130717932
34252,1
34253,0.9778219501715014
34254,1
34255,0.928814859830265
34256,1
34257,1
34258,0.8973459867265247
34259,0.9336769040410571
34260,1
34261,1
34262,1
34263,1
34264,1
34265,1
34266,0.8866439920713227
34267,1
34268,1
34269,1
34270,1
34271,1
34272,1
34273,1
34274,0.9530866435720331
34275,0.9905051668667311
34276,0.9824038360993915
34277,1
34278,0.9102202718832159
34279,1
34280,1
34281,1
34282,1
34283,1
34284,0.7117516989995135
34285,0.9302355564425553
34286,1
34287,0.7874919117096618
34288,0.811276150035524
34289,0.8726636352576804
34290,0.9651212677009737
34291,0.9667450634259871
34292,1
34293,1
34294,1
34295,1
34296,1
34297,1
34298,1
34299,1
34300,0.9055454946567769
34301,0.9343075711884747
34302,0.9220419626372091
34303,1
34304,0.8737473899164511
34305,1
34306,1
34307,0.9530866435720331
34308,0.7464320065088784
34309,0.8431390070648855
34310,0.8027777087395082
34311,0.8906269430450631
34312,0.999011897929704
34313,1
34314,1
34315,0.7431562687407588
34316,0.7588875353662929
34317,1
34318,1
34319,0.8878511535932557
34320,1
34321,0.9949058168780378
34322,1
34323,1
34324,0.9857566700855682
34325,1
34326,1
34327,0.9117330397512
34328,1
34329,0.7474912603309277
34330,1
34331,1
34332,1
34333,0.8239635051998926
34334,0.980590260469024
34335,0.9479924604500709
34336,0.6903287631283647
34337,0.8510146104626144
34338,1
34339,1
34340,1
34341,0.9778219501715014
34342,1
34343,0.740673698731139
34344,0.9564335330919059
34345,0.9402326279973442
34346,1
34347,0.980590260469024
34348,1
34349,1
34350,1
34351,0.9532995769469804
34352,0.9927453194301491
34353,1
34354,1
34355,1
34356,0.8973459867265247
34357,1
34358,1
34359,0.36630256266689154
34360,0.9614144663088184
34361,1
34362,1
34363,1
34364,1
34365,1
34366,0.8801634659849612
34367,0.8763315546568394
34368,1
34369,0.9241820709077881
34370,0.9483339587646836
34371,1
34372,1
34373,1
34374,1
34375,1
34376,0.8680276625315166
34377,0.7147925768549297
34378,1
34379,1
34380,1
34381,0.5462117152243747
34382,1
34383,0.7092003441114499
34384,1
34385,1
34386,0.9026322231062331
34387,0.88552429597253135
34388,1
34389,0.8973459867265247
34390,0.9164846445668192
34391,1
34392,0.968832098902572
34393,0.9430581897446968
34394,0.8508568224674742
34395,1
34396,1
34397,1
34398,0.9117330397512
34399,0.7423227909110262
34400,1
34401,0.28404767400530745
34402,1
34403,0.517297923268774
34404,1
34405,0.9718392465479493
34406,1
34407,1
34408,1
34409,1
34410,1
34411,1
34412,0.9778219501715014
34413,0.8134145467013567
34414,1
34415,0.9339533666035457
34416,1
34417,0.9108258169115794
34418,1
34419,0.8309093433379524
34420,0.9534263854465286
34421,0.6525537976737035
34422,1
34423,0.6684508125042652
34424,0.9057555939268856
34425,1
34426,1
34427,0.9857566700855682
34428,1
34429,1
34430,0.9905051668667311
34431,1
34432,1
34433,0.8504326302985578
34434,1
34435,1
34436,1
34437,1
34438,0.9778219501715014
34439,1
34440,1
34441,0.9832309317100514
34442,1
34443,0.9832309317100514
34444,0.8676983091129982
34445,0.9302355564425553
34446,1
34447,1
34448,0.8680276625315166
34449,1
34450,0.8966861581757088
34451,0.8110858522762134
34452,1
34453,1
34454,1
34455,1
34456,0.999011897929704
34457,0.9371052762402644
34458,0.8286952849372076
34459,1
34460,0.6843467667812803
34461,1
34462,0.593861377224762
34463,1
34464,1
34465,1
34466,0.866693931052422
34467,1
34468,0.9461830343240908
34469,1
34470,0.9335633566114278
34471,1
34472,0.3795796795795765
34473,0.9614144663088184
34474,1
34475,0.8565134162103543
34476,1
34477,1
34478,0.8388686576174249
34479,1
34480,1
34481,1
34482,0.9641331656306777
34483,0.999011897929704
34484,1
34485,0.9881783092460067
34486,0.6637644988028824
34487,1
34488,0.5264242680299114
34489,1
34490,1
34491,0.9832309317100514
34492,1
34493,1
34494,1
34495,1
34496,1
34497,1
34498,0.9685849804078539
34499,1
34500,1
34501,0.6320382213624811
34502,0.9578665871311227
34503,0.8910506501947678
34504,0.9749109523201227
34505,0.7474912603309277
34506,0.9463201932761807
34507,0.999011897929704
34508,1
34509,1
34510,0.9420700876744007
34511,0.9778219501715014
34512,1
34513,1
34514,1
34515,1
34516,1
34517,1
34518,1
34519,1
34520,1
34521,1
34522,1
34523,0.9117330397512
34524,0.371294066115471
34525,0.999011897929704
34526,1
34527,1
34528,0.7591924738460214
34529,0.9173215605603033
34530,1
34531,1
34532,0.8405077254509076
34533,1
34534,1
34535,0.9881783092460067
34536,1
34537,1
34538,1
34539,0.5511287749598012
34540,0.9832309317100514
34541,1
34542,0.9687685697150307
34543,1
34544,0.8467896511132547
34545,1
34546,1
34547,1
34548,1
34549,1
34550,0.881689179773843
34551,1
34552,1
34553,1
34554,0.8680276625315166
34555,1
34556,1
34557,0.7253012582385476
34558,0.9479924604500709
34559,0.9289242192337076
34560,1
34561,0.8782280168926263
34562,0.8004091727518199
34563,1
34564,0.8982312942255648
34565,0.9412649528180398
34566,0.8505605027059218
34567,1
34568,1
34569,1
34570,1
34571,1
34572,1
34573,0.9352435853337033
34574,0.9905051668667311
34575,0.7891176547938541
34576,1
34577,1
34578,0.7797607022827165
34579,0.842168475686796
34580,1
34581,1
34582,1
34583,0.9778219501715014
34584,1
34585,0.30511782727953857
34586,0.8027777087395082
34587,1
34588,0.8314874256513893
34589,1
34590,1
34591,0.8607729819616656
34592,0.8680276625315166
34593,0.9117330397512
34594,0.9927453194301491
34595,0.6482591057084938
34596,1
34597,0.9857566700855682
34598,1
34599,1
34600,0.8927317108079692
34601,0.8781803984664535
34602,0.8012845151454274
34603,1
34604,1
34605,0.9881783092460067
34606,1
34607,0.5670379659113903
34608,0.13551615908469558
34609,0.851258594241568
34610,1
34611,1
34612,1
34613,1
34614,0.9117330397512
34615,0.9430581897446968
34616,1
34617,0.9786834761127378
34618,1
34619,1
34620,1
34621,0.898519742549083
34622,0.9927453194301491
34623,1
34624,1
34625,1
34626,1
34627,0.8999113489972067
34628,1
34629,0.9749109523201227
34630,0.9206224804901203
34631,1
34632,1
34633,0.9335633566114278
34634,1
34635,0.9194293861004387
34636,0.9430581897446968
34637,0.9530866435720331
34638,0.9220419626372091
34639,1
34640,1
34641,1
34642,0.9927453194301491
34643,1
34644,1
34645,1
34646,0.9567632896538606
34647,1
34648,1
34649,1
34650,1
34651,1
34652,1
34653,1
34654,0.8127867607600591
34655,1
34656,0.7941599469730644
34657,1
34658,1
34659,1
34660,1
34661,0.8424596948130196
34662,1
34663,0.960017555793956
34664,0.8973459867265247
34665,0.9685849804078539
34666,1
34667,1
34668,1
34669,1
34670,0.9574192165931452
34671,0.9718392465479493
34672,1
34673,0.9905051668667311
34674,1
34675,0.9718392465479493
34676,0.9574216351622019
34677,1
34678,0.7695349110353392
34679,1
34680,0.6270862504061968
34681,0.9070745529850461
34682,1
34683,1
34684,0.9302355564425553
34685,0.8658928254901676
34686,1
34687,0.6637644988028824
34688,1
34689,1
34690,1
34691,1
34692,1
34693,0.8731475060600185
34694,1
34695,0.8938812091851585
34696,1
34697,1
34698,1
34699,1
34700,1
34701,1
34702,0.9220419626372091
34703,0.9905051668667311
34704,0.919462918194396
34705,0.9718392465479493
34706,1
34707,1
34708,1
34709,1
34710,1
34711,0.9614144663088184
34712,0.6574104578515455
34713,1
34714,0.9302355564425553
34715,0.6848168444204514
34716,0.8508568224674742
34717,1
34718,1
34719,0.9268434480250362
34720,1
34721,1
34722,1
34723,1
34724,1
34725,1
34726,1
34727,1
34728,0.9939177148077418
34729,0.9371052762402644
34730,1
34731,0.9571659110416263
34732,1
34733,0.8027777087395082
34734,0.5224267632028491
34735,0.9430581897446968
34736,0.7501690487295319
34737,0.9969928523546226
34738,1
34739,0.9832309317100514
34740,0.8680276625315166
34741,1
34742,1
34743,0.8854392350049481
34744,0.7900696251687257
34745,1
34746,1
34747,0.8878511535932557
34748,0.7311209891149338
34749,1
34750,0.5675644385660098
34751,1
34752,1
34753,1
34754,0.8973459867265247
34755,0.9245721490395733
34756,0.8913921485093805
34757,0.9969928523546226
34758,1
34759,1
34760,1
34761,1
34762,1
34763,1
34764,0.9927453194301491
34765,1
34766,0.9969928523546226
34767,0.9584122106405254
34768,0.9624861682912582
34769,1
34770,1
34771,1
34772,0.944490119851477
34773,1
34774,0.9881783092460067
34775,0.9927453194301491
34776,0.9530866435720331
34777,1
34778,0.8398669090794659
34779,1
34780,0.999011897929704
34781,1
34782,1
34783,0.6852274311579885
34784,1
34785,1
34786,0.9027478402914838
34787,1
34788,1
34789,1
34790,1
34791,1
34792,0.9949058168780378
34793,0.999011897929704
34794,0.6471509460941921
34795,1
34796,0.9969928523546226
34797,0.9881783092460067
34798,0.8398669090794659
34799,1
34800,0.9614144663088184
34801,0.9927453194301491
34802,0.8254721960185941
34803,0.811276150035524
34804,1
34805,0.9220419626372091
34806,0.648326149944035
34807,1
34808,1
34809,1
34810,0.9749109523201227
34811,0.4756840206827645
34812,1
34813,0.9430581897446968
34814,1
34815,1
34816,1
34817,0.8054264854325995
34818,0.910744937680904
34819,0.7171355903579985
34820,1
34821,1
34822,1
34823,0.9530866435720331
34824,1
34825,1
34826,0.9832309317100514
34827,1
34828,0.9584073186634412
34829,1
34830,0.9014206023367168
34831,0.9969928523546226
34832,0.6295361960262146
34833,1
34834,1
34835,1
34836,1
34837,1
34838,1
34839,1
34840,1
34841,1
34842,1
34843,1
34844,1
34845,0.958141884030174
34846,1
34847,1
34848,1
34849,1
34850,1
34851,0.9080575066140567
34852,1
34853,0.9568784850608267
34854,1
34855,0.9832309317100514
34856,1
34857,1
34858,1
34859,1
34860,1
34861,1
34862,0.8667133484105514
34863,1
34864,1
34865,0.6754317570902485
34866,1
34867,0.8733813126071528
34868,1
34869,1
34870,1
34871,0.34223647604472807
34872,1
34873,1
34874,0.9949058168780378
34875,1
34876,1
34877,0.9969928523546226
34878,0.980590260469024
34879,1
34880,0.999011897929704
34881,0.9651212677009737
34882,1
34883,0.9685849804078539
34884,0.8953568241435291
34885,1
34886,1
34887,0.5536200632573138
34888,1
34889,1
34890,1
34891,1
34892,0.7797607022827165
34893,1
34894,1
34895,0.9220419626372091
34896,1
34897,0.9651212677009737
34898,1
34899,0.9464069305793552
34900,1
34901,1
34902,1
34903,0.9220419626372091
34904,1
34905,1
34906,1
34907,1
34908,1
34909,0.9400322200210963
34910,1
34911,1
34912,0.9949058168780378
34913,0.8684217335450968
34914,0.9683271170382325
34915,0.9430581897446968
34916,0.9905051668667311
34917,1
34918,1
34919,1
34920,1
34921,1
34922,1
34923,0.9881783092460067
34924,0.9574216351622019
34925,0.9905051668667311
34926,0.9685849804078539
34927,1
34928,1
34929,1
34930,1
34931,0.4227354348940315
34932,0.9949058168780378
34933,1
34934,1
34935,0.8973459867265247
34936,1
34937,0.9651212677009737
34938,1
34939,1
34940,1
34941,0.980590260469024
34942,1
34943,1
34944,0.7214030012893606
34945,1
34946,0.9909105671623645
34947,1
34948,1
34949,1
34950,1
34951,1
34952,0.28404767400530745
34953,1
34954,0.9220419626372091
34955,0.9689876017956197
34956,0.999011897929704
34957,1
34958,1
34959,1
34960,1
34961,1
34962,1
34963,1
34964,0.5936108881628892
34965,1
34966,0.9881783092460067
34967,0.9251413733205932
34968,1
34969,0.9969928523546226
34970,0.7727155548924811
34971,1
34972,1
34973,1
34974,1
34975,1
34976,1
34977,1
34978,1
34979,1
34980,1
34981,0.8973459867265247
34982,0.9638407467659041
34983,1
34984,1
34985,1
34986,1
34987,0.9685849804078539
34988,0.8216277049519358
34989,1
34990,1
34991,0.8906269430450631
34992,1
34993,0.9530866435720331
34994,0.9117330397512
34995,0.8680276625315166
34996,0.9786834761127378
34997,0.9658336485642355
34998,1
34999,0.9574216351622019
35000,1
35001,1
35002,0.9832309317100514
35003,1
35004,1
35005,1
35006,1
35007,1
35008,1
35009,1
35010,1
35011,0.9044100372396918
35012,1
35013,0.8134145467013567
35014,0.4003622490413691
35015,1
35016,0.9718392465479493
35017,1
35018,1
35019,0.8777134939014424
35020,1
35021,1
35022,1
35023,0.999011897929704
35024,0.6270862504061968
35025,0.9371052762402644
35026,0.8549419033600422
35027,1
35028,0.9718392465479493
35029,0.8910506501947678
35030,1
35031,1
35032,0.8405077254509076
35033,1
35034,1
35035,0.8680276625315166
35036,1
35037,0.8943388390811474
35038,0.8831026568120929
35039,0.7003051979204769
35040,0.934090628850252
35041,1
35042,0.9004798249068988
35043,1
35044,0.9430581897446968
35045,1
35046,0.8456799454912083
35047,0.9220419626372091
35048,0.999011897929704
35049,1
35050,0.6523029249331475
35051,1
35052,1
35053,1
35054,1
35055,1
35056,1
35057,1
35058,0.9651212677009737
35059,1
35060,1
35061,0.27877753836240676
35062,1
35063,0.9685849804078539
35064,0.999011897929704
35065,1
35066,0.9939177148077418
35067,1
35068,1
35069,1
35070,0.9718392465479493
35071,0.9830841261240445
35072,0.964440146198306
35073,1
35074,0.7375960889756816
35075,1
35076,1
35077,1
35078,1
35079,1
35080,1
35081,1
35082,0.9009175678901785
35083,1
35084,1
35085,0.8081940261176983
35086,1
35087,1
35088,1
35089,1
35090,0.9409112117376307
35091,1
35092,0.9749109523201227
35093,1
35094,1
35095,1
35096,0.9778219501715014
35097,1
35098,1
35099,0.6245796118348689
35100,1
35101,0.8969042013518295
35102,0.9685849804078539
35103,1
35104,0.8920956827550266
35105,1
35106,0.743529952432959
35107,0.9778219501715014
35108,1
35109,0.9379640066227346
35110,1
35111,0.9918986692326606
35112,1
35113,1
35114,1
35115,1
35116,1
35117,1
35118,0.9641331656306777
35119,1
35120,0.8680276625315166
35121,1
35122,1
35123,0.7782686586854802
35124,0.9273404593370959
35125,1
35126,1
35127,1
35128,0.9584073186634412
35129,0.8973459867265247
35130,1
35131,1
35132,0.9949058168780378
35133,1
35134,1
35135,0.9685849804078539
35136,0.7147925768549297
35137,0.9832309317100514
35138,1
35139,1
35140,1
35141,1
35142,0.6684508125042652
35143,1
35144,1
35145,1
35146,1
35147,1
35148,1
35149,1
35150,1
35151,1
35152,1
35153,1
35154,0.8680276625315166
35155,1
35156,1
35157,1
35158,1
35159,1
35160,0.9718392465479493
35161,0.8452727887554576
35162,0.910744937680904
35163,0.9614144663088184
35164,0.8973459867265247
35165,0.9302355564425553
35166,0.769045577077274
35167,1
35168,1
35169,1
35170,1
35171,0.9515580487482838
35172,0.48062514729493044
35173,0.9220419626372091
35174,0.6069491736826037
35175,0.9785019895157173
35176,0.9949058168780378
35177,1
35178,0.9949058168780378
35179,1
35180,1
35181,0.9302355564425553
35182,0.8683417752309678
35183,1
35184,1
35185,1
35186,1
35187,1
35188,0.9472684565205916
35189,1
35190,0.5293842080890057
35191,0.9302355564425553
35192,1
35193,0.8205428759942438
35194,0.7769721853197303
35195,1
35196,0.6915018576525431
35197,1
35198,1
35199,1
35200,0.16511844455198982
35201,1
35202,0.9641331656306777
35203,1
35204,1
35205,0.9749109523201227
35206,0.4222595218993172
35207,1
35208,0.9193200266969961
35209,0.7653736492580413
35210,1
35211,0.9949058168780378
35212,1
35213,0.8518994033373817
35214,0.9832309317100514
35215,1
35216,0.9574216351622019
35217,1
35218,0.7854668534876745
35219,1
35220,0.8680276625315166
35221,1
35222,1
35223,0.8405077254509076
35224,1
35225,0.5751097621059339
35226,1
35227,1
35228,1
35229,1
35230,1
35231,1
35232,1
35233,1
35234,1
35235,1
35236,0.9714287955428867
35237,0.9220419626372091
35238,1
35239,0.8910506501947678
35240,1
35241,0.9555012127891466
35242,1
35243,0.8027777087395082
35244,1
35245,1
35246,1
35247,1
35248,0.8454392878600276
35249,1
35250,1
35251,1
35252,0.8110858522762134
35253,1
35254,0.9430581897446968
35255,1
35256,1
35257,0.9584073186634412
35258,1
35259,1
35260,1
35261,1
35262,0.9056902566481183
35263,0.9464069305793552
35264,0.901830863647325
35265,0.9078286648293864
35266,1
35267,0.44822043282973734
35268,0.8088545108750855
35269,1
35270,0.9530866435720331
35271,1
35272,1
35273,1
35274,1
35275,0.45507878698779386
35276,0.8110858522762134
35277,1
35278,1
35279,1
35280,1
35281,1
35282,1
35283,0.999011897929704
35284,0.9228377543490556
35285,1
35286,0.9325512361049139
35287,0.5655077410834253
35288,1
35289,0.9969928523546226
35290,1
35291,0.8949639714612515
35292,0.8825537080429178
35293,0.8247624678450217
35294,1
35295,1
35296,1
35297,1
35298,1
35299,1
35300,0.9778219501715014
35301,1
35302,0.616643516675273
35303,0.8642328050290896
35304,0.9430581897446968
35305,1
35306,1
35307,1
35308,1
35309,0.9684216478975095
35310,1
35311,0.9749109523201227
35312,0.6692412599264354
35313,0.9854109837447689
35314,0.9117330397512
35315,1
35316,0.8756295464352087
35317,1
35318,1
35319,1
35320,1
35321,0.9718392465479493
35322,0.6270862504061968
35323,1
35324,0.8940567486216308
35325,1
35326,1
35327,1
35328,0.9857566700855682
35329,0.9057555939268856
35330,0.9905051668667311
35331,1
35332,1
35333,1
35334,1
35335,1
35336,0.8973459867265247
35337,0.9117330397512
35338,0.9089445227882137
35339,0.8973459867265247
35340,1
35341,0.9949058168780378
35342,0.9881783092460067
35343,1
35344,0.9336769040410571
35345,0.9220419626372091
35346,1
35347,1
35348,1
35349,1
35350,0.9969928523546226
35351,0.6962422568159075
35352,1
35353,1
35354,1
35355,1
35356,1
35357,0.9905051668667311
35358,1
35359,1
35360,0.9949058168780378
35361,0.9244551016955692
35362,1
35363,0.9718392465479493
35364,1
35365,1
35366,1
35367,0.9927453194301491
35368,0.9685849804078539
35369,1
35370,1
35371,0.9881783092460067
35372,1
35373,0.8973459867265247
35374,1
35375,0.8956980561054129
35376,1
35377,1
35378,1
35379,1
35380,0.5261532419748116
35381,1
35382,1
35383,1
35384,1
35385,0.9312364989907035
35386,0.9749109523201227
35387,1
35388,1
35389,0.9302355564425553
35390,0.9685849804078539
35391,0.8246458613661484
35392,1
35393,0.5822187491244567
35394,1
35395,0.9555012127891466
35396,1
35397,0.5127711689809101
35398,1
35399,0.9220419626372091
35400,0.980590260469024
35401,1
35402,1
35403,1
35404,1
35405,0.5681046136782318
35406,0.48934057145874793
35407,1
35408,0.48062514729493044
35409,1
35410,0.9685849804078539
35411,1
35412,1
35413,1
35414,1
35415,1
35416,1
35417,0.9778219501715014
35418,0.798027109248189
35419,0.9464069305793552
35420,0.9302355564425553
35421,0.9905051668667311
35422,0.999011897929704
35423,0.9299994467166725
35424,1
35425,1
35426,1
35427,1
35428,0.999011897929704
35429,0.3795796795795765
35430,0.8024924954892028
35431,1
35432,0.8614791523572024
35433,0.9718392465479493
35434,1
35435,0.9493203043948625
35436,0.8913921485093805
35437,1
35438,1
35439,1
35440,0.9298505956704135
35441,1
35442,0.9754960773470618
35443,0.9881783092460067
35444,1
35445,1
35446,0.7199191990914556
35447,1
35448,1
35449,1
35450,1
35451,0.9786834761127378
35452,0.9302355564425553
35453,1
35454,1
35455,0.9371052762402644
35456,1
35457,1
35458,0.9220419626372091
35459,1
35460,0.942943217872475
35461,1
35462,1
35463,1
35464,1
35465,1
35466,1
35467,0.9685849804078539
35468,1
35469,1
35470,0.9343075711884747
35471,0.7296609222703728
35472,0.980590260469024
35473,0.8680276625315166
35474,0.9685849804078539
35475,0.8602350031592277
35476,1
35477,1
35478,1
35479,1
35480,0.5751097621059339
35481,1
35482,0.9905051668667311
35483,1
35484,0.9190798330462162
35485,0.9905051668667311
35486,1
35487,0.8684217335450968
35488,0.9388391256314147
35489,1
35490,0.8876571916047573
35491,1
35492,0.9530866435720331
35493,0.9574216351622019
35494,0.9455999444082086
35495,0.7677219081284175
35496,0.9927453194301491
35497,0.8214184678248085
35498,0.9739228502498266
35499,1
35500,0.7874919117096618
35501,1
35502,1
35503,1
35504,0.9430581897446968
35505,1
35506,0.980590260469024
35507,0.8910506501947678
35508,0.9220419626372091
35509,1
35510,1
35511,1
35512,0.999011897929704
35513,0.971095427335755
35514,0.6652375620667518
35515,1
35516,1
35517,1
35518,0.8973459867265247
35519,0.9881783092460067
35520,1
35521,1
35522,1
35523,1
35524,1
35525,0.928814859830265
35526,1
35527,0.980590260469024
35528,1
35529,0.9927453194301491
35530,1
35531,0.9289242192337076
35532,0.8414746230982509
35533,0.5806117862695144
35534,1
35535,0.9704211388857621
35536,1
35537,0.7793633785354701
35538,0.9371052762402644
35539,1
35540,0.959090147274585
35541,0.999011897929704
35542,1
35543,1
35544,1
35545,1
35546,1
35547,1
35548,1
35549,0.9832309317100514
35550,1
35551,0.9066368100017664
35552,1
35553,1
35554,0.40569611069047035
35555,1
35556,0.9302355564425553
35557,0.8218503352051854
35558,1
35559,1
35560,1
35561,0.6098353987394531
35562,1
35563,1
35564,0.9389703477086159
35565,1
35566,1
35567,1
35568,0.9857566700855682
35569,1
35570,1
35571,0.8684217335450968
35572,0.6716747930687434
35573,1
35574,1
35575,0.9120162285603871
35576,0.9220419626372091
35577,0.9530866435720331
35578,0.9555012127891466
35579,0.9345852398253619
35580,1
35581,1
35582,0.8640900755669243
35583,1
35584,0.9881783092460067
35585,0.5122990121220574
35586,1
35587,1
35588,1
35589,1
35590,1
35591,1
35592,0.9781563031749179
35593,1
35594,0.9574216351622019
35595,0.8547912294958968
35596,1
35597,1
35598,1
35599,1
35600,1
35601,0.7856796165739676
35602,0.8115969525599106
35603,1
35604,0.9749109523201227
35605,0.9881783092460067
35606,1
35607,0.999011897929704
35608,0.8491501190616259
35609,0.8424596948130196
35610,0.9014206023367168
35611,1
35612,0.8719410640272361
35613,0.9492311911275594
35614,1
35615,1
35616,0.8993784729315532
35617,1
35618,1
35619,1
35620,1
35621,0.8753294922974266
35622,0.9927453194301491
35623,0.9685849804078539
35624,0.9473458566943876
35625,0.9206224804901203
35626,1
35627,1
35628,0.999011897929704
35629,1
35630,1
35631,1
35632,0.999011897929704
35633,0.5169033894793099
35634,0.9778219501715014
35635,1
35636,1
35637,0.8956024152852753
35638,0.9655778327624767
35639,1
35640,0.7719950746343598
35641,0.999011897929704
35642,1
35643,1
35644,1
35645,1
35646,0.8005074225233629
35647,0.48549101380754417
35648,1
35649,0.8902293261390836
35650,1
35651,1
35652,0.9483339587646836
35653,1
35654,1
35655,0.9574216351622019
35656,0.9881783092460067
35657,0.8768845533565979
35658,1
35659,0.5679771623880088
35660,1
35661,1
35662,1
35663,0.9337062481088276
35664,1
35665,0.6507723256227514
35666,1
35667,0.9117330397512
35668,1
35669,0.9881783092460067
35670,1
35671,0.999011897929704
35672,0.9718392465479493
35673,1
35674,0.9220419626372091
35675,1
35676,1
35677,1
35678,0.7734417581437895
35679,1
35680,1
35681,0.8680276625315166
35682,0.901465508408138
35683,0.999011897929704
35684,0.8983749805577416
35685,0.9781367485880892
35686,0.9881783092460067
35687,1
35688,1
35689,0.8368744130717932
35690,1
35691,1
35692,1
35693,1
35694,0.9857566700855682
35695,1
35696,1
35697,1
35698,0.9927453194301491
35699,1
35700,1
35701,1
35702,0.9651212677009737
35703,1
35704,1
35705,1
35706,1
35707,1
35708,1
35709,1
35710,0.9927453194301491
35711,0.9496611967194506
35712,0.8193879493637338
35713,1
35714,0.9371052762402644
35715,0.9451748264471223
35716,1
35717,1
35718,1
35719,0.4325925452087664
35720,1
35721,1
35722,1
35723,1
35724,1
35725,0.7061238639623769
35726,0.9220419626372091
35727,0.8956024152852753
35728,1
35729,1
35730,0.787974635506528
35731,0.8650205148861393
35732,1
35733,0.9718392465479493
35734,0.8377320720381168
35735,1
35736,0.8956024152852753
35737,1
35738,1
35739,0.9685849804078539
35740,1
35741,1
35742,1
35743,1
35744,0.98325048629688
35745,1
35746,0.9117330397512
35747,1
35748,1
35749,0.7788622395295586
35750,1
35751,1
35752,1
35753,1
35754,1
35755,1
35756,1
35757,1
35758,0.9614144663088184
35759,0.9685849804078539
35760,1
35761,1
35762,1
35763,1
35764,0.9614144663088184
35765,0.7797607022827165
35766,1
35767,1
35768,1
35769,1
35770,1
35771,1
35772,0.7833738407624912
35773,1
35774,1
35775,0.999011897929704
35776,0.8963578846562287
35777,1
35778,1
35779,1
35780,0.9832309317100514
35781,0.9149272264117658
35782,1
35783,1
35784,1
35785,1
35786,0.9332537128567678
35787,0.8433216728389504
35788,1
35789,1
35790,1
35791,0.9857566700855682
35792,0.9881783092460067
35793,1
35794,0.9117330397512
35795,1
35796,1
35797,1
35798,0.8683417752309678
35799,1
35800,0.9371052762402644
35801,1
35802,0.753551958504048
35803,1
35804,0.9876511363081869
35805,1
35806,1
35807,1
35808,0.9749109523201227
35809,1
35810,0.910744937680904
35811,0.5174264140846152
35812,1
35813,1
35814,0.9604263642385225
35815,1
35816,1
35817,1
35818,1
35819,0.8680276625315166
35820,1
35821,1
35822,1
35823,0.8027777087395082
35824,1
35825,1
35826,1
35827,1
35828,0.9289242192337076
35829,1
35830,0.8988205368504093
35831,1
35832,0.8896171522290649
35833,0.9220419626372091
35834,1
35835,1
35836,0.7585904864954874
35837,0.4836595619404055
35838,1
35839,1
35840,1
35841,1
35842,0.9220419626372091
35843,1
35844,0.9003648530346771
35845,0.42569407840653145
35846,1
35847,0.5860642308156809
35848,0.9325512361049139
35849,1
35850,1
35851,0.8680276625315166
35852,1
35853,1
35854,1
35855,0.8680276625315166
35856,1
35857,0.9927453194301491
35858,1
35859,0.9440810577549157
35860,1
35861,1
35862,0.9749109523201227
35863,1
35864,0.999011897929704
35865,1
35866,1
35867,0.8510146104626144
35868,0.8925722000478029
35869,0.6816752240685845
35870,1
35871,1
35872,0.8090790264777248
35873,1
35874,0.6132645160563458
35875,1
35876,1
35877,1
35878,0.8733813126071528
35879,1
35880,1
35881,1
35882,1
35883,0.7533221355451233
35884,0.8254492976937186
35885,1
35886,1
35887,1
35888,0.785996804596336
35889,1
35890,0.8973459867265247
35891,1
35892,0.9117330397512
35893,1
35894,1
35895,1
35896,1
35897,1
35898,1
35899,1
35900,0.8802539314951286
35901,0.9574216351622019
35902,1
35903,1
35904,0.25232520675064646
35905,0.9117330397512
35906,0.952732902491624
35907,1
35908,1
35909,1
35910,1
35911,1
35912,1
35913,1
35914,1
35915,1
35916,1
35917,1
35918,1
35919,1
35920,1
35921,1
35922,1
35923,1
35924,0.9483339587646836
35925,0.7653736492580413
35926,1
35927,1
35928,0.6525368795962241
35929,0.8973459867265247
35930,0.980590260469024
35931,1
35932,1
35933,0.9685849804078539
35934,1
35935,1
35936,0.7431955994295427
35937,0.9881783092460067
35938,0.9881783092460067
35939,1
35940,1
35941,0.980590260469024
35942,1
35943,0.9388433136576013
35944,1
35945,0.8488383159914644
35946,1
35947,1
35948,0.9857566700855682
35949,1
35950,1
35951,1
35952,0.9857566700855682
35953,1
35954,0.36630256266689154
35955,1
35956,1
35957,1
35958,1
35959,1
35960,0.9969928523546226
35961,1
35962,0.7599309113245942
35963,0.952732902491624
35964,1
35965,0.9927453194301491
35966,0.9007254387499468
35967,0.98325048629688
35968,0.9323325874823246
35969,0.9881783092460067
35970,1
35971,0.9949058168780378
35972,0.8684217335450968
35973,1
35974,1
35975,1
35976,1
35977,1
35978,0.8973459867265247
35979,1
35980,0.999011897929704
35981,0.9802237840646741
35982,0.8622466495608575
35983,0.9302355564425553
35984,0.9689876017956197
35985,1
35986,1
35987,1
35988,1
35989,1
35990,1
35991,0.812598379507402
35992,1
35993,1
35994,1
35995,1
35996,0.9939177148077418
35997,1
35998,0.8726636352576804
35999,1
36000,0.9225429028631756
36001,1
36002,0.9614144663088184
36003,1
36004,1
36005,0.7696048914938948
36006,0.9778219501715014
36007,0.9749109523201227
36008,1
36009,0.9229808758727044
36010,0.8680276625315166
36011,1
36012,1
36013,0.8732147519096309
36014,0.9302355564425553
36015,1
36016,0.8988205368504093
36017,1
36018,0.9555012127891466
36019,1
36020,1
36021,0.9574216351622019
36022,1
36023,0.6875120444288813
36024,0.9927453194301491
36025,0.9574216351622019
36026,1
36027,1
36028,1
36029,0.8414388734302721
36030,1
36031,1
36032,0.9366732600982316
36033,0.6082686814428431
36034,1
36035,1
36036,0.7431955994295427
36037,0.9455999444082086
36038,0.9857566700855682
36039,1
36040,1
36041,0.7777303025991193
36042,1
36043,0.9949058168780378
36044,0.7665468387118208
36045,0.9302355564425553
36046,0.698798746683167
36047,1
36048,1
36049,1
36050,0.9614144663088184
36051,1
36052,1
36053,1
36054,0.9371052762402644
36055,1
36056,0.982749522440191
36057,0.8275815431690801
36058,1
36059,0.8999113489972067
36060,1
36061,1
36062,1
36063,0.9718392465479493
36064,1
36065,1
36066,0.52005578091781
36067,1
36068,0.27809842270951574
36069,0.9289242192337076
36070,1
36071,1
36072,0.8089510152348645
36073,1
36074,1
36075,1
36076,1
36077,1
36078,1
36079,1
36080,0.9651212677009737
36081,1
36082,1
36083,1
36084,1
36085,1
36086,0.7993902313559573
36087,1
36088,1
36089,0.9550701782580007
36090,1
36091,1
36092,1
36093,0.9685849804078539
36094,1
36095,0.8537843326170849
36096,1
36097,1
36098,0.8956024152852753
36099,1
36100,0.9302355564425553
36101,0.999011897929704
36102,1
36103,1
36104,0.9881783092460067
36105,1
36106,1
36107,0.9458319630021822
36108,0.9881783092460067
36109,0.4783928230213106
36110,0.682272121973936
36111,1
36112,1
36113,0.7882754546304872
36114,1
36115,1
36116,1
36117,0.9651212677009737
36118,1
36119,1
36120,0.9614144663088184
36121,1
36122,1
36123,1
36124,0.906746169405209
36125,1
36126,1
36127,0.8358863110014971
36128,0.9949058168780378
36129,1
36130,0.9530866435720331
36131,0.7598554920842192
36132,1
36133,1
36134,0.880576918436576
36135,0.9236617189741063
36136,1
36137,1
36138,1
36139,0.9949058168780378
36140,1
36141,0.8785695152072391
36142,0.9483339587646836
36143,0.28404767400530745
36144,0.9081794574456705
36145,0.8508568224674742
36146,1
36147,0.9173215605603033
36148,1
36149,0.7431955994295427
36150,1
36151,0.9927453194301491
36152,1
36153,1
36154,1
36155,1
36156,1
36157,0.868681980240207
36158,1
36159,1
36160,1
36161,0.9969928523546226
36162,0.9685849804078539
36163,1
36164,0.9832309317100514
36165,1
36166,1
36167,1
36168,0.8239635051998926
36169,1
36170,1
36171,0.8667133484105514
36172,1
36173,1
36174,1
36175,0.6674460593319381
36176,1
36177,1
36178,1
36179,0.9220419626372091
36180,1
36181,0.7018026649199257
36182,1
36183,0.8522775190797645
36184,1
36185,1
36186,0.9685849804078539
36187,1
36188,0.9574216351622019
36189,1
36190,0.9430581897446968
36191,0.5357871160460589
36192,0.4227354348940315
36193,0.9574216351622019
36194,1
36195,0.9655778327624767
36196,0.9532995769469804
36197,1
36198,0.9727277670495392
36199,0.6954248808736343
36200,1
36201,0.9430581897446968
36202,0.8375851011471631
36203,0.7797607022827165
36204,0.7941932617398576
36205,1
36206,1
36207,0.9778219501715014
36208,0.1978908552178076
36209,1
36210,1
36211,1
36212,0.9371052762402644
36213,0.44421701086155385
36214,1
36215,0.9651212677009737
36216,0.9927453194301491
36217,0.9927453194301491
36218,1
36219,0.8947376292694665
36220,0.9371052762402644
36221,1
36222,0.999011897929704
36223,1
36224,0.8715005092605951
36225,1
36226,1
36227,0.9564335330919059
36228,1
36229,0.4219757431005803
36230,1
36231,1
36232,1
36233,1
36234,0.9420047267778425
36235,0.8421928040866778
36236,1
36237,0.21217441155755498
36238,1
36239,1
36240,0.36630256266689154
36241,1
36242,0.9718392465479493
36243,1
36244,1
36245,0.6165602241198819
36246,1
36247,0.9939177148077418
36248,0.980590260469024
36249,1
36250,1
36251,1
36252,1
36253,1
36254,0.9778219501715014
36255,1
36256,1
36257,1
36258,1
36259,1
36260,1
36261,1
36262,1
36263,1
36264,1
36265,1
36266,0.8973459867265247
36267,1
36268,1
36269,0.9832309317100514
36270,1
36271,1
36272,1
36273,0.7941932617398576
36274,0.6316917864057189
36275,0.8956024152852753
36276,0.9483339587646836
36277,1
36278,0.8979104202448013
36279,0.9563202831868564
36280,1
36281,1
36282,1
36283,1
36284,1
36285,0.942943217872475
36286,1
36287,0.9117330397512
36288,1
36289,0.8969529149573318
36290,1
36291,0.9651212677009737
36292,0.9969928523546226
36293,0.9380118956312259
36294,1
36295,0.8211143061035497
36296,1
36297,1
36298,0.9430581897446968
36299,1
36300,0.9430581897446968
36301,1
36302,1
36303,1
36304,0.999011897929704
36305,0.9279889047638524
36306,1
36307,1
36308,0.8368744130717932
36309,0.9220419626372091
36310,1
36311,1
36312,0.8590290363557438
36313,1
36314,1
36315,0.7803152538282229
36316,1
36317,1
36318,0.7653736492580413
36319,0.9778219501715014
36320,0.8973459867265247
36321,1
36322,1
36323,1
36324,0.9785019895157173
36325,0.9430581897446968
36326,1
36327,0.9574216351622019
36328,0.9530866435720331
36329,0.9483339587646836
36330,1
36331,1
36332,1
36333,0.8618942912157173
36334,1
36335,0.9969928523546226
36336,0.9574216351622019
36337,0.6434466853914758
36338,0.9718392465479493
36339,1
36340,1
36341,0.9544144875168246
36342,1
36343,1
36344,1
36345,1
36346,1
36347,1
36348,1
36349,0.9014206023367168
36350,0.892323300220224
36351,0.9117330397512
36352,0.7311209891149338
36353,1
36354,0.7651088629026602
36355,1
36356,0.999011897929704
36357,0.9718392465479493
36358,1
36359,0.9220419626372091
36360,0.9614144663088184
36361,0.9651212677009737
36362,1
36363,1
36364,1
36365,1
36366,1
36367,1
36368,1
36369,0.9220419626372091
36370,1
36371,0.9530866435720331
36372,1
36373,0.7758820210937666
36374,0.9960047502843267
36375,1
36376,0.8568363695826609
36377,1
36378,0.9143342181821917
36379,1
36380,0.8000430619914727
36381,1
36382,1
36383,1
36384,1
36385,0.9213324405340684
36386,1
36387,1
36388,1
36389,0.5732776029055104
36390,1
36391,1
36392,1
36393,1
36394,1
36395,0.9014206023367168
36396,0.8969529149573318
36397,0.9522380880924997
36398,0.9545252398005989
36399,1
36400,1
36401,0.8969529149573318
36402,0.9854109837447689
36403,1
36404,0.9563202831868564
36405,1
36406,1
36407,0.7646868194093445
36408,0.8334482506631616
36409,1
36410,1
36411,1
36412,1
36413,0.4972425565918858
36414,0.865100152381906
36415,1
36416,1
36417,1
36418,1
36419,0.9718392465479493
36420,1
36421,0.7092003441114499
36422,1
36423,0.8839573691719942
36424,1
36425,1
36426,1
36427,0.9614144663088184
36428,1
36429,1
36430,0.9969928523546226
36431,1
36432,0.9778219501715014
36433,0.9206224804901203
36434,0.9067588393767277
36435,1
36436,0.9430581897446968
36437,1
36438,1
36439,1
36440,1
36441,0.9201732053126329
36442,1
36443,0.973934979331575
36444,0.9371052762402644
36445,0.9313320152103
36446,1
36447,0.9483339587646836
36448,0.693751249921008
36449,1
36450,1
36451,0.9014206023367168
36452,1
36453,0.8591472388774735
36454,0.9422603854337113
36455,1
36456,0.9857566700855682
36457,1
36458,0.27877753836240676
36459,0.9822428296397554
36460,0.9302355564425553
36461,0.8394369034875747
36462,1
36463,0.9532995769469804
36464,1
36465,0.8012845151454274
36466,0.999011897929704
36467,1
36468,0.9969928523546226
36469,0.8966861581757088
36470,0.9420700876744007
36471,0.7484223523964945
36472,0.9097484250735023
36473,1
36474,1
36475,1
36476,1
36477,0.8673408326828198
36478,0.8894120622009744
36479,1
36480,0.5016015254359988
36481,0.9220419626372091
36482,0.6852687152019925
36483,0.9584122106405254
36484,0.9809236286761558
36485,1
36486,0.8585328293982476
36487,0.9530866435720331
36488,0.920994528725782
36489,1
36490,1
36491,1
36492,1
36493,1
36494,1
36495,1
36496,1
36497,0.6471509460941921
36498,1
36499,1
36500,0.8452727887554576
36501,0.8876571916047573
36502,1
36503,1
36504,1
36505,1
36506,0.9530866435720331
36507,1
36508,0.946809551967121
36509,1
36510,1
36511,0.9420047267778425
36512,1
36513,1
36514,0.845056202711848
36515,1
36516,0.7442283885649748
36517,1
36518,1
36519,0.9685849804078539
36520,0.9854109837447689
36521,0.5440477346626692
36522,1
36523,0.952732902491624
36524,0.8190876525839591
36525,1
36526,1
36527,1
36528,1
36529,0.8439215118401979
36530,0.9240861931970005
36531,0.9245957957169829
36532,1
36533,0.9832309317100514
36534,0.9338751797903689
36535,1
36536,1
36537,1
36538,1
36539,0.8395557669049658
36540,1
36541,1
36542,0.9420700876744007
36543,0.8089891568790755
36544,0.724262951215942
36545,1
36546,1
36547,0.9117330397512
36548,1
36549,1
36550,0.8680276625315166
36551,0.9493203043948625
36552,0.41149562364530723
36553,1
36554,1
36555,1
36556,1
36557,0.8994263619400445
36558,1
36559,0.9430581897446968
36560,0.9371052762402644
36561,1
36562,0.8090790264777248
36563,0.9778219501715014
36564,1
36565,0.9117330397512
36566,1
36567,0.9358035091748458
36568,1
36569,1
36570,0.999011897929704
36571,1
36572,1
36573,0.9388433136576013
36574,1
36575,1
36576,1
36577,0.9530866435720331
36578,0.9749109523201227
36579,1
36580,1
36581,0.9458319630021822
36582,1
36583,0.9610528818815528
36584,0.8738273668813195
36585,0.8626529081797606
36586,0.8027777087395082
36587,1
36588,1
36589,0.8680276625315166
36590,1
36591,0.8265203218185583
36592,0.9857566700855682
36593,0.5261532419748116
36594,1
36595,1
36596,1
36597,0.725208767712068
36598,1
36599,1
36600,1
36601,0.8837518255697026
36602,0.9410792781948327
36603,1
36604,1
36605,1
36606,1
36607,1
36608,0.5492013345860682
36609,1
36610,1
36611,0.7893827953200289
36612,1
36613,0.9298214515965834
36614,0.9660002594175081
36615,1
36616,1
36617,0.9909105671623645
36618,0.9241532712502971
36619,1
36620,0.9220419626372091
36621,0.8276249512309142
36622,0.9857566700855682
36623,1
36624,1
36625,0.9857566700855682
36626,0.9832309317100514
36627,0.9220419626372091
36628,1
36629,0.9371052762402644
36630,0.9483339587646836
36631,1
36632,1
36633,1
36634,1
36635,1
36636,1
36637,1
36638,0.8854392350049481
36639,1
36640,0.33503125573855097
36641,0.9949058168780378
36642,1
36643,1
36644,1
36645,0.8456799454912083
36646,1
36647,1
36648,1
36649,0.8214916522921538
36650,0.9530866435720331
36651,0.9289242192337076
36652,1
36653,1
36654,1
36655,1
36656,1
36657,1
36658,1
36659,0.9228619463258326
36660,1
36661,1
36662,0.942943217872475
36663,0.9905051668667311
36664,0.7092003441114499
36665,1
36666,0.8854392350049481
36667,0.9371052762402644
36668,0.980590260469024
36669,0.8680276625315166
36670,1
36671,0.6757939507078312
36672,1
36673,0.28404767400530745
36674,0.9217416658574344
36675,1
36676,1
36677,1
36678,0.9371052762402644
36679,1
36680,1
36681,1
36682,0.9420047267778425
36683,1
36684,1
36685,1
36686,0.999011897929704
36687,1
36688,1
36689,1
36690,1
36691,1
36692,1
36693,1
36694,0.7941932617398576
36695,1
36696,1
36697,1
36698,1
36699,0.693751249921008
36700,1
36701,1
36702,0.9718392465479493
36703,1
36704,1
36705,0.9739228502498266
36706,1
36707,1
36708,1
36709,1
36710,1
36711,1
36712,1
36713,0.9614144663088184
36714,1
36715,0.7577291769616384
36716,0.999011897929704
36717,1
36718,0.8131698459082387
36719,0.9188361014710205
36720,1
36721,1
36722,0.8084518894873198
36723,1
36724,0.8973459867265247
36725,0.9584073186634412
36726,1
36727,0.7797607022827165
36728,1
36729,0.612756852582587
36730,1
36731,0.6608316527260744
36732,1
36733,1
36734,0.9530866435720331
36735,0.8537843326170849
36736,0.927330559255511
36737,1
36738,0.9483339587646836
36739,0.9210538605669131
36740,0.8275093226793488
36741,0.6655776504192988
36742,1
36743,1
36744,1
36745,1
36746,1
36747,0.9778219501715014
36748,0.7597403714965959
36749,1
36750,0.8027777087395082
36751,1
36752,0.9430581897446968
36753,0.9571659110416263
36754,1
36755,1
36756,1
36757,1
36758,0.9532995769469804
36759,1
36760,0.982749522440191
36761,0.8933854693638774
36762,1
36763,0.980590260469024
36764,1
36765,1
36766,1
36767,0.9134552264656575
36768,1
36769,1
36770,1
36771,1
36772,1
36773,0.7147447735072628
36774,1
36775,1
36776,1
36777,0.48953566418619493
36778,0.9371052762402644
36779,0.6114784213898836
36780,0.9614144663088184
36781,1
36782,0.8973459867265247
36783,0.1978908552178076
36784,0.8354971891028665
36785,1
36786,1
36787,1
36788,1
36789,0.36630256266689154
36790,0.9574216351622019
36791,1
36792,1
36793,0.9778219501715014
36794,1
36795,1
36796,1
36797,1
36798,1
36799,0.9949058168780378
36800,1
36801,0.826142194717372
36802,0.8075636335050574
36803,1
36804,1
36805,1
36806,0.881689179773843
36807,0.9225429028631756
36808,0.39766679463464705
36809,0.9969928523546226
36810,1
36811,1
36812,1
36813,0.9927453194301491
36814,1
36815,1
36816,1
36817,1
36818,1
36819,1
36820,1
36821,0.34223647604472807
36822,0.9220419626372091
36823,0.9245436791674445
36824,1
36825,0.999011897929704
36826,1
36827,1
36828,1
36829,1
36830,1
36831,1
36832,0.8883850008640032
36833,1
36834,0.9584073186634412
36835,0.47099018002655435
36836,0.8684217335450968
36837,1
36838,1
36839,1
36840,1
36841,1
36842,0.9471711363943868
36843,0.9302355564425553
36844,1
36845,0.9302355564425553
36846,0.9718392465479493
36847,1
36848,1
36849,1
36850,1
36851,0.8021374718039247
36852,1
36853,1
36854,1
36855,1
36856,0.9245436791674445
36857,0.9927453194301491
36858,1
36859,0.6219959749874271
36860,0.9718392465479493
36861,1
36862,1
36863,0.991757217359853
36864,1
36865,1
36866,1
36867,0.8067870212274604
36868,0.9419765105577085
36869,0.9380721305494554
36870,0.7880106269306362
36871,1
36872,1
36873,0.9685849804078539
36874,1
36875,0.6602064361099504
36876,0.8027777087395082
36877,1
36878,1
36879,0.8732937461872521
36880,0.9881783092460067
36881,0.980590260469024
36882,1
36883,0.9960047502843267
36884,1
36885,0.9302355564425553
36886,1
36887,1
36888,1
36889,0.9220419626372091
36890,1
36891,1
36892,1
36893,1
36894,0.999011897929704
36895,0.3795796795795765
36896,0.9532995769469804
36897,0.8211143061035497
36898,0.9905051668667311
36899,1
36900,1
36901,0.910744937680904
36902,0.7006958634745855
36903,0.9007254387499468
36904,1
36905,0.9684216478975095
36906,1
36907,0.6934002335623763
36908,0.9430581897446968
36909,0.9302355564425553
36910,1
36911,1
36912,1
36913,0.6681581322276645
36914,0.9739228502498266
36915,0.9949058168780378
36916,0.8310522348353523
36917,0.9881783092460067
36918,0.9785019895157173
36919,0.8419626418630916
36920,1
36921,0.9969928523546226
36922,1
36923,0.7147925768549297
36924,0.9168791820003348
36925,0.6132645160563458
36926,1
36927,1
36928,0.9809236286761558
36929,1
36930,1
36931,1
36932,1
36933,0.9004219674670443
36934,1
36935,1
36936,0.9530866435720331
36937,1
36938,0.962852644695608
36939,1
36940,1
36941,1
36942,1
36943,1
36944,1
36945,0.9117330397512
36946,1
36947,0.7088197319200059
36948,1
36949,0.8588422374989187
36950,1
36951,0.8801634659849612
36952,0.9055161505890064
36953,0.959090147274585
36954,1
36955,0.9969928523546226
36956,0.8395557669049658
36957,0.28404767400530745
36958,1
36959,0.9530866435720331
36960,0.42170124725991487
36961,0.8939954239777841
36962,1
36963,1
36964,1
36965,0.7509649017739632
36966,0.8673408326828198
36967,1
36968,1
36969,1
36970,1
36971,1
36972,1
36973,1
36974,1
36975,1
36976,0.9116431701525507
36977,1
36978,1
36979,1
36980,0.9227171843344912
36981,0.9380118956312259
36982,0.9220419626372091
36983,1
36984,0.5675142323891663
36985,0.8368744130717932
36986,1
36987,1
36988,0.48934057145874793
36989,1
36990,0.7303596967305136
36991,1
36992,1
36993,1
36994,1
36995,1
36996,1
36997,0.7941599469730644
36998,1
36999,0.9832309317100514
37000,1
37001,1
37002,1
37003,1
37004,0.9614144663088184
37005,0.8684217335450968
37006,1
37007,1
37008,1
37009,1
37010,0.48934057145874793
37011,0.9483339587646836
37012,0.9388391256314147
37013,1
37014,1
37015,0.9778219501715014
37016,0.8027777087395082
37017,0.9718392465479493
37018,0.9361171741699684
37019,0.8609246069835943
37020,1
37021,1
37022,1
37023,0.8131698459082387
37024,0.8020822084595663
37025,1
37026,1
37027,0.9420700876744007
37028,1
37029,1
37030,1
37031,0.9927453194301491
37032,1
37033,1
37034,1
37035,1
37036,1
37037,0.9881783092460067
37038,0.9371052762402644
37039,1
37040,0.980590260469024
37041,0.8938812091851585
37042,0.9905051668667311
37043,1
37044,0.9714287955428867
37045,1
37046,0.9685849804078539
37047,0.9685849804078539
37048,1
37049,1
37050,0.9302355564425553
37051,0.8973459867265247
37052,1
37053,0.9430581897446968
37054,0.8241167656277137
37055,0.65417794632338
37056,1
37057,1
37058,0.9530866435720331
37059,0.9614144663088184
37060,1
37061,0.9371052762402644
37062,1
37063,0.9857566700855682
37064,1
37065,0.8804864560081781
37066,1
37067,1
37068,0.8883302289057365
37069,0.999011897929704
37070,1
37071,1
37072,1
37073,1
37074,1
37075,0.8238817207363169
37076,1
37077,0.9302355564425553
37078,1
37079,0.9136191735199042
37080,1
37081,1
37082,0.950166954592351
37083,1
37084,1
37085,1
37086,0.9220419626372091
37087,1
37088,0.8648196833232331
37089,0.9969928523546226
37090,1
37091,0.8288698449532854
37092,1
37093,1
37094,1
37095,1
37096,1
37097,1
37098,1
37099,1
37100,0.8138697140937888
37101,0.9273404593370959
37102,1
37103,0.9265357340097923
37104,1
37105,0.9337062481088276
37106,1
37107,1
37108,0.9857566700855682
37109,1
37110,0.9778219501715014
37111,0.5753944216296216
37112,1
37113,1
37114,1
37115,0.9832309317100514
37116,0.9857566700855682
37117,0.9718392465479493
37118,0.8027777087395082
37119,1
37120,1
37121,0.9832309317100514
37122,0.5899031739714056
37123,0.8076978526382358
37124,1
37125,1
37126,0.9778219501715014
37127,0.9718392465479493
37128,1
37129,0.7486113383896607
37130,1
37131,0.5922567557500024
37132,0.9718392465479493
37133,0.868525404723658
37134,1
37135,0.9251413733205932
37136,1
37137,0.8925716487648969
37138,0.9430581897446968
37139,1
37140,1
37141,1
37142,0.9949058168780378
37143,1
37144,1
37145,1
37146,0.8685734744958303
37147,1
37148,0.833240520069993
37149,1
37150,0.5903295687932021
37151,0.8368744130717932
37152,1
37153,1
37154,0.9857566700855682
37155,1
37156,0.7788622395295586
37157,1
37158,0.5641177533964319
37159,1
37160,1
37161,1
37162,1
37163,1
37164,1
37165,0.999011897929704
37166,0.860104744164943
37167,1
37168,0.7653736492580413
37169,1
37170,1
37171,1
37172,1
37173,0.959090147274585
37174,1
37175,1
37176,0.9881783092460067
37177,0.9117330397512
37178,1
37179,0.8615491371406016
37180,1
37181,0.9190348149918318
37182,0.9517448004213279
37183,0.9111402211550652
37184,1
37185,1
37186,1
37187,0.9117330397512
37188,0.8258151602159903
37189,0.999011897929704
37190,1
37191,0.9543263590458063
37192,1
37193,0.9227171843344912
37194,1
37195,1
37196,1
37197,0.9483339587646836
37198,1
37199,1
37200,1
37201,1
37202,1
37203,1
37204,0.9718392465479493
37205,1
37206,0.8802539314951286
37207,0.9881783092460067
37208,1
37209,0.8115235952594932
37210,0.9430581897446968
37211,1
37212,1
37213,1
37214,0.5382330641304538
37215,0.9778219501715014
37216,1
37217,0.9337449425094525
37218,1
37219,1
37220,1
37221,0.999011897929704
37222,1
37223,0.5382330641304538
37224,0.8859866153483918
37225,0.999011897929704
37226,1
37227,0.8999113489972067
37228,0.6914385668141514
37229,0.9881783092460067
37230,1
37231,1
37232,0.9220419626372091
37233,0.7582195823438141
37234,0.9532995769469804
37235,0.9543263590458063
37236,1
37237,1
37238,1
37239,1
37240,0.8280553127794084
37241,0.9337062481088276
37242,0.8336396934652397
37243,1
37244,1
37245,0.9430581897446968
37246,1
37247,1
37248,0.9778219501715014
37249,0.9857566700855682
37250,0.9066388566292378
37251,0.9881783092460067
37252,1
37253,0.6859532543577919
37254,0.9685849804078539
37255,0.9530866435720331
37256,0.6574104578515455
37257,1
37258,1
37259,0.9430581897446968
37260,0.88552429597253135
37261,1
37262,1
37263,1
37264,1
37265,0.98325048629688
37266,1
37267,1
37268,1
37269,0.9614144663088184
37270,0.9905051668667311
37271,0.5761503554511852
37272,1
37273,1
37274,0.980590260469024
37275,1
37276,0.7638867919297291
37277,1
37278,1
37279,1
37280,1
37281,1
37282,1
37283,0.7900696251687257
37284,1
37285,1
37286,1
37287,0.798027109248189
37288,0.9312364989907035
37289,0.8591472388774735
37290,0.9584122106405254
37291,1
37292,1
37293,0.7941932617398576
37294,1
37295,0.9960047502843267
37296,1
37297,0.8549728153939216
37298,0.9483339587646836
37299,0.7884117274171174
37300,1
37301,0.9949058168780378
37302,0.9117330397512
37303,0.9905051668667311
37304,0.5440477346626692
37305,1
37306,0.9969928523546226
37307,1
37308,0.8225588566627794
37309,0.8275815431690801
37310,1
37311,1
37312,1
37313,1
37314,1
37315,0.8899959517511917
37316,0.8230978407895173
37317,0.9281631862351679
37318,1
37319,0.9778219501715014
37320,1
37321,1
37322,0.9719038046747454
37323,0.9014206023367168
37324,1
37325,1
37326,0.8590504162728203
37327,1
37328,0.8925722000478029
37329,1
37330,1
37331,1
37332,0.8522775190797645
37333,0.713707608022725
37334,1
37335,1
37336,0.928814859830265
37337,1
37338,0.5007940578143589
37339,1
37340,0.9464069305793552
37341,1
37342,1
37343,0.6962422568159075
37344,1
37345,1
37346,0.9026322231062331
37347,1
37348,1
37349,0.8973459867265247
37350,1
37351,0.659756241044888
37352,0.9667450634259871
37353,1
37354,1
37355,1
37356,1
37357,0.8366126429393705
37358,1
37359,0.8242685065784473
37360,0.9718392465479493
37361,0.6356754296320247
37362,1
37363,1
37364,0.9857566700855682
37365,1
37366,0.9660002594175081
37367,0.6944586424889212
37368,1
37369,1
37370,0.90203336514706
37371,1
37372,0.980590260469024
37373,0.9014712115359719
37374,1
37375,1
37376,1
37377,1
37378,1
37379,0.9179691420648194
37380,1
37381,1
37382,1
37383,0.8719227450430536
37384,1
37385,1
37386,0.8169187842503255
37387,0.973934979331575
37388,1
37389,1
37390,1
37391,1
37392,0.5361405387586743
37393,0.991757217359853
37394,1
37395,1
37396,0.9276104431069954
37397,1
37398,1
37399,0.7834443761378858
37400,0.7084808463112847
37401,1
37402,1
37403,1
37404,1
37405,0.9613563113443844
37406,1
37407,1
37408,1
37409,1
37410,0.8680276625315166
37411,1
37412,0.8973459867265247
37413,1
37414,0.14421982184185203
37415,1
37416,1
37417,1
37418,1
37419,0.936960514248923
37420,0.8848750527459885
37421,1
37422,0.999011897929704
37423,0.9117330397512
37424,0.7670462272644712
37425,0.9044100372396918
37426,0.9909105671623645
37427,0.4308776005662461
37428,1
37429,0.9905051668667311
37430,1
37431,1
37432,0.7646868194093445
37433,1
37434,1
37435,1
37436,1
37437,1
37438,0.8953383171444587
37439,1
37440,0.9581614386170028
37441,1
37442,1
37443,1
37444,0.7474912603309277
37445,1
37446,0.9302355564425553
37447,1
37448,0.9430581897446968
37449,1
37450,1
37451,1
37452,1
37453,0.9685849804078539
37454,0.9927453194301491
37455,1
37456,0.9685849804078539
37457,1
37458,0.9799355266058598
37459,1
37460,1
37461,1
37462,0.9173215605603033
37463,1
37464,0.8901919198122976
37465,1
37466,0.9567632896538606
37467,0.9430581897446968
37468,1
37469,0.9749109523201227
37470,1
37471,0.8439215118401979
37472,1
37473,1
37474,0.8224611737547421
37475,0.9718392465479493
37476,0.9614144663088184
37477,0.9232449110848063
37478,0.8281576048384897
37479,1
37480,1
37481,0.9857566700855682
37482,1
37483,1
37484,1
37485,1
37486,0.4972425565918858
37487,0.9927453194301491
37488,1
37489,0.7599309113245942
37490,0.9302355564425553
37491,1
37492,0.9524295070169732
37493,1
37494,1
37495,1
37496,0.999011897929704
37497,1
37498,1
37499,0.8922518036045625
37500,0.61005969408293
37501,1
37502,1
37503,1
37504,0.98325048629688
37505,1
37506,1
37507,1
37508,1
37509,0.8884166874058741
37510,1
37511,0.10860785149061951
37512,1
37513,0.9604263642385225
37514,1
37515,1
37516,0.9881783092460067
37517,1
37518,1
37519,0.9555012127891466
37520,1
37521,0.9117330397512
37522,1
37523,1
37524,1
37525,1
37526,0.5261532419748116
37527,0.7491191974078548
37528,1
37529,0.980590260469024
37530,1
37531,0.9759762511402005
37532,1
37533,1
37534,1
37535,1
37536,1
37537,1
37538,0.9117330397512
37539,0.8925716487648969
37540,1
37541,1
37542,0.9265357340097923
37543,0.8973459867265247
37544,1
37545,0.9905051668667311
37546,0.999011897929704
37547,0.9881783092460067
37548,1
37549,0.9173215605603033
37550,1
37551,1
37552,0.9159596774449509
37553,1
37554,0.7599309113245942
37555,0.9857566700855682
37556,1
37557,1
37558,1
37559,1
37560,0.8066697072100872
37561,0.9483339587646836
37562,0.9832309317100514
37563,1
37564,1
37565,0.9718392465479493
37566,1
37567,0.9969928523546226
37568,0.8963463772712646
37569,1
37570,1
37571,1
37572,0.7928692573467364
37573,0.9969928523546226
37574,0.9117330397512
37575,0.8925722000478029
37576,0.9905051668667311
37577,1
37578,0.9969928523546226
37579,0.8404041764712215
37580,1
37581,1
37582,1
37583,1
37584,1
37585,1
37586,1
37587,0.966886818302565
37588,0.14421982184185203
37589,1
37590,0.9778219501715014
37591,1
37592,1
37593,1
37594,1
37595,0.8726636352576804
37596,0.8038311717063625
37597,1
37598,1
37599,0.9614144663088184
37600,1
37601,1
37602,0.8652464097477012
37603,1
37604,0.8733813126071528
37605,1
37606,0.9220419626372091
37607,1
37608,1
37609,1
37610,0.8835722862991494
37611,0.9220419626372091
37612,0.9969928523546226
37613,1
37614,1
37615,1
37616,1
37617,0.9651212677009737
37618,1
37619,1
37620,0.9117330397512
37621,1
37622,0.10860785149061951
37623,1
37624,1
37625,1
37626,0.28404767400530745
37627,1
37628,1
37629,1
37630,1
37631,0.1978908552178076
37632,0.9778219501715014
37633,1
37634,0.7034131710165297
37635,0.7214030012893606
37636,0.6303309630660653
37637,1
37638,1
37639,1
37640,0.9857566700855682
37641,1
37642,1
37643,1
37644,1
37645,0.9651212677009737
37646,0.6758658099701649
37647,0.7797607022827165
37648,0.9117330397512
37649,1
37650,1
37651,1
37652,1
37653,0.980590260469024
37654,1
37655,0.9881783092460067
37656,1
37657,0.999011897929704
37658,1
37659,0.9055161505890064
37660,1
37661,0.7581918927890644
37662,0.4219757431005803
37663,0.9651212677009737
37664,0.959090147274585
37665,0.9927453194301491
37666,1
37667,1
37668,1
37669,1
37670,0.9638211921790754
37671,1
37672,1
37673,1
37674,0.9220419626372091
37675,1
37676,1
37677,1
37678,1
37679,0.9719038046747454
37680,1
37681,0.9458319630021822
37682,1
37683,0.9778219501715014
37684,1
37685,1
37686,1
37687,1
37688,0.9685849804078539
37689,0.999011897929704
37690,1
37691,0.8439215118401979
37692,1
37693,1
37694,1
37695,1
37696,1
37697,1
37698,1
37699,1
37700,0.8973459867265247
37701,0.7652946901882997
37702,1
37703,1
37704,0.9302355564425553
37705,0.8015890287015826
37706,1
37707,0.9220419626372091
37708,0.9159596774449509
37709,1
37710,1
37711,1
37712,1
37713,0.9927453194301491
37714,1
37715,1
37716,1
37717,0.9909105671623645
37718,1
37719,1
37720,0.9905051668667311
37721,1
37722,0.9905051668667311
37723,0.9718392465479493
37724,0.8953568241435291
37725,0.9905051668667311
37726,1
37727,1
37728,1
37729,1
37730,0.9380118956312259
37731,1
37732,0.9778219501715014
37733,1
37734,1
37735,1
37736,0.9302355564425553
37737,1
37738,1
37739,0.8263978078692197
37740,0.8753415395841895
37741,1
37742,1
37743,1
37744,0.8439215118401979
37745,1
37746,1
37747,0.8775545592336872
37748,0.9181877906874087
37749,0.9927453194301491
37750,1
37751,1
37752,0.855066535102449
37753,1
37754,1
37755,1
37756,0.8066697072100872
37757,0.8027777087395082
37758,1
37759,0.9905051668667311
37760,1
37761,1
37762,0.5067312111867694
37763,1
37764,0.8337750023884092
37765,0.98325048629688
37766,0.9430581897446968
37767,1
37768,1
37769,1
37770,1
37771,1
37772,0.8784361225870291
37773,0.5174264140846152
37774,1
37775,1
37776,0.9949058168780378
37777,1
37778,1
37779,1
37780,0.9927453194301491
37781,1
37782,1
37783,1
37784,0.8337750023884092
37785,0.9117330397512
37786,0.9371052762402644
37787,1
37788,0.9969928523546226
37789,1
37790,1
37791,1
37792,1
37793,1
37794,0.999011897929704
37795,1
37796,0.8910506501947678
37797,1
37798,0.9969928523546226
37799,1
37800,0.9832309317100514
37801,0.9430581897446968
37802,1
37803,1
37804,1
37805,1
37806,1
37807,0.9483339587646836
37808,1
37809,1
37810,1
37811,1
37812,0.8651028721324201
37813,1
37814,0.999011897929704
37815,1
37816,1
37817,1
37818,1
37819,1
37820,0.9225429028631756
37821,0.8637989130539832
37822,0.9718392465479493
37823,1
37824,0.980590260469024
37825,1
37826,1
37827,1
37828,1
37829,0.9927453194301491
37830,0.8286928821913642
37831,0.9905051668667311
37832,0.9927453194301491
37833,1
37834,0.32505552080138356
37835,1
37836,0.8600669985158838
37837,1
37838,1
37839,1
37840,0.9718392465479493
37841,1
37842,0.8684217335450968
37843,0.9182079112730068
37844,0.8876571916047573
37845,0.61005969408293
37846,1
37847,0.6574104578515455
37848,0.952732902491624
37849,1
37850,1
37851,1
37852,1
37853,1
37854,0.6369940778140282
37855,1
37856,1
37857,1
37858,1
37859,1
37860,0.9645845659780984
37861,0.2490906015516877
37862,0.8452818526510674
37863,0.8405212267881563
37864,1
37865,1
37866,1
37867,1
37868,1
37869,0.9335633566114278
37870,0.999011897929704
37871,0.9905051668667311
37872,1
37873,0.9014206023367168
37874,0.8680276625315166
37875,0.8641965000402286
37876,0.980590260469024
37877,1
37878,1
37879,0.9832309317100514
37880,0.9685849804078539
37881,1
37882,1
37883,1
37884,0.8600669985158838
37885,1
37886,1
37887,1
37888,1
37889,1
37890,0.9483339587646836
37891,1
37892,0.7562155677741058
37893,1
37894,1
37895,1
37896,0.8640604917914398
37897,1
37898,1
37899,1
37900,1
37901,1
37902,0.8680276625315166
37903,1
37904,1
37905,1
37906,1
37907,1
37908,0.9080575066140567
37909,1
37910,1
37911,1
37912,1
37913,1
37914,1
37915,1
37916,1
37917,0.9056902566481183
37918,1
37919,0.8871632303381829
37920,1
37921,0.9832309317100514
37922,1
37923,1
37924,0.9571659110416263
37925,0.9857566700855682
37926,1
37927,0.8969529149573318
37928,1
37929,0.9400322200210963
37930,0.9574216351622019
37931,0.7214030012893606
37932,1
37933,0.9718392465479493
37934,1
37935,0.9718392465479493
37936,0.9881783092460067
37937,1
37938,0.7803858433634824
37939,0.9832309317100514
37940,0.9493203043948625
37941,0.5536200632573138
37942,1
37943,0.9352435853337033
37944,1
37945,1
37946,1
37947,1
37948,1
37949,1
37950,0.617379358020077
37951,0.9430581897446968
37952,1
37953,1
37954,1
37955,0.8802539314951286
37956,0.999011897929704
37957,1
37958,1
37959,0.6205822018733284
37960,1
37961,0.835991150369441
37962,0.9714092409560581
37963,1
37964,1
37965,1
37966,0.9663150578340959
37967,0.6409138905341122
37968,1
37969,1
37970,1
37971,1
37972,1
37973,0.8395557669049658
37974,1
37975,1
37976,0.8973459867265247
37977,0.81195496506415
37978,0.5174264140846152
37979,1
37980,1
37981,1
37982,1
37983,0.9614144663088184
37984,1
37985,0.7145488901349192
37986,0.9220419626372091
37987,0.7797607022827165
37988,1
37989,1
37990,0.8508568224674742
37991,0.9781367485880892
37992,1
37993,0.9271422545663638
37994,1
37995,1
37996,1
37997,0.9969928523546226
37998,0.8853694274127564
37999,0.9161779555969597
38000,0.9265357340097923
38001,0.7895686707766786
38002,1
38003,0.8738273668813195
38004,1
38005,1
38006,1
38007,1
38008,1
38009,1
38010,0.7682801502435397
38011,1
38012,1
38013,1
38014,1
38015,1
38016,1
38017,0.9778219501715014
38018,1
38019,0.8649639932298799
38020,0.5641177533964319
38021,0.9905051668667311
38022,0.9905051668667311
38023,1
38024,0.8973459867265247
38025,0.9251413733205932
38026,0.6684508125042652
38027,1
38028,0.9969928523546226
38029,0.8079560033500015
38030,0.9220419626372091
38031,1
38032,0.5385846791985789
38033,0.999011897929704
38034,0.9483339587646836
38035,1
38036,1
38037,1
38038,1
38039,0.9685849804078539
38040,0.8419685961937553
38041,1
38042,1
38043,1
38044,1
38045,0.9371052762402644
38046,1
38047,0.9371052762402644
38048,0.4972425565918858
38049,0.8045399305422071
38050,0.9857566700855682
38051,1
38052,0.6176511683378058
38053,0.9530866435720331
38054,0.574289814515794
38055,0.32046754330636135
38056,0.921671623979887
38057,1
38058,0.9651212677009737
38059,0.7874460996781049
38060,0.9054140956122729
38061,1
38062,1
38063,0.9574216351622019
38064,0.76018105537206
38065,0.7900696251687257
38066,0.9430581897446968
38067,0.7092003441114499
38068,1
38069,0.9220419626372091
38070,0.49597525974835455
38071,0.8680276625315166
38072,0.9905051668667311
38073,0.9949058168780378
38074,1
38075,0.9473458566943876
38076,1
38077,0.28991058467845343
38078,1
38079,1
38080,0.9371052762402644
38081,1
38082,1
38083,1
38084,0.9483339587646836
38085,1
38086,1
38087,1
38088,1
38089,1
38090,1
38091,0.8726636352576804
38092,1
38093,1
38094,1
38095,0.8275815431690801
38096,1
38097,0.713707608022725
38098,1
38099,0.9532995769469804
38100,1
38101,1
38102,1
38103,1
38104,0.8250642982902938
38105,1
38106,1
38107,0.8561156591826005
38108,0.9785019895157173
38109,0.6185199227818093
38110,0.8680276625315166
38111,1
38112,1
38113,0.9905051668667311
38114,1
38115,1
38116,1
38117,0.9857566700855682
38118,0.999011897929704
38119,1
38120,1
38121,1
38122,0.9857566700855682
38123,1
38124,1
38125,0.9614144663088184
38126,1
38127,1
38128,1
38129,0.9614144663088184
38130,1
38131,0.9430581897446968
38132,1
38133,1
38134,0.7551511839281417
38135,1
38136,1
38137,0.9969928523546226
38138,1
38139,1
38140,1
38141,0.9075264151260265
38142,0.991757217359853
38143,1
38144,1
38145,0.725208767712068
38146,1
38147,1
38148,1
38149,0.8973459867265247
38150,0.8969529149573318
38151,1
38152,1
38153,1
38154,1
38155,1
38156,1
38157,1
38158,1
38159,1
38160,1
38161,1
38162,1
38163,0.6283241637863345
38164,1
38165,0.9430581897446968
38166,0.8359810869786789
38167,1
38168,1
38169,0.8973459867265247
38170,1
38171,1
38172,1
38173,1
38174,1
38175,1
38176,1
38177,1
38178,0.999011897929704
38179,1
38180,1
38181,0.8331489302324904
38182,0.934090628850252
38183,1
38184,0.9574216351622019
38185,1
38186,0.39025893179295296
38187,1
38188,1
38189,1
38190,1
38191,0.7503056587388022
38192,0.9624861682912582
38193,1
38194,1
38195,0.9530866435720331
38196,0.8103990224275166
38197,0.863107408796178
38198,0.999011897929704
38199,0.9117330397512
38200,1
38201,0.9651212677009737
38202,1
38203,1
38204,0.5747332135972761
38205,1
38206,1
38207,1
38208,1
38209,1
38210,1
38211,0.9905051668667311
38212,1
38213,0.9969928523546226
38214,0.8504326302985578
38215,1
38216,1
38217,0.8953775425363821
38218,0.28404767400530745
38219,0.9574216351622019
38220,0.8512894170094685
38221,0.971095427335755
38222,0.8973459867265247
38223,1
38224,1
38225,0.8960298614445082
38226,0.9874980192213537
38227,1
38228,1
38229,0.9117330397512
38230,0.9651212677009737
38231,1
38232,1
38233,1
38234,0.28991058467845343
38235,1
38236,1
38237,0.8781803984664535
38238,1
38239,1
38240,0.9905051668667311
38241,1
38242,0.9635786202570696
38243,0.8680276625315166
38244,1
38245,1
38246,1
38247,0.999011897929704
38248,0.9245436791674445
38249,0.8739786076652499
38250,1
38251,0.9857566700855682
38252,0.21454224790785778
38253,1
38254,1
38255,1
38256,0.8976311613455473
38257,1
38258,1
38259,0.9302355564425553
38260,1
38261,1
38262,0.8992118965512257
38263,1
38264,0.6723936797573714
38265,0.9047435317193211
38266,0.7593567903393763
38267,0.9751491555295406
38268,1
38269,1
38270,0.7608116071224601
38271,0.7781386175185052
38272,1
38273,1
38274,1
38275,0.5707645814302131
38276,0.9479924604500709
38277,0.9389703477086159
38278,1
38279,1
38280,0.9363254186289411
38281,1
38282,1
38283,0.8504326302985578
38284,1
38285,1
38286,1
38287,0.8769460237515491
38288,1
38289,1
38290,1
38291,1
38292,0.9111886887763221
38293,0.9042454191348785
38294,1
38295,0.8445294012806686
38296,1
38297,1
38298,1
38299,1
38300,1
38301,0.7788622395295586
38302,0.7833738407624912
38303,1
38304,1
38305,1
38306,1
38307,1
38308,1
38309,1
38310,0.9822428296397554
38311,0.9685849804078539
38312,1
38313,0.7856796165739676
38314,0.870811524349092
38315,0.9054140956122729
38316,1
38317,1
38318,0.44035287721575256
38319,1
38320,1
38321,0.9685849804078539
38322,0.9749109523201227
38323,1
38324,1
38325,1
38326,1
38327,0.9574216351622019
38328,1
38329,0.9382578051726624
38330,1
38331,1
38332,0.9905051668667311
38333,1
38334,0.9371052762402644
38335,1
38336,1
38337,1
38338,0.9714287955428867
38339,1
38340,1
38341,0.544447521692061
38342,1
38343,0.9290039454729249
38344,1
38345,1
38346,1
38347,1
38348,1
38349,1
38350,1
38351,0.8675619176196446
38352,1
38353,1
38354,0.8537843326170849
38355,0.9530477009082118
38356,1
38357,1
38358,1
38359,1
38360,1
38361,0.8331489302324904
38362,1
38363,0.9371052762402644
38364,1
38365,1
38366,0.9881783092460067
38367,1
38368,1
38369,0.98325048629688
38370,0.952732902491624
38371,0.9718392465479493
38372,0.7651088629026602
38373,1
38374,1
38375,0.9119172249698949
38376,0.9881783092460067
38377,0.9857566700855682
38378,1
38379,1
38380,1
38381,0.9949058168780378
38382,1
38383,0.9969928523546226
38384,0.9098428632825688
38385,1
38386,0.9969928523546226
38387,0.9651212677009737
38388,1
38389,1
38390,0.9857566700855682
38391,1
38392,1
38393,0.9188361014710205
38394,1
38395,1
38396,1
38397,0.6132645160563458
38398,1
38399,0.7214030012893606
38400,1
38401,1
38402,1
38403,1
38404,0.9832309317100514
38405,1
38406,0.4664894843292701
38407,1
38408,0.8673408326828198
38409,1
38410,1
38411,1
38412,1
38413,0.9832309317100514
38414,0.9584073186634412
38415,0.980590260469024
38416,1
38417,0.9949058168780378
38418,1
38419,1
38420,0.880576918436576
38421,0.9571659110416263
38422,0.9857566700855682
38423,0.833858254737215
38424,0.8973459867265247
38425,0.9377561715106503
38426,0.9718392465479493
38427,1
38428,0.9614144663088184
38429,1
38430,0.9574216351622019
38431,0.9530866435720331
38432,1
38433,1
38434,1
38435,0.9302355564425553
38436,1
38437,0.9302355564425553
38438,0.8938812091851585
38439,1
38440,1
38441,0.9302355564425553
38442,1
38443,1
38444,1
38445,1
38446,1
38447,1
38448,0.999011897929704
38449,0.9857566700855682
38450,1
38451,0.9660002594175081
38452,0.9857566700855682
38453,1
38454,0.971095427335755
38455,1
38456,0.9279975958921557
38457,1
38458,1
38459,1
38460,0.9116431701525507
38461,1
38462,1
38463,0.8424596948130196
38464,1
38465,1
38466,1
38467,1
38468,1
38469,0.821344454573358
38470,0.7727155548924811
38471,0.8447918842136349
38472,1
38473,1
38474,1
38475,1
38476,1
38477,0.999011897929704
38478,1
38479,1
38480,0.9949058168780378
38481,0.8031029364476003
38482,1
38483,0.9584122106405254
38484,1
38485,0.9496611967194506
38486,1
38487,1
38488,0.8719891174305382
38489,0.9117330397512
38490,0.9543985855403884
38491,0.9718392465479493
38492,1
38493,1
38494,1
38495,0.9260684823907971
38496,1
38497,0.9905051668667311
38498,0.6471015349655364
38499,0.5769806579122614
38500,1
38501,1
38502,1
38503,1
38504,1
38505,1
38506,1
38507,0.3795796795795765
38508,0.9235285863644149
38509,0.8097737675535652
38510,1
38511,1
38512,1
38513,0.980590260469024
38514,1
38515,1
38516,0.9567632896538606
38517,1
38518,1
38519,1
38520,1
38521,1
38522,0.9574216351622019
38523,0.9718392465479493
38524,1
38525,1
38526,0.9371052762402644
38527,1
38528,0.910744937680904
38529,0.9832309317100514
38530,0.9458319630021822
38531,0.8973459867265247
38532,0.9718392465479493
38533,1
38534,1
38535,0.8680276625315166
38536,1
38537,0.9718392465479493
38538,1
38539,0.9574216351622019
38540,1
38541,1
38542,1
38543,0.600623201770335
38544,1
38545,1
38546,1
38547,1
38548,1
38549,0.6369656326417297
38550,0.9066388566292378
38551,0.8973459867265247
38552,1
38553,0.544447521692061
38554,0.9493203043948625
38555,0.9865099171510577
38556,0.7894908828637178
38557,0.9614144663088184
38558,1
38559,0.999011897929704
38560,1
38561,1
38562,1
38563,0.8854392350049481
38564,0.7653736492580413
38565,1
38566,1
38567,0.865100152381906
38568,1
38569,1
38570,1
38571,1
38572,0.5174264140846152
38573,1
38574,0.8910506501947678
38575,1
38576,1
38577,0.9302355564425553
38578,1
38579,0.9220419626372091
38580,1
38581,0.9718392465479493
38582,1
38583,1
38584,1
38585,0.9251413733205932
38586,1
38587,1
38588,1
38589,0.9430581897446968
38590,1
38591,0.2414910543090284
38592,0.7311209891149338
38593,1
38594,1
38595,0.9624861682912582
38596,0.9257487522004344
38597,1
38598,1
38599,1
38600,1
38601,1
38602,1
38603,0.9927453194301491
38604,0.9290039454729249
38605,0.8801634659849612
38606,1
38607,0.9371052762402644
38608,1
38609,0.980590260469024
38610,1
38611,0.9446453980188699
38612,1
38613,1
38614,1
38615,1
38616,0.9614144663088184
38617,0.8254492976937186
38618,0.9483339587646836
38619,0.9203362079503158
38620,0.9266223410366994
38621,0.9220419626372091
38622,0.9220419626372091
38623,1
38624,0.8883302289057365
38625,0.9857566700855682
38626,1
38627,0.9614144663088184
38628,0.9430581897446968
38629,1
38630,0.9568784850608267
38631,0.8648664696279342
38632,0.9685849804078539
38633,0.6437438783163454
38634,0.910744937680904
38635,1
38636,0.758680460773494
38637,1
38638,1
38639,0.487979599073766
38640,1
38641,0.880318020159054
38642,0.9786834761127378
38643,0.37808618066220195
38644,1
38645,1
38646,1
38647,1
38648,1
38649,1
38650,1
38651,0.9876511363081869
38652,1
38653,1
38654,1
38655,1
38656,1
38657,0.9905051668667311
38658,0.5475870514808996
38659,0.9627498137103139
38660,1
38661,1
38662,0.8496524057442045
38663,0.8163616212962004
38664,1
38665,1
38666,1
38667,1
38668,0.9117330397512
38669,1
38670,1
38671,0.9667450634259871
38672,0.8973459867265247
38673,0.9771682011046219
38674,0.7788622395295586
38675,0.8652817382799306
38676,0.9905051668667311
38677,1
38678,1
38679,0.9778219501715014
38680,1
38681,1
38682,0.26978843991536916
38683,0.9371052762402644
38684,1
38685,1
38686,1
38687,1
38688,1
38689,0.7704934927865432
38690,1
38691,1
38692,0.7509649017739632
38693,1
38694,1
38695,1
38696,0.9874980192213537
38697,1
38698,0.8813351880129968
38699,1
38700,1
38701,0.9905051668667311
38702,1
38703,1
38704,1
38705,0.9412649528180398
38706,0.9832309317100514
38707,0.9857566700855682
38708,0.2679212824639739
38709,0.9832309317100514
38710,1
38711,0.8788755336786978
38712,0.6226591972289537
38713,0.905146508762678
38714,0.8913921485093805
38715,0.9748148025261241
38716,1
38717,1
38718,0.3647101396247044
38719,1
38720,1
38721,1
38722,1
38723,0.6371554967559799
38724,1
38725,0.2790529114582301
38726,1
38727,1
38728,1
38729,1
38730,1
38731,0.9493203043948625
38732,1
38733,1
38734,0.9467501988680719
38735,1
38736,0.9563202831868564
38737,1
38738,0.9857566700855682
38739,1
38740,1
38741,1
38742,0.9614144663088184
38743,0.7036260309588871
38744,0.9832309317100514
38745,0.8973459867265247
38746,1
38747,1
38748,1
38749,1
38750,0.8769427636769767
38751,0.5201179771264789
38752,1
38753,1
38754,0.7945633965413088
38755,0.9905051668667311
38756,1
38757,1
38758,1
38759,1
38760,1
38761,1
38762,1
38763,1
38764,1
38765,0.9117330397512
38766,1
38767,0.9574216351622019
38768,1
38769,1
38770,1
38771,1
38772,0.8277322192853275
38773,0.9927453194301491
38774,1
38775,1
38776,0.5261532419748116
38777,1
38778,0.9768338481012054
38779,0.9718392465479493
38780,0.9483339587646836
38781,1
38782,0.28404767400530745
38783,1
38784,1
38785,0.9939177148077418
38786,1
38787,1
38788,1
38789,1
38790,1
38791,1
38792,1
38793,1
38794,0.9909105671623645
38795,1
38796,1
38797,1
38798,1
38799,0.9483339587646836
38800,1
38801,1
38802,0.9574216351622019
38803,1
38804,0.9718392465479493
38805,0.9467501988680719
38806,0.8523856066234534
38807,1
38808,1
38809,0.9685849804078539
38810,1
38811,1
38812,0.8471886370073537
38813,1
38814,1
38815,0.6900182500031675
38816,0.9832309317100514
38817,0.65417794632338
38818,1
38819,0.3145128586395029
38820,1
38821,0.9273404593370959
38822,1
38823,1
38824,0.8938812091851585
38825,1
38826,0.28404767400530745
38827,1
38828,1
38829,1
38830,0.9651212677009737
38831,0.9371052762402644
38832,1
38833,0.9220419626372091
38834,1
38835,0.8279788315279484
38836,0.9302355564425553
38837,0.9905051668667311
38838,1
38839,0.48062514729493044
38840,0.9220419626372091
38841,0.9927453194301491
38842,1
38843,0.9857566700855682
38844,1
38845,1
38846,0.8585328293982476
38847,1
38848,0.9574216351622019
38849,1
38850,0.7658417460398544
38851,1
38852,0.8933854693638774
38853,1
38854,1
38855,1
38856,0.6569495309815058
38857,1
38858,1
38859,0.9578665871311227
38860,1
38861,0.8359810869786789
38862,1
38863,0.8663031008295031
38864,1
38865,1
38866,0.9614144663088184
38867,1
38868,0.8839573691719942
38869,0.8831855131250667
38870,1
38871,1
38872,1
38873,0.820590897811331
38874,1
38875,1
38876,1
38877,1
38878,1
38879,1
38880,1
38881,0.9155781216821517
38882,0.980590260469024
38883,0.8680276625315166
38884,1
38885,0.9089445227882137
38886,0.8618125356778558
38887,1
38888,1
38889,0.5293842080890057
38890,0.647740060986303
38891,0.9290039454729249
38892,1
38893,1
38894,0.9117330397512
38895,0.7833738407624912
38896,0.9530866435720331
38897,1
38898,1
38899,1
38900,0.964440146198306
38901,1
38902,1
38903,1
38904,0.8395557669049658
38905,1
38906,0.9220419626372091
38907,0.8004091727518199
38908,1
38909,0.999011897929704
38910,1
38911,1
38912,1
38913,0.9857566700855682
38914,0.9832309317100514
38915,0.8368744130717932
38916,1
38917,1
38918,1
38919,1
38920,0.9302355564425553
38921,1
38922,1
38923,0.7145107484907083
38924,1
38925,0.6082686814428431
38926,1
38927,1
38928,0.9483339587646836
38929,0.9574216351622019
38930,0.8684217335450968
38931,0.8993784729315532
38932,1
38933,0.9949058168780378
38934,1
38935,0.9420047267778425
38936,0.5750728035000077
38937,1
38938,1
38939,0.9624861682912582
38940,1
38941,0.9555012127891466
38942,0.9066859513000187
38943,0.8359258130906737
38944,1
38945,1
38946,0.9483339587646836
38947,1
38948,1
38949,1
38950,1
38951,0.9927453194301491
38952,0.8452818526510674
38953,0.9881783092460067
38954,0.9574216351622019
38955,1
38956,0.7989088430632761
38957,1
38958,1
38959,1
38960,1
38961,1
38962,1
38963,1
38964,0.934090628850252
38965,1
38966,1
38967,1
38968,1
38969,1
38970,1
38971,1
38972,1
38973,1
38974,0.9086172004289503
38975,1
38976,1
38977,1
38978,1
38979,0.9574216351622019
38980,0.7653736492580413
38981,1
38982,1
38983,0.9897381717847717
38984,0.9685849804078539
38985,1
38986,1
38987,1
38988,0.9232449110848063
38989,0.6701297819581581
38990,0.9969928523546226
38991,1
38992,1
38993,1
38994,1
38995,1
38996,1
38997,0.9623444134146804
38998,1
38999,0.8359810869786789
39000,1
39001,1
39002,0.9949058168780378
39003,1
39004,1
39005,0.869185233274474
39006,0.8738273668813195
39007,1
39008,0.980590260469024
39009,1
39010,1
39011,1
39012,1
39013,1
39014,1
39015,0.980590260469024
39016,1
39017,1
39018,1
39019,0.833240520069993
39020,0.9651212677009737
39021,1
39022,1
39023,1
39024,0.903439888661189
39025,1
39026,1
39027,0.7611653482028693
39028,0.9055161505890064
39029,1
39030,0.7308982316071004
39031,1
39032,1
39033,1
39034,0.9651212677009737
39035,0.9651212677009737
39036,0.8833674448282782
39037,0.999011897929704
39038,0.9006896772530381
39039,1
39040,1
39041,1
39042,1
39043,0.9371052762402644
39044,0.999011897929704
39045,0.9949058168780378
39046,1
39047,0.9927453194301491
39048,1
39049,0.8522775190797645
39050,0.9371052762402644
39051,0.8211143061035497
39052,1
39053,0.9409112117376307
39054,0.9518159121179053
39055,1
39056,1
39057,0.8876571916047573
39058,1
39059,1
39060,1
39061,0.8585328293982476
39062,1
39063,0.9463201932761807
39064,0.8768543074521739
39065,0.8370440127440274
39066,1
39067,1
39068,0.8973459867265247
39069,1
39070,0.5509048811945736
39071,0.9905051668667311
39072,1
39073,0.9574216351622019
39074,0.6684508125042652
39075,0.5261532419748116
39076,1
39077,1
39078,0.9420047267778425
39079,1
39080,1
39081,1
39082,1
39083,1
39084,0.9141473688004426
39085,1
39086,1
39087,0.8115235952594932
39088,1
39089,1
39090,1
39091,1
39092,1
39093,1
39094,0.7303596967305136
39095,0.991757217359853
39096,0.6247642852849496
39097,0.910744937680904
39098,1
39099,1
39100,1
39101,1
39102,0.8913921485093805
39103,1
39104,1
39105,1
39106,1
39107,1
39108,0.999011897929704
39109,0.8591472388774735
39110,0.9857566700855682
39111,1
39112,1
39113,1
39114,0.921671623979887
39115,1
39116,0.8476706562668039
39117,0.5174264140846152
39118,1
39119,1
39120,1
39121,0.6637644988028824
39122,1
39123,1
39124,1
39125,0.7586168274476114
39126,0.9960047502843267
39127,1
39128,0.8230978407895173
39129,1
39130,1
39131,0.9302355564425553
39132,0.8679274953273802
39133,1
39134,0.7536535438158938
39135,0.9087258921058228
39136,0.9458319630021822
39137,0.8878511535932557
39138,1
39139,0.9881783092460067
39140,1
39141,1
39142,1
39143,1
39144,0.9905051668667311
39145,1
39146,0.7923736719467944
39147,1
39148,0.9220419626372091
39149,0.9232449110848063
39150,1
39151,1
39152,1
39153,0.8076978526382358
39154,1
39155,0.7632661227970541
39156,1
39157,1
39158,1
39159,1
39160,0.9651212677009737
39161,0.8969529149573318
39162,1
39163,0.9371052762402644
39164,1
39165,1
39166,1
39167,1
39168,1
39169,1
39170,1
39171,0.8115235952594932
39172,1
39173,1
39174,0.9857566700855682
39175,0.9420047267778425
39176,1
39177,1
39178,1
39179,0.8680276625315166
39180,1
39181,1
39182,1
39183,1
39184,1
39185,0.9822623842265841
39186,0.4783928230213106
39187,1
39188,0.9220419626372091
39189,0.9078286648293864
39190,0.9584073186634412
39191,1
39192,1
39193,1
39194,1
39195,1
39196,1
39197,1
39198,1
39199,1
39200,0.9117330397512
39201,0.8537843326170849
39202,1
39203,1
39204,0.52005578091781
39205,1
39206,1
39207,1
39208,1
39209,1
39210,1
39211,0.9604263642385225
39212,1
39213,1
39214,1
39215,1
39216,1
39217,1
39218,1
39219,0.7640105588309645
39220,1
39221,0.8035860462818079
39222,1
39223,0.9010668612563077
39224,1
39225,0.9685849804078539
39226,1
39227,0.5494078692768082
39228,0.9718392465479493
39229,0.9749109523201227
39230,1
39231,0.9150773159063044
39232,1
39233,1
39234,0.7653736492580413
39235,1
39236,0.3363639295650201
39237,1
39238,0.9302355564425553
39239,0.9371052762402644
39240,0.9141473688004426
39241,1
39242,0.999011897929704
39243,1
39244,0.9574216351622019
39245,1
39246,1
39247,1
39248,1
39249,0.9220419626372091
39250,0.9220419626372091
39251,0.9550701782580007
39252,0.9718392465479493
39253,1
39254,0.9584073186634412
39255,0.8103990224275166
39256,1
39257,0.9663469305545923
39258,0.980590260469024
39259,1
39260,0.9524295070169732
39261,1
39262,0.9685849804078539
39263,1
39264,1
39265,0.980590260469024
39266,0.8348076353324319
39267,0.999011897929704
39268,0.8801634659849612
39269,0.9786834761127378
39270,1
39271,1
39272,1
39273,1
39274,1
39275,1
39276,1
39277,0.8380341891653327
39278,1
39279,1
39280,1
39281,0.999011897929704
39282,1
39283,1
39284,0.999011897929704
39285,1
39286,0.734626658417221
39287,0.9897381717847717
39288,1
39289,1
39290,1
39291,1
39292,1
39293,1
39294,1
39295,1
39296,1
39297,1
39298,1
39299,0.39025893179295296
39300,0.9614144663088184
39301,0.9377561715106503
39302,0.8368744130717932
39303,0.9651212677009737
39304,0.9290039454729249
39305,1
39306,1
39307,0.6845395265664629
39308,1
39309,0.9874980192213537
39310,0.28404767400530745
39311,0.9363254186289411
39312,1
39313,0.8973459867265247
39314,0.999011897929704
39315,1
39316,1
39317,1
39318,1
39319,1
39320,0.9532995769469804
39321,0.9302355564425553
39322,1
39323,0.9014206023367168
39324,1
39325,0.9298505956704135
39326,0.9420656238250115
39327,1
39328,0.9881783092460067
39329,0.9323325874823246
39330,1
39331,1
39332,1
39333,1
39334,0.9106619336802785
39335,0.5550289253197536
39336,0.9584073186634412
39337,1
39338,1
39339,0.999011897929704
39340,0.999011897929704
39341,1
39342,0.916947779515247
39343,1
39344,1
39345,0.9541597857389675
39346,0.9927453194301491
39347,1
39348,0.9857566700855682
39349,1
39350,0.5536200632573138
39351,1
39352,1
39353,1
39354,1
39355,1
39356,0.9949058168780378
39357,0.9857566700855682
39358,1
39359,1
39360,1
39361,0.9604263642385225
39362,1
39363,1
39364,1
39365,0.9905051668667311
39366,0.8988205368504093
39367,1
39368,0.1739354062296626
39369,1
39370,1
39371,0.9749109523201227
39372,0.8271965823969382
39373,0.9220419626372091
39374,0.8681995630652899
39375,1
39376,1
39377,1
39378,1
39379,0.8254492976937186
39380,0.7147925768549297
39381,1
39382,0.9312364989907035
39383,0.9220419626372091
39384,1
39385,1
39386,0.7156765057907074
39387,0.7694482648682334
39388,0.9567632896538606
39389,1
39390,0.9641331656306777
39391,0.9483717539978538
39392,0.9371052762402644
39393,0.9430581897446968
39394,0.9718392465479493
39395,1
39396,1
39397,1
39398,1
39399,1
39400,1
39401,0.9217566640765255
39402,0.9483339587646836
39403,1
39404,1
39405,1
39406,1
39407,1
39408,0.8360827352655551
39409,1
39410,0.665284998255248
39411,1
39412,0.6082686814428431
39413,0.9066388566292378
39414,0.6560301784651017
39415,1
39416,1
39417,1
39418,0.5042113203137224
39419,1
39420,1
39421,1
39422,1
39423,1
39424,0.758680460773494
39425,0.9897381717847717
39426,0.9614144663088184
39427,1
39428,1
39429,1
39430,0.9614144663088184
39431,1
39432,0.8597255002012709
39433,1
39434,1
39435,0.9117330397512
39436,1
39437,0.6905494500756244
39438,1
39439,0.5134949769471477
39440,0.8275815431690801
39441,1
39442,1
39443,0.9545252398005989
39444,1
39445,1
39446,1
39447,0.999011897929704
39448,0.9483339587646836
39449,1
39450,1
39451,0.2414910543090284
39452,0.9584122106405254
39453,1
39454,0.9949058168780378
39455,1
39456,1
39457,0.9685849804078539
39458,0.8359810869786789
39459,0.9055454946567769
39460,1
39461,1
39462,0.9371052762402644
39463,0.9832309317100514
39464,0.8017339106403443
39465,1
39466,0.9881783092460067
39467,1
39468,1
39469,1
39470,0.9685849804078539
39471,1
39472,1
39473,0.9614144663088184
39474,1
39475,1
39476,1
39477,1
39478,0.9201732053126329
39479,1
39480,1
39481,1
39482,1
39483,1
39484,0.9530866435720331
39485,1
39486,1
39487,0.8680276625315166
39488,1
39489,1
39490,0.6914385668141514
39491,0.980590260469024
39492,1
39493,1
39494,1
39495,1
39496,1
39497,0.9905051668667311
39498,0.8956024152852753
39499,1
39500,1
39501,0.4783928230213106
39502,1
39503,1
39504,1
39505,1
39506,0.76018105537206
39507,1
39508,0.980590260469024
39509,1
39510,0.4308776005662461
39511,0.8973459867265247
39512,0.8620930047365286
39513,1
39514,0.9832309317100514
39515,0.9194335741266254
39516,0.9949058168780378
39517,1
39518,0.9718392465479493
39519,1
39520,1
39521,0.8614791523572024
39522,0.8956980561054129
39523,0.8756295464352087
39524,0.999011897929704
39525,1
39526,0.5827724360387795
39527,1
39528,0.9302355564425553
39529,1
39530,0.9905051668667311
39531,0.9371052762402644
39532,1
39533,0.9614144663088184
39534,0.9584073186634412
39535,0.8582518123416335
39536,0.9927453194301491
39537,0.9464069305793552
39538,1
39539,0.7880106269306362
39540,1
39541,1
39542,1
39543,1
39544,0.8729087854151102
39545,0.980590260469024
39546,1
39547,1
39548,0.8684217335450968
39549,0.9227171843344912
39550,0.980590260469024
39551,1
39552,1
39553,0.9229967766186237
39554,0.9044726560535153
39555,1
39556,1
39557,0.853198824132146
39558,0.999011897929704
39559,0.8359810869786789
39560,0.98325048629688
39561,0.9489173775072564
39562,0.8551614465625377
39563,0.8973459867265247
39564,1
39565,1
39566,0.6287167585972125
39567,0.9067588393767277
39568,0.9651212677009737
39569,0.9905051668667311
39570,0.979602158398728
39571,0.7886809447085816
39572,1
39573,1
39574,1
39575,1
39576,1
39577,0.9574192165931452
39578,1
39579,0.9785019895157173
39580,1
39581,1
39582,1
39583,1
39584,0.9949058168780378
39585,0.6720125058872791
39586,1
39587,0.9781367485880892
39588,0.277757956073979
39589,1
39590,1
39591,0.9739228502498266
39592,1
39593,0.8486179230005406
39594,0.9483339587646836
39595,1
39596,1
39597,1
39598,1
39599,1
39600,1
39601,1
39602,0.980590260469024
39603,1
39604,0.9909105671623645
39605,0.7900111191044499
39606,1
39607,0.8922518036045625
39608,1
39609,0.9778219501715014
39610,1
39611,0.8973459867265247
39612,1
39613,1
39614,1
39615,1
39616,0.1739354062296626
39617,0.9302355564425553
39618,1
39619,0.9220419626372091
39620,1
39621,0.999011897929704
39622,1
39623,0.9117330397512
39624,1
39625,1
39626,1
39627,0.9614144663088184
39628,0.8266308714086987
39629,1
39630,1
39631,1
39632,1
39633,1
39634,0.6478002100750792
39635,0.8027777087395082
39636,1
39637,0.9905051668667311
39638,1
39639,1
39640,0.9371052762402644
39641,0.9262891214547482
39642,0.991757217359853
39643,1
39644,1
39645,0.9117330397512
39646,1
39647,1
39648,0.5780507851192617
39649,1
39650,0.7381759003666757
39651,1
39652,0.9614144663088184
39653,1
39654,1
39655,0.9220419626372091
39656,0.28404767400530745
39657,1
39658,1
39659,0.8978324347801133
39660,1
39661,1
39662,1
39663,0.9905051668667311
39664,1
39665,0.9905051668667311
39666,0.9857566700855682
39667,1
39668,0.971095427335755
39669,1
39670,0.999011897929704
39671,0.6233633719178356
39672,0.36630256266689154
39673,0.8388686576174249
39674,0.7346302791425017
39675,1
39676,1
39677,0.9881783092460067
39678,1
39679,1
39680,0.5761503554511852
39681,1
39682,0.6410044251386428
39683,0.8901919198122976
39684,0.8620795336141043
39685,1
39686,1
39687,0.9949058168780378
39688,0.8388686576174249
39689,1
39690,1
39691,1
39692,0.9718392465479493
39693,0.9430581897446968
39694,0.9483339587646836
39695,0.980590260469024
39696,1
39697,0.2589311231943287
39698,0.9778219501715014
39699,1
39700,1
39701,1
39702,0.9857566700855682
39703,1
39704,0.40895466584439294
39705,1
39706,1
39707,0.9905051668667311
39708,1
39709,1
39710,1
39711,1
39712,1
39713,1
39714,0.9927453194301491
39715,1
39716,1
39717,1
39718,1
39719,1
39720,0.9927453194301491
39721,0.9614144663088184
39722,0.8878511535932557
39723,1
39724,0.8684217335450968
39725,0.999011897929704
39726,0.8373970288258442
39727,0.4724423978337025
39728,1
39729,1
39730,0.9026322231062331
39731,1
39732,1
39733,0.891650022751374
39734,0.9105082787342351
39735,1
39736,1
39737,0.9778219501715014
39738,0.7900111191044499
39739,0.9881783092460067
39740,1
39741,0.8334437817183702
39742,1
39743,1
39744,1
39745,1
39746,0.9574216351622019
39747,1
39748,1
39749,1
39750,1
39751,1
39752,1
39753,1
39754,1
39755,1
39756,0.9949058168780378
39757,1
39758,0.9299994467166725
39759,1
39760,1
39761,1
39762,0.9832309317100514
39763,0.9302355564425553
39764,0.9866630342378909
39765,1
39766,0.9614144663088184
39767,0.7497672289165328
39768,1
39769,0.8405077254509076
39770,1
39771,0.9530866435720331
39772,0.6684508125042652
39773,1
39774,1
39775,0.8265146186907244
39776,1
39777,0.999011897929704
39778,0.8722569390466473
39779,1
39780,1
39781,1
39782,0.6036391368295004
39783,1
39784,1
39785,1
39786,1
39787,1
39788,1
39789,0.724262951215942
39790,0.28404767400530745
39791,1
39792,0.931564890474735
39793,1
39794,1
39795,0.9430581897446968
39796,0.9371052762402644
39797,1
39798,0.8684217335450968
39799,0.9778219501715014
39800,1
39801,1
39802,0.6673190425155775
39803,1
39804,1
39805,0.9220419626372091
39806,0.7653736492580413
39807,1
39808,0.8680276625315166
39809,0.805380063397717
39810,0.8294421288403351
39811,0.9881783092460067
39812,0.9438047438137114
39813,1
39814,1
39815,0.9280066373736272
39816,1
39817,1
39818,1
39819,0.9371052762402644
39820,0.999011897929704
39821,0.9832309317100514
39822,1
39823,1
39824,1
39825,1
39826,1
39827,1
39828,1
39829,1
39830,0.98325048629688
39831,0.8597590244486232
39832,0.9685849804078539
39833,1
39834,0.9949058168780378
39835,0.9949058168780378
39836,0.826142194717372
39837,0.8348076353324319
39838,0.9651212677009737
39839,1
39840,1
39841,0.47638908725645024
39842,1
39843,0.9220419626372091
39844,0.927228408797178
39845,1
39846,1
39847,0.52005578091781
39848,1
39849,1
39850,0.9574216351622019
39851,1
39852,1
39853,0.7671529740416729
39854,1
39855,0.8966580516425219
39856,1
39857,1
39858,0.8939954239777841
39859,0.9749109523201227
39860,1
39861,1
39862,0.8038311717063625
39863,1
39864,0.3795796795795765
39865,0.9117330397512
39866,0.8969529149573318
39867,1
39868,1
39869,0.8934512035932672
39870,1
39871,0.9081794574456705
39872,0.8938812091851585
39873,0.8903569261888675
39874,1
39875,0.8517765301667466
39876,0.8984134546913396
39877,1
39878,0.8265146186907244
39879,1
39880,0.9105082787342351
39881,1
39882,0.8785854159531583
39883,1
39884,0.9749109523201227
39885,1
39886,1
39887,0.9881783092460067
39888,1
39889,1
39890,0.8254721960185941
39891,1
39892,1
39893,0.9371052762402644
39894,1
39895,0.9479924604500709
39896,1
39897,1
39898,0.9302355564425553
39899,1
39900,1
39901,0.5747306915475116
39902,1
39903,1
39904,1
39905,0.8509694562315199
39906,1
39907,1
39908,0.8254492976937186
39909,1
39910,0.9687685697150307
39911,1
39912,0.9043576841812937
39913,0.9871902071757107
39914,0.8794635977994111
39915,1
39916,0.9778219501715014
39917,1
39918,0.9117330397512
39919,1
39920,1
39921,1
39922,0.9927453194301491
39923,1
39924,1
39925,0.9802237840646741
39926,0.9117330397512
39927,1
39928,1
39929,1
39930,1
39931,0.8049718565968214
39932,1
39933,1
39934,0.9969928523546226
39935,1
39936,0.9685849804078539
39937,0.8027777087395082
39938,0.999011897929704
39939,0.7146417742082991
39940,0.8504326302985578
39941,0.8973459867265247
39942,1
39943,1
39944,0.9388391256314147
39945,1
39946,1
39947,1
39948,0.36889452827023816
39949,1
39950,0.41149562364530723
39951,1
39952,1
39953,0.8973459867265247
39954,0.7500166585770257
39955,0.9066388566292378
39956,0.9718392465479493
39957,1
39958,0.9213178828994779
39959,0.9718392465479493
39960,1
39961,1
39962,1
39963,1
39964,1
39965,0.9857566700855682
39966,0.8488383159914644
39967,0.9651212677009737
39968,1
39969,1
39970,0.8027777087395082
39971,1
39972,0.9960047502843267
39973,1
39974,1
39975,1
39976,1
39977,1
39978,0.65417794632338
39979,1
39980,1
39981,1
39982,0.8943388390811474
39983,1
39984,0.41712370421112305
39985,1
39986,1
39987,0.3145128586395029
39988,0.9371052762402644
39989,1
39990,0.9439972107343976
39991,0.5042113203137224
39992,0.9927453194301491
39993,0.9614144663088184
39994,1
39995,1
39996,1
39997,0.7981972878147904
39998,0.931564890474735
39999,0.9120162285603871
40000,1
40001,0.9832309317100514
40002,1
40003,0.9154167136063691
40004,1
40005,1
40006,0.9507910536663244
40007,1
40008,1
40009,1
40010,0.9857566700855682
40011,1
40012,1
40013,1
40014,1
40015,0.9949058168780378
40016,0.999011897929704
40017,0.8549728153939216
40018,1
40019,0.8294421288403351
40020,0.9184138656885621
40021,1
40022,0.8973459867265247
40023,1
40024,0.9685849804078539
40025,0.9043576841812937
40026,1
40027,1
40028,0.9874980192213537
40029,0.9614144663088184
40030,1
40031,0.999011897929704
40032,1
40033,0.9530866435720331
40034,0.7701025632538776
40035,1
40036,1
40037,0.9530866435720331
40038,0.9651212677009737
40039,0.9574216351622019
40040,1
40041,1
40042,1
40043,1
40044,0.9530866435720331
40045,1
40046,0.7079610225490559
40047,0.6684508125042652
40048,0.9614144663088184
40049,1
40050,1
40051,1
40052,1
40053,1
40054,0.9483339587646836
40055,1
40056,1
40057,1
40058,0.9483339587646836
40059,1
40060,0.371294066115471
40061,1
40062,0.9949058168780378
40063,1
40064,1
40065,0.9881783092460067
40066,0.9614144663088184
40067,0.9832309317100514
40068,0.7599309113245942
40069,1
40070,0.9651212677009737
40071,0.9881783092460067
40072,0.8373782067476211
40073,0.9022382066179311
40074,1
40075,1
40076,0.9220419626372091
40077,1
40078,0.9651212677009737
40079,0.8990804958229794
40080,1
40081,0.9568784850608267
40082,0.9905051668667311
40083,1
40084,1
40085,1
40086,1
40087,0.9857566700855682
40088,0.7665468387118208
40089,1
40090,1
40091,1
40092,1
40093,1
40094,1
40095,1
40096,0.8680276625315166
40097,0.9969928523546226
40098,0.853198824132146
40099,1
40100,0.999011897929704
40101,1
40102,1
40103,1
40104,1
40105,1
40106,1
40107,1
40108,0.9685849804078539
40109,0.9781367485880892
40110,1
40111,1
40112,1
40113,1
40114,0.8014813488844391
40115,1
40116,1
40117,1
40118,0.9371052762402644
40119,1
40120,0.8680276625315166
40121,0.5261532419748116
40122,1
40123,1
40124,1
40125,0.8115098027117754
40126,0.9022265439412381
40127,1
40128,1
40129,0.968832098902572
40130,0.8850686196503731
40131,1
40132,1
40133,1
40134,1
40135,1
40136,1
40137,0.9479924604500709
40138,0.8956024152852753
40139,0.9927453194301491
40140,0.8302873068429586
40141,0.8337750023884092
40142,1
40143,0.9718392465479493
40144,1
40145,1
40146,1
40147,1
40148,0.811276150035524
40149,1
40150,0.6287978746620494
40151,1
40152,0.5740339673404945
40153,0.9014206023367168
40154,1
40155,0.9220419626372091
40156,1
40157,0.9651212677009737
40158,0.8883850008640032
40159,0.9530866435720331
40160,0.5462117152243747
40161,1
40162,1
40163,1
40164,0.9846439886628096
40165,0.9905051668667311
40166,0.9463201932761807
40167,0.9685849804078539
40168,0.9504033358247151
40169,1
40170,0.9302355564425553
40171,1
40172,1
40173,0.9014712115359719
40174,1
40175,1
40176,1
40177,1
40178,1
40179,1
40180,0.971095427335755
40181,1
40182,0.7989199360914329
40183,0.6168720271900433
40184,1
40185,1
40186,1
40187,1
40188,0.9106550680822547
40189,0.9881783092460067
40190,1
40191,0.9905051668667311
40192,1
40193,1
40194,0.952732902491624
40195,0.8973459867265247
40196,0.9905051668667311
40197,1
40198,0.9927453194301491
40199,0.9430581897446968
40200,1
40201,1
40202,1
40203,1
40204,1
40205,0.7719950746343598
40206,0.28404767400530745
40207,0.9056902566481183
40208,1
40209,0.999011897929704
40210,1
40211,1
40212,0.28404767400530745
40213,0.581771640464797
40214,0.8683417752309678
40215,1
40216,0.8680276625315166
40217,0.9371052762402644
40218,1
40219,0.8138697140937888
40220,0.9483339587646836
40221,1
40222,1
40223,0.8878511535932557
40224,0.9455999444082086
40225,1
40226,1
40227,1
40228,0.9430581897446968
40229,1
40230,1
40231,0.28404767400530745
40232,1
40233,0.7459461444908584
40234,0.9614144663088184
40235,0.5753944216296216
40236,0.9220419626372091
40237,0.9614144663088184
40238,0.8488383159914644
40239,1
40240,1
40241,1
40242,1
40243,0.9857566700855682
40244,1
40245,0.9302355564425553
40246,0.9220419626372091
40247,1
40248,1
40249,1
40250,0.9030857303905068
40251,0.960017555793956
40252,0.9949058168780378
40253,1
40254,0.9097484250735023
40255,1
40256,0.5827724360387795
40257,1
40258,0.48893853464075954
40259,0.9220419626372091
40260,0.8956024152852753
40261,0.44822043282973734
40262,1
40263,1
40264,1
40265,0.9927453194301491
40266,0.999011897929704
40267,1
40268,0.5827724360387795
40269,1
40270,1
40271,1
40272,0.5899166496867291
40273,0.8115235952594932
40274,1
40275,1
40276,0.8110858522762134
40277,1
40278,0.753551958504048
40279,0.9265357340097923
40280,0.32046754330636135
40281,1
40282,0.9719038046747454
40283,0.9718392465479493
40284,0.8084216497547939
40285,0.9208801399161981
40286,0.9832309317100514
40287,0.8920286489122582
40288,0.7665468387118208
40289,0.8247528783580204
40290,1
40291,0.7900696251687257
40292,1
40293,1
40294,0.9097484250735023
40295,0.9117330397512
40296,0.9530866435720331
40297,0.4784650942096875
40298,1
40299,1
40300,1
40301,0.5769806579122614
40302,1
40303,1
40304,1
40305,1
40306,1
40307,1
40308,1
40309,1
40310,0.9614144663088184
40311,1
40312,0.8251995279038068
40313,1
40314,1
40315,1
40316,1
40317,1
40318,1
40319,0.9624861682912582
40320,1
40321,0.48062514729493044
40322,1
40323,0.999011897929704
40324,0.9530866435720331
40325,1
40326,1
40327,1
40328,1
40329,1
40330,0.999011897929704
40331,0.8276249512309142
40332,1
40333,0.7874919117096618
40334,1
40335,0.9857566700855682
40336,1
40337,1
40338,1
40339,0.999011897929704
40340,1
40341,1
40342,0.9483339587646836
40343,0.9220419626372091
40344,1
40345,1
40346,1
40347,1
40348,0.9641331656306777
40349,1
40350,1
40351,0.8925722000478029
40352,1
40353,1
40354,1
40355,1
40356,1
40357,1
40358,1
40359,0.9430581897446968
40360,0.8379633317745603
40361,0.9550897328448293
40362,0.9220419626372091
40363,1
40364,1
40365,1
40366,1
40367,0.9881783092460067
40368,1
40369,1
40370,1
40371,0.9614144663088184
40372,1
40373,0.7622118249447238
40374,0.9832309317100514
40375,1
40376,0.9220419626372091
40377,1
40378,1
40379,1
40380,0.8719891174305382
40381,0.9918986692326606
40382,1
40383,0.9969928523546226
40384,1
40385,0.6369940778140282
40386,1
40387,0.980590260469024
40388,0.48893853464075954
40389,1
40390,1
40391,0.8668032180092007
40392,1
40393,0.960017555793956
40394,0.9778219501715014
40395,0.8973459867265247
40396,1
40397,0.8472114306620593
40398,0.9614144663088184
40399,1
40400,0.8680276625315166
40401,1
40402,1
40403,1
40404,1
40405,0.9685849804078539
40406,0.8629334794095544
40407,0.980590260469024
40408,1
40409,1
40410,1
40411,1
40412,1
40413,1
40414,1
40415,1
40416,1
40417,1
40418,0.936960514248923
40419,0.9651212677009737
40420,0.48062514729493044
40421,1
40422,1
40423,1
40424,1
40425,0.980590260469024
40426,0.6549066802953377
40427,1
40428,0.8562059717775233
40429,0.9651212677009737
40430,0.9220419626372091
40431,0.5117096963710714
40432,0.7036260309588871
40433,1
40434,0.9905051668667311
40435,0.9574216351622019
40436,1
40437,1
40438,1
40439,0.9430581897446968
40440,0.9014206023367168
40441,0.8427806663026047
40442,0.13551615908469558
40443,1
40444,0.48062514729493044
40445,1
40446,0.8973459867265247
40447,0.9220419626372091
40448,0.7874460996781049
40449,1
40450,1
40451,0.1362400349580319
40452,0.7599309113245942
40453,1
40454,1
40455,1
40456,1
40457,0.8947376292694665
40458,0.9043576841812937
40459,1
40460,1
40461,0.9070826077246559
40462,1
40463,0.3594475323086776
40464,1
40465,1
40466,1
40467,1
40468,0.1394358406950158
40469,1
40470,1
40471,0.9337062481088276
40472,1
40473,1
40474,1
40475,1
40476,1
40477,1
40478,1
40479,0.980590260469024
40480,0.9857566700855682
40481,1
40482,0.9749109523201227
40483,0.9969928523546226
40484,0.9685849804078539
40485,0.5971594890634548
40486,0.9312364989907035
40487,1
40488,0.980590260469024
40489,1
40490,0.25232520675064646
40491,0.8944697482253062
40492,1
40493,1
40494,0.8115235952594932
40495,1
40496,1
40497,0.9905051668667311
40498,0.7080116440475741
40499,1
40500,0.9220419626372091
40501,0.999011897929704
40502,0.9430581897446968
40503,1
40504,1
40505,1
40506,1
40507,1
40508,1
40509,1
40510,0.6118701509353975
40511,0.8673408326828198
40512,1
40513,1
40514,1
40515,0.9371052762402644
40516,1
40517,1
40518,0.9217566640765255
40519,1
40520,1
40521,1
40522,0.9388391256314147
40523,1
40524,0.9405717638818152
40525,1
40526,1
40527,0.8775948404748349
40528,0.9309085937435345
40529,0.9969928523546226
40530,1
40531,1
40532,0.9352435853337033
40533,1
40534,0.8956024152852753
40535,1
40536,0.9371052762402644
40537,0.9881783092460067
40538,1
40539,1
40540,0.8782280168926263
40541,1
40542,0.8496524057442045
40543,1
40544,0.9302355564425553
40545,1
40546,1
40547,0.9718392465479493
40548,1
40549,1
40550,1
40551,1
40552,0.371294066115471
40553,1
40554,0.9651212677009737
40555,1
40556,1
40557,1
40558,0.999011897929704
40559,0.9245721490395733
40560,0.9881783092460067
40561,1
40562,0.7541910919249339
40563,0.9881783092460067
40564,1
40565,0.6742306036804537
40566,0.8573024241598532
40567,0.6875120444288813
40568,1
40569,1
40570,1
40571,1
40572,1
40573,1
40574,1
40575,0.9667450634259871
40576,1
40577,1
40578,0.7353684952143363
40579,0.8368744130717932
40580,0.9592737365817617
40581,1
40582,1
40583,1
40584,1
40585,0.9541597857389675
40586,0.9881783092460067
40587,0.7869009766492261
40588,0.9685849804078539
40589,1
40590,1
40591,0.9857566700855682
40592,0.9778219501715014
40593,0.9336769040410571
40594,0.9685849804078539
40595,1
40596,1
40597,1
40598,0.9541597857389675
40599,0.7465971777387557
40600,0.9881783092460067
40601,1
40602,0.7886809447085816
40603,1
40604,1
40605,1
40606,0.7900696251687257
40607,1
40608,1
40609,0.8087400144322988
40610,0.8510146104626144
40611,1
40612,1
40613,0.8038311717063625
40614,1
40615,0.9881783092460067
40616,1
40617,0.9371052762402644
40618,1
40619,0.6855354766317584
40620,1
40621,1
40622,0.9574216351622019
40623,0.9584073186634412
40624,0.9117330397512
40625,0.9832309317100514
40626,1
40627,1
40628,1
40629,1
40630,0.9857566700855682
40631,1
40632,1
40633,1
40634,1
40635,0.9265357340097923
40636,1
40637,0.9371052762402644
40638,1
40639,1
40640,0.9220419626372091
40641,1
40642,1
40643,1
40644,0.3594475323086776
40645,0.9718392465479493
40646,1
40647,1
40648,0.9546597272529381
40649,0.5089806356020149
40650,1
40651,1
40652,1
40653,0.9658336485642355
40654,0.9292608817101512
40655,0.9574216351622019
40656,1
40657,0.9613563113443844
40658,1
40659,1
40660,1
40661,0.999011897929704
40662,0.8734840439465626
40663,0.9778219501715014
40664,1
40665,0.9260066155700558
40666,0.9614144663088184
40667,1
40668,0.9857566700855682
40669,1
40670,1
40671,1
40672,1
40673,1
40674,0.7695801058180177
40675,1
40676,1
40677,0.980590260469024
40678,1
40679,1
40680,0.9663346124209247
40681,0.9371052762402644
40682,1
40683,0.9969928523546226
40684,0.9685849804078539
40685,0.753551958504048
40686,0.9147872820673582
40687,1
40688,0.9014206023367168
40689,1
40690,1
40691,0.9651212677009737
40692,1
40693,0.8769460237515491
40694,1
40695,1
40696,0.9530866435720331
40697,0.9881783092460067
40698,0.9220419626372091
40699,0.3692427936151644
40700,1
40701,1
40702,1
40703,1
40704,0.9117330397512
40705,1
40706,1
40707,1
40708,0.5850004425363944
40709,1
40710,0.9881783092460067
40711,1
40712,1
40713,0.40569611069047035
40714,1
40715,0.9371052762402644
40716,1
40717,0.8469766250849033
40718,1
40719,1
40720,1
40721,0.9483339587646836
40722,0.999011897929704
40723,1
40724,0.98325048629688
40725,1
40726,1
40727,0.9430581897446968
40728,1
40729,1
40730,1
40731,1
40732,1
40733,1
40734,0.2969948651910791
40735,1
40736,1
40737,1
40738,1
40739,0.8452818526510674
40740,1
40741,1
40742,0.857643269613079
40743,0.7872328705287219
40744,0.9236484502137208
40745,1
40746,0.9778219501715014
40747,1
40748,0.1362400349580319
40749,1
40750,1
40751,0.9117330397512
40752,1
40753,0.9905051668667311
40754,0.8582783971484009
40755,1
40756,0.9483339587646836
40757,0.9718392465479493
40758,1
40759,1
40760,1
40761,1
40762,1
40763,1
40764,0.9302355564425553
40765,1
40766,1
40767,1
40768,1
40769,1
40770,1
40771,0.6132645160563458
40772,1
40773,0.999011897929704
40774,0.9781367485880892
40775,0.1394358406950158
40776,1
40777,1
40778,1
40779,0.7653736492580413
40780,0.8777773976993465
40781,1
40782,0.9687685697150307
40783,0.7566059964155584
40784,0.9550701782580007
40785,1
40786,0.9905051668667311
40787,0.9832309317100514
40788,0.9809236286761558
40789,0.8673831521498847
40790,0.9273404593370959
40791,0.805132938771781
40792,1
40793,1
40794,1
40795,1
40796,0.9614144663088184
40797,0.9220419626372091
40798,1
40799,0.8729087854151102
40800,0.9733355798991731
40801,1
40802,1
40803,0.8510146104626144
40804,1
40805,1
40806,0.8628319757129675
40807,1
40808,0.8969529149573318
40809,1
40810,0.9251413733205932
40811,0.9483339587646836
40812,1
40813,1
40814,1
40815,1
40816,1
40817,1
40818,0.8973459867265247
40819,0.28404767400530745
40820,0.9467501988680719
40821,0.22853005627794243
40822,0.7307506504576117
40823,1
40824,0.975129600942712
40825,1
40826,1
40827,0.9809236286761558
40828,1
40829,1
40830,1
40831,1
40832,1
40833,1
40834,1
40835,1
40836,0.5326172109522959
40837,1
40838,1
40839,1
40840,0.6684508125042652
40841,0.3999233439226605
40842,0.9718392465479493
40843,1
40844,1
40845,1
40846,0.6346219902829614
40847,0.9718392465479493
40848,1
40849,0.5643619743440815
40850,0.8956980561054129
40851,0.9371052762402644
40852,0.948749781857699
40853,1
40854,0.9455999444082086
40855,1
40856,1
40857,1
40858,1
40859,1
40860,1
40861,1
40862,1
40863,0.920994528725782
40864,1
40865,1
40866,1
40867,0.6432237615397834
40868,1
40869,0.9530866435720331
40870,1
40871,1
40872,1
40873,0.9302355564425553
40874,0.9776953740424417
40875,1
40876,1
40877,1
40878,1
40879,1
40880,0.9881783092460067
40881,0.9969928523546226
40882,0.8008763083445318
40883,0.9614144663088184
40884,0.9006896772530381
40885,1
40886,0.9614144663088184
40887,0.9685849804078539
40888,1
40889,0.9420700876744007
40890,1
40891,1
40892,1
40893,1
40894,1
40895,1
40896,0.9055161505890064
40897,1
40898,0.9741610534592446
40899,1
40900,0.8294421288403351
40901,1
40902,1
40903,1
40904,0.9651212677009737
40905,1
40906,1
40907,0.9463201932761807
40908,1
40909,1
40910,0.9651212677009737
40911,1
40912,0.8680276625315166
40913,1
40914,1
40915,1
40916,1
40917,0.8901919198122976
40918,0.9718392465479493
40919,1
40920,0.9685849804078539
40921,1
40922,1
40923,0.8409804941234593
40924,1
40925,1
40926,1
40927,1
40928,1
40929,0.9479924604500709
40930,0.8247688218995796
40931,0.8297562415397864
40932,0.8607729819616656
40933,0.9574216351622019
40934,0.6076855193320915
40935,1
40936,0.7848177079365012
40937,1
40938,0.9949058168780378
40939,1
40940,0.8368744130717932
40941,1
40942,0.9530866435720331
40943,0.9624861682912582
40944,0.971095427335755
40945,0.8680276625315166
40946,1
40947,1
40948,1
40949,0.9775831128236467
40950,1
40951,0.6439995517504246
40952,1
40953,1
40954,0.9574216351622019
40955,0.7371823374449186
40956,1
40957,1
40958,1
40959,0.8294660686764778
40960,1
40961,1
40962,1
40963,0.865100152381906
40964,1
40965,1
40966,1
40967,1
40968,1
40969,1
40970,1
40971,1
40972,0.5750728035000077
40973,1
40974,1
40975,1
40976,1
40977,0.7912821142577634
40978,1
40979,0.9927453194301491
40980,0.9927453194301491
40981,1
40982,0.8680276625315166
40983,1
40984,0.9302355564425553
40985,0.9382578051726624
40986,0.9905051668667311
40987,1
40988,1
40989,1
40990,1
40991,1
40992,1
40993,1
40994,1
40995,1
40996,1
40997,1
40998,0.9832309317100514
40999,0.9574216351622019
41000,0.8969529149573318
41001,1
41002,0.7676001236796788
41003,0.8488383159914644
41004,0.9464069305793552
41005,0.9302355564425553
41006,1
41007,1
41008,1
41009,0.5174264140846152
41010,0.9685849804078539
41011,1
41012,0.9244551016955692
41013,1
41014,1
41015,1
41016,1
41017,1
41018,0.8547676218887266
41019,0.6640041062136763
41020,1
41021,0.9530866435720331
41022,1
41023,0.9718392465479493
41024,1
41025,1
41026,0.8186450633988287
41027,1
41028,0.9651212677009737
41029,0.9584122106405254
41030,0.9881783092460067
41031,0.522443640218606
41032,1
41033,0.9337062481088276
41034,1
41035,1
41036,0.6114784213898836
41037,1
41038,1
41039,1
41040,1
41041,1
41042,0.9332537128567678
41043,0.9371052762402644
41044,1
41045,0.9778219501715014
41046,1
41047,1
41048,0.9574216351622019
41049,1
41050,0.9194212559929577
41051,1
41052,1
41053,1
41054,1
41055,1
41056,1
41057,1
41058,1
41059,0.903439888661189
41060,1
41061,1
41062,0.9881783092460067
41063,1
41064,0.4120990616917744
41065,1
41066,1
41067,0.6577569289265476
41068,0.9371052762402644
41069,0.8920317214461785
41070,1
41071,0.9483339587646836
41072,0.9117330397512
41073,0.9302355564425553
41074,1
41075,1
41076,0.8673408326828198
41077,0.980590260469024
41078,1
41079,0.9778219501715014
41080,1
41081,0.9220419626372091
41082,1
41083,1
41084,1
41085,1
41086,1
41087,1
41088,0.9416431423505767
41089,1
41090,1
41091,1
41092,0.9614144663088184
41093,0.9857566700855682
41094,1
41095,1
41096,1
41097,0.9574216351622019
41098,0.9063997791135122
41099,0.8270923216058885
41100,0.971095427335755
41101,1
41102,1
41103,1
41104,1
41105,1
41106,0.8038311717063625
41107,1
41108,1
41109,1
41110,1
41111,0.9574216351622019
41112,1
41113,1
41114,1
41115,0.9949058168780378
41116,1
41117,0.9881783092460067
41118,0.999011897929704
41119,0.9208801399161981
41120,0.612637292863084
41121,0.8419626418630916
41122,1
41123,1
41124,1
41125,1
41126,0.9846439886628096
41127,1
41128,1
41129,1
41130,1
41131,1
41132,1
41133,1
41134,1
41135,0.999011897929704
41136,0.9949058168780378
41137,0.9718392465479493
41138,1
41139,1
41140,1
41141,0.9638407467659041
41142,1
41143,0.28404767400530745
41144,0.9227171843344912
41145,1
41146,1
41147,1
41148,1
41149,0.7923256398467801
41150,1
41151,1
41152,0.9302355564425553
41153,1
41154,0.9066388566292378
41155,0.8090790264777248
41156,1
41157,0.9518159121179053
41158,0.9778219501715014
41159,0.733586629668591
41160,0.8956024152852753
41161,1
41162,0.8953568241435291
41163,0.9824038360993915
41164,1
41165,1
41166,1
41167,0.9905051668667311
41168,0.9857566700855682
41169,1
41170,0.7951894686972276
41171,0.9117330397512
41172,1
41173,0.8945991131641734
41174,1
41175,1
41176,0.9949058168780378
41177,1
41178,1
41179,1
41180,1
41181,1
41182,1
41183,0.9969928523546226
41184,0.6690457348980247
41185,0.9778219501715014
41186,1
41187,1
41188,0.9718392465479493
41189,1
41190,1
41191,1
41192,1
41193,0.8510146104626144
41194,1
41195,0.8015890287015826
41196,0.9634907972858918
41197,0.8492515266548621
41198,0.5670379659113903
41199,1
41200,1
41201,1
41202,0.9949058168780378
41203,1
41204,1
41205,1
41206,1
41207,1
41208,1
41209,0.663239830885803
41210,1
41211,0.9718392465479493
41212,1
41213,0.8913921485093805
41214,0.9051154890648857
41215,1
41216,0.9832309317100514
41217,0.9483521994110251
41218,1
41219,0.9543263590458063
41220,0.9778219501715014
41221,0.7391204931175409
41222,0.980590260469024
41223,1
41224,0.9251413733205932
41225,1
41226,1
41227,1
41228,0.8086057855008596
41229,1
41230,1
41231,1
41232,1
41233,0.7597403714965959
41234,1
41235,0.9014206023367168
41236,1
41237,1
41238,1
41239,1
41240,1
41241,0.8590504162728203
41242,0.8587604530353432
41243,0.7797607022827165
41244,1
41245,1
41246,1
41247,0.9949058168780378
41248,0.9371052762402644
41249,1
41250,0.9530866435720331
41251,0.9927453194301491
41252,0.3799357156131723
41253,0.9574216351622019
41254,1
41255,1
41256,0.720305181611281
41257,0.8973459867265247
41258,1
41259,1
41260,1
41261,0.9718392465479493
41262,1
41263,1
41264,0.8973459867265247
41265,1
41266,1
41267,0.8684217335450968
41268,1
41269,0.9220419626372091
41270,1
41271,1
41272,1
41273,0.9220419626372091
41274,0.9298505956704135
41275,0.8680276625315166
41276,0.770655633659696
41277,1
41278,1
41279,0.9802433386515028
41280,0.9832309317100514
41281,0.8429386148516392
41282,1
41283,0.9302355564425553
41284,1
41285,1
41286,1
41287,0.9832309317100514
41288,1
41289,1
41290,1
41291,1
41292,0.7141716909679351
41293,0.8813351880129968
41294,1
41295,0.8973459867265247
41296,0.7874919117096618
41297,1
41298,1
41299,0.9574216351622019
41300,0.9345852398253619
41301,1
41302,0.8973459867265247
41303,1
41304,1
41305,1
41306,0.9430581897446968
41307,0.9939177148077418
41308,0.9434959327279765
41309,1
41310,1
41311,0.45353423233273343
41312,0.999011897929704
41313,1
41314,1
41315,1
41316,1
41317,1
41318,1
41319,1
41320,1
41321,1
41322,0.40569611069047035
41323,0.9455999444082086
41324,0.9574216351622019
41325,1
41326,1
41327,0.9778219501715014
41328,1
41329,0.9927453194301491
41330,1
41331,0.8524161649845253
41332,1
41333,0.5440477346626692
41334,0.8242685065784473
41335,1
41336,1
41337,0.7989199360914329
41338,1
41339,1
41340,1
41341,1
41342,0.9683271170382325
41343,1
41344,1
41345,0.9574216351622019
41346,1
41347,0.9530866435720331
41348,0.9905051668667311
41349,0.9371052762402644
41350,1
41351,0.9495778622646436
41352,0.8510146104626144
41353,0.8725725361731109
41354,0.9776553393182288
41355,1
41356,1
41357,1
41358,1
41359,0.7038732896318124
41360,1
41361,1
41362,0.9460063796558776
41363,1
41364,0.9430581897446968
41365,0.9949058168780378
41366,1
41367,0.9349285081140786
41368,0.9483339587646836
41369,1
41370,1
41371,0.9483339587646836
41372,0.9430581897446968
41373,0.8583235596377321
41374,1
41375,1
41376,1
41377,0.7900696251687257
41378,0.9881783092460067
41379,0.6831283870909007
41380,1
41381,1
41382,1
41383,0.8225588566627794
41384,1
41385,1
41386,0.9749109523201227
41387,1
41388,0.9352435853337033
41389,1
41390,1
41391,1
41392,1
41393,1
41394,1
41395,1
41396,1
41397,0.9483339587646836
41398,0.980590260469024
41399,1
41400,1
41401,0.8956024152852753
41402,1
41403,1
41404,0.973934979331575
41405,0.9778219501715014
41406,1
41407,1
41408,0.9685849804078539
41409,1
41410,0.8771563183395839
41411,1
41412,0.8973459867265247
41413,1
41414,0.9483339587646836
41415,1
41416,0.9150773159063044
41417,0.999011897929704
41418,0.9483339587646836
41419,1
41420,1
41421,1
41422,1
41423,1
41424,0.9574216351622019
41425,1
41426,1
41427,0.8801634659849612
41428,1
41429,1
41430,0.9371052762402644
41431,1
41432,1
41433,1
41434,1
41435,0.9538449497759459
41436,1
41437,0.8785695152072391
41438,0.8525337439539906
41439,1
41440,0.999011897929704
41441,1
41442,0.9117330397512
41443,1
41444,0.9058738459552951
41445,0.9543263590458063
41446,0.7214030012893606
41447,1
41448,0.7893827953200289
41449,0.8680276625315166
41450,1
41451,1
41452,1
41453,1
41454,1
41455,1
41456,1
41457,0.7509229637637156
41458,1
41459,0.8486179230005406
41460,1
41461,0.8801634659849612
41462,1
41463,1
41464,0.9302355564425553
41465,1
41466,1
41467,0.9579950784441671
41468,0.5077230850269264
41469,0.9718392465479493
41470,1
41471,1
41472,1
41473,0.9949058168780378
41474,1
41475,1
41476,1
41477,0.980590260469024
41478,1
41479,1
41480,1
41481,1
41482,0.9220419626372091
41483,0.9323325874823246
41484,1
41485,1
41486,1
41487,1
41488,1
41489,1
41490,0.8276249512309142
41491,1
41492,1
41493,0.8680276625315166
41494,0.9685849804078539
41495,1
41496,0.9388391256314147
41497,0.9483339587646836
41498,0.9832309317100514
41499,1
41500,1
41501,1
41502,1
41503,0.9226603481434248
41504,1
41505,1
41506,0.1083997555845975
41507,0.9354128160955898
41508,1
41509,1
41510,1
41511,0.9302355564425553
41512,1
41513,1
41514,1
41515,0.8504326302985578
41516,1
41517,1
41518,0.5174264140846152
41519,0.9302355564425553
41520,0.9749109523201227
41521,1
41522,0.999011897929704
41523,1
41524,0.9371052762402644
41525,1
41526,1
41527,1
41528,0.9430581897446968
41529,1
41530,0.9194212559929577
41531,0.9949058168780378
41532,1
41533,1
41534,0.6761185869389453
41535,1
41536,0.9241532712502971
41537,0.9749109523201227
41538,1
41539,1
41540,0.8866439920713227
41541,0.9651212677009737
41542,1
41543,0.8973459867265247
41544,1
41545,0.9309085937435345
41546,1
41547,1
41548,0.9927453194301491
41549,0.9614144663088184
41550,1
41551,0.9857566700855682
41552,0.7192247918038389
41553,0.9857566700855682
41554,1
41555,1
41556,1
41557,0.9771682011046219
41558,1
41559,1
41560,1
41561,1
41562,1
41563,0.857643269613079
41564,0.9430581897446968
41565,1
41566,1
41567,1
41568,1
41569,1
41570,1
41571,1
41572,1
41573,1
41574,1
41575,1
41576,1
41577,0.9874980192213537
41578,0.9949058168780378
41579,0.8973459867265247
41580,1
41581,0.8439215118401979
41582,1
41583,0.722912887020431
41584,1
41585,0.6684508125042652
41586,1
41587,0.7251617839369608
41588,0.8904040464390846
41589,0.9718392465479493
41590,1
41591,1
41592,1
41593,1
41594,0.22853005627794243
41595,0.7050442877689876
41596,0.8883850008640032
41597,0.928814859830265
41598,0.8090790264777248
41599,0.9718392465479493
41600,0.7367828902140994
41601,1
41602,1
41603,0.7874919117096618
41604,1
41605,0.8509694562315199
41606,0.8883302289057365
41607,1
41608,0.9778219501715014
41609,1
41610,0.9651212677009737
41611,1
41612,1
41613,1
41614,0.980590260469024
41615,1
41616,0.6201648787539381
41617,1
41618,0.5051999531632779
41619,1
41620,1
41621,0.9651212677009737
41622,0.671105172745678
41623,1
41624,0.9969928523546226
41625,0.8005074225233629
41626,1
41627,0.9718392465479493
41628,1
41629,1
41630,0.9336769040410571
41631,0.8225588566627794
41632,1
41633,0.5332129484838447
41634,0.9265357340097923
41635,1
41636,1
41637,1
41638,1
41639,1
41640,1
41641,0.9832309317100514
41642,1
41643,1
41644,1
41645,0.8254492976937186
41646,0.9371052762402644
41647,1
41648,1
41649,1
41650,0.645318646368076
41651,1
41652,1
41653,0.9718392465479493
41654,1
41655,0.9574216351622019
41656,1
41657,0.8973459867265247
41658,0.9718392465479493
41659,1
41660,0.5998457321866448
41661,0.8632679727914276
41662,0.9530866435720331
41663,1
41664,0.9302355564425553
41665,1
41666,0.8561156591826005
41667,1
41668,1
41669,0.5261532419748116
41670,1
41671,0.8935809124053838
41672,1
41673,1
41674,1
41675,0.9927453194301491
41676,0.9604263642385225
41677,1
41678,1
41679,1
41680,1
41681,1
41682,1
41683,1
41684,0.9685849804078539
41685,1
41686,1
41687,1
41688,0.9718392465479493
41689,1
41690,0.8028914813833016
41691,1
41692,0.8973459867265247
41693,1
41694,1
41695,1
41696,0.9822428296397554
41697,1
41698,0.9881783092460067
41699,1
41700,0.968832098902572
41701,1
41702,1
41703,1
41704,0.8895989115827235
41705,0.9927453194301491
41706,1
41707,0.9188361014710205
41708,0.8505717643928711
41709,1
41710,1
41711,0.5174264140846152
41712,0.999011897929704
41713,0.6069491736826037
41714,1
41715,0.9556264345677047
41716,0.7900696251687257
41717,0.9927453194301491
41718,1
41719,1
41720,0.8956024152852753
41721,1
41722,1
41723,1
41724,1
41725,1
41726,0.9430581897446968
41727,1
41728,0.9220419626372091
41729,1
41730,0.999011897929704
41731,1
41732,1
41733,1
41734,0.8645855693347227
41735,1
41736,1
41737,0.9949058168780378
41738,1
41739,1
41740,1
41741,0.9430581897446968
41742,0.8673408326828198
41743,0.9857566700855682
41744,1
41745,1
41746,1
41747,0.9058195460636571
41748,1
41749,0.3377124616080103
41750,1
41751,0.9430581897446968
41752,1
41753,1
41754,1
41755,0.9718392465479493
41756,1
41757,0.999011897929704
41758,0.9905051668667311
41759,1
41760,0.9574216351622019
41761,1
41762,1
41763,1
41764,0.9416560157461097
41765,1
41766,1
41767,0.920994528725782
41768,1
41769,1
41770,1
41771,0.999011897929704
41772,1
41773,1
41774,1
41775,1
41776,1
41777,1
41778,1
41779,0.40340280918539606
41780,1
41781,0.960017555793956
41782,1
41783,1
41784,0.9847685680152722
41785,1
41786,1
41787,0.8973459867265247
41788,0.9778219501715014
41789,1
41790,1
41791,0.9857566700855682
41792,1
41793,0.9683271170382325
41794,1
41795,1
41796,0.7681136385816568
41797,0.9614144663088184
41798,0.9775831128236467
41799,1
41800,1
41801,1
41802,1
41803,0.9220419626372091
41804,0.8866439920713227
41805,0.980590260469024
41806,0.9969928523546226
41807,0.9430581897446968
41808,1
41809,0.9323325874823246
41810,0.9250779069124737
41811,1
41812,1
41813,1
41814,0.9749109523201227
41815,1
41816,1
41817,1
41818,1
41819,1
41820,1
41821,1
41822,0.8988205368504093
41823,1
41824,1
41825,1
41826,1
41827,1
41828,1
41829,0.9292608817101512
41830,0.9857566700855682
41831,1
41832,1
41833,1
41834,1
41835,1
41836,1
41837,1
41838,1
41839,0.9371052762402644
41840,1
41841,0.5056350825084275
41842,0.9023107647562676
41843,1
41844,1
41845,0.9857566700855682
41846,1
41847,1
41848,1
41849,1
41850,1
41851,0.8336183417344482
41852,1
41853,1
41854,0.8600669985158838
41855,0.4836595619404055
41856,0.9371052762402644
41857,0.7465971777387557
41858,1
41859,0.36277644661871633
41860,0.9778219501715014
41861,0.9422620963698073
41862,1
41863,0.9905051668667311
41864,1
41865,1
41866,1
41867,0.999011897929704
41868,1
41869,0.8398669090794659
41870,0.9302355564425553
41871,0.8973459867265247
41872,1
41873,0.9265357340097923
41874,1
41875,1
41876,0.8673408326828198
41877,1
41878,1
41879,1
41880,1
41881,1
41882,0.968832098902572
41883,1
41884,1
41885,1
41886,1
41887,0.9905051668667311
41888,1
41889,1
41890,0.4375528650009647
41891,1
41892,0.6181254656856299
41893,1
41894,0.9685849804078539
41895,1
41896,0.8683417752309678
41897,1
41898,1
41899,1
41900,0.9220419626372091
41901,1
41902,1
41903,0.8680276625315166
41904,0.9532995769469804
41905,1
41906,1
41907,0.9874980192213537
41908,1
41909,0.999011897929704
41910,0.9857566700855682
41911,1
41912,0.9532995769469804
41913,1
41914,0.65417794632338
41915,1
41916,0.8062708575984718
41917,1
41918,0.9420047267778425
41919,1
41920,1
41921,1
41922,1
41923,1
41924,0.8999113489972067
41925,0.8974897098367683
41926,1
41927,0.8022054286221703
41928,0.6304447975646064
41929,1
41930,0.9483339587646836
41931,0.7910244391501403
41932,1
41933,1
41934,1
41935,1
41936,0.9340981285948871
41937,1
41938,1
41939,0.7694482648682334
41940,0.9685849804078539
41941,1
41942,1
41943,0.894482562191391
41944,1
41945,1
41946,0.48934057145874793
41947,0.931477463929347
41948,0.6954248808736343
41949,1
41950,0.9857566700855682
41951,1
41952,1
41953,1
41954,1
41955,0.8300994692512659
41956,0.8913921485093805
41957,0.9430581897446968
41958,0.730494916959015
41959,0.38032556323237776
41960,1
41961,0.7622118249447238
41962,1
41963,1
41964,1
41965,1
41966,1
41967,0.7171355903579985
41968,1
41969,1
41970,0.9530866435720331
41971,1
41972,1
41973,0.6710378789198754
41974,0.9832309317100514
41975,0.8027777087395082
41976,0.8779362471955486
41977,0.44822043282973734
41978,1
41979,0.7893827953200289
41980,0.886998846096416
41981,1
41982,0.8805964730234048
41983,1
41984,0.7465971777387557
41985,1
41986,1
41987,1
41988,1
41989,1
41990,0.999011897929704
41991,1
41992,1
41993,0.7092003441114499
41994,1
41995,1
41996,1
41997,1
41998,0.9117330397512
41999,0.9651212677009737
42000,1
42001,0.9302355564425553
42002,1
42003,0.9430581897446968
42004,0.9759762511402005
42005,0.9574216351622019
42006,1
42007,1
42008,0.9302355564425553
42009,1
42010,0.8722569390466473
42011,1
42012,1
42013,1
42014,0.9841830595303334
42015,0.7923736719467944
42016,1
42017,1
42018,1
42019,1
42020,1
42021,0.999011897929704
42022,0.7214030012893606
42023,0.7632661227970541
42024,0.9430581897446968
42025,0.999011897929704
42026,0.9422603854337113
42027,1
42028,0.9220419626372091
42029,1
42030,1
42031,1
42032,1
42033,1
42034,1
42035,0.9044726560535153
42036,0.8940567486216308
42037,1
42038,1
42039,1
42040,1
42041,0.8538840066562761
42042,0.8038311717063625
42043,0.999011897929704
42044,1
42045,1
42046,1
42047,1
42048,1
42049,1
42050,1
42051,0.9430581897446968
42052,0.36078209663113275
42053,0.8607729819616656
42054,1
42055,1
42056,0.6694779188731043
42057,1
42058,1
42059,1
42060,1
42061,0.42556245390438524
42062,0.9150773159063044
42063,1
42064,0.9055161505890064
42065,1
42066,1
42067,1
42068,1
42069,1
42070,1
42071,0.9749109523201227
42072,1
42073,0.999011897929704
42074,0.9651212677009737
42075,1
42076,1
42077,0.7777721053686013
42078,1
42079,1
42080,1
42081,0.9220419626372091
42082,1
42083,1
42084,1
42085,0.9279975958921557
42086,1
42087,1
42088,0.7304749139927137
42089,0.9302355564425553
42090,0.9252835854862711
42091,1
42092,0.9718392465479493
42093,1
42094,0.9051154890648857
42095,0.5440477346626692
42096,0.921671623979887
42097,1
42098,0.8680276625315166
42099,1
42100,0.8254492976937186
42101,1
42102,0.9857566700855682
42103,1
42104,0.8452727887554576
42105,1
42106,1
42107,1
42108,1
42109,1
42110,0.8680276625315166
42111,0.9371052762402644
42112,0.8331489302324904
42113,0.707580208988519
42114,0.999011897929704
42115,1
42116,1
42117,1
42118,1
42119,0.9614144663088184
42120,0.8256328050548134
42121,0.9614144663088184
42122,0.7653736492580413
42123,0.8510146104626144
42124,1
42125,0.9775831128236467
42126,0.7216261559816649
42127,1
42128,0.88552429597253135
42129,0.999011897929704
42130,0.8195316724739774
42131,1
42132,0.5851116752045918
42133,0.9857566700855682
42134,0.8673408326828198
42135,1
42136,1
42137,1
42138,0.7092003441114499
42139,0.9021393611173008
42140,0.8973459867265247
42141,1
42142,1
42143,1
42144,1
42145,0.7880106269306362
42146,0.9881783092460067
42147,1
42148,0.9194212559929577
42149,1
42150,1
42151,1
42152,0.9574216351622019
42153,0.9420700876744007
42154,0.9388391256314147
42155,1
42156,1
42157,1
42158,1
42159,1
42160,1
42161,1
42162,0.980590260469024
42163,1
42164,1
42165,1
42166,1
42167,0.9523274520402397
42168,1
42169,0.9574216351622019
42170,1
42171,0.5174264140846152
42172,1
42173,0.9371052762402644
42174,1
42175,1
42176,0.9778219501715014
42177,0.8650205148861393
42178,0.9220419626372091
42179,0.9949058168780378
42180,1
42181,0.8523098018102081
42182,0.9524295070169732
42183,0.999011897929704
42184,0.9314681982555659
42185,1
42186,0.8835722862991494
42187,1
42188,1
42189,1
42190,0.8237552764237254
42191,0.4835678581194366
42192,0.999011897929704
42193,0.9052042968323484
42194,1
42195,0.7599309113245942
42196,1
42197,1
42198,1
42199,1
42200,0.9117330397512
42201,0.9905051668667311
42202,1
42203,1
42204,0.4099782773153186
42205,0.9667450634259871
42206,0.9153351792759258
42207,1
42208,1
42209,1
42210,0.7653736492580413
42211,0.48062514729493044
42212,1
42213,1
42214,0.8354188713921603
42215,0.8394229399989492
42216,0.8540424560591434
42217,1
42218,0.6178194750374909
42219,1
42220,0.8607729819616656
42221,0.9188361014710205
42222,1
42223,0.8759546616066807
42224,1
42225,0.9832309317100514
42226,0.9220419626372091
42227,0.9052042968323484
42228,1
42229,0.9905051668667311
42230,0.7797607022827165
42231,1
42232,1
42233,1
42234,0.8680276625315166
42235,1
42236,0.35608839591199365
42237,0.9332537128567678
42238,1
42239,1
42240,1
42241,0.8618923007743554
42242,0.9918986692326606
42243,1
42244,1
42245,1
42246,0.934090628850252
42247,1
42248,1
42249,0.47099018002655435
42250,1
42251,0.971095427335755
42252,1
42253,0.8785695152072391
42254,1
42255,1
42256,0.9220419626372091
42257,0.9574216351622019
42258,0.9483339587646836
42259,0.9881783092460067
42260,0.6309480989877713
42261,1
42262,1
42263,0.9228619463258326
42264,0.48670543382401027
42265,0.916947779515247
42266,0.9220419626372091
42267,1
42268,0.8876571916047573
42269,0.8920317214461785
42270,0.9337062481088276
42271,0.9530866435720331
42272,1
42273,1
42274,0.9739228502498266
42275,1
42276,1
42277,0.9685849804078539
42278,1
42279,0.9289242192337076
42280,1
42281,1
42282,0.8895549899227014
42283,1
42284,1
42285,1
42286,0.9229808758727044
42287,0.9969928523546226
42288,1
42289,1
42290,1
42291,1
42292,0.8617793193434956
42293,0.49055590837826973
42294,1
42295,1
42296,1
42297,1
42298,1
42299,1
42300,0.7646868194093445
42301,1
42302,1
42303,0.9600270845790115
42304,1
42305,0.9235285863644149
42306,1
42307,1
42308,0.8027777087395082
42309,1
42310,1
42311,0.44822043282973734
42312,0.6684508125042652
42313,0.999011897929704
42314,0.9371052762402644
42315,1
42316,0.14421982184185203
42317,1
42318,1
42319,0.7434367923247098
42320,0.9949058168780378
42321,1
42322,1
42323,0.9876511363081869
42324,0.9905051668667311
42325,0.9430581897446968
42326,0.8367119654994928
42327,1
42328,1
42329,0.8973459867265247
42330,1
42331,0.9188361014710205
42332,1
42333,0.6177835464131595
42334,0.25232520675064646
42335,0.3594475323086776
42336,0.9208801399161981
42337,1
42338,1
42339,0.9159596774449509
42340,1
42341,1
42342,1
42343,1
42344,1
42345,1
42346,1
42347,1
42348,1
42349,0.9243102099048841
42350,1
42351,1
42352,1
42353,1
42354,0.9645845659780984
42355,1
42356,0.8296847183600042
42357,0.8508568224674742
42358,1
42359,1
42360,0.8920317214461785
42361,0.9778219501715014
42362,0.6684508125042652
42363,1
42364,0.8922518036045625
42365,1
42366,1
42367,0.9905051668667311
42368,0.8973459867265247
42369,0.9245721490395733
42370,0.9727277670495392
42371,0.9430581897446968
42372,1
42373,0.8679996286875844
42374,0.9117330397512
42375,0.9117330397512
42376,0.8589540600832953
42377,1
42378,0.9220419626372091
42379,1
42380,0.9117330397512
42381,1
42382,1
42383,1
42384,0.9718392465479493
42385,1
42386,0.28404767400530745
42387,0.9881783092460067
42388,0.9714287955428867
42389,1
42390,0.9651212677009737
42391,1
42392,0.5716848090591264
42393,1
42394,1
42395,1
42396,1
42397,0.9117330397512
42398,0.9155659926004034
42399,1
42400,1
42401,0.9363254186289411
42402,0.9556264345677047
42403,1
42404,1
42405,0.9651212677009737
42406,1
42407,0.973934979331575
42408,1
42409,1
42410,1
42411,0.612756852582587
42412,1
42413,1
42414,1
42415,0.8038311717063625
42416,0.38749124386787803
42417,0.758680460773494
42418,0.9685849804078539
42419,0.8834564289460277
42420,1
42421,0.661837353218792
42422,0.8738273668813195
42423,1
42424,0.8456799454912083
42425,0.8385960573079084
42426,1
42427,1
42428,0.9949058168780378
42429,0.8031251882605805
42430,0.9371052762402644
42431,0.5600247562966225
42432,0.9574216351622019
42433,1
42434,1
42435,1
42436,0.8012845151454274
42437,1
42438,1
42439,0.9905051668667311
42440,0.9430581897446968
42441,0.9470716784759554
42442,1
42443,1
42444,1
42445,0.9430581897446968
42446,1
42447,0.7945633965413088
42448,1
42449,0.9786834761127378
42450,1
42451,0.7509229637637156
42452,1
42453,1
42454,0.9905051668667311
42455,0.9718392465479493
42456,1
42457,1
42458,1
42459,1
42460,1
42461,1
42462,1
42463,1
42464,1
42465,0.8775948404748349
42466,1
42467,1
42468,0.9574216351622019
42469,0.910744937680904
42470,1
42471,1
42472,1
42473,0.798027109248189
42474,0.9748148025261241
42475,0.9371052762402644
42476,1
42477,1
42478,1
42479,1
42480,1
42481,0.9778219501715014
42482,1
42483,1
42484,0.6295361960262146
42485,1
42486,0.8022054286221703
42487,1
42488,1
42489,1
42490,1
42491,1
42492,0.999011897929704
42493,1
42494,1
42495,1
42496,0.9584073186634412
42497,1
42498,1
42499,0.9229808758727044
42500,1
42501,1
42502,1
42503,1
42504,1
42505,1
42506,0.9530866435720331
42507,1
42508,1
42509,0.9574216351622019
42510,1
42511,0.3291344524549886
42512,1
42513,0.8733813126071528
42514,1
42515,0.9520985415017371
42516,1
42517,0.9969928523546226
42518,1
42519,1
42520,0.14421982184185203
42521,0.8876571916047573
42522,0.8910506501947678
42523,1
42524,0.8913921485093805
42525,1
42526,1
42527,0.9718392465479493
42528,1
42529,0.9905051668667311
42530,1
42531,1
42532,0.980590260469024
42533,0.8414388734302721
42534,0.8388686576174249
42535,1
42536,0.97967438489331
42537,0.711883904239201
42538,1
42539,1
42540,1
42541,1
42542,1
42543,1
42544,0.9675968783375579
42545,0.9655778327624767
42546,1
42547,1
42548,1
42549,0.9949058168780378
42550,1
42551,0.9905051668667311
42552,1
42553,1
42554,1
42555,1
42556,1
42557,1
42558,0.9567632896538606
42559,0.9781367485880892
42560,0.9269971910483792
42561,1
42562,1
42563,0.8683417752309678
42564,1
42565,1
42566,0.9739228502498266
42567,0.964440146198306
42568,1
42569,0.9905051668667311
42570,1
42571,1
42572,1
42573,0.47244411482785464
42574,1
42575,1
42576,0.8525337439539906
42577,1
42578,1
42579,0.517297923268774
42580,1
42581,1
42582,0.8239635051998926
42583,0.9614144663088184
42584,0.7620758004511085
42585,0.7599309113245942
42586,1
42587,0.980590260469024
42588,1
42589,1
42590,1
42591,0.6771066890092413
42592,1
42593,0.8524149230875373
42594,1
42595,0.9778219501715014
42596,1
42597,1
42598,1
42599,1
42600,0.9371052762402644
42601,0.9145011098808516
42602,1
42603,0.7880106269306362
42604,0.8102924422850435
42605,1
42606,1
42607,0.9302355564425553
42608,1
42609,1
42610,1
42611,1
42612,1
42613,1
42614,0.9749109523201227
42615,0.6970430144988391
42616,0.7880106269306362
42617,0.9832309317100514
42618,0.9225429028631756
42619,0.8680276625315166
42620,0.6098353987394531
42621,1
42622,1
42623,1
42624,0.912652233019799
42625,0.55475644457807
42626,0.9614144663088184
42627,1
42628,0.8680276625315166
42629,0.8233526022965806
42630,0.9244551016955692
42631,0.8562059717775233
42632,1
42633,1
42634,1
42635,0.4724423978337025
42636,1
42637,0.9371052762402644
42638,0.973934979331575
42639,1
42640,0.9337062481088276
42641,1
42642,0.9685849804078539
42643,0.999011897929704
42644,0.9881783092460067
42645,1
42646,1
42647,1
42648,1
42649,0.9490913938563598
42650,0.9430581897446968
42651,1
42652,1
42653,1
42654,0.98325048629688
42655,0.18226322896644798
42656,0.9371052762402644
42657,1
42658,0.9489173775072564
42659,1
42660,1
42661,0.28404767400530745
42662,1
42663,1
42664,0.8585328293982476
42665,1
42666,0.9685849804078539
42667,1
42668,1
42669,1
42670,1
42671,1
42672,1
42673,1
42674,1
42675,0.4235593067892488
42676,1
42677,0.8524161649845253
42678,1
42679,1
42680,0.8801634659849612
42681,1
42682,1
42683,0.9430581897446968
42684,1
42685,1
42686,1
42687,0.7989088430632761
42688,1
42689,1
42690,1
42691,0.9685849804078539
42692,0.44822043282973734
42693,1
42694,1
42695,0.8286860346969143
42696,0.1394358406950158
42697,1
42698,1
42699,1
42700,0.9555012127891466
42701,1
42702,1
42703,1
42704,1
42705,1
42706,1
42707,1
42708,1
42709,0.869154674913402
42710,0.8600669985158838
42711,0.5385680558348167
42712,0.8147936416332521
42713,0.7803152538282229
42714,0.9927453194301491
42715,0.980590260469024
42716,0.9210144874248272
42717,1
42718,0.5536200632573138
42719,0.9749109523201227
42720,1
42721,1
42722,1
42723,0.4308776005662461
42724,1
42725,1
42726,1
42727,1
42728,1
42729,1
42730,1
42731,0.8658928254901676
42732,0.8218503352051854
42733,1
42734,0.7880106269306362
42735,1
42736,0.28991058467845343
42737,0.980590260469024
42738,1
42739,1
42740,0.8632679727914276
42741,0.7651088629026602
42742,1
42743,1
42744,1
42745,0.6813079862555604
42746,0.9574216351622019
42747,1
42748,1
42749,1
42750,0.991757217359853
42751,0.9530866435720331
42752,0.9574216351622019
42753,0.5739643560072801
42754,1
42755,1
42756,0.8886477670830807
42757,1
42758,1
42759,0.9832309317100514
42760,0.9927453194301491
42761,0.9718392465479493
42762,0.9628330901087794
42763,0.968832098902572
42764,1
42765,1
42766,0.9778219501715014
42767,1
42768,0.910744937680904
42769,0.7625585548704102
42770,0.7099462948938846
42771,0.980590260469024
42772,1
42773,0.9574216351622019
42774,0.8679996286875844
42775,1
42776,0.8607729819616656
42777,0.841763761108299
42778,1
42779,0.8419685961937553
42780,0.44822043282973734
42781,0.8209109044615251
42782,0.9507910536663244
42783,0.7018026649199257
42784,0.8311169240976459
42785,1
42786,1
42787,1
42788,1
42789,1
42790,1
42791,1
42792,0.7711254947340644
42793,1
42794,1
42795,1
42796,1
42797,0.9881783092460067
42798,1
42799,0.9321611826128408
42800,1
42801,0.971095427335755
42802,1
42803,1
42804,1
42805,0.6132645160563458
42806,0.8404558283257711
42807,1
42808,0.9524295070169732
42809,1
42810,1
42811,1
42812,0.6098353987394531
42813,1
42814,1
42815,1
42816,0.9302355564425553
42817,1
42818,1
42819,0.7822515641681951
42820,1
42821,0.7509229637637156
42822,0.9489173775072564
42823,0.9927453194301491
42824,0.8680276625315166
42825,0.8640604917914398
42826,0.8973459867265247
42827,1
42828,1
42829,1
42830,0.9371052762402644
42831,1
42832,0.973934979331575
42833,1
42834,1
42835,0.9149272264117658
42836,1
42837,0.7704934927865432
42838,0.9034041370226844
42839,1
42840,0.9220419626372091
42841,1
42842,0.9014206023367168
42843,0.980590260469024
42844,1
42845,1
42846,1
42847,1
42848,0.9832309317100514
42849,0.7888213357234999
42850,0.6596635489232148
42851,1
42852,0.9182079112730068
42853,1
42854,0.999011897929704
42855,1
42856,0.27809842270951574
42857,1
42858,1
42859,1
42860,1
42861,1
42862,0.52005578091781
42863,1
42864,1
42865,1
42866,0.9584122106405254
42867,1
42868,0.8939954239777841
42869,1
42870,0.5936108881628892
42871,1
42872,0.9949058168780378
42873,1
42874,1
42875,1
42876,1
42877,1
42878,1
42879,1
42880,1
42881,1
42882,0.9574216351622019
42883,0.9574216351622019
42884,1
42885,0.9420656238250115
42886,1
42887,0.9857566700855682
42888,1
42889,1
42890,1
42891,1
42892,0.9832309317100514
42893,1
42894,1
42895,1
42896,0.9483339587646836
42897,0.6196182574870107
42898,1
42899,0.9563202831868564
42900,1
42901,1
42902,0.9158338458027273
42903,1
42904,1
42905,1
42906,1
42907,0.980590260469024
42908,0.682272121973936
42909,0.6415400620270321
42910,1
42911,1
42912,0.4354276276198244
42913,0.9857566700855682
42914,0.8925722000478029
42915,0.9881783092460067
42916,1
42917,1
42918,0.9685849804078539
42919,0.5695836187842358
42920,1
42921,1
42922,1
42923,1
42924,0.9117330397512
42925,1
42926,0.9446118423379126
42927,0.8680276625315166
42928,1
42929,0.9530866435720331
42930,0.9749109523201227
42931,1
42932,1
42933,1
42934,0.7156765057907074
42935,1
42936,1
42937,1
42938,0.9220419626372091
42939,0.7900696251687257
42940,1
42941,1
42942,0.8871632303381829
42943,1
42944,1
42945,0.8680276625315166
42946,0.9778219501715014
42947,0.6602064361099504
42948,1
42949,1
42950,1
42951,1
42952,0.9905051668667311
42953,0.4242210627688309
42954,0.7656110920768123
42955,0.910744937680904
42956,0.9778219501715014
42957,1
42958,1
42959,1
42960,0.9543263590458063
42961,1
42962,1
42963,0.9006896772530381
42964,1
42965,1
42966,0.9056902566481183
42967,0.7038732896318124
42968,1
42969,1
42970,0.5803721801271648
42971,1
42972,0.9332537128567678
42973,1
42974,1
42975,0.9927453194301491
42976,0.9969928523546226
42977,1
42978,1
42979,1
42980,1
42981,0.8831855131250667
42982,1
42983,1
42984,1
42985,0.28404767400530745
42986,1
42987,1
42988,1
42989,1
42990,0.9574216351622019
42991,0.5564249144947209
42992,0.6521046780108181
42993,0.9927453194301491
42994,1
42995,0.5174264140846152
42996,1
42997,1
42998,1
42999,1
43000,0.395705052931984
43001,0.5646236567413525
43002,0.7803858433634824
43003,0.9708820680182383
43004,1
43005,1
43006,1
43007,1
43008,1
43009,1
43010,1
43011,1
43012,1
43013,1
43014,1
43015,1
43016,1
43017,0.8683417752309678
43018,0.5681046136782318
43019,0.8202827142635115
43020,0.9832309317100514
43021,1
43022,0.9006896772530381
43023,0.9881783092460067
43024,0.25232520675064646
43025,1
43026,0.8648664696279342
43027,0.8973459867265247
43028,1
43029,0.9857566700855682
43030,1
43031,0.9371052762402644
43032,1
43033,1
43034,1
43035,1
43036,0.9685849804078539
43037,0.9158289538256432
43038,1
43039,0.9106619336802785
43040,1
43041,0.5761503554511852
43042,1
43043,1
43044,0.8286860346969143
43045,1
43046,0.44822043282973734
43047,1
43048,0.9881783092460067
43049,1
43050,1
43051,1
43052,0.9887500697144758
43053,1
43054,1
43055,1
43056,0.982749522440191
43057,0.8275815431690801
43058,1
43059,0.9881783092460067
43060,1
43061,0.9530866435720331
43062,1
43063,0.9220419626372091
43064,1
43065,1
43066,1
43067,1
43068,1
43069,1
43070,1
43071,1
43072,0.999011897929704
43073,1
43074,1
43075,1
43076,0.27201771150415127
43077,1
43078,1
43079,1
43080,1
43081,1
43082,1
43083,1
43084,0.9614144663088184
43085,1
43086,0.9530866435720331
43087,1
43088,1
43089,1
43090,1
43091,0.6282122009568956
43092,0.8676983091129982
43093,0.8951207144176462
43094,1
43095,1
43096,1
43097,1
43098,1
43099,0.47023980484946576
43100,0.612756852582587
43101,1
43102,0.9584122106405254
43103,1
43104,1
43105,0.8275815431690801
43106,1
43107,1
43108,0.9927453194301491
43109,1
43110,1
43111,0.8297562415397864
43112,0.8488383159914644
43113,1
43114,0.7665468387118208
43115,0.8600669985158838
43116,0.9857566700855682
43117,0.9574216351622019
43118,0.9643318673225592
43119,1
43120,1
43121,0.9749109523201227
43122,0.920994528725782
43123,0.9778219501715014
43124,1
43125,0.9251413733205932
43126,0.980590260469024
43127,0.9905051668667311
43128,1
43129,1
43130,0.9651212677009737
43131,0.7683589138645027
43132,1
43133,0.9905051668667311
43134,0.8973459867265247
43135,1
43136,0.8277208289417017
43137,1
43138,1
43139,0.8973459867265247
43140,0.7833738407624912
43141,1
43142,1
43143,0.9371052762402644
43144,1
43145,0.8729087854151102
43146,0.8354971891028665
43147,0.8925716487648969
43148,0.980590260469024
43149,0.9969928523546226
43150,1
43151,1
43152,1
43153,0.28404767400530745
43154,0.9227171843344912
43155,1
43156,0.7092003441114499
43157,1
43158,0.9483339587646836
43159,1
43160,0.6845395265664629
43161,1
43162,1
43163,1
43164,0.9718392465479493
43165,0.8469766250849033
43166,1
43167,1
43168,0.9381861771025415
43169,1
43170,0.9778219501715014
43171,1
43172,0.9824038360993915
43173,1
43174,1
43175,1
43176,0.9660002594175081
43177,1
43178,1
43179,1
43180,0.9949058168780378
43181,0.9530866435720331
43182,0.910744937680904
43183,1
43184,1
43185,0.9146584381170282
43186,0.8027777087395082
43187,0.8973459867265247
43188,0.9574216351622019
43189,1
43190,1
43191,1
43192,1
43193,1
43194,0.9337062481088276
43195,0.7989199360914329
43196,0.4790332002460549
43197,0.9718392465479493
43198,0.3377124616080103
43199,1
43200,1
43201,1
43202,1
43203,1
43204,1
43205,1
43206,1
43207,0.9881783092460067
43208,0.9881783092460067
43209,1
43210,1
43211,0.9117330397512
43212,0.5540399239011624
43213,1
43214,0.9371052762402644
43215,0.9564335330919059
43216,1
43217,1
43218,1
43219,1
43220,0.8818165972828573
43221,1
43222,0.9832309317100514
43223,0.7653736492580413
43224,0.9371052762402644
43225,1
43226,0.9265357340097923
43227,1
43228,1
43229,1
43230,0.919898903443926
43231,1
43232,1
43233,1
43234,0.8214184678248085
43235,0.9117330397512
43236,1
43237,1
43238,1
43239,1
43240,1
43241,0.9220419626372091
43242,1
43243,0.9220419626372091
43244,1
43245,0.8680276625315166
43246,0.8973459867265247
43247,0.9260066155700558
43248,0.9969928523546226
43249,1
43250,0.9388433136576013
43251,1
43252,0.9530866435720331
43253,0.9455999444082086
43254,1
43255,0.28404767400530745
43256,0.9573919851692959
43257,1
43258,0.9584122106405254
43259,0.7591924738460214
43260,1
43261,1
43262,1
43263,1
43264,1
43265,0.9483339587646836
43266,0.9483339587646836
43267,0.9651212677009737
43268,1
43269,0.8287340512305333
43270,1
43271,1
43272,0.999011897929704
43273,1
43274,1
43275,0.9179691420648194
43276,1
43277,0.2589311231943287
43278,1
43279,1
43280,1
43281,1
43282,0.9881783092460067
43283,1
43284,1
43285,1
43286,1
43287,0.9483339587646836
43288,0.9832309317100514
43289,1
43290,0.9337062481088276
43291,1
43292,0.9854109837447689
43293,1
43294,1
43295,1
43296,1
43297,1
43298,1
43299,1
43300,1
43301,1
43302,0.9969928523546226
43303,1
43304,0.9220419626372091
43305,0.9337062481088276
43306,0.9530866435720331
43307,1
43308,0.9778219501715014
43309,0.8756295464352087
43310,0.7599309113245942
43311,0.8906035548791262
43312,0.8488383159914644
43313,1
43314,1
43315,1
43316,0.9614144663088184
43317,1
43318,0.9371052762402644
43319,1
43320,0.9530866435720331
43321,1
43322,1
43323,0.9718392465479493
43324,1
43325,1
43326,0.9927453194301491
43327,0.9718392465479493
43328,1
43329,1
43330,0.9949058168780378
43331,1
43332,1
43333,0.9201430291561377
43334,0.9685849804078539
43335,1
43336,0.4242210627688309
43337,0.980590260469024
43338,0.9117330397512
43339,1
43340,1
43341,1
43342,0.9685849804078539
43343,0.9832309317100514
43344,1
43345,0.8504326302985578
43346,0.934090628850252
43347,0.8673408326828198
43348,0.9969928523546226
43349,1
43350,1
43351,1
43352,0.9887500697144758
43353,1
43354,1
43355,1
43356,0.8695996268823228
43357,1
43358,1
43359,0.9371052762402644
43360,1
43361,1
43362,0.9832309317100514
43363,0.9584122106405254
43364,0.9778219501715014
43365,1
43366,0.8973459867265247
43367,1
43368,0.9220419626372091
43369,0.8504326302985578
43370,1
43371,1
43372,0.6282122009568956
43373,0.9483339587646836
43374,1
43375,0.9430581897446968
43376,0.9220419626372091
43377,1
43378,1
43379,1
43380,0.5174962626826507
43381,0.9809236286761558
43382,0.9106619336802785
43383,0.9779164810307784
43384,1
43385,1
43386,1
43387,1
43388,0.734979334229408
43389,1
43390,1
43391,1
43392,0.55475644457807
43393,0.9778219501715014
43394,1
43395,0.7797917029011816
43396,1
43397,1
43398,1
43399,1
43400,1
43401,1
43402,1
43403,0.9483339587646836
43404,0.9044100372396918
43405,1
43406,0.9778219501715014
43407,0.9371052762402644
43408,1
43409,1
43410,1
43411,1
43412,0.8708529014905908
43413,0.8973459867265247
43414,0.9749109523201227
43415,0.7734611957256011
43416,1
43417,1
43418,1
43419,0.9220419626372091
43420,0.7923736719467944
43421,1
43422,1
43423,1
43424,1
43425,1
43426,0.55475644457807
43427,0.9759762511402005
43428,1
43429,1
43430,0.27877753836240676
43431,1
43432,1
43433,1
43434,1
43435,1
43436,1
43437,1
43438,1
43439,0.6944586424889212
43440,0.8906035548791262
43441,1
43442,0.8703759214018928
43443,0.764830542519588
43444,1
43445,0.9832309317100514
43446,0.9832309317100514
43447,0.9555012127891466
43448,1
43449,1
43450,1
43451,1
43452,0.9684216478975095
43453,0.7054048044446515
43454,1
43455,1
43456,1
43457,0.9220419626372091
43458,0.8835722862991494
43459,0.9857566700855682
43460,0.7694482648682334
43461,1
43462,1
43463,0.8368744130717932
43464,0.8226310831573614
43465,0.7874919117096618
43466,0.8973459867265247
43467,1
43468,1
43469,1
43470,1
43471,1
43472,1
43473,0.9483339587646836
43474,1
43475,1
43476,1
43477,1
43478,0.662272427138054
43479,0.9881783092460067
43480,1
43481,0.9969928523546226
43482,1
43483,1
43484,1
43485,0.6142119652495057
43486,1
43487,1
43488,0.8523098018102081
43489,1
43490,1
43491,0.999011897929704
43492,1
43493,0.643137217675321
43494,1
43495,0.999011897929704
43496,1
43497,1
43498,1
43499,1
43500,1
43501,1
43502,1
43503,1
43504,0.9158338458027273
43505,1
43506,0.8588422374989187
43507,1
43508,1
43509,1
43510,0.9749109523201227
43511,0.9584122106405254
43512,1
43513,1
43514,1
43515,1
43516,1
43517,0.8368744130717932
43518,0.9483339587646836
43519,1
43520,1
43521,1
43522,0.962852644695608
43523,0.9905051668667311
43524,1
43525,1
43526,1
43527,1
43528,1
43529,1
43530,0.7626992216221168
43531,0.9927453194301491
43532,1
43533,0.5753944216296216
43534,1
43535,1
43536,1
43537,1
43538,1
43539,1
43540,0.9220419626372091
43541,1
43542,1
43543,1
43544,1
43545,1
43546,1
43547,1
43548,1
43549,1
43550,1
43551,0.8143652628574332
43552,1
43553,0.9054140956122729
43554,1
43555,0.9685849804078539
43556,0.580422744012039
43557,1
43558,0.9614144663088184
43559,1
43560,1
43561,0.9969928523546226
43562,1
43563,1
43564,0.4709587233819713
43565,0.9809236286761558
43566,1
43567,1
43568,0.9667450634259871
43569,1
43570,0.5440477346626692
43571,0.999011897929704
43572,0.9220419626372091
43573,0.999011897929704
43574,1
43575,0.8733813126071528
43576,1
43577,1
43578,1
43579,0.9881783092460067
43580,1
43581,1
43582,0.866693931052422
43583,1
43584,1
43585,0.8726636352576804
43586,1
43587,0.9887500697144758
43588,0.9117330397512
43589,0.7833738407624912
43590,1
43591,1
43592,1
43593,1
43594,1
43595,1
43596,1
43597,0.9969928523546226
43598,0.9543985855403884
43599,1
43600,0.980590260469024
43601,1
43602,1
43603,0.8680276625315166
43604,0.9371052762402644
43605,1
43606,1
43607,0.9530866435720331
43608,0.38496579641082734
43609,0.7597403714965959
43610,1
43611,0.9571659110416263
43612,0.6356754296320247
43613,1
43614,1
43615,0.9325068689536401
43616,0.9532995769469804
43617,1
43618,0.9574216351622019
43619,1
43620,1
43621,0.9229808758727044
43622,0.8207078084438378
43623,1
43624,1
43625,0.8678809756694313
43626,1
43627,1
43628,0.702960235662883
43629,1
43630,0.8368744130717932
43631,1
43632,1
43633,0.9371052762402644
43634,0.9905051668667311
43635,1
43636,0.9749109523201227
43637,1
43638,0.960017555793956
43639,1
43640,1
43641,0.9785019895157173
43642,1
43643,1
43644,0.8876571916047573
43645,1
43646,1
43647,1
43648,1
43649,0.5350921051657037
43650,0.7392028571191744
43651,0.9574216351622019
43652,0.8680276625315166
43653,0.48516280486365104
43654,0.9182461771273046
43655,1
43656,1
43657,0.9714287955428867
43658,1
43659,1
43660,1
43661,0.579181491999746
43662,1
43663,1
43664,1
43665,0.9108258169115794
43666,1
43667,1
43668,1
43669,1
43670,1
43671,0.8563863296802057
43672,0.9949058168780378
43673,0.9651212677009737
43674,1
43675,0.9905051668667311
43676,0.1394358406950158
43677,1
43678,0.9881783092460067
43679,1
43680,1
43681,0.9578665871311227
43682,0.9179691420648194
43683,1
43684,1
43685,0.9453268111193064
43686,1
43687,1
43688,1
43689,0.979602158398728
43690,1
43691,1
43692,0.8608441919641525
43693,0.9463201932761807
43694,1
43695,1
43696,1
43697,0.9371052762402644
43698,0.8740414640622911
43699,1
43700,1
43701,1
43702,0.7777303025991193
43703,1
43704,1
43705,0.5833099865377966
43706,0.980590260469024
43707,1
43708,0.8966861581757088
43709,1
43710,1
43711,0.9530866435720331
43712,1
43713,0.9939177148077418
43714,1
43715,0.9832309317100514
43716,1
43717,1
43718,0.9881783092460067
43719,0.8966580516425219
43720,1
43721,0.8368744130717932
43722,0.7291623621917084
43723,0.9614144663088184
43724,1
43725,1
43726,1
43727,1
43728,0.9881783092460067
43729,1
43730,0.7797607022827165
43731,0.9530866435720331
43732,1
43733,1
43734,0.8265146186907244
43735,1
43736,0.9483339587646836
43737,1
43738,1
43739,0.9430581897446968
43740,0.7900696251687257
43741,1
43742,1
43743,0.7092003441114499
43744,1
43745,0.833240520069993
43746,1
43747,1
43748,0.999011897929704
43749,1
43750,1
43751,1
43752,0.9927453194301491
43753,0.9857566700855682
43754,1
43755,1
43756,1
43757,0.8680276625315166
43758,1
43759,0.7539670816146481
43760,0.9969928523546226
43761,1
43762,1
43763,0.7982632189740719
43764,0.865100152381906
43765,0.9143342181821917
43766,1
43767,0.9371052762402644
43768,1
43769,1
43770,1
43771,1
43772,0.8680276625315166
43773,1
43774,0.999011897929704
43775,1
43776,0.9117330397512
43777,0.8239635051998926
43778,1
43779,0.28404767400530745
43780,1
43781,0.9117330397512
43782,1
43783,0.9483339587646836
43784,0.8726391160467459
43785,1
43786,0.8123469719988569
43787,1
43788,1
43789,0.6300358124091112
43790,0.9685849804078539
43791,1
43792,0.8831920811985109
43793,1
43794,0.8153151287913442
43795,1
43796,0.8956980561054129
43797,1
43798,1
43799,1
43800,0.9718392465479493
43801,1
43802,0.9969928523546226
43803,1
43804,1
43805,0.9339533666035457
43806,1
43807,1
43808,1
43809,1
43810,1
43811,1
43812,1
43813,1
43814,0.945478221921773
43815,0.9718392465479493
43816,1
43817,1
43818,1
43819,1
43820,1
43821,0.8555396794827171
43822,1
43823,1
43824,1
43825,1
43826,1
43827,0.9388391256314147
43828,0.96345204412801
43829,1
43830,1
43831,1
43832,0.9718392465479493
43833,0.999011897929704
43834,1
43835,0.7171355903579985
43836,1
43837,1
43838,0.9292474543722593
43839,0.9949058168780378
43840,1
43841,0.9832309317100514
43842,1
43843,1
43844,1
43845,0.9117330397512
43846,0.7156765057907074
43847,0.28404767400530745
43848,1
43849,1
43850,1
43851,1
43852,1
43853,1
43854,1
43855,1
43856,1
43857,1
43858,1
43859,0.8275815431690801
43860,0.9857566700855682
43861,1
43862,0.8103003744926155
43863,0.811276150035524
43864,0.9430581897446968
43865,0.7979998778243399
43866,0.9771682011046219
43867,0.9154067180431847
43868,1
43869,1
43870,1
43871,1
43872,1
43873,0.9905051668667311
43874,1
43875,1
43876,0.6954248808736343
43877,1
43878,1
43879,1
43880,1
43881,1
43882,1
43883,1
43884,0.7504086068329762
43885,0.9739228502498266
43886,1
43887,1
43888,1
43889,1
43890,0.9905051668667311
43891,1
43892,1
43893,0.9832309317100514
43894,0.9781563031749179
43895,0.9775831128236467
43896,1
43897,0.9229967766186237
43898,0.8337750023884092
43899,1
43900,0.8673408326828198
43901,0.9371052762402644
43902,1
43903,0.6684508125042652
43904,1
43905,0.9949058168780378
43906,1
43907,1
43908,1
43909,1
43910,1
43911,1
43912,1
43913,1
43914,1
43915,1
43916,1
43917,1
43918,0.5453913951100496
43919,1
43920,0.9778219501715014
43921,1
43922,0.7996078711754357
43923,1
43924,1
43925,0.26996299525379075
43926,1
43927,1
43928,0.8780441156523223
43929,1
43930,1
43931,0.8307674806360973
43932,0.7854668534876745
43933,1
43934,0.4756840206827645
43935,0.980590260469024
43936,0.36630256266689154
43937,1
43938,0.9105713910471472
43939,1
43940,1
43941,1
43942,0.8004091727518199
43943,0.8389080307595108
43944,1
43945,0.1978908552178076
43946,1
43947,0.9641331656306777
43948,0.4108927515660568
43949,1
43950,1
43951,1
43952,1
43953,1
43954,0.7803858433634824
43955,0.7777303025991193
43956,1
43957,0.7171355903579985
43958,0.4978106339578006
43959,1
43960,1
43961,0.9530866435720331
43962,0.9604263642385225
43963,0.29287075097238313
43964,1
43965,1
43966,0.8110858522762134
43967,1
43968,0.6166481420521424
43969,1
43970,1
43971,0.9584122106405254
43972,0.931564890474735
43973,0.865100152381906
43974,0.9749109523201227
43975,0.7406770822922492
43976,1
43977,1
43978,1
43979,0.27898733072283605
43980,1
43981,1
43982,0.9574216351622019
43983,1
43984,0.9265357340097923
43985,1
43986,0.8505605027059218
43987,0.980590260469024
43988,0.5850004425363944
43989,0.9284057581571736
43990,1
43991,1
43992,1
43993,0.9614144663088184
43994,1
43995,1
43996,0.9718392465479493
43997,1
43998,1
43999,1
44000,1
44001,1
44002,0.9579950784441671
44003,1
44004,1
44005,1
44006,0.8973459867265247
44007,0.3594475323086776
44008,0.9352435853337033
44009,0.8254492976937186
44010,0.8275815431690801
44011,0.9493203043948625
44012,0.8998639128087105
44013,0.920994528725782
44014,1
44015,0.5695836187842358
44016,1
44017,0.6287131186651304
44018,1
44019,1
44020,1
44021,1
44022,1
44023,1
44024,0.8973459867265247
44025,0.980590260469024
44026,0.8641965000402286
44027,1
44028,1
44029,0.9371052762402644
44030,0.9430581897446968
44031,1
44032,0.8325861794225579
44033,1
44034,1
44035,1
44036,1
44037,0.980590260469024
44038,1
44039,1
44040,1
44041,0.7214030012893606
44042,1
44043,1
44044,1
44045,0.9685849804078539
44046,1
44047,1
44048,1
44049,1
44050,0.9969928523546226
44051,1
44052,0.5359167210868048
44053,1
44054,0.8510146104626144
44055,1
44056,0.8680276625315166
44057,1
44058,0.9117330397512
44059,1
44060,1
44061,1
44062,1
44063,1
44064,0.9117330397512
44065,1
44066,1
44067,1
44068,1
44069,1
44070,0.9832309317100514
44071,0.9857566700855682
44072,0.9614144663088184
44073,0.758680460773494
44074,1
44075,0.9881783092460067
44076,1
44077,1
44078,1
44079,1
44080,1
44081,0.9555012127891466
44082,1
44083,1
44084,0.9479924604500709
44085,0.9164846445668192
44086,1
44087,1
44088,0.9969928523546226
44089,0.9106619336802785
44090,1
44091,1
44092,0.9543263590458063
44093,1
44094,1
44095,1
44096,0.9574216351622019
44097,1
44098,0.9574216351622019
44099,0.9445049955952248
44100,1
44101,1
44102,0.7393145829202801
44103,1
44104,1
44105,1
44106,0.999011897929704
44107,1
44108,1
44109,0.7734724574125504
44110,1
44111,1
44112,1
44113,1
44114,0.9134552264656575
44115,1
44116,0.9927453194301491
44117,0.9117330397512
44118,0.8680138699837988
44119,1
44120,0.999011897929704
44121,1
44122,1
44123,1
44124,1
44125,0.5054290625602326
44126,0.8955125949037057
44127,0.9483521994110251
44128,1
44129,1
44130,0.9530866435720331
44131,0.9881783092460067
44132,1
44133,1
44134,1
44135,1
44136,0.9416431423505767
44137,1
44138,0.9430581897446968
44139,0.9614144663088184
44140,1
44141,1
44142,1
44143,1
44144,1
44145,1
44146,1
44147,0.8359810869786789
44148,1
44149,0.9335633566114278
44150,1
44151,0.9614144663088184
44152,1
44153,1
44154,0.8103990224275166
44155,0.8993784729315532
44156,1
44157,0.999011897929704
44158,1
44159,1
44160,1
44161,1
44162,1
44163,0.7647979934364154
44164,1
44165,0.9832309317100514
44166,0.4003622490413691
44167,0.8439215118401979
44168,1
44169,1
44170,0.9651212677009737
44171,0.2679212824639739
44172,1
44173,1
44174,1
44175,0.9420047267778425
44176,0.9380118956312259
44177,1
44178,0.28404767400530745
44179,1
44180,1
44181,1
44182,1
44183,1
44184,1
44185,0.9574216351622019
44186,0.6799514813743207
44187,1
44188,0.9905051668667311
44189,0.9201430291561377
44190,1
44191,1
44192,1
44193,1
44194,0.34907707154622514
44195,0.8740811807927029
44196,0.845056202711848
44197,0.8143652628574332
44198,1
44199,1
44200,1
44201,0.910744937680904
44202,0.8368744130717932
44203,0.6437438783163454
44204,1
44205,0.9574216351622019
44206,0.9207407233092864
44207,0.9117330397512
44208,1
44209,0.9651212677009737
44210,1
44211,1
44212,1
44213,1
44214,1
44215,0.52005578091781
44216,1
44217,1
44218,0.952732902491624
44219,1
44220,1
44221,0.9704211388857621
44222,1
44223,0.9927453194301491
44224,1
44225,0.8956024152852753
44226,0.9718392465479493
44227,0.9584122106405254
44228,1
44229,1
44230,1
44231,1
44232,0.7593839657654482
44233,1
44234,1
44235,0.7653736492580413
44236,0.5471084804115756
44237,1
44238,1
44239,1
44240,0.7893827953200289
44241,0.7665468387118208
44242,0.8878511535932557
44243,0.7304749139927137
44244,0.8966861581757088
44245,1
44246,1
44247,0.4756840206827645
44248,0.9188361014710205
44249,0.36630256266689154
44250,1
44251,1
44252,0.7538610578529071
44253,1
44254,1
44255,0.9949058168780378
44256,0.645318646368076
44257,0.9371052762402644
44258,0.8684217335450968
44259,1
44260,1
44261,0.785377971508711
44262,0.9220419626372091
44263,0.9689876017956197
44264,0.9949058168780378
44265,0.6023958994957502
44266,1
44267,1
44268,0.544447521692061
44269,1
44270,1
44271,0.8966861581757088
44272,0.8098060141979425
44273,1
44274,1
44275,0.7964343718464736
44276,1
44277,0.9949058168780378
44278,1
44279,1
44280,1
44281,1
44282,0.9483339587646836
44283,1
44284,0.8901919198122976
44285,1
44286,1
44287,1
44288,0.9220419626372091
44289,1
44290,0.8388686576174249
44291,0.9651212677009737
44292,0.9380118956312259
44293,1
44294,0.999011897929704
44295,1
44296,0.9483339587646836
44297,0.9530866435720331
44298,1
44299,1
44300,0.910744937680904
44301,1
44302,0.456189874513102
44303,0.9320110931183022
44304,1
44305,1
44306,1
44307,0.9905051668667311
44308,0.5224267632028491
44309,1
44310,0.9483339587646836
44311,1
44312,0.9778219501715014
44313,1
44314,1
44315,1
44316,0.9600647798112568
44317,1
44318,0.9739228502498266
44319,1
44320,1
44321,1
44322,0.8515875569290678
44323,1
44324,1
44325,1
44326,0.629941525965343
44327,1
44328,1
44329,1
44330,0.8024178071632505
44331,0.6666049942050397
44332,1
44333,0.6205822018733284
44334,0.9337062481088276
44335,1
44336,1
44337,1
44338,0.9832309317100514
44339,1
44340,1
44341,0.48062514729493044
44342,1
44343,0.9719038046747454
44344,1
44345,1
44346,0.8027777087395082
44347,0.980590260469024
44348,1
44349,0.9786834761127378
44350,1
44351,1
44352,0.980590260469024
44353,1
44354,0.9905051668667311
44355,0.9718392465479493
44356,0.9832309317100514
44357,1
44358,0.9117330397512
44359,1
44360,1
44361,0.9969928523546226
44362,1
44363,1
44364,1
44365,0.9685849804078539
44366,0.9881783092460067
44367,1
44368,0.980590260469024
44369,1
44370,0.9289242192337076
44371,1
44372,0.29287075097238313
44373,1
44374,0.9809236286761558
44375,1
44376,1
44377,1
44378,0.8966861581757088
44379,0.8680276625315166
44380,0.9905051668667311
44381,1
44382,1
44383,0.948749781857699
44384,0.8553505938400573
44385,1
44386,1
44387,1
44388,1
44389,1
44390,0.9371052762402644
44391,0.9345702816799951
44392,1
44393,1
44394,0.7653736492580413
44395,0.9718392465479493
44396,1
44397,0.9299204916732384
44398,0.3795796795795765
44399,0.7303596967305136
44400,0.8445171231209114
44401,1
44402,1
44403,1
44404,0.9220419626372091
44405,0.9055161505890064
44406,0.8163616212962004
44407,1
44408,0.9949058168780378
44409,0.6494773982489978
44410,1
44411,0.9718392465479493
44412,0.1978908552178076
44413,0.8109720987352943
44414,0.3795796795795765
44415,1
44416,1
44417,1
44418,1
44419,0.9832309317100514
44420,1
44421,1
44422,1
44423,1
44424,0.9117330397512
44425,1
44426,0.9832309317100514
44427,1
44428,0.9881783092460067
44429,0.6093583074220777
44430,0.8525337439539906
44431,0.9881783092460067
44432,1
44433,0.999011897929704
44434,1
44435,1
44436,0.9727479965064865
44437,1
44438,0.9614144663088184
44439,0.8090790264777248
44440,0.9881783092460067
44441,0.9905051668667311
44442,1
44443,1
44444,1
44445,1
44446,1
44447,1
44448,1
44449,0.9651212677009737
44450,1
44451,0.9969928523546226
44452,1
44453,0.9250779069124737
44454,1
44455,1
44456,1
44457,0.991757217359853
44458,0.9775831128236467
44459,0.8600669985158838
44460,1
44461,1
44462,1
44463,0.8684217335450968
44464,1
44465,1
44466,0.5495324195963454
44467,0.9949058168780378
44468,1
44469,0.8075636335050574
44470,1
44471,1
44472,1
44473,1
44474,1
44475,1
44476,1
44477,1
44478,0.9881783092460067
44479,1
44480,1
44481,1
44482,0.8876571916047573
44483,1
44484,0.9881783092460067
44485,1
44486,0.89614483331673
44487,1
44488,1
44489,1
44490,0.9651212677009737
44491,0.6674178938874739
44492,0.9338182124975344
44493,1
44494,1
44495,1
44496,1
44497,1
44498,1
44499,1
44500,0.9117330397512
44501,0.9147872820673582
44502,1
44503,1
44504,1
44505,1
44506,1
44507,1
44508,0.9441688807260935
44509,1
44510,1
44511,1
44512,0.9927453194301491
44513,1
44514,1
44515,1
44516,1
44517,1
44518,1
44519,1
44520,0.9276104431069954
44521,1
44522,1
44523,0.4852547134786143
44524,0.9552784868660883
44525,0.9574216351622019
44526,1
44527,0.9781563031749179
44528,1
44529,1
44530,0.9188361014710205
44531,1
44532,1
44533,1
44534,0.9220419626372091
44535,0.9323325874823246
44536,1
44537,0.9489173775072564
44538,1
44539,1
44540,0.964440146198306
44541,0.8337750023884092
44542,0.9857566700855682
44543,0.9630892615661294
44544,1
44545,1
44546,0.9290039454729249
44547,0.9089445227882137
44548,0.8110858522762134
44549,0.10114507501474657
44550,1
44551,1
44552,1
44553,0.4972425565918858
44554,1
44555,0.9614144663088184
44556,1
44557,1
44558,1
44559,1
44560,1
44561,0.9276104431069954
44562,1
44563,1
44564,1
44565,0.617379358020077
44566,1
44567,0.9905051668667311
44568,1
44569,1
44570,1
44571,0.7186991367446938
44572,1
44573,1
44574,1
44575,0.9086061038716529
44576,1
44577,1
44578,0.9086716211844057
44579,1
44580,1
44581,1
44582,1
44583,1
44584,1
44585,1
44586,1
44587,1
44588,1
44589,0.9718392465479493
44590,0.9543416504934221
44591,1
44592,0.9220419626372091
44593,0.9969928523546226
44594,1
44595,0.7171355903579985
44596,1
44597,0.9651212677009737
44598,1
44599,0.9434959327279765
44600,1
44601,0.9614144663088184
44602,1
44603,1
44604,1
44605,1
44606,1
44607,0.9776953740424417
44608,1
44609,0.8831026568120929
44610,0.6674178938874739
44611,1
44612,1
44613,1
44614,1
44615,0.8211143061035497
44616,1
44617,0.8992635010593315
44618,0.9563202831868564
44619,1
44620,0.6701297819581581
44621,1
44622,1
44623,1
44624,1
44625,0.9687685697150307
44626,0.9857566700855682
44627,0.8982312942255648
44628,1
44629,0.8988205368504093
44630,1
44631,1
44632,0.9949058168780378
44633,0.9265357340097923
44634,0.7169408082477634
44635,1
44636,1
44637,1
44638,1
44639,0.9651212677009737
44640,0.9302355564425553
44641,1
44642,1
44643,1
44644,1
44645,1
44646,0.9409112117376307
44647,0.8027777087395082
44648,1
44649,1
44650,1
44651,1
44652,0.8680276625315166
44653,0.9220419626372091
44654,0.8680276625315166
44655,1
44656,0.9117330397512
44657,0.8510146104626144
44658,0.8456799454912083
44659,1
44660,1
44661,1
44662,0.9718392465479493
44663,1
44664,0.5710255361318148
44665,0.9500794959266557
44666,0.8999113489972067
44667,1
44668,0.7989088430632761
44669,1
44670,0.28404767400530745
44671,0.999011897929704
44672,0.9749109523201227
44673,0.9302355564425553
44674,1
44675,1
44676,0.6168720271900433
44677,0.9220419626372091
44678,1
44679,0.4279716235730086
44680,0.9430581897446968
44681,1
44682,1
44683,1
44684,1
44685,1
44686,1
44687,1
44688,1
44689,0.8973459867265247
44690,1
44691,1
44692,0.8835722862991494
44693,1
44694,0.9778219501715014
44695,0.9709278316861977
44696,1
44697,1
44698,0.41149562364530723
44699,0.892323300220224
44700,0.6567204957008489
44701,0.9857566700855682
44702,1
44703,1
44704,1
44705,1
44706,0.9483339587646836
44707,0.8629334794095544
44708,0.940672121459082
44709,0.8665801358919882
44710,1
44711,1
44712,0.9213178828994779
44713,1
44714,1
44715,1
44716,0.25232520675064646
44717,1
44718,1
44719,1
44720,0.8585328293982476
44721,0.8973459867265247
44722,1
44723,0.7665468387118208
44724,1
44725,1
44726,0.6205416878799241
44727,1
44728,0.9719038046747454
44729,1
44730,1
44731,0.8671700602357042
44732,1
44733,0.9614144663088184
44734,0.8274239578322002
44735,0.8684217335450968
44736,1
44737,1
44738,1
44739,1
44740,0.9881783092460067
44741,1
44742,1
44743,1
44744,0.9651212677009737
44745,1
44746,1
44747,1
44748,0.9575959166335175
44749,0.9337062481088276
44750,0.9279975958921557
44751,0.9881783092460067
44752,0.8439215118401979
44753,1
44754,1
44755,0.9436572959485738
44756,1
44757,0.9483339587646836
44758,1
44759,1
44760,0.8680276625315166
44761,1
44762,0.6776339683873873
44763,1
44764,0.921671623979887
44765,1
44766,0.8247528783580204
44767,1
44768,0.9220419626372091
44769,1
44770,1
44771,1
44772,0.797142022945339
44773,0.968832098902572
44774,0.9493043272313071
44775,1
44776,1
44777,1
44778,1
44779,1
44780,1
44781,1
44782,1
44783,1
44784,0.8680276625315166
44785,1
44786,1
44787,1
44788,0.8299398710324766
44789,0.767994939061034
44790,1
44791,0.8848496933134791
44792,1
44793,1
44794,1
44795,0.9371052762402644
44796,0.8956024152852753
44797,0.9651212677009737
44798,1
44799,1
44800,0.9614144663088184
44801,0.8336183417344482
44802,1
44803,0.9371052762402644
44804,0.9927453194301491
44805,0.9874980192213537
44806,1
44807,1
44808,0.8398669090794659
44809,1
44810,0.9832309317100514
44811,0.9574216351622019
44812,0.8978458621180052
44813,1
44814,0.9335633566114278
44815,1
44816,1
44817,0.6183567211688704
44818,1
44819,1
44820,1
44821,1
44822,0.8680276625315166
44823,1
44824,0.980590260469024
44825,1
44826,1
44827,0.277757956073979
44828,1
44829,0.8680276625315166
44830,0.8954876967616701
44831,0.999011897929704
44832,1
44833,1
44834,1
44835,1
44836,0.9574216351622019
44837,0.9430581897446968
44838,1
44839,1
44840,1
44841,1
44842,1
44843,0.4664894843292701
44844,1
44845,1
44846,1
44847,1
44848,1
44849,1
44850,0.8973459867265247
44851,1
44852,1
44853,0.999011897929704
44854,0.9302355564425553
44855,1
44856,0.8973459867265247
44857,0.9302355564425553
44858,0.7599309113245942
44859,0.9371052762402644
44860,0.728937666717299
44861,1
44862,1
44863,0.9778219501715014
44864,0.9832309317100514
44865,0.5117096963710714
44866,0.9117330397512
44867,1
44868,1
44869,1
44870,0.9483339587646836
44871,1
44872,1
44873,0.880318020159054
44874,0.9857566700855682
44875,0.9881783092460067
44876,1
44877,0.7401877823789806
44878,1
44879,1
44880,0.9117330397512
44881,1
44882,1
44883,0.9969928523546226
44884,1
44885,1
44886,0.9302355564425553
44887,1
44888,1
44889,1
44890,0.9483339587646836
44891,0.8414388734302721
44892,1
44893,0.9802237840646741
44894,1
44895,1
44896,0.9748148025261241
44897,1
44898,1
44899,1
44900,1
44901,0.9749109523201227
44902,0.7754322794557841
44903,0.9651212677009737
44904,0.9371052762402644
44905,0.999011897929704
44906,1
44907,0.9802237840646741
44908,0.6881772574191536
44909,0.9949058168780378
44910,1
44911,0.36630256266689154
44912,1
44913,1
44914,1
44915,0.8556692978066883
44916,1
44917,1
44918,0.8038311717063625
44919,1
44920,0.9194212559929577
44921,1
44922,0.9483339587646836
44923,0.9483339587646836
44924,1
44925,0.9108258169115794
44926,0.6874156118952504
44927,0.5798828114088811
44928,0.9949058168780378
44929,0.9832309317100514
44930,1
44931,0.8254492976937186
44932,0.8697521402007778
44933,1
44934,1
44935,1
44936,0.7599309113245942
44937,1
44938,1
44939,0.9574216351622019
44940,0.9117330397512
44941,1
44942,1
44943,1
44944,0.999011897929704
44945,0.8998639128087105
44946,1
44947,0.9379640066227346
44948,0.9949058168780378
44949,1
44950,1
44951,0.9927453194301491
44952,0.6295361960262146
44953,1
44954,0.6611428969489386
44955,0.7061614529676019
44956,0.28404767400530745
44957,1
44958,1
44959,1
44960,0.9431758866787134
44961,0.980590260469024
44962,1
44963,0.7304749139927137
44964,0.9530866435720331
44965,1
44966,1
44967,1
44968,1
44969,1
44970,0.6190723782977133
44971,1
44972,0.13551615908469558
44973,1
44974,1
44975,1
44976,1
44977,1
44978,0.9685849804078539
44979,0.8540424560591434
44980,1
44981,0.9302355564425553
44982,0.2679212824639739
44983,1
44984,1
44985,0.28914651875505404
44986,0.9117330397512
44987,1
44988,1
44989,1
44990,1
44991,0.9430581897446968
44992,0.9574216351622019
44993,1
44994,1
44995,0.5293842080890057
44996,1
44997,1
44998,1
44999,0.7303596967305136
45000,0.7989199360914329
45001,1
45002,0.999011897929704
45003,0.9371052762402644
45004,0.9851711616006295
45005,0.9302355564425553
45006,1
45007,1
45008,1
45009,1
45010,0.8631748105200309
45011,1
45012,1
45013,0.8895989115827235
45014,1
45015,1
45016,1
45017,1
45018,1
45019,0.9530866435720331
45020,1
45021,0.8458223454045207
45022,0.8673408326828198
45023,1
45024,1
45025,0.7646927335342504
45026,1
45027,1
45028,1
45029,0.8756295464352087
45030,1
45031,1
45032,0.9685849804078539
45033,1
45034,0.7679611574067889
45035,0.8973459867265247
45036,1
45037,0.8683417752309678
45038,0.9279361171634116
45039,1
45040,0.89614483331673
45041,1
45042,1
45043,1
45044,1
45045,0.805380063397717
45046,1
45047,1
45048,0.9614144663088184
45049,0.9251413733205932
45050,0.9614144663088184
45051,1
45052,0.9651212677009737
45053,1
45054,0.980590260469024
45055,0.8275815431690801
45056,1
45057,1
45058,0.9546597272529381
45059,1
45060,1
45061,1
45062,1
45063,1
45064,0.9905051668667311
45065,1
45066,1
45067,0.9371052762402644
45068,1
45069,0.4382894835239256
45070,0.9832309317100514
45071,1
45072,0.9651212677009737
45073,1
45074,1
45075,0.6023130481878964
45076,0.9778219501715014
45077,0.9436572959485738
45078,0.5172838244794499
45079,1
45080,1
45081,1
45082,1
45083,1
45084,0.999011897929704
45085,0.9651212677009737
45086,0.9960047502843267
45087,1
45088,0.8915197637570891
45089,1
45090,1
45091,1
45092,1
45093,0.9483339587646836
45094,1
45095,0.8063871917920645
45096,1
45097,1
45098,0.7886809447085816
45099,1
45100,1
45101,0.7362687468920605
45102,1
45103,1
45104,1
45105,1
45106,1
45107,0.9802237840646741
45108,0.6178194750374909
45109,1
45110,1
45111,1
45112,0.9749109523201227
45113,0.7267881155668597
45114,0.9455999444082086
45115,0.9244075780809493
45116,0.9302355564425553
45117,1
45118,1
45119,1
45120,1
45121,1
45122,0.652630474967535
45123,1
45124,1
45125,1
45126,0.9575959166335175
45127,1
45128,0.5833099865377966
45129,1
45130,0.81195496506415
45131,1
45132,0.9600270845790115
45133,1
45134,0.35608839591199365
45135,0.5174264140846152
45136,0.6178194750374909
45137,0.6320382213624811
45138,1
45139,0.980590260469024
45140,0.9851711616006295
45141,1
45142,1
45143,0.9236484502137208
45144,1
45145,0.9371052762402644
45146,1
45147,0.8973459867265247
45148,1
45149,1
45150,0.8611441501860898
45151,1
45152,1
45153,1
45154,0.6684508125042652
45155,0.9335633566114278
45156,1
45157,1
45158,1
45159,1
45160,1
45161,1
45162,1
45163,1
45164,1
45165,0.8225588566627794
45166,0.8999113489972067
45167,0.999011897929704
45168,1
45169,0.8441162080048619
45170,1
45171,1
45172,1
45173,1
45174,1
45175,0.8680276625315166
45176,1
45177,1
45178,0.9593459630763438
45179,1
45180,1
45181,1
45182,1
45183,0.8680276625315166
45184,0.5453913951100496
45185,0.881689179773843
45186,0.9323325874823246
45187,0.6962422568159075
45188,0.6684508125042652
45189,1
45190,0.8756295464352087
45191,1
45192,1
45193,0.43541596494313156
45194,1
45195,1
45196,1
45197,1
45198,1
45199,1
45200,1
45201,1
45202,0.927228408797178
45203,0.869185233274474
45204,1
45205,0.9718392465479493
45206,1
45207,1
45208,1
45209,0.785723199240805
45210,1
45211,1
45212,1
45213,1
45214,1
45215,1
45216,1
45217,1
45218,1
45219,0.8164642381256343
45220,0.8404041764712215
45221,0.9905051668667311
45222,1
45223,1
45224,1
45225,0.9117330397512
45226,0.9927453194301491
45227,0.830833432708545
45228,1
45229,0.7767535546373393
45230,0.9544144875168246
45231,1
45232,0.9749109523201227
45233,1
45234,0.9584073186634412
45235,0.8956024152852753
45236,0.9874980192213537
45237,1
45238,0.8949880078387571
45239,1
45240,0.8876571916047573
45241,1
45242,1
45243,0.881689179773843
45244,0.734353591295971
45245,0.9638211921790754
45246,1
45247,0.999011897929704
45248,1
45249,1
45250,1
45251,1
45252,1
45253,1
45254,1
45255,0.8910506501947678
45256,1
45257,0.9117330397512
45258,0.9857566700855682
45259,0.6471509460941921
45260,0.4655013376903048
45261,0.980590260469024
45262,0.9969928523546226
45263,1
45264,1
45265,0.942943217872475
45266,1
45267,1
45268,1
45269,0.6560301784651017
45270,1
45271,1
45272,1
45273,0.9969928523546226
45274,1
45275,1
45276,1
45277,0.8913921485093805
45278,0.8537843326170849
45279,1
45280,1
45281,1
45282,1
45283,0.8966861581757088
45284,1
45285,1
45286,1
45287,0.89614483331673
45288,1
45289,1
45290,1
45291,1
45292,1
45293,0.8802539314951286
45294,1
45295,1
45296,1
45297,1
45298,1
45299,0.9718392465479493
45300,0.5761503554511852
45301,1
45302,0.9905051668667311
45303,0.9949058168780378
45304,0.9081794574456705
45305,0.9749109523201227
45306,1
45307,0.5761503554511852
45308,0.9718392465479493
45309,0.3377124616080103
45310,1
45311,1
45312,1
45313,0.4219757431005803
45314,0.6274112254293499
45315,0.9614144663088184
45316,1
45317,1
45318,1
45319,1
45320,0.9323325874823246
45321,1
45322,1
45323,0.9624861682912582
45324,0.9749109523201227
45325,1
45326,1
45327,1
45328,1
45329,0.6270862504061968
45330,0.9302355564425553
45331,1
45332,0.9574216351622019
45333,0.9530866435720331
45334,0.8008763083445318
45335,1
45336,1
45337,1
45338,1
45339,0.48893853464075954
45340,0.9530866435720331
45341,1
45342,1
45343,1
45344,0.9380721305494554
45345,1
45346,0.8973459867265247
45347,0.4219757431005803
45348,0.9832309317100514
45349,1
45350,1
45351,1
45352,1
45353,0.9881783092460067
45354,1
45355,0.734183218198164
45356,1
45357,1
45358,0.8109720987352943
45359,1
45360,0.5761503554511852
45361,1
45362,1
45363,1
45364,1
45365,1
45366,1
45367,1
45368,1
45369,1
45370,1
45371,0.999011897929704
45372,0.9145011098808516
45373,1
45374,0.8276249512309142
45375,1
45376,1
45377,0.9718392465479493
45378,1
45379,0.9949058168780378
45380,0.9117330397512
45381,1
45382,0.45353423233273343
45383,1
45384,1
45385,0.9574216351622019
45386,1
45387,1
45388,1
45389,1
45390,0.9619144078227891
45391,1
45392,0.7274078311987034
45393,0.9463201932761807
45394,1
45395,0.9614144663088184
45396,1
45397,1
45398,1
45399,1
45400,0.9651212677009737
45401,0.9070826077246559
45402,1
45403,1
45404,0.8814034535830545
45405,1
45406,0.8537843326170849
45407,0.8973459867265247
45408,0.9550701782580007
45409,0.8648196833232331
45410,1
45411,0.5174264140846152
45412,1
45413,0.8680276625315166
45414,1
45415,0.28404767400530745
45416,1
45417,0.8973459867265247
45418,0.1978908552178076
45419,0.8368744130717932
45420,1
45421,0.9371052762402644
45422,1
45423,1
45424,1
45425,0.9574216351622019
45426,0.9905051668667311
45427,0.8900913061566738
45428,0.9532995769469804
45429,1
45430,1
45431,1
45432,0.9776553393182288
45433,0.8579854161564625
45434,1
45435,1
45436,1
45437,1
45438,1
45439,0.9927453194301491
45440,0.9067588393767277
45441,0.9332537128567678
45442,0.9371052762402644
45443,0.6881772574191536
45444,1
45445,0.8945269114024664
45446,1
45447,1
45448,1
45449,0.307618929646419
45450,1
45451,1
45452,1
45453,1
45454,0.9430581897446968
45455,0.7599309113245942
45456,1
45457,1
45458,0.8027777087395082
45459,0.8973459867265247
45460,1
45461,0.9749109523201227
45462,0.6295361960262146
45463,0.8629334794095544
45464,1
45465,0.9302355564425553
45466,0.9574216351622019
45467,1
45468,0.9857566700855682
45469,1
45470,1
45471,0.8110858522762134
45472,1
45473,0.44822043282973734
45474,1
45475,0.4680614538982717
45476,0.9778219501715014
45477,0.8738273668813195
45478,0.9685849804078539
45479,1
45480,1
45481,0.8973459867265247
45482,0.6771066890092413
45483,1
45484,0.4123220520909599
45485,0.9574216351622019
45486,1
45487,0.7304749139927137
45488,0.9371052762402644
45489,1
45490,1
45491,1
45492,0.9125471295039401
45493,1
45494,1
45495,1
45496,0.5172838244794499
45497,0.8337750023884092
45498,1
45499,1
45500,0.9420047267778425
45501,1
45502,0.8232013326812648
45503,1
45504,1
45505,0.7474912603309277
45506,0.8504326302985578
45507,1
45508,0.5062698605943717
45509,1
45510,0.9483339587646836
45511,0.8973459867265247
45512,1
45513,0.8973459867265247
45514,1
45515,0.9083723050306446
45516,1
45517,0.8726636352576804
45518,0.960082113920752
45519,1
45520,0.9749109523201227
45521,0.9377561715106503
45522,0.9055161505890064
45523,1
45524,1
45525,0.9117330397512
45526,1
45527,0.9949058168780378
45528,1
45529,1
45530,1
45531,1
45532,1
45533,1
45534,0.980590260469024
45535,1
45536,0.9749109523201227
45537,0.7171355903579985
45538,1
45539,0.7653736492580413
45540,1
45541,0.9284057581571736
45542,1
45543,0.9430581897446968
45544,1
45545,0.9949058168780378
45546,0.9299994467166725
45547,0.7416890608655049
45548,1
45549,1
45550,1
45551,0.9881783092460067
45552,1
45553,1
45554,0.8853694274127564
45555,1
45556,1
45557,1
45558,0.9430581897446968
45559,0.762332745217767
45560,1
45561,0.9832309317100514
45562,0.999011897929704
45563,1
45564,0.9430581897446968
45565,1
45566,0.6808769299573304
45567,0.8644659422428241
45568,1
45569,1
45570,0.7833738407624912
45571,1
45572,0.9881783092460067
45573,1
45574,0.9044726560535153
45575,1
45576,0.5967748047391827
45577,0.9218552132870638
45578,1
45579,0.826142194717372
45580,0.9969928523546226
45581,1
45582,0.16511844455198982
45583,1
45584,1
45585,0.8380341891653327
45586,1
45587,0.8973459867265247
45588,1
45589,0.8546762576236752
45590,1
45591,1
45592,1
45593,1
45594,0.9530866435720331
45595,1
45596,0.8878511535932557
45597,1
45598,0.9220419626372091
45599,1
45600,0.9206224804901203
45601,0.5326172109522959
45602,0.8147936416332521
45603,0.9302355564425553
45604,0.9905051668667311
45605,0.9220419626372091
45606,0.8500106032804553
45607,0.9302355564425553
45608,1
45609,1
45610,1
45611,1
45612,0.8271884713998872
45613,0.9117330397512
45614,0.980590260469024
45615,0.7304749139927137
45616,0.8392528349348349
45617,0.9213178828994779
45618,1
45619,0.9733355798991731
45620,1
45621,1
45622,0.9685849804078539
45623,0.980590260469024
45624,1
45625,0.9832309317100514
45626,1
45627,0.9718392465479493
45628,0.6201648787539381
45629,1
45630,1
45631,1
45632,1
45633,1
45634,1
45635,1
45636,1
45637,0.8652817382799306
45638,1
45639,0.9530866435720331
45640,0.7996078711754357
45641,0.9371052762402644
45642,0.9188361014710205
45643,1
45644,1
45645,1
45646,1
45647,0.8090790264777248
45648,1
45649,1
45650,1
45651,1
45652,0.8963578846562287
45653,0.7228188920274133
45654,0.7900111191044499
45655,0.8726636352576804
45656,0.9718392465479493
45657,1
45658,0.7783645363962678
45659,0.9117330397512
45660,1
45661,0.9092321698129198
45662,0.758680460773494
45663,0.7092003441114499
45664,0.734626658417221
45665,1
45666,0.4219757431005803
45667,1
45668,1
45669,0.7577291769616384
45670,1
45671,0.5646236567413525
45672,0.9832309317100514
45673,1
45674,1
45675,0.9530866435720331
45676,1
45677,0.9754960773470618
45678,1
45679,0.8769427636769767
45680,1
45681,0.9397363579942904
45682,1
45683,0.9651212677009737
45684,1
45685,0.7503056587388022
45686,0.9220419626372091
45687,1
45688,0.9969928523546226
45689,0.34223647604472807
45690,1
45691,1
45692,0.6678355870253627
45693,1
45694,1
45695,1
45696,1
45697,0.8640604917914398
45698,1
45699,0.8733813126071528
45700,1
45701,1
45702,1
45703,0.9905051668667311
45704,0.8825834981620375
45705,1
45706,1
45707,0.916947779515247
45708,1
45709,1
45710,1
45711,0.881689179773843
45712,1
45713,0.9543263590458063
45714,1
45715,1
45716,1
45717,1
45718,1
45719,1
45720,0.9493203043948625
45721,1
45722,0.6845395265664629
45723,1
45724,0.9388391256314147
45725,0.9651212677009737
45726,1
45727,1
45728,0.9574216351622019
45729,0.9117330397512
45730,0.7829289448417164
45731,0.9749109523201227
45732,0.9229808758727044
45733,0.36078209663113275
45734,1
45735,1
45736,1
45737,0.8600669985158838
45738,1
45739,1
45740,1
45741,1
45742,1
45743,1
45744,0.9511575300706744
45745,0.8973459867265247
45746,1
45747,0.9718392465479493
45748,1
45749,1
45750,1
45751,1
45752,0.9687685697150307
45753,1
45754,1
45755,1
45756,1
45757,1
45758,0.9718392465479493
45759,0.8831855131250667
45760,0.7036260309588871
45761,1
45762,0.9014206023367168
45763,1
45764,1
45765,0.8785695152072391
45766,1
45767,1
45768,0.702960235662883
45769,0.9718392465479493
45770,0.7156765057907074
45771,1
45772,1
45773,1
45774,0.7653736492580413
45775,0.9949058168780378
45776,0.9949058168780378
45777,1
45778,1
45779,0.6002407030730966
45780,1
45781,1
45782,1
45783,0.7197619701773212
45784,1
45785,1
45786,1
45787,0.4656146291832821
45788,1
45789,1
45790,0.881689179773843
45791,0.9718392465479493
45792,0.9857566700855682
45793,1
45794,0.9430581897446968
45795,1
45796,0.9483339587646836
45797,0.8974897098367683
45798,1
45799,1
45800,1
45801,0.9714287955428867
45802,1
45803,1
45804,1
45805,1
45806,0.9014206023367168
45807,1
45808,1
45809,0.999011897929704
45810,0.999011897929704
45811,1
45812,1
45813,0.9832309317100514
45814,1
45815,1
45816,1
45817,0.6325437094937455
45818,0.952732902491624
45819,1
45820,1
45821,0.9775831128236467
45822,1
45823,0.9610528818815528
45824,1
45825,0.8963577666916772
45826,0.6652769239925461
45827,1
45828,1
45829,0.999011897929704
45830,1
45831,1
45832,1
45833,0.9584122106405254
45834,1
45835,0.8973459867265247
45836,1
45837,0.9685849804078539
45838,0.3201745023182967
45839,0.774714348523969
45840,0.9832309317100514
45841,1
45842,1
45843,0.371294066115471
45844,1
45845,1
45846,1
45847,1
45848,1
45849,0.6226591972289537
45850,1
45851,0.9458319630021822
45852,1
45853,0.826142194717372
45854,1
45855,0.8876571916047573
45856,0.8717495337139692
45857,0.9749109523201227
45858,1
45859,1
45860,1
45861,1
45862,1
45863,1
45864,0.9909105671623645
45865,0.9530866435720331
45866,0.9881783092460067
45867,0.6874156118952504
45868,1
45869,1
45870,1
45871,1
45872,1
45873,1
45874,1
45875,1
45876,1
45877,1
45878,1
45879,1
45880,1
45881,0.9614144663088184
45882,0.9619144078227891
45883,0.9927453194301491
45884,0.8983749805577416
45885,0.9371052762402644
45886,1
45887,0.9651212677009737
45888,1
45889,1
45890,1
45891,1
45892,0.8680138699837988
45893,1
45894,0.9302355564425553
45895,0.9857566700855682
45896,1
45897,0.9483339587646836
45898,1
45899,1
45900,1
45901,0.910744937680904
45902,1
45903,1
45904,1
45905,1
45906,1
45907,0.6378026475493072
45908,1
45909,1
45910,1
45911,0.8768845533565979
45912,0.4085729993415628
45913,0.9066388566292378
45914,0.9905051668667311
45915,0.9003648530346771
45916,1
45917,1
45918,1
45919,0.5261532419748116
45920,1
45921,1
45922,1
45923,0.9117330397512
45924,0.9574216351622019
45925,0.9689876017956197
45926,1
45927,1
45928,1
45929,0.952732902491624
45930,1
45931,1
45932,1
45933,1
45934,1
45935,1
45936,0.947926802028933
45937,1
45938,0.9905051668667311
45939,0.9483339587646836
45940,1
45941,1
45942,0.9778219501715014
45943,0.968832098902572
45944,1
45945,0.48934057145874793
45946,1
45947,1
45948,0.13551615908469558
45949,1
45950,0.9518159121179053
45951,1
45952,0.9857566700855682
45953,0.7274078311987034
45954,1
45955,1
45956,1
45957,1
45958,1
45959,0.7018026649199257
45960,0.8244611956234226
45961,0.9881783092460067
45962,1
45963,0.7092003441114499
45964,1
45965,1
45966,1
45967,1
45968,0.8732147519096309
45969,0.8878511535932557
45970,0.49009559973280764
45971,0.9905051668667311
45972,1
45973,0.9371052762402644
45974,0.9574216351622019
45975,0.999011897929704
45976,0.61005969408293
45977,0.9431758866787134
45978,0.9371052762402644
45979,1
45980,0.9881783092460067
45981,0.8785695152072391
45982,1
45983,1
45984,1
45985,1
45986,1
45987,0.9220419626372091
45988,0.8796223775818254
45989,1
45990,1
45991,1
45992,1
45993,0.8779362471955486
45994,1
45995,1
45996,1
45997,1
45998,1
45999,0.9905051668667311
46000,1
46001,1
46002,1
46003,0.9685849804078539
46004,0.5544596715437357
46005,0.88552429597253135
46006,0.6287794368916031
46007,0.980590260469024
46008,1
46009,0.6295361960262146
46010,0.8738273668813195
46011,0.9020748029905047
46012,0.26484638961218143
46013,0.4003879470865306
46014,0.1739354062296626
46015,0.7171355903579985
46016,0.9337062481088276
46017,1
46018,0.9439972107343976
46019,0.8920317214461785
46020,1
46021,0.9749109523201227
46022,1
46023,0.5071325768693296
46024,1
46025,0.934090628850252
46026,0.5838736165048607
46027,1
46028,1
46029,1
46030,1
46031,0.9614144663088184
46032,0.7330299210083129
46033,1
46034,1
46035,1
46036,1
46037,0.8202567038077373
46038,0.8268851949809044
46039,0.9430581897446968
46040,0.8831026568120929
46041,0.9518159121179053
46042,0.9857566700855682
46043,1
46044,1
46045,0.9229808758727044
46046,1
46047,0.8801634659849612
46048,1
46049,0.6517195036539508
46050,1
46051,1
46052,1
46053,0.6205822018733284
46054,1
46055,1
46056,0.5174264140846152
46057,1
46058,1
46059,1
46060,1
46061,1
46062,0.9881783092460067
46063,0.9388433136576013
46064,1
46065,0.9969928523546226
46066,1
46067,1
46068,1
46069,1
46070,0.9417153688451588
46071,0.999011897929704
46072,0.6471015349655364
46073,1
46074,0.8864329798085784
46075,1
46076,1
46077,1
46078,0.999011897929704
46079,0.9543263590458063
46080,1
46081,0.9851711616006295
46082,1
46083,1
46084,0.9134552264656575
46085,0.8973459867265247
46086,0.9778219501715014
46087,1
46088,1
46089,0.9749109523201227
46090,0.9905051668667311
46091,1
46092,0.8947697296867483
46093,0.9117330397512
46094,1
46095,1
46096,0.9010668612563077
46097,0.910744937680904
46098,0.8732147519096309
46099,1
46100,1
46101,0.7653736492580413
46102,1
46103,0.9832309317100514
46104,0.8628319757129675
46105,0.4955633681317077
46106,1
46107,0.9614144663088184
46108,1
46109,1
46110,1
46111,1
46112,1
46113,0.9918986692326606
46114,0.980590260469024
46115,0.9343075711884747
46116,0.8368744130717932
46117,0.9651212677009737
46118,1
46119,1
46120,1
46121,1
46122,0.8710557856368526
46123,1
46124,0.9800769784786673
46125,0.9969928523546226
46126,1
46127,1
46128,1
46129,0.8722569390466473
46130,1
46131,1
46132,1
46133,1
46134,1
46135,1
46136,1
46137,1
46138,1
46139,1
46140,1
46141,0.9009175678901785
46142,1
46143,0.9543263590458063
46144,1
46145,1
46146,0.9857566700855682
46147,0.8211143061035497
46148,0.9927453194301491
46149,1
46150,1
46151,0.6608316527260744
46152,0.9685849804078539
46153,0.8090790264777248
46154,1
46155,0.8109720987352943
46156,1
46157,0.8973459867265247
46158,0.9778219501715014
46159,0.8027777087395082
46160,0.8956024152852753
46161,1
46162,1
46163,0.4972425565918858
46164,1
46165,1
46166,1
46167,1
46168,1
46169,0.7006448607190071
46170,0.9208801399161981
46171,0.6701297819581581
46172,1
46173,1
46174,0.8913921485093805
46175,0.9225429028631756
46176,0.9555012127891466
46177,0.9302355564425553
46178,1
46179,1
46180,1
46181,0.9227171843344912
46182,1
46183,1
46184,0.9881783092460067
46185,1
46186,1
46187,1
46188,1
46189,0.4266080556125756
46190,1
46191,0.9574216351622019
46192,0.9371052762402644
46193,1
46194,0.9685849804078539
46195,1
46196,1
46197,1
46198,1
46199,1
46200,0.934090628850252
46201,1
46202,1
46203,0.9270174348774214
46204,1
46205,0.8458105283540033
46206,1
46207,1
46208,0.6132774587053189
46209,0.9431783052477701
46210,1
46211,0.8738273668813195
46212,0.9614144663088184
46213,0.9220419626372091
46214,0.9749109523201227
46215,1
46216,0.7608116071224601
46217,1
46218,1
46219,1
46220,0.9778219501715014
46221,1
46222,1
46223,0.9574216351622019
46224,1
46225,0.9905051668667311
46226,0.9854109837447689
46227,1
46228,0.5261532419748116
46229,1
46230,0.8549728153939216
46231,0.28404767400530745
46232,1
46233,0.9685849804078539
46234,1
46235,0.8973459867265247
46236,0.9905051668667311
46237,0.9688407962096128
46238,0.9778219501715014
46239,1
46240,1
46241,1
46242,1
46243,1
46244,0.36630256266689154
46245,1
46246,0.6611428969489386
46247,1
46248,0.3594475323086776
46249,1
46250,0.8054264854325995
46251,1
46252,1
46253,0.9809236286761558
46254,1
46255,1
46256,1
46257,1
46258,1
46259,0.8579854161564625
46260,0.971095427335755
46261,0.9371052762402644
46262,0.8648196833232331
46263,1
46264,1
46265,0.6757939507078312
46266,0.9157408253546249
46267,0.7476163529674426
46268,0.9117330397512
46269,1
46270,1
46271,0.8680276625315166
46272,1
46273,0.9371052762402644
46274,1
46275,0.8038311717063625
46276,1
46277,1
46278,1
46279,0.6419468060265131
46280,0.9530866435720331
46281,0.999011897929704
46282,0.9574216351622019
46283,0.9927453194301491
46284,0.9117330397512
46285,0.89614483331673
46286,1
46287,0.9718392465479493
46288,0.9220419626372091
46289,1
46290,0.9687685697150307
46291,0.9949058168780378
46292,0.9857566700855682
46293,1
46294,1
46295,0.6026233500648948
46296,0.8680276625315166
46297,0.7989199360914329
46298,0.8548829457952722
46299,0.9881783092460067
46300,1
46301,0.8216277049519358
46302,0.9430581897446968
46303,1
46304,1
46305,0.9614144663088184
46306,0.9969928523546226
46307,1
46308,1
46309,0.8625063156703126
46310,1
46311,1
46312,1
46313,1
46314,0.9927453194301491
46315,0.9905051668667311
46316,0.5564249144947209
46317,0.6069491736826037
46318,1
46319,1
46320,0.7593567903393763
46321,1
46322,1
46323,1
46324,0.5174264140846152
46325,0.9483339587646836
46326,1
46327,1
46328,1
46329,1
46330,0.9483339587646836
46331,1
46332,0.9905051668667311
46333,1
46334,1
46335,0.9905051668667311
46336,0.8684217335450968
46337,0.9830841261240445
46338,1
46339,1
46340,1
46341,1
46342,1
46343,0.9651212677009737
46344,1
46345,0.4344445626208695
46346,1
46347,0.7080460835166392
46348,0.980590260469024
46349,0.7836107363107213
46350,1
46351,0.6988454330429702
46352,0.9117330397512
46353,1
46354,1
46355,1
46356,0.9260684823907971
46357,0.47638908725645024
46358,1
46359,1
46360,0.9969928523546226
46361,1
46362,1
46363,0.9430581897446968
46364,0.4222595218993172
46365,1
46366,1
46367,1
46368,1
46369,1
46370,0.9404242269558032
46371,1
46372,0.9371052762402644
46373,1
46374,1
46375,1
46376,1
46377,1
46378,1
46379,1
46380,0.7512522158623951
46381,1
46382,0.9651212677009737
46383,1
46384,0.921194938332786
46385,0.982749522440191
46386,0.9667450634259871
46387,0.7311209891149338
46388,0.8697755096525137
46389,0.9927453194301491
46390,0.9905051668667311
46391,1
46392,0.9881783092460067
46393,1
46394,1
46395,0.9718392465479493
46396,1
46397,0.968832098902572
46398,1
46399,0.6082686814428431
46400,1
46401,0.886429266159805
46402,0.8527962305467889
46403,1
46404,1
46405,1
46406,0.8607729819616656
46407,0.9544144875168246
46408,0.980590260469024
46409,1
46410,1
46411,0.9343075711884747
46412,1
46413,1
46414,0.9574216351622019
46415,0.8537843326170849
46416,1
46417,0.9718392465479493
46418,1
46419,1
46420,0.9220419626372091
46421,0.9117330397512
46422,1
46423,1
46424,0.9689876017956197
46425,0.762332745217767
46426,1
46427,0.9227171843344912
46428,1
46429,1
46430,0.9737360985767824
46431,1
46432,1
46433,0.9781563031749179
46434,1
46435,1
46436,1
46437,1
46438,0.9388391256314147
46439,1
46440,0.9614144663088184
46441,1
46442,0.9483339587646836
46443,1
46444,1
46445,0.9249930865658882
46446,0.5440477346626692
46447,0.8525337439539906
46448,1
46449,1
46450,1
46451,1
46452,1
46453,1
46454,1
46455,1
46456,0.7959475137391832
46457,1
46458,1
46459,0.9371052762402644
46460,1
46461,0.9651212677009737
46462,1
46463,0.9778219501715014
46464,0.5422068413911472
46465,1
46466,1
46467,1
46468,0.9220419626372091
46469,0.4784650942096875
46470,1
46471,1
46472,1
46473,1
46474,0.890338482892615
46475,0.6939093651386093
46476,0.898519742549083
46477,0.921671623979887
46478,1
46479,0.9022265439412381
46480,1
46481,1
46482,0.9555012127891466
46483,0.9220419626372091
46484,1
46485,1
46486,1
46487,1
46488,1
46489,1
46490,1
46491,1
46492,0.9196465075015726
46493,1
46494,1
46495,1
46496,1
46497,1
46498,0.9077986327227774
46499,0.8904890740022744
46500,1
46501,1
46502,1
46503,0.7902966006277752
46504,1
46505,1
46506,1
46507,0.7890421499563437
46508,1
46509,1
46510,0.9651212677009737
46511,1
46512,1
46513,1
46514,1
46515,0.9685849804078539
46516,0.999011897929704
46517,0.9881783092460067
46518,1
46519,0.4003622490413691
46520,1
46521,0.9574216351622019
46522,0.9806624869636061
46523,1
46524,1
46525,0.9832309317100514
46526,0.9530866435720331
46527,1
46528,0.9464069305793552
46529,0.8256448312783603
46530,0.5695836187842358
46531,0.9050972484185443
46532,1
46533,1
46534,1
46535,0.8854392350049481
46536,1
46537,1
46538,0.9785019895157173
46539,1
46540,1
46541,1
46542,1
46543,0.9201732053126329
46544,1
46545,0.3377124616080103
46546,1
46547,0.9430581897446968
46548,0.7646868194093445
46549,1
46550,0.8684217335450968
46551,1
46552,1
46553,0.8683365117472434
46554,1
46555,0.6771066890092413
46556,1
46557,0.9857566700855682
46558,0.9832309317100514
46559,0.9905051668667311
46560,0.9264902619396016
46561,1
46562,0.9210144874248272
46563,1
46564,1
46565,1
46566,1
46567,1
46568,1
46569,1
46570,1
46571,1
46572,0.6205822018733284
46573,0.9832309317100514
46574,1
46575,1
46576,0.9638407467659041
46577,0.962852644695608
46578,0.9117330397512
46579,0.8708878942889067
46580,1
46581,1
46582,1
46583,1
46584,1
46585,0.7953357088244613
46586,1
46587,0.9574216351622019
46588,0.9718392465479493
46589,1
46590,1
46591,1
46592,1
46593,1
46594,0.8388686576174249
46595,1
46596,1
46597,1
46598,0.9188361014710205
46599,1
46600,1
46601,1
46602,0.5679632942845784
46603,1
46604,1
46605,0.9778219501715014
46606,0.4972425565918858
46607,0.9969928523546226
46608,1
46609,0.9832309317100514
46610,0.7900696251687257
46611,1
46612,0.9949058168780378
46613,1
46614,1
46615,0.854533329901948
46616,1
46617,1
46618,0.9213324405340684
46619,0.8235918515749521
46620,1
46621,1
46622,0.9881783092460067
46623,1
46624,0.910744937680904
46625,0.8680276625315166
46626,1
46627,0.9675601219562732
46628,1
46629,1
46630,1
46631,0.9371052762402644
46632,0.734353591295971
46633,0.9388391256314147
46634,1
46635,1
46636,1
46637,1
46638,0.879983947725229
46639,1
46640,1
46641,0.9371052762402644
46642,0.89614483331673
46643,1
46644,1
46645,1
46646,0.9265357340097923
46647,1
46648,0.9555012127891466
46649,1
46650,0.8279788315279484
46651,1
46652,0.8228054284188661
46653,1
46654,1
46655,1
46656,0.9245721490395733
46657,1
46658,1
46659,0.8582783971484009
46660,1
46661,0.9302355564425553
46662,0.8246458613661484
46663,0.8974897098367683
46664,1
46665,0.9530866435720331
46666,1
46667,0.9446453980188699
46668,1
46669,0.7822515641681951
46670,0.4724423978337025
46671,1
46672,0.9604263642385225
46673,1
46674,0.9857566700855682
46675,1
46676,1
46677,0.9188361014710205
46678,1
46679,0.959090147274585
46680,0.547942210733365
46681,1
46682,1
46683,0.8837518255697026
46684,1
46685,0.8556692978066883
46686,0.9927453194301491
46687,0.8973459867265247
46688,0.6771066890092413
46689,0.9117330397512
46690,1
46691,1
46692,1
46693,0.7501690487295319
46694,0.8254006643174522
46695,1
46696,0.7419699134697237
46697,0.9067412774281249
46698,1
46699,0.9857566700855682
46700,0.7504086068329762
46701,1
46702,0.8833674448282782
46703,1
46704,0.9229808758727044
46705,1
46706,1
46707,1
46708,1
46709,1
46710,1
46711,1
46712,1
46713,0.8510146104626144
46714,0.28404767400530745
46715,1
46716,0.8334482506631616
46717,0.8684217335450968
46718,1
46719,1
46720,0.9213324405340684
46721,1
46722,0.9245721490395733
46723,1
46724,1
46725,1
46726,1
46727,1
46728,1
46729,1
46730,0.36167667356592764
46731,1
46732,0.8973459867265247
46733,1
46734,1
46735,1
46736,1
46737,0.5003699651662554
46738,1
46739,0.9149272264117658
46740,0.9874980192213537
46741,1
46742,1
46743,1
46744,1
46745,1
46746,1
46747,1
46748,1
46749,1
46750,0.7043120837200184
46751,1
46752,0.8196321006346385
46753,1
46754,0.5967158685997831
46755,1
46756,0.9117330397512
46757,0.8024924954892028
46758,1
46759,1
46760,0.8734833675838863
46761,1
46762,1
46763,1
46764,0.8765312837326594
46765,1
46766,0.9117330397512
46767,1
46768,1
46769,1
46770,1
46771,0.14421982184185203
46772,1
46773,0.9969928523546226
46774,1
46775,0.980590260469024
46776,0.8680276625315166
46777,0.9590922499847413
46778,1
46779,0.9749109523201227
46780,1
46781,1
46782,1
46783,0.9220419626372091
46784,0.9530866435720331
46785,1
46786,1
46787,0.8286860346969143
46788,1
46789,0.9371052762402644
46790,0.9949058168780378
46791,1
46792,1
46793,0.8652817382799306
46794,0.98325048629688
46795,0.9832309317100514
46796,0.9969928523546226
46797,0.5174264140846152
46798,0.9371052762402644
46799,0.6548984340653358
46800,0.999011897929704
46801,1
46802,1
46803,1
46804,1
46805,0.7275248218723094
46806,0.8555396794827171
46807,1
46808,1
46809,1
46810,0.8910506501947678
46811,1
46812,1
46813,0.9927453194301491
46814,1
46815,1
46816,0.8872291170982619
46817,0.9518159121179053
46818,1
46819,1
46820,1
46821,1
46822,1
46823,1
46824,1
46825,1
46826,1
46827,0.9371052762402644
46828,1
46829,0.826142194717372
46830,1
46831,0.8396407660447065
46832,0.8027777087395082
46833,1
46834,1
46835,1
46836,0.9832309317100514
46837,0.8680276625315166
46838,1
46839,1
46840,1
46841,1
46842,1
46843,0.9778219501715014
46844,0.9683271170382325
46845,1
46846,1
46847,0.6320382213624811
46848,1
46849,1
46850,1
46851,1
46852,0.7941932617398576
46853,0.9117330397512
46854,1
46855,0.9949058168780378
46856,0.9969928523546226
46857,1
46858,0.9905051668667311
46859,0.962852644695608
46860,1
46861,0.7606359638820859
46862,0.9778219501715014
46863,0.9574216351622019
46864,0.9881783092460067
46865,0.8472114306620593
46866,1
46867,0.8845772069359775
46868,0.7834313289286899
46869,0.6666049942050397
46870,1
46871,0.6688042273013626
46872,1
46873,1
46874,1
46875,1
46876,1
46877,0.7941932617398576
46878,0.4242210627688309
46879,1
46880,1
46881,0.41087938918397754
46882,1
46883,0.9881783092460067
46884,0.7349310878736879
46885,1
46886,0.9778219501715014
46887,1
46888,0.9949058168780378
46889,0.7694482648682334
46890,0.9026322231062331
46891,1
46892,0.8429221025534073
46893,0.8683417752309678
46894,1
46895,1
46896,1
46897,0.8998368424401051
46898,0.6960304363856444
46899,0.999011897929704
46900,0.7694482648682334
46901,1
46902,0.973934979331575
46903,1
46904,0.7311209891149338
46905,0.8452818526510674
46906,1
46907,1
46908,1
46909,1
46910,1
46911,1
46912,1
46913,1
46914,0.8368744130717932
46915,1
46916,0.833240520069993
46917,1
46918,1
46919,1
46920,1
46921,1
46922,0.7900111191044499
46923,1
46924,0.7755319528051833
46925,0.4371125082402277
46926,0.9615138891451798
46927,1
46928,1
46929,1
46930,1
46931,1
46932,0.9614144663088184
46933,1
46934,1
46935,0.7683589138645027
46936,1
46937,1
46938,1
46939,1
46940,1
46941,1
46942,1
46943,1
46944,1
46945,1
46946,1
46947,1
46948,0.8097150549878858
46949,1
46950,0.7199191990914556
46951,0.9718392465479493
46952,0.6578928101493071
46953,1
46954,0.8684217335450968
46955,1
46956,0.9832309317100514
46957,0.6076855193320915
46958,1
46959,0.9969928523546226
46960,0.9220419626372091
46961,0.898519742549083
46962,1
46963,0.8303934771958488
46964,1
46965,1
46966,1
46967,1
46968,0.9949058168780378
46969,0.9168791820003348
46970,0.6560520171239274
46971,0.921671623979887
46972,0.9718392465479493
46973,0.8138697140937888
46974,1
46975,1
46976,1
46977,1
46978,1
46979,1
46980,1
46981,0.8274239578322002
46982,1
46983,0.9312364989907035
46984,0.8629334794095544
46985,1
46986,1
46987,1
46988,1
46989,0.9493203043948625
46990,0.8048131858812508
46991,0.9159922265281236
46992,0.9250779069124737
46993,0.7941599469730644
46994,1
46995,0.9685849804078539
46996,0.8619305527046229
46997,0.6811803254319811
46998,1
46999,1
47000,1
47001,1
47002,1
47003,1
47004,1
47005,1
47006,0.999011897929704
47007,0.999011897929704
47008,1
47009,0.8353812497970499
47010,1
47011,1
47012,1
47013,0.28404767400530745
47014,0.9651212677009737
47015,1
47016,1
47017,1
47018,1
47019,1
47020,1
47021,1
47022,1
47023,0.9430581897446968
47024,1
47025,1
47026,1
47027,1
47028,1
47029,0.8938812091851585
47030,0.9555012127891466
47031,1
47032,1
47033,0.9134552264656575
47034,1
47035,1
47036,1
47037,1
47038,0.9208801399161981
47039,1
47040,1
47041,0.9574216351622019
47042,0.37959790939733495
47043,1
47044,0.9651212677009737
47045,1
47046,1
47047,1
47048,1
47049,1
47050,0.8876571916047573
47051,1
47052,0.9749109523201227
47053,1
47054,0.14421982184185203
47055,0.9905051668667311
47056,0.785839428547298
47057,1
47058,1
47059,1
47060,0.8328677795487884
47061,1
47062,0.7923736719467944
47063,1
47064,1
47065,0.9458319630021822
47066,1
47067,1
47068,0.999011897929704
47069,0.9718392465479493
47070,1
47071,0.6073422454517966
47072,1
47073,0.9220419626372091
47074,0.8751286062092423
47075,1
47076,0.999011897929704
47077,1
47078,0.9021393611173008
47079,0.9778219501715014
47080,1
47081,1
47082,1
47083,0.9854109837447689
47084,1
47085,1
47086,1
47087,0.9614144663088184
47088,0.9139093342223501
47089,1
47090,1
47091,0.7880106269306362
47092,1
47093,0.9117330397512
47094,1
47095,0.9685849804078539
47096,1
47097,1
47098,1
47099,1
47100,0.9117330397512
47101,1
47102,1
47103,0.9182079112730068
47104,1
47105,0.8680276625315166
47106,1
47107,1
47108,0.6113228415838649
47109,0.9786834761127378
47110,0.7989088430632761
47111,0.8027777087395082
47112,1
47113,1
47114,0.9420047267778425
47115,1
47116,1
47117,0.9117330397512
47118,0.9574216351622019
47119,1
47120,1
47121,0.9606676224056909
47122,0.8973459867265247
47123,1
47124,1
47125,0.9530866435720331
47126,0.9969928523546226
47127,1
47128,0.9969928523546226
47129,1
47130,1
47131,1
47132,1
47133,1
47134,0.5542227430561247
47135,0.9190348149918318
47136,0.8297562415397864
47137,1
47138,0.823523920846721
47139,0.9430581897446968
47140,1
47141,0.9500794959266557
47142,1
47143,0.9289242192337076
47144,1
47145,0.39760725204600117
47146,1
47147,1
47148,0.8500106032804553
47149,1
47150,0.7194974356133105
47151,1
47152,1
47153,0.979602158398728
47154,1
47155,0.9105713910471472
47156,1
47157,0.9574216351622019
47158,1
47159,1
47160,1
47161,0.7171355903579985
47162,0.9260066155700558
47163,1
47164,0.9949058168780378
47165,0.9220419626372091
47166,1
47167,1
47168,0.9718392465479493
47169,1
47170,1
47171,0.9117330397512
47172,1
47173,1
47174,1
47175,0.9435918104387641
47176,0.9905051668667311
47177,0.9778219501715014
47178,0.6892424924626859
47179,1
47180,0.9809236286761558
47181,1
47182,0.9857566700855682
47183,1
47184,1
47185,0.9159596774449509
47186,1
47187,0.9430581897446968
47188,0.9532995769469804
47189,0.9881783092460067
47190,1
47191,1
47192,0.8456799454912083
47193,1
47194,0.9574216351622019
47195,1
47196,1
47197,1
47198,1
47199,1
47200,0.9371052762402644
47201,1
47202,1
47203,1
47204,1
47205,1
47206,0.9507910536663244
47207,1
47208,1
47209,0.9220419626372091
47210,0.9532995769469804
47211,1
47212,0.999011897929704
47213,0.999011897929704
47214,1
47215,1
47216,0.6684508125042652
47217,1
47218,0.7653736492580413
47219,0.7721368082302851
47220,1
47221,0.9614144663088184
47222,1
47223,1
47224,0.6295361960262146
47225,1
47226,0.9685849804078539
47227,0.9117330397512
47228,1
47229,1
47230,1
47231,1
47232,0.9555012127891466
47233,0.8384002216194458
47234,1
47235,0.8973459867265247
47236,0.9905051668667311
47237,1
47238,0.1978908552178076
47239,1
47240,0.8973459867265247
47241,0.9054140956122729
47242,0.9610528818815528
47243,1
47244,0.98325048629688
47245,1
47246,1
47247,1
47248,0.8423708547996887
47249,0.9568784850608267
47250,1
47251,1
47252,0.9302355564425553
47253,0.8419685961937553
47254,1
47255,0.9718392465479493
47256,0.9651212677009737
47257,1
47258,1
47259,0.920994528725782
47260,1
47261,1
47262,0.8006114778444482
47263,1
47264,1
47265,1
47266,1
47267,0.7393145829202801
47268,1
47269,0.959090147274585
47270,1
47271,1
47272,0.9584073186634412
47273,1
47274,1
47275,1
47276,0.28404767400530745
47277,0.9718392465479493
47278,0.9574216351622019
47279,0.9685849804078539
47280,1
47281,1
47282,0.9905051668667311
47283,0.8182261266427229
47284,1
47285,0.8115640180082275
47286,1
47287,0.8973459867265247
47288,1
47289,1
47290,1
47291,1
47292,0.812329034987173
47293,1
47294,1
47295,0.8680276625315166
47296,0.8680276625315166
47297,1
47298,1
47299,0.8254492976937186
47300,1
47301,0.8680276625315166
47302,0.9660002594175081
47303,1
47304,1
47305,0.9614144663088184
47306,0.8973459867265247
47307,1
47308,0.9832309317100514
47309,1
47310,0.9530866435720331
47311,0.9654161191868537
47312,1
47313,1
47314,1
47315,0.9055161505890064
47316,0.8868630515229597
47317,1
47318,1
47319,1
47320,0.9371052762402644
47321,1
47322,1
47323,1
47324,0.9949058168780378
47325,0.9949058168780378
47326,1
47327,0.910744937680904
47328,0.9371052762402644
47329,1
47330,1
47331,0.29287075097238313
47332,0.4592425495496196
47333,1
47334,1
47335,1
47336,1
47337,0.9349319109624461
47338,0.999011897929704
47339,0.6205239750413186
47340,1
47341,0.25232520675064646
47342,1
47343,1
47344,1
47345,0.6002407030730966
47346,1
47347,0.7683589138645027
47348,0.9949058168780378
47349,0.980590260469024
47350,1
47351,1
47352,1
47353,1
47354,0.805132938771781
47355,1
47356,0.8089050141601688
47357,1
47358,1
47359,0.9430581897446968
47360,1
47361,0.1394358406950158
47362,1
47363,0.9927453194301491
47364,0.48062514729493044
47365,1
47366,1
47367,1
47368,1
47369,0.9371052762402644
47370,1
47371,1
47372,1
47373,1
47374,1
47375,0.9718392465479493
47376,1
47377,0.9584122106405254
47378,0.8688286357810057
47379,1
47380,1
47381,1
47382,0.7191345612585309
47383,0.9685849804078539
47384,1
47385,0.641948953563606
47386,0.734183218198164
47387,1
47388,0.659241607731289
47389,1
47390,1
47391,1
47392,1
47393,1
47394,0.8994935741513884
47395,1
47396,0.8225588566627794
47397,0.7304749139927137
47398,1
47399,1
47400,1
47401,0.9651212677009737
47402,0.9541597857389675
47403,1
47404,1
47405,1
47406,0.9881783092460067
47407,0.991757217359853
47408,1
47409,0.6165602241198819
47410,1
47411,0.999011897929704
47412,0.9371052762402644
47413,1
47414,0.9685849804078539
47415,0.9543263590458063
47416,0.664207693937762
47417,0.7900696251687257
47418,1
47419,0.9335633566114278
47420,1
47421,0.9749109523201227
47422,1
47423,1
47424,1
47425,1
47426,1
47427,1
47428,1
47429,0.7900696251687257
47430,1
47431,1
47432,1
47433,1
47434,0.9778219501715014
47435,0.9371052762402644
47436,1
47437,0.8973459867265247
47438,1
47439,1
47440,1
47441,1
47442,0.4680614538982717
47443,0.9857566700855682
47444,1
47445,0.826142194717372
47446,1
47447,1
47448,1
47449,0.8731475060600185
47450,1
47451,1
47452,1
47453,1
47454,1
47455,0.980590260469024
47456,1
47457,1
47458,1
47459,0.8424596948130196
47460,0.9718392465479493
47461,0.9519995014250819
47462,1
47463,1
47464,0.9117330397512
47465,0.9265357340097923
47466,1
47467,1
47468,0.9371052762402644
47469,1
47470,1
47471,0.8368744130717932
47472,1
47473,1
47474,1
47475,1
47476,1
47477,1
47478,1
47479,1
47480,1
47481,0.8910506501947678
47482,1
47483,0.9905051668667311
47484,1
47485,1
47486,0.8684217335450968
47487,1
47488,1
47489,0.9682413967772109
47490,1
47491,1
47492,0.8027777087395082
47493,1
47494,1
47495,0.903439888661189
47496,1
47497,1
47498,1
47499,1
47500,1
47501,1
47502,0.8166557300450613
47503,1
47504,0.910744937680904
47505,1
47506,1
47507,0.9927453194301491
47508,0.9455999444082086
47509,1
47510,1
47511,1
47512,0.980590260469024
47513,0.9737360985767824
47514,1
47515,1
47516,1
47517,0.9518159121179053
47518,1
47519,1
47520,1
47521,1
47522,1
47523,0.9832309317100514
47524,0.9614144663088184
47525,1
47526,1
47527,1
47528,1
47529,1
47530,1
47531,0.5822187491244567
47532,1
47533,1
47534,0.9371052762402644
47535,1
47536,1
47537,0.36630256266689154
47538,0.8831026568120929
47539,1
47540,0.9332537128567678
47541,0.9568784850608267
47542,0.8956024152852753
47543,1
47544,1
47545,1
47546,1
47547,0.6591087869193274
47548,1
47549,1
47550,0.9483339587646836
47551,1
47552,1
47553,0.9220419626372091
47554,0.14421982184185203
47555,1
47556,0.8753415395841895
47557,1
47558,1
47559,1
47560,0.9718392465479493
47561,0.55475644457807
47562,0.8399839815160576
47563,1
47564,1
47565,0.999011897929704
47566,1
47567,1
47568,0.8680276625315166
47569,1
47570,1
47571,1
47572,0.9371052762402644
47573,1
47574,0.8684217335450968
47575,0.9881783092460067
47576,1
47577,0.9265357340097923
47578,0.9371052762402644
47579,1
47580,1
47581,0.89657016886348
47582,1
47583,1
47584,1
47585,1
47586,0.9604263642385225
47587,1
47588,1
47589,0.9927453194301491
47590,1
47591,0.7409663577637837
47592,1
47593,1
47594,1
47595,1
47596,0.9201430291561377
47597,0.952732902491624
47598,0.9117330397512
47599,0.7504086068329762
47600,1
47601,0.7577291769616384
47602,1
47603,1
47604,0.780668186741113
47605,1
47606,1
47607,0.29287075097238313
47608,1
47609,0.9524295070169732
47610,1
47611,0.999011897929704
47612,1
47613,0.9832309317100514
47614,0.1394358406950158
47615,1
47616,0.8591472388774735
47617,0.9371052762402644
47618,0.999011897929704
47619,0.7578828203310245
47620,1
47621,1
47622,1
47623,0.8729087854151102
47624,1
47625,1
47626,1
47627,0.5062698605943717
47628,0.7147447735072628
47629,0.971095427335755
47630,1
47631,1
47632,0.8835722862991494
47633,1
47634,0.9117330397512
47635,0.874466802402753
47636,0.9881783092460067
47637,0.8147717503447908
47638,0.980590260469024
47639,1
47640,1
47641,1
47642,1
47643,1
47644,1
47645,0.9483339587646836
47646,1
47647,1
47648,1
47649,0.7599309113245942
47650,1
47651,1
47652,0.7156765057907074
47653,1
47654,0.48062514729493044
47655,1
47656,1
47657,0.9388433136576013
47658,0.9949058168780378
47659,1
47660,1
47661,1
47662,0.9220419626372091
47663,1
47664,1
47665,1
47666,1
47667,0.9651212677009737
47668,1
47669,1
47670,1
47671,1
47672,1
47673,0.8878511535932557
47674,0.8835722862991494
47675,0.8555396794827171
47676,1
47677,0.9949058168780378
47678,0.7343729956700575
47679,1
47680,1
47681,0.9749109523201227
47682,0.7092003441114499
47683,0.9960047502843267
47684,1
47685,1
47686,1
47687,1
47688,1
47689,0.8391203437211006
47690,1
47691,0.9070826077246559
47692,1
47693,1
47694,1
47695,0.9117330397512
47696,0.898519742549083
47697,0.5051999531632779
47698,1
47699,0.999011897929704
47700,1
47701,1
47702,1
47703,1
47704,0.8081940261176983
47705,1
47706,0.9927453194301491
47707,1
47708,1
47709,1
47710,0.9719038046747454
47711,1
47712,1
47713,0.9881783092460067
47714,1
47715,0.9568784850608267
47716,1
47717,1
47718,0.9749109523201227
47719,1
47720,0.9302355564425553
47721,1
47722,0.9905051668667311
47723,1
47724,1
47725,1
47726,0.9857566700855682
47727,0.9619144078227891
47728,1
47729,0.8254492976937186
47730,0.9371052762402644
47731,1
47732,0.8405077254509076
47733,0.980590260469024
47734,0.621273807415375
47735,1
47736,0.9290039454729249
47737,0.8973459867265247
47738,1
47739,1
47740,1
47741,1
47742,1
47743,0.9969928523546226
47744,0.8684217335450968
47745,0.9781563031749179
47746,1
47747,0.5440477346626692
47748,1
47749,1
47750,0.6637644988028824
47751,1
47752,1
47753,1
47754,0.6471509460941921
47755,1
47756,0.7529444945498699
47757,1
47758,1
47759,1
47760,1
47761,1
47762,0.9080575066140567
47763,1
47764,1
47765,0.999011897929704
47766,0.9905051668667311
47767,0.9614144663088184
47768,0.9604263642385225
47769,0.8973459867265247
47770,1
47771,0.8594207642644073
47772,0.9220419626372091
47773,0.9371052762402644
47774,1
47775,0.9574216351622019
47776,0.9881783092460067
47777,1
47778,0.9614144663088184
47779,1
47780,1
47781,1
47782,1
47783,0.5092541203511086
47784,1
47785,1
47786,0.5259396262779087
47787,0.8600669985158838
47788,0.9651212677009737
47789,1
47790,1
47791,1
47792,1
47793,1
47794,0.9220419626372091
47795,1
47796,1
47797,0.8680276625315166
47798,0.980590260469024
47799,0.9604263642385225
47800,0.9733355798991731
47801,0.9532995769469804
47802,0.6549066802953377
47803,0.9927453194301491
47804,0.9225429028631756
47805,0.277757956073979
47806,1
47807,0.9749109523201227
47808,1
47809,1
47810,1
47811,1
47812,1
47813,1
47814,1
47815,1
47816,1
47817,0.8441814893619763
47818,0.9574216351622019
47819,0.8331489302324904
47820,0.8973459867265247
47821,1
47822,0.3976147877006406
47823,1
47824,1
47825,1
47826,1
47827,1
47828,1
47829,1
47830,1
47831,1
47832,1
47833,0.8683417752309678
47834,0.9220419626372091
47835,0.9688286671278645
47836,1
47837,1
47838,1
47839,1
47840,1
47841,1
47842,1
47843,0.9302355564425553
47844,0.9380118956312259
47845,0.662522044844581
47846,1
47847,1
47848,0.8925722000478029
47849,1
47850,1
47851,1
47852,0.7882200482663058
47853,1
47854,1
47855,1
47856,1
47857,1
47858,0.8138697140937888
47859,1
47860,1
47861,0.9905051668667311
47862,1
47863,1
47864,1
47865,1
47866,0.9739228502498266
47867,0.9220419626372091
47868,0.9325512361049139
47869,1
47870,0.98325048629688
47871,1
47872,0.9532995769469804
47873,1
47874,1
47875,1
47876,0.737643205796092
47877,1
47878,0.9749109523201227
47879,1
47880,1
47881,1
47882,1
47883,0.7653736492580413
47884,1
47885,0.9832309317100514
47886,1
47887,0.9806624869636061
47888,0.22853005627794243
47889,1
47890,1
47891,1
47892,0.9066388566292378
47893,1
47894,1
47895,1
47896,0.9754960773470618
47897,0.9302355564425553
47898,0.9635786202570696
47899,0.9486730946491546
47900,1
47901,0.7621116253498931
47902,0.7797607022827165
47903,1
47904,1
47905,0.9685849804078539
47906,0.6437438783163454
47907,1
47908,1
47909,0.9244551016955692
47910,1
47911,0.8976311613455473
47912,1
47913,1
47914,1
47915,1
47916,1
47917,1
47918,1
47919,1
47920,0.971095427335755
47921,1
47922,1
47923,0.9430581897446968
47924,1
47925,0.8969529149573318
47926,0.9430581897446968
47927,0.8218503352051854
47928,0.6320382213624811
47929,0.8115235952594932
47930,1
47931,0.9371052762402644
47932,1
47933,0.8366126429393705
47934,1
47935,0.9651212677009737
47936,0.9949058168780378
47937,1
47938,0.958141884030174
47939,1
47940,0.35608839591199365
47941,1
47942,1
47943,0.9302355564425553
47944,1
47945,0.7529444945498699
47946,1
47947,0.8648664696279342
47948,0.9905051668667311
47949,1
47950,1
47951,0.7754322794557841
47952,1
47953,1
47954,1
47955,1
47956,1
47957,0.8726636352576804
47958,0.4219757431005803
47959,0.7900111191044499
47960,0.9749109523201227
47961,0.9500794959266557
47962,0.8842977929663591
47963,0.9949058168780378
47964,0.7384561017324289
47965,0.8973459867265247
47966,0.9874980192213537
47967,1
47968,1
47969,0.9220419626372091
47970,1
47971,1
47972,0.7989199360914329
47973,0.8906269430450631
47974,0.42556245390438524
47975,1
47976,1
47977,1
47978,1
47979,0.9299994467166725
47980,1
47981,0.9614144663088184
47982,0.9651212677009737
47983,0.8973459867265247
47984,1
47985,0.8683417752309678
47986,1
47987,1
47988,1
47989,0.8680276625315166
47990,1
47991,0.9778219501715014
47992,1
47993,1
47994,1
47995,1
47996,1
47997,0.7694482648682334
47998,1
47999,1
48000,1
48001,1
48002,1
48003,0.8973459867265247
48004,1
48005,1
48006,0.6471509460941921
48007,1
48008,0.8954876967616701
48009,0.1739354062296626
48010,0.9154067180431847
48011,0.8722569390466473
48012,0.8636526729267495
48013,1
48014,0.9627498137103139
48015,1
48016,1
48017,1
48018,0.8368744130717932
48019,1
48020,1
48021,1
48022,1
48023,1
48024,0.9927453194301491
48025,1
48026,0.9056902566481183
48027,0.28404767400530745
48028,0.9754960773470618
48029,1
48030,0.9905051668667311
48031,1
48032,1
48033,0.36630256266689154
48034,1
48035,1
48036,0.8374679689144935
48037,1
48038,1
48039,0.9778219501715014
48040,0.8336183417344482
48041,0.9035711363417284
48042,0.6119737479683408
48043,0.8504326302985578
48044,1
48045,0.9969928523546226
48046,1
48047,1
48048,0.8973459867265247
48049,0.8999113489972067
48050,1
48051,0.36630256266689154
48052,1
48053,1
48054,1
48055,1
48056,0.9530866435720331
48057,0.9847685680152722
48058,1
48059,1
48060,0.9388433136576013
48061,0.8712521811501018
48062,0.9220419626372091
48063,1
48064,0.7940899262471317
48065,1
48066,0.9614144663088184
48067,1
48068,1
48069,1
48070,1
48071,1
48072,1
48073,1
48074,1
48075,1
48076,0.9749109523201227
48077,0.9802237840646741
48078,1
48079,0.831696868244977
48080,0.9927453194301491
48081,0.8925716487648969
48082,1
48083,1
48084,1
48085,0.9004798249068988
48086,1
48087,1
48088,1
48089,1
48090,1
48091,1
48092,0.9778219501715014
48093,0.9663150578340959
48094,0.753551958504048
48095,0.8251018449957696
48096,1
48097,1
48098,0.9371052762402644
48099,1
48100,1
48101,0.8589234050592457
48102,1
48103,0.9483339587646836
48104,1
48105,1
48106,0.999011897929704
48107,0.9117330397512
48108,1
48109,1
48110,0.7864887372240017
48111,1
48112,0.9960047502843267
48113,1
48114,1
48115,0.931564890474735
48116,1
48117,1
48118,1
48119,0.4784650942096875
48120,1
48121,0.9337062481088276
48122,0.8588422374989187
48123,1
48124,0.6287167585972125
48125,0.9031986783370075
48126,1
48127,1
48128,0.9488087644725279
48129,1
48130,1
48131,1
48132,1
48133,1
48134,0.9786834761127378
48135,1
48136,0.8038311717063625
48137,0.1362400349580319
48138,0.9754960773470618
48139,0.9371052762402644
48140,1
48141,0.999011897929704
48142,1
48143,0.9749109523201227
48144,0.8973459867265247
48145,1
48146,1
48147,0.5724200006096981
48148,1
48149,1
48150,1
48151,1
48152,0.7734611957256011
48153,1
48154,1
48155,1
48156,1
48157,1
48158,0.9159596774449509
48159,0.9739228502498266
48160,1
48161,1
48162,1
48163,0.7641823122549435
48164,0.9718392465479493
48165,0.9718392465479493
48166,0.9857566700855682
48167,1
48168,1
48169,0.8027777087395082
48170,0.7291623621917084
48171,0.8779362471955486
48172,0.8883302289057365
48173,0.9250779069124737
48174,0.477509716446351
48175,0.9371052762402644
48176,0.9574216351622019
48177,0.6704101353183121
48178,0.28404767400530745
48179,1
48180,0.9651212677009737
48181,1
48182,1
48183,0.6637644988028824
48184,0.959090147274585
48185,0.8680276625315166
48186,0.8870841585112964
48187,1
48188,0.7599309113245942
48189,1
48190,1
48191,1
48192,1
48193,1
48194,1
48195,1
48196,1
48197,1
48198,1
48199,1
48200,0.980590260469024
48201,0.910744937680904
48202,0.48062514729493044
48203,1
48204,0.8801634659849612
48205,1
48206,1
48207,0.7147925768549297
48208,1
48209,1
48210,1
48211,1
48212,1
48213,0.6972333848332416
48214,0.9430581897446968
48215,1
48216,1
48217,1
48218,0.9220419626372091
48219,1
48220,1
48221,0.8504326302985578
48222,0.9939177148077418
48223,1
48224,1
48225,1
48226,1
48227,1
48228,0.8992118965512257
48229,1
48230,1
48231,1
48232,0.9584122106405254
48233,1
48234,0.7608116071224601
48235,1
48236,1
48237,1
48238,1
48239,0.9530866435720331
48240,1
48241,1
48242,1
48243,1
48244,0.9718392465479493
48245,1
48246,0.8901919198122976
48247,0.9905051668667311
48248,0.9483339587646836
48249,0.9927453194301491
48250,0.9116431701525507
48251,1
48252,0.35533664253825786
48253,0.6270862504061968
48254,1
48255,1
48256,0.9260066155700558
48257,1
48258,1
48259,0.6799514813743207
48260,0.7893827953200289
48261,1
48262,0.9371052762402644
48263,1
48264,1
48265,0.9574216351622019
48266,0.8910506501947678
48267,0.8600669985158838
48268,1
48269,0.7171355903579985
48270,1
48271,1
48272,1
48273,1
48274,0.6578928101493071
48275,0.6574104578515455
48276,1
48277,0.9718392465479493
48278,0.813436830897104
48279,0.9117330397512
48280,1
48281,1
48282,1
48283,0.9139406318698696
48284,0.6132645160563458
48285,1
48286,0.8652817382799306
48287,0.9781563031749179
48288,1
48289,1
48290,1
48291,1
48292,0.9651212677009737
48293,0.9832309317100514
48294,0.5174264140846152
48295,1
48296,1
48297,1
48298,0.6771066890092413
48299,1
48300,1
48301,1
48302,1
48303,1
48304,0.40582497423735
48305,1
48306,1
48307,0.8753415395841895
48308,0.9302355564425553
48309,0.9179691420648194
48310,0.9420700876744007
48311,1
48312,0.6918734486895225
48313,1
48314,1
48315,1
48316,1
48317,1
48318,1
48319,1
48320,0.9927453194301491
48321,0.9544144875168246
48322,0.9651212677009737
48323,0.9718392465479493
48324,0.2102101280322056
48325,1
48326,1
48327,0.7900696251687257
48328,0.9857566700855682
48329,0.9021450612619036
48330,0.9500794959266557
48331,1
48332,0.9905051668667311
48333,0.8027777087395082
48334,1
48335,1
48336,1
48337,0.7959475137391832
48338,0.9584073186634412
48339,1
48340,1
48341,0.8983749805577416
48342,0.973934979331575
48343,0.9718392465479493
48344,1
48345,1
48346,0.9718392465479493
48347,0.8680276625315166
48348,1
48349,1
48350,1
48351,0.8587604530353432
48352,1
48353,0.9881783092460067
48354,1
48355,0.9371052762402644
48356,1
48357,1
48358,0.9483339587646836
48359,1
48360,1
48361,1
48362,1
48363,0.9778219501715014
48364,0.9458319630021822
48365,0.999011897929704
48366,1
48367,0.3377124616080103
48368,0.9530866435720331
48369,0.8004091727518199
48370,0.9832309317100514
48371,0.9857566700855682
48372,1
48373,1
48374,0.9778219501715014
48375,1
48376,1
48377,0.6320382213624811
48378,0.28404767400530745
48379,1
48380,0.9483339587646836
48381,0.980590260469024
48382,0.9627498137103139
48383,1
48384,0.9781367485880892
48385,0.9476710779083573
48386,1
48387,0.8973459867265247
48388,1
48389,1
48390,0.28404767400530745
48391,1
48392,1
48393,1
48394,0.9832309317100514
48395,1
48396,0.98325048629688
48397,0.980590260469024
48398,1
48399,1
48400,0.9117330397512
48401,1
48402,1
48403,1
48404,1
48405,1
48406,1
48407,0.9654161191868537
48408,1
48409,1
48410,0.8673408326828198
48411,0.9969928523546226
48412,1
48413,0.9117330397512
48414,0.9371052762402644
48415,1
48416,1
48417,0.9969928523546226
48418,0.9754960773470618
48419,1
48420,1
48421,1
48422,1
48423,1
48424,0.8027777087395082
48425,1
48426,0.9905051668667311
48427,0.9939177148077418
48428,0.9117330397512
48429,1
48430,1
48431,0.999011897929704
48432,0.952732902491624
48433,0.8920317214461785
48434,0.9749109523201227
48435,0.8680276625315166
48436,1
48437,0.8394369034875747
48438,1
48439,0.999011897929704
48440,0.7608116071224601
48441,0.9905051668667311
48442,1
48443,1
48444,1
48445,0.7900613444257978
48446,0.819123096818456
48447,1
48448,1
48449,0.26978843991536916
48450,1
48451,1
48452,0.97967438489331
48453,1
48454,0.8969529149573318
48455,1
48456,0.8973459867265247
48457,1
48458,0.9969928523546226
48459,1
48460,1
48461,0.8680276625315166
48462,1
48463,1
48464,0.9778219501715014
48465,1
48466,0.14421982184185203
48467,1
48468,1
48469,0.9108258169115794
48470,1
48471,1
48472,1
48473,0.8680276625315166
48474,0.8680276625315166
48475,1
48476,1
48477,1
48478,1
48479,1
48480,0.9117330397512
48481,1
48482,1
48483,0.8275815431690801
48484,1
48485,0.8993784729315532
48486,1
48487,0.9949058168780378
48488,1
48489,1
48490,1
48491,1
48492,1
48493,1
48494,1
48495,1
48496,1
48497,1
48498,1
48499,0.28404767400530745
48500,0.9339533666035457
48501,1
48502,0.8456799454912083
48503,0.7691061110567362
48504,1
48505,1
48506,1
48507,1
48508,0.9778219501715014
48509,1
48510,1
48511,1
48512,1
48513,0.7216144933049718
48514,0.9704211388857621
48515,1
48516,0.7577291769616384
48517,1
48518,0.8648196833232331
48519,1
48520,1
48521,1
48522,1
48523,0.980590260469024
48524,0.13551615908469558
48525,0.9530866435720331
48526,1
48527,0.910744937680904
48528,0.9969928523546226
48529,1
48530,1
48531,1
48532,1
48533,0.9302355564425553
48534,0.7632661227970541
48535,0.371294066115471
48536,0.7910244391501403
48537,1
48538,1
48539,1
48540,0.7908230340263003
48541,1
48542,0.9689876017956197
48543,1
48544,1
48545,1
48546,1
48547,0.9371052762402644
48548,0.9489173775072564
48549,1
48550,0.6136189570199316
48551,1
48552,1
48553,1
48554,0.9044726560535153
48555,1
48556,0.9754960773470618
48557,1
48558,1
48559,1
48560,0.9949058168780378
48561,0.8831855131250667
48562,0.8659001237861462
48563,1
48564,0.9279975958921557
48565,0.9430581897446968
48566,0.9969928523546226
48567,1
48568,0.9117330397512
48569,1
48570,1
48571,0.9014206023367168
48572,1
48573,1
48574,1
48575,1
48576,1
48577,0.9323325874823246
48578,1
48579,1
48580,1
48581,1
48582,0.9832309317100514
48583,0.9530866435720331
48584,1
48585,0.9371052762402644
48586,1
48587,0.5410390090357339
48588,1
48589,1
48590,1
48591,0.971095427335755
48592,0.891512264012454
48593,1
48594,1
48595,1
48596,1
48597,0.8242801692551401
48598,1
48599,0.9071259944788163
48600,0.9430581897446968
48601,1
48602,0.865100152381906
48603,1
48604,1
48605,0.8703759214018928
48606,1
48607,0.9057555939268856
48608,0.722206581317645
48609,1
48610,1
48611,0.9371052762402644
48612,1
48613,0.9483339587646836
48614,1
48615,0.9685849804078539
48616,1
48617,1
48618,0.7186991367446938
48619,1
48620,1
48621,1
48622,1
48623,1
48624,1
48625,0.9949058168780378
48626,1
48627,1
48628,0.9778219501715014
48629,0.8868630515229597
48630,1
48631,1
48632,1
48633,1
48634,1
48635,0.8251018449957696
48636,1
48637,0.980590260469024
48638,1
48639,1
48640,0.9749109523201227
48641,1
48642,1
48643,0.88552429597253135
48644,1
48645,0.8753415395841895
48646,1
48647,0.950877937786542
48648,1
48649,1
48650,1
48651,1
48652,0.9543263590458063
48653,1
48654,1
48655,1
48656,1
48657,1
48658,0.8066701372579829
48659,1
48660,0.8645054437603606
48661,0.9055161505890064
48662,0.9530866435720331
48663,1
48664,0.9832309317100514
48665,0.9881783092460067
48666,1
48667,0.8640900755669243
48668,1
48669,1
48670,1
48671,1
48672,1
48673,1
48674,0.9857566700855682
48675,0.9718392465479493
48676,1
48677,1
48678,0.9927453194301491
48679,1
48680,1
48681,1
48682,0.9685849804078539
48683,1
48684,1
48685,1
48686,0.9371052762402644
48687,0.9651212677009737
48688,1
48689,1
48690,1
48691,0.9014712115359719
48692,1
48693,1
48694,1
48695,1
48696,0.9483339587646836
48697,0.8602350031592277
48698,1
48699,0.8662079686211823
48700,1
48701,1
48702,1
48703,0.980590260469024
48704,1
48705,0.9749109523201227
48706,1
48707,0.9570104081485786
48708,0.9754960773470618
48709,0.999011897929704
48710,1
48711,0.8973459867265247
48712,0.959090147274585
48713,0.3594475323086776
48714,1
48715,0.9507910536663244
48716,1
48717,1
48718,0.4085729993415628
48719,0.7900696251687257
48720,1
48721,1
48722,1
48723,0.8375851011471631
48724,0.9927453194301491
48725,1
48726,0.9832309317100514
48727,1
48728,0.6915018576525431
48729,1
48730,0.980590260469024
48731,1
48732,1
48733,1
48734,1
48735,0.9718392465479493
48736,0.8456799454912083
48737,1
48738,1
48739,1
48740,1
48741,0.9683271170382325
48742,1
48743,1
48744,1
48745,0.9651212677009737
48746,1
48747,1
48748,1
48749,0.9430581897446968
48750,1
48751,0.8674909221773583
48752,1
48753,0.898519742549083
48754,1
48755,0.94060781626298
48756,0.7599309113245942
48757,0.999011897929704
48758,1
48759,0.9207407233092864
48760,0.8256736716210696
48761,1
48762,1
48763,0.9704406934725908
48764,0.9574216351622019
48765,1
48766,0.9574216351622019
48767,1
48768,0.7443592171883561
48769,0.8902293261390836
48770,1
48771,1
48772,1
48773,0.9419205603070269
48774,1
48775,1
48776,1
48777,0.9302355564425553
48778,1
48779,1
48780,0.999011897929704
48781,1
48782,0.9220419626372091
48783,0.8904040464390846
48784,1
48785,0.9543263590458063
48786,1
48787,0.9778219501715014
48788,1
48789,1
48790,0.9614144663088184
48791,1
48792,0.9749109523201227
48793,0.6295361960262146
48794,1
48795,0.8999113489972067
48796,0.9881783092460067
48797,1
48798,1
48799,0.9663469305545923
48800,0.9430581897446968
48801,1
48802,1
48803,1
48804,1
48805,0.980590260469024
48806,0.7803858433634824
48807,0.9718392465479493
48808,1
48809,1
48810,1
48811,1
48812,0.8440656272335246
48813,1
48814,0.85964817910344
48815,1
48816,1
48817,1
48818,1
48819,0.7311512350193579
48820,1
48821,0.999011897929704
48822,1
48823,0.9714287955428867
48824,1
48825,1
48826,1
48827,0.7483456826905706
48828,1
48829,1
48830,1
48831,0.4320548865839058
48832,1
48833,1
48834,0.8680276625315166
48835,0.1394358406950158
48836,0.8333476319243717
48837,0.7533221355451233
48838,1
48839,0.35533664253825786
48840,1
48841,0.9147872820673582
48842,1
48843,0.8732147519096309
48844,1
48845,0.9530866435720331
48846,0.9574216351622019
48847,1
48848,0.8658928254901676
48849,0.9270174348774214
48850,1
48851,1
48852,0.9749109523201227
48853,1
48854,0.6723880599750685
48855,1
48856,1
48857,1
48858,0.5471053983646129
48859,1
48860,0.980590260469024
48861,1
48862,1
48863,0.9117330397512
48864,1
48865,1
48866,1
48867,0.9201894023643089
48868,1
48869,0.9117330397512
48870,1
48871,0.627433681024696
48872,1
48873,0.7336511755172981
48874,0.6382024747182664
48875,1
48876,0.826142194717372
48877,0.9832309317100514
48878,1
48879,1
48880,1
48881,0.9102281227584307
48882,1
48883,0.6684508125042652
48884,1
48885,1
48886,1
48887,0.9574216351622019
48888,1
48889,0.8266308714086987
48890,0.9614144663088184
48891,1
48892,0.9220419626372091
48893,1
48894,1
48895,0.9156465401873242
48896,0.9927453194301491
48897,0.9718392465479493
48898,1
48899,1
48900,0.8265146186907244
48901,1
48902,1
48903,1
48904,1
48905,0.8394116105515362
48906,0.7431955994295427
48907,1
48908,0.9086172004289503
48909,1
48910,0.9145011098808516
48911,0.9832309317100514
48912,1
48913,1
48914,0.7533221355451233
48915,0.9483339587646836
48916,1
48917,0.9117330397512
48918,0.8756295464352087
48919,0.9187292547283327
48920,0.9574216351622019
48921,0.2679212824639739
48922,1
48923,0.9208801399161981
48924,0.9117330397512
48925,0.921671623979887
48926,1
48927,0.8953775425363821
48928,1
48929,0.9905051668667311
48930,1
48931,1
48932,1
48933,1
48934,1
48935,0.7117505476399139
48936,0.9685849804078539
48937,1
48938,1
48939,0.9179691420648194
48940,0.999011897929704
48941,0.7625585548704102
48942,1
48943,0.8511156963587535
48944,1
48945,0.5174264140846152
48946,1
48947,1
48948,0.9574216351622019
48949,1
48950,0.9651212677009737
48951,0.9749109523201227
48952,1
48953,1
48954,1
48955,0.6132645160563458
48956,0.9651212677009737
48957,1
48958,1
48959,1
48960,1
48961,0.8938812091851585
48962,1
48963,1
48964,0.8726636352576804
48965,1
48966,0.9108258169115794
48967,1
48968,0.9422603854337113
48969,1
48970,1
48971,1
48972,1
48973,0.544447521692061
48974,1
48975,1
48976,0.9905051668667311
48977,1
48978,1
48979,0.6114784213898836
48980,1
48981,1
48982,1
48983,0.9307093260528836
48984,1
48985,0.9651212677009737
48986,0.7311209891149338
48987,0.9778219501715014
48988,1
48989,0.966886818302565
48990,1
48991,1
48992,0.999011897929704
48993,0.9905051668667311
48994,0.6429492637989608
48995,1
48996,0.8950913703498756
48997,0.9483339587646836
48998,1
48999,0.9969928523546226
49000,1
49001,0.8452818526510674
49002,1
49003,0.8993784729315532
49004,1
49005,0.6767837020677938
49006,1
49007,1
49008,1
49009,1
49010,0.9685849804078539
49011,0.952732902491624
49012,0.7459461444908584
49013,1
49014,1
49015,0.9337062481088276
49016,1
49017,0.9574216351622019
49018,0.999011897929704
49019,1
49020,1
49021,0.9375409720244329
49022,1
49023,0.9749109523201227
49024,1
49025,0.9117330397512
49026,1
49027,1
49028,0.8973459867265247
49029,1
49030,0.7923736719467944
49031,0.8973459867265247
49032,1
49033,1
49034,1
49035,0.8973459867265247
49036,1
49037,1
49038,0.9483339587646836
49039,0.968832098902572
49040,1
49041,0.9614144663088184
49042,0.7599309113245942
49043,1
49044,0.7900696251687257
49045,1
49046,0.7484223523964945
49047,0.971095427335755
49048,0.980590260469024
49049,1
49050,1
49051,0.9905051668667311
49052,0.28404767400530745
49053,0.9749109523201227
49054,1
49055,1
49056,1
49057,1
49058,0.9220419626372091
49059,0.8684217335450968
49060,0.8973459867265247
49061,0.9905051668667311
49062,1
49063,0.9574216351622019
49064,1
49065,0.9685849804078539
49066,1
49067,1
49068,0.9874980192213537
49069,1
49070,1
49071,1
49072,1
49073,1
49074,1
49075,0.43541596494313156
49076,1
49077,0.9220419626372091
49078,0.8452727887554576
49079,0.7274078311987034
49080,0.8238817207363169
49081,0.9832309317100514
49082,1
49083,0.8973459867265247
49084,1
49085,0.8297562415397864
49086,0.9709278316861977
49087,0.9173215605603033
49088,1
49089,0.9685849804078539
49090,0.42127204082376724
49091,1
49092,0.6023130481878964
49093,1
49094,1
49095,1
49096,0.805132938771781
49097,0.9675968783375579
49098,0.8254492976937186
49099,1
49100,1
49101,0.8510146104626144
49102,0.8266308714086987
49103,0.8620795336141043
49104,0.7803152538282229
49105,1
49106,0.6471509460941921
49107,1
49108,0.9778219501715014
49109,1
49110,1
49111,1
49112,0.9228406985647277
49113,1
49114,1
49115,1
49116,0.6962422568159075
49117,1
49118,1
49119,1
49120,0.9718392465479493
49121,0.9927453194301491
49122,0.9949058168780378
49123,0.9614144663088184
49124,1
49125,1
49126,0.6552032747462768
49127,0.9371052762402644
49128,1
49129,0.9371052762402644
49130,1
49131,1
49132,1
49133,1
49134,0.8719808066465368
49135,1
49136,1
49137,1
49138,0.9517448004213279
49139,0.9252835854862711
49140,1
49141,0.9430581897446968
49142,0.5376935337587169
49143,0.9524295070169732
49144,0.8368744130717932
49145,0.7900111191044499
49146,1
49147,1
49148,0.9614144663088184
49149,0.9550701782580007
49150,1
49151,1
49152,1
49153,1
49154,0.7625585548704102
49155,1
49156,1
49157,0.9927453194301491
49158,0.9614144663088184
49159,0.9802237840646741
49160,0.9530866435720331
49161,0.8802539314951286
49162,1
49163,1
49164,1
49165,0.5233907913157877
49166,0.857742527441534
49167,1
49168,0.9905051668667311
49169,1
49170,1
49171,0.5067312111867694
49172,1
49173,1
49174,0.8805964730234048
49175,1
49176,0.9430581897446968
49177,1
49178,1
49179,0.9299811305781233
49180,1
49181,1
49182,1
49183,0.8066104392698882
49184,1
49185,1
49186,0.9095399818585628
49187,1
49188,1
49189,1
49190,1
49191,1
49192,1
49193,1
49194,1
49195,0.7585904864954874
49196,0.999011897929704
49197,0.9651212677009737
49198,1
49199,1
49200,1
49201,1
49202,1
49203,0.6264778132584629
49204,1
49205,1
49206,1
49207,1
49208,0.9575959166335175
49209,0.9188361014710205
49210,0.6295361960262146
49211,1
49212,1
49213,1
49214,0.9832309317100514
49215,0.9302355564425553
49216,1
49217,0.28404767400530745
49218,1
49219,0.9555012127891466
49220,1
49221,0.8254492976937186
49222,1
49223,0.8038311717063625
49224,1
49225,1
49226,0.8680276625315166
49227,0.6771066890092413
49228,1
49229,1
49230,1
49231,1
49232,0.7194974356133105
49233,1
49234,1
49235,0.6637644988028824
49236,0.9530866435720331
49237,1
49238,0.9857566700855682
49239,1
49240,0.999011897929704
49241,0.8993784729315532
49242,1
49243,0.9574216351622019
49244,1
49245,0.999011897929704
49246,0.8940567486216308
49247,0.7501690487295319
49248,1
49249,1
49250,0.7777303025991193
49251,1
49252,1
49253,0.6185670499183705
49254,1
49255,1
49256,1
49257,1
49258,1
49259,0.9927453194301491
49260,0.9969928523546226
49261,1
49262,0.9530866435720331
49263,1
49264,0.9064973933948547
49265,1
49266,0.6862365450775744
49267,1
49268,1
49269,1
49270,1
49271,1
49272,1
49273,0.7147925768549297
49274,0.9905051668667311
49275,1
49276,0.8286860346969143
49277,0.9302355564425553
49278,1
49279,0.9150175517957195
49280,0.9405717638818152
49281,1
49282,0.6179478292273362
49283,1
49284,1
49285,0.14421982184185203
49286,1
49287,1
49288,1
49289,0.9614144663088184
49290,1
49291,1
49292,0.9754960773470618
49293,0.5991486516464504
49294,1
49295,0.42556245390438524
49296,0.9969928523546226
49297,1
49298,1
49299,1
49300,0.9217566640765255
49301,1
49302,1
49303,1
49304,1
49305,1
49306,0.980590260469024
49307,1
49308,1
49309,1
49310,1
49311,0.9857566700855682
49312,1
49313,1
49314,1
49315,0.9830841261240445
49316,1
49317,1
49318,1
49319,1
49320,1
49321,0.999011897929704
49322,1
49323,1
49324,0.9584073186634412
49325,0.8666564124231938
49326,1
49327,1
49328,1
49329,0.8854392350049481
49330,1
49331,1
49332,1
49333,1
49334,1
49335,1
49336,1
49337,0.9685849804078539
49338,1
49339,0.9194212559929577
49340,0.7681136385816568
49341,1
49342,0.4986073074310286
49343,0.8993784729315532
49344,0.8973459867265247
49345,1
49346,1
49347,1
49348,0.9614144663088184
49349,1
49350,1
49351,0.8939954239777841
49352,0.9718392465479493
49353,0.980590260469024
49354,0.999011897929704
49355,1
49356,1
49357,1
49358,1
49359,1
49360,0.7588920557344682
49361,0.9905051668667311
49362,1
49363,1
49364,1
49365,0.9574216351622019
49366,0.9229808758727044
49367,0.9939177148077418
49368,0.8835722862991494
49369,0.821344454573358
49370,1
49371,0.8374269118179298
49372,1
49373,0.9220419626372091
49374,1
49375,1
49376,1
49377,1
49378,0.9117330397512
49379,0.9658336485642355
49380,1
49381,0.8966580516425219
49382,1
49383,0.9371052762402644
49384,1
49385,0.7533221355451233
49386,0.8833222000145885
49387,1
49388,0.8347082124960707
49389,0.9458319630021822
49390,1
49391,0.8090790264777248
49392,1
49393,0.9532995769469804
49394,1
49395,1
49396,0.8805964730234048
49397,0.9117330397512
49398,1
49399,0.7653736492580413
49400,1
49401,1
49402,0.4088663189701928
49403,1
49404,0.9483339587646836
49405,1
49406,1
49407,1
49408,1
49409,0.980590260469024
49410,1
49411,1
49412,1
49413,1
49414,0.9338898374160044
49415,1
49416,1
49417,1
49418,0.23528550949720017
49419,0.863531899896295
49420,1
49421,0.39025893179295296
49422,1
49423,0.9399231096673346
49424,1
49425,1
49426,0.8012826509511046
49427,1
49428,1
49429,0.8876571916047573
49430,0.4003879470865306
49431,0.9881783092460067
49432,1
49433,0.9651212677009737
49434,1
49435,0.4746456817959174
49436,1
49437,1
49438,1
49439,1
49440,1
49441,0.9832309317100514
49442,1
49443,1
49444,0.9824038360993915
49445,1
49446,0.89614483331673
49447,0.8267284873191929
49448,1
49449,0.8973459867265247
49450,1
49451,1
49452,1
49453,1
49454,1
49455,1
49456,0.7736406482905821
49457,1
49458,1
49459,0.9574216351622019
49460,0.9905051668667311
49461,0.8680276625315166
49462,1
49463,1
49464,1
49465,0.9302355564425553
49466,1
49467,1
49468,1
49469,1
49470,1
49471,1
49472,1
49473,0.9651212677009737
49474,1
49475,0.8951207144176462
49476,0.9584122106405254
49477,1
49478,0.9927453194301491
49479,0.9969928523546226
49480,1
49481,1
49482,1
49483,0.8794635977994111
49484,0.5827724360387795
49485,0.9606676224056909
49486,1
49487,1
49488,0.9881783092460067
49489,1
49490,1
49491,1
49492,1
49493,1
49494,1
49495,1
49496,0.9220419626372091
49497,0.9009099846070395
49498,1
49499,0.8729087854151102
49500,0.980590260469024
49501,1
49502,0.9881783092460067
49503,0.999011897929704
49504,0.9430581897446968
49505,1
49506,0.7007290492290985
49507,0.8596904001412049
49508,1
49509,1
49510,1
49511,1
49512,1
49513,1
49514,1
49515,0.9366732600982316
49516,0.9430581897446968
49517,0.5803721801271648
49518,1
49519,1
49520,0.9188361014710205
49521,1
49522,1
49523,1
49524,0.9832309317100514
49525,0.8683417752309678
49526,1
49527,0.46287881347255627
49528,1
49529,1
49530,0.9117330397512
49531,0.6574104578515455
49532,1
49533,1
49534,0.979602158398728
49535,1
49536,1
49537,1
49538,0.40253543053667423
49539,0.913891443035069
49540,1
49541,0.9117330397512
49542,0.9832309317100514
49543,1
49544,0.980590260469024
49545,0.9905051668667311
49546,0.980590260469024
49547,0.8368744130717932
49548,1
49549,0.8733813126071528
49550,0.8472114306620593
49551,0.4108927515660568
49552,1
49553,1
49554,0.9524295070169732
49555,0.999011897929704
49556,1
49557,0.9493203043948625
49558,0.9832309317100514
49559,0.5083721838885378
49560,0.8684217335450968
49561,0.8230978407895173
49562,0.9117330397512
49563,0.6669239326208994
49564,1
49565,1
49566,0.8680276625315166
49567,0.6176511683378058
49568,0.910650298733025
49569,0.9874980192213537
49570,1
49571,1
49572,0.9105082787342351
49573,1
49574,0.8066697072100872
49575,0.8575760157796513
49576,0.9832309317100514
49577,1
49578,1
49579,0.8890122952378793
49580,1
49581,1
49582,1
49583,0.941383104653273
49584,0.8163616212962004
49585,0.999011897929704
49586,1
49587,1
49588,0.8680276625315166
49589,0.9578665871311227
49590,1
49591,1
49592,0.9857566700855682
49593,1
49594,0.9832309317100514
49595,0.9614144663088184
49596,1
49597,1
49598,0.7632661227970541
49599,1
49600,0.8785695152072391
49601,1
49602,0.7989199360914329
49603,0.9718392465479493
49604,0.6789817069027524
49605,0.6576969494782653
49606,1
49607,1
49608,1
49609,1
49610,0.9430581897446968
49611,1
49612,0.9220419626372091
49613,1
49614,1
49615,0.999011897929704
49616,1
49617,0.9718392465479493
49618,1
49619,1
49620,1
49621,1
49622,1
49623,1
49624,1
49625,1
49626,0.9028591985652826
49627,0.8631748105200309
49628,1
49629,0.48062514729493044
49630,1
49631,1
49632,0.8509694562315199
49633,1
49634,1
49635,1
49636,0.8722569390466473
49637,1
49638,1
49639,0.7719950746343598
49640,1
49641,1
49642,1
49643,1
49644,1
49645,0.7430129220446466
49646,1
49647,1
49648,1
49649,1
49650,0.9905051668667311
49651,1
49652,1
49653,0.6701297819581581
49654,0.7653736492580413
49655,1
49656,0.9006896772530381
49657,1
49658,1
49659,0.9371052762402644
49660,1
49661,0.9220419626372091
49662,1
49663,0.9918986692326606
49664,1
49665,1
49666,1
49667,1
49668,1
49669,0.9388391256314147
49670,1
49671,1
49672,1
49673,1
49674,0.9733355798991731
49675,0.8631748105200309
49676,0.4790332002460549
49677,1
49678,1
49679,0.859115458316992
49680,1
49681,1
49682,1
49683,1
49684,1
49685,0.8953775425363821
49686,1
49687,1
49688,0.8126652101311542
49689,1
49690,1
49691,0.9969928523546226
49692,0.9117330397512
49693,0.55475644457807
49694,1
49695,0.9969928523546226
49696,0.980590260469024
49697,1
49698,1
49699,0.9832309317100514
49700,1
49701,0.9431783052477701
49702,1
49703,1
49704,1
49705,0.9857566700855682
49706,1
49707,0.8973459867265247
49708,1
49709,0.8953775425363821
49710,1
49711,0.9467501988680719
49712,0.991757217359853
49713,1
49714,1
49715,0.9056902566481183
49716,0.9302355564425553
49717,1
49718,0.7008048793620103
49719,0.9220419626372091
49720,0.9156072657559817
49721,0.9718392465479493
49722,0.9969928523546226
49723,0.9627498137103139
49724,1
49725,0.9614144663088184
49726,1
49727,1
49728,0.9881783092460067
49729,1
49730,1
49731,0.9302355564425553
49732,0.6765337357294563
49733,1
49734,1
49735,1
49736,1
49737,1
49738,1
49739,1
49740,1
49741,1
49742,1
49743,1
49744,1
49745,0.9739228502498266
49746,1
49747,1
49748,1
49749,1
49750,0.9220419626372091
49751,0.9604263642385225
49752,1
49753,0.8956024152852753
49754,0.8181071584581724
49755,0.9778219501715014
49756,1
49757,0.600623201770335
49758,0.9651212677009737
49759,0.9857566700855682
49760,1
49761,0.7503439792957645
49762,0.9749109523201227
49763,0.8973459867265247
49764,0.999011897929704
49765,1
49766,0.9651212677009737
49767,0.8680276625315166
49768,1
49769,1
49770,1
49771,1
49772,1
49773,0.9660002594175081
49774,1
49775,1
49776,0.841763761108299
49777,0.9881783092460067
49778,0.8680276625315166
49779,1
49780,1
49781,0.9881783092460067
49782,0.8993784729315532
49783,1
49784,1
49785,1
49786,0.44822043282973734
49787,0.8504326302985578
49788,0.6602064361099504
49789,1
49790,1
49791,1
49792,0.6366219827371132
49793,0.9117330397512
49794,1
49795,1
49796,0.9749109523201227
49797,1
49798,0.9718392465479493
49799,1
49800,1
49801,1
49802,0.9949058168780378
49803,0.9685849804078539
49804,0.9323325874823246
49805,1
49806,1
49807,1
49808,1
49809,1
49810,1
49811,0.7611389181923728
49812,0.8190977621858961
49813,0.9524295070169732
49814,1
49815,1
49816,0.999011897929704
49817,1
49818,1
49819,0.7197619701773212
49820,1
49821,1
49822,0.36167667356592764
49823,0.9574216351622019
49824,1
49825,1
49826,1
49827,1
49828,1
49829,0.8254009294396643
49830,1
49831,1
49832,1
49833,1
49834,0.5646236567413525
49835,1
49836,1
49837,1
49838,0.9412649528180398
49839,0.9574216351622019
49840,1
49841,0.48062514729493044
49842,1
49843,0.9081794574456705
49844,1
49845,1
49846,1
49847,1
49848,0.8038311717063625
49849,1
49850,1
49851,1
49852,0.9718392465479493
49853,1
49854,1
49855,1
49856,0.9685849804078539
49857,0.9371052762402644
49858,1
49859,0.9824038360993915
49860,0.8973459867265247
49861,0.9614144663088184
49862,0.8586762865645277
49863,1
49864,0.9651212677009737
49865,1
49866,0.9832309317100514
49867,1
49868,0.8680276625315166
49869,1
49870,1
49871,1
49872,1
49873,1
49874,1
49875,0.3879913426074413
49876,1
49877,1
49878,0.27877753836240676
49879,1
49880,0.6757939507078312
49881,0.5687870831182665
49882,0.9584122106405254
49883,1
49884,1
49885,0.9927453194301491
49886,1
49887,0.4227354348940315
49888,0.7570056377942681
49889,0.9194212559929577
49890,1
49891,1
49892,1
49893,0.9483339587646836
49894,0.8246458613661484
49895,0.9430581897446968
49896,0.973934979331575
49897,0.9004798249068988
49898,0.9927453194301491
49899,1
49900,1
49901,1
49902,1
49903,1
49904,1
49905,0.7632661227970541
49906,1
49907,1
49908,0.6177835464131595
49909,0.9778219501715014
49910,0.5904425361844525
49911,0.9011557710995964
49912,1
49913,0.7803152538282229
49914,1
49915,1
49916,1
49917,1
49918,0.9483339587646836
49919,1
49920,1
49921,1
49922,1
49923,1
49924,0.9759762511402005
49925,1
49926,1
49927,1
49928,0.8922518036045625
49929,0.9302355564425553
49930,1
49931,1
49932,0.722912887020431
49933,0.28404767400530745
49934,0.9404242269558032
49935,1
49936,1
49937,0.999011897929704
49938,1
49939,1
49940,0.910744937680904
49941,1
49942,0.845849612703018
49943,1
49944,1
49945,0.663239830885803
49946,0.5679159707348603
49947,0.999011897929704
49948,0.8753294922974266
49949,1
49950,0.9854109837447689
49951,0.9574216351622019
49952,1
49953,0.9698167691981605
49954,1
49955,1
49956,0.9905051668667311
49957,1
49958,0.8680276625315166
49959,0.6771066890092413
49960,1
49961,1
49962,0.5174264140846152
49963,0.8973459867265247
49964,0.8424596948130196
49965,1
49966,0.8974897098367683
49967,1
49968,1
49969,1
49970,1
49971,1
49972,1
49973,1
49974,0.7599309113245942
49975,0.9483339587646836
49976,1
49977,0.9316742419739832
49978,0.8027517507956405
49979,1
49980,1
49981,1
49982,1
49983,1
49984,1
49985,0.9778219501715014
49986,1
49987,1
49988,1
49989,1
49990,0.9420700876744007
49991,1
49992,1
49993,1
49994,0.7721368082302851
49995,1
49996,1
49997,1
49998,1
49999,0.9530866435720331
50000,0.36277644661871633
50001,0.8388686576174249
50002,1
50003,0.9220419626372091
50004,1
50005,0.942943217872475
50006,0.9518159121179053
50007,1
50008,0.9949058168780378
50009,0.9927453194301491
50010,1
50011,0.980590260469024
50012,0.605016216035525
50013,1
50014,0.5422132596368295
50015,1
50016,0.8732937461872521
50017,0.7877016710184043
50018,0.9685849804078539
50019,1
50020,1
50021,0.8286860346969143
50022,1
50023,0.5174264140846152
50024,1
50025,1
50026,1
50027,1
50028,1
50029,0.7194468956199086
50030,1
50031,1
50032,1
50033,0.999011897929704
50034,1
50035,1
50036,0.9067588393767277
50037,0.6300358124091112
50038,1
50039,0.9371052762402644
50040,1
50041,1
50042,0.8756295464352087
50043,1
50044,0.9530866435720331
50045,1
50046,0.9778219501715014
50047,0.9927453194301491
50048,1
50049,0.9241532712502971
50050,1
50051,0.8027777087395082
50052,1
50053,0.8644702478478606
50054,1
50055,1
50056,0.9832309317100514
50057,1
50058,1
50059,0.9055161505890064
50060,0.9464069305793552
50061,0.8756295464352087
50062,0.881689179773843
50063,0.910744937680904
50064,0.9918986692326606
50065,1
50066,0.9430581897446968
50067,0.9530866435720331
50068,1
50069,0.9516691065318984
50070,1
50071,1
50072,1
50073,0.9574216351622019
50074,1
50075,1
50076,1
50077,1
50078,1
50079,1
50080,1
50081,0.9483339587646836
50082,0.6283241637863345
50083,1
50084,1
50085,0.8474254826531805
50086,0.7900696251687257
50087,0.8938812091851585
50088,1
50089,1
50090,1
50091,0.9430581897446968
50092,0.9600270845790115
50093,0.999011897929704
50094,1
50095,1
50096,1
50097,1
50098,1
50099,1
50100,0.8600669985158838
50101,1
50102,0.9302355564425553
50103,1
50104,1
50105,1
50106,1
50107,1
50108,1
50109,1
50110,1
50111,1
50112,1
50113,1
50114,1
50115,0.9371052762402644
50116,0.9483339587646836
50117,0.6674460593319381
50118,1
50119,1
50120,1
50121,1
50122,1
50123,1
50124,1
50125,1
50126,1
50127,1
50128,0.7653736492580413
50129,0.9905051668667311
50130,1
50131,1
50132,0.9483339587646836
50133,0.8830860902887055
50134,1
50135,0.8954876967616701
50136,1
50137,1
50138,1
50139,0.664207693937762
50140,0.9371052762402644
50141,0.9857566700855682
50142,1
50143,0.27809842270951574
50144,1
50145,1
50146,0.8973459867265247
50147,1
50148,1
50149,1
50150,1
50151,1
50152,1
50153,1
50154,1
50155,1
50156,1
50157,1
50158,0.8439215118401979
50159,1
50160,1
50161,0.9117330397512
50162,1
50163,1
50164,1
50165,1
50166,0.971095427335755
50167,0.8090790264777248
50168,0.9117330397512
50169,0.9220419626372091
50170,1
50171,1
50172,1
50173,1
50174,0.9881783092460067
50175,1
50176,0.9380721305494554
50177,1
50178,1
50179,1
50180,0.999011897929704
50181,1
50182,1
50183,1
50184,1
50185,1
50186,1
50187,0.8038311717063625
50188,0.5695021057005737
50189,0.6914385668141514
50190,1
50191,0.886998846096416
50192,1
50193,0.8239635051998926
50194,1
50195,0.98325048629688
50196,1
50197,0.865100152381906
50198,0.8680276625315166
50199,0.5971594890634548
50200,1
50201,0.9483339587646836
50202,1
50203,1
50204,1
50205,1
50206,0.989517064796435
50207,1
50208,1
50209,0.9044783591813491
50210,1
50211,0.9969928523546226
50212,0.9727277670495392
50213,0.9220419626372091
50214,0.7531043800111986
50215,0.10766883050091869
50216,0.8800187039936198
50217,0.9832309317100514
50218,0.9517448004213279
50219,0.9832309317100514
50220,0.7141716909679351
50221,0.7683589138645027
50222,0.9530866435720331
50223,1
50224,0.8758109015672871
50225,0.9371052762402644
50226,0.9874980192213537
50227,0.7587329811922002
50228,1
50229,0.8254492976937186
50230,1
50231,1
50232,0.92883087611826
50233,0.8208986440625797
50234,0.7820644658029821
50235,1
50236,0.9638211921790754
50237,1
50238,1
50239,1
50240,0.999011897929704
50241,1
50242,0.7446008192999884
50243,0.7406006815674858
50244,0.9410792781948327
50245,0.9220419626372091
50246,0.9857566700855682
50247,0.6684508125042652
50248,1
50249,0.9857566700855682
50250,1
50251,1
50252,0.6296454053436973
50253,0.9854109837447689
50254,1
50255,1
50256,0.9430581897446968
50257,1
50258,1
50259,1
50260,1
50261,1
50262,0.7566059964155584
50263,0.9302355564425553
50264,1
50265,1
50266,0.8038311717063625
50267,1
50268,0.9587455788476572
50269,0.936960514248923
50270,1
50271,1
50272,0.8680138699837988
50273,1
50274,1
50275,1
50276,0.9371052762402644
50277,1
50278,0.8600669985158838
50279,1
50280,1
50281,1
50282,0.55475644457807
50283,0.5761503554511852
50284,1
50285,1
50286,0.9778219501715014
50287,0.8275815431690801
50288,1
50289,0.9969928523546226
50290,0.7757593252394487
50291,0.9614144663088184
50292,0.9832309317100514
50293,1
50294,0.9739228502498266
50295,1
50296,1
50297,1
50298,0.9857566700855682
50299,1
50300,1
50301,1
50302,1
50303,1
50304,0.9718392465479493
50305,1
50306,0.643137217675321
50307,0.8587604530353432
50308,0.8048131858812508
50309,1
50310,1
50311,1
50312,1
50313,0.966886818302565
50314,0.980590260469024
50315,0.9117330397512
50316,0.9483339587646836
50317,1
50318,1
50319,0.9809236286761558
50320,0.9031229695559535
50321,0.8978324347801133
50322,1
50323,0.9832309317100514
50324,0.9749109523201227
50325,1
50326,1
50327,0.9455999444082086
50328,0.27201771150415127
50329,0.9145011098808516
50330,1
50331,1
50332,0.9574216351622019
50333,0.9905051668667311
50334,1
50335,1
50336,1
50337,1
50338,0.7141716909679351
50339,1
50340,1
50341,0.9163937696438699
50342,1
50343,1
50344,0.9685849804078539
50345,1
50346,0.8883850008640032
50347,0.8626529081797606
50348,1
50349,1
50350,1
50351,0.9420047267778425
50352,1
50353,1
50354,0.8732780895310075
50355,0.980590260469024
50356,0.9401663635861817
50357,0.8893505834722302
50358,1
50359,0.9148974362926461
50360,0.5051999531632779
50361,0.9371052762402644
50362,0.7944033610099664
50363,0.1394358406950158
50364,1
50365,0.9489173775072564
50366,1
50367,0.9430581897446968
50368,0.9483339587646836
50369,1
50370,1
50371,1
50372,0.9301623987405749
50373,0.9614144663088184
50374,1
50375,1
50376,1
50377,1
50378,0.8265146186907244
50379,1
50380,1
50381,0.6909641003793427
50382,0.8090790264777248
50383,0.999011897929704
50384,0.8973459867265247
50385,1
50386,1
50387,0.8684217335450968
50388,1
50389,0.920994528725782
50390,1
50391,1
50392,1
50393,0.9021393611173008
50394,0.6295361960262146
50395,1
50396,0.9949058168780378
50397,0.9614144663088184
50398,1
50399,0.9479924604500709
50400,1
50401,1
50402,1
50403,1
50404,1
50405,0.999011897929704
50406,0.9905051668667311
50407,1
50408,1
50409,0.6379194096998694
50410,0.9719038046747454
50411,1
50412,1
50413,1
50414,0.7698282937977114
50415,1
50416,1
50417,0.9778219501715014
50418,0.9610528818815528
50419,1
50420,1
50421,0.9949058168780378
50422,0.4222595218993172
50423,0.9400322200210963
50424,1
50425,1
50426,1
50427,1
50428,0.7644899773851388
50429,0.9614144663088184
50430,1
50431,1
50432,1
50433,0.9430581897446968
50434,1
50435,1
50436,1
50437,0.9949058168780378
50438,0.9108258169115794
50439,1
50440,1
50441,0.9685849804078539
50442,1
50443,0.8680276625315166
50444,1
50445,0.7856796165739676
50446,1
50447,0.7984310915462897
50448,0.9806624869636061
50449,1
50450,1
50451,1
50452,1
50453,1
50454,0.522443640218606
50455,1
50456,0.9927453194301491
50457,1
50458,1
50459,1
50460,0.6701297819581581
50461,1
50462,0.9905051668667311
50463,1
50464,0.8835722862991494
50465,0.9637379157806099
50466,0.9404163973385063
50467,0.7996078711754357
50468,0.9949058168780378
50469,0.8508568224674742
50470,1
50471,1
50472,0.9483339587646836
50473,1
50474,0.9718392465479493
50475,0.9574216351622019
50476,1
50477,0.8910506501947678
50478,1
50479,0.9832309317100514
50480,1
50481,0.999011897929704
50482,0.8284974247496449
50483,1
50484,1
50485,1
50486,1
50487,0.8556053192486369
50488,1
50489,1
50490,1
50491,1
50492,0.9718392465479493
50493,1
50494,0.9520985415017371
50495,0.9638211921790754
50496,1
50497,1
50498,1
50499,1
50500,0.8254721960185941
50501,0.9927453194301491
50502,0.8784754957291151
50503,1
50504,0.9897381717847717
50505,0.5646236567413525
50506,1
50507,1
50508,1
50509,0.8680276625315166
50510,0.7763663561986606
50511,1
50512,1
50513,1
50514,1
50515,0.9545252398005989
50516,1
50517,0.9352435853337033
50518,1
50519,0.9371052762402644
50520,0.8831855131250667
50521,0.9927453194301491
50522,0.9574216351622019
50523,1
50524,1
50525,0.9832309317100514
50526,1
50527,1
50528,1
50529,1
50530,1
50531,1
50532,0.9685849804078539
50533,1
50534,0.9949058168780378
50535,1
50536,0.9969928523546226
50537,1
50538,1
50539,0.8385960573079084
50540,0.9430581897446968
50541,0.8027777087395082
50542,1
50543,1
50544,0.7694482648682334
50545,1
50546,0.8733813126071528
50547,0.980590260469024
50548,0.9483339587646836
50549,1
50550,1
50551,0.9220419626372091
50552,1
50553,0.9574216351622019
50554,0.6159507495781097
50555,1
50556,1
50557,1
50558,0.9685849804078539
50559,0.8439215118401979
50560,1
50561,0.8887870260631963
50562,1
50563,1
50564,1
50565,1
50566,1
50567,1
50568,1
50569,1
50570,0.7669073267915899
50571,1
50572,0.7118196247642333
50573,1
50574,0.8988205368504093
50575,0.9651212677009737
50576,0.6666049942050397
50577,0.9685849804078539
50578,1
50579,1
50580,1
50581,0.9483339587646836
50582,0.4972425565918858
50583,1
50584,0.9778219501715014
50585,1
50586,1
50587,0.590706150344359
50588,1
50589,1
50590,1
50591,1
50592,1
50593,1
50594,1
50595,1
50596,1
50597,0.8090790264777248
50598,0.7754322794557841
50599,1
50600,0.9563202831868564
50601,1
50602,0.9217566640765255
50603,1
50604,0.9685849804078539
50605,0.999011897929704
50606,1
50607,0.8719227450430536
50608,1
50609,0.3999233439226605
50610,0.3795796795795765
50611,1
50612,1
50613,1
50614,1
50615,0.9718392465479493
50616,1
50617,1
50618,0.9530866435720331
50619,1
50620,1
50621,1
50622,1
50623,0.999011897929704
50624,1
50625,1
50626,0.9483339587646836
50627,1
50628,0.9242114149755587
50629,1
50630,0.9043366295942369
50631,0.980590260469024
50632,1
50633,0.7970824051574987
50634,0.7653736492580413
50635,1
50636,1
50637,0.8680276625315166
50638,0.8726636352576804
50639,0.6674460593319381
50640,1
50641,1
50642,1
50643,0.9749109523201227
50644,0.9857566700855682
50645,1
50646,0.9574216351622019
50647,1
50648,1
50649,0.9685849804078539
50650,0.7174068843729644
50651,0.9905051668667311
50652,1
50653,1
50654,1
50655,0.9781367485880892
50656,0.9371052762402644
50657,1
50658,1
50659,1
50660,0.8680276625315166
50661,0.9949058168780378
50662,0.25232520675064646
50663,1
50664,1
50665,0.8228716977547579
50666,1
50667,0.9881783092460067
50668,1
50669,1
50670,0.9225429028631756
50671,0.9530866435720331
50672,1
50673,1
50674,1
50675,1
50676,0.7906690304517511
50677,0.6132645160563458
50678,1
50679,1
50680,1
50681,0.8299398710324766
50682,1
50683,0.9379640066227346
50684,1
50685,0.9584122106405254
50686,1
50687,1
50688,1
50689,0.989517064796435
50690,0.9483339587646836
50691,0.8419685961937553
50692,0.9159596774449509
50693,0.4219757431005803
50694,1
50695,1
50696,0.8734840439465626
50697,1
50698,0.9302355564425553
50699,0.6295361960262146
50700,1
50701,1
50702,1
50703,1
50704,1
50705,1
50706,1
50707,1
50708,0.921671623979887
50709,0.693751249921008
50710,1
50711,0.4784650942096875
50712,0.8895549899227014
50713,1
50714,1
50715,0.9881783092460067
50716,0.9786834761127378
50717,1
50718,0.9240861931970005
50719,0.6114784213898836
50720,0.9195563503389925
50721,0.9097484250735023
50722,1
50723,1
50724,0.9371052762402644
50725,0.7711396083052573
50726,1
50727,1
50728,0.7941932617398576
50729,1
50730,1
50731,0.9610528818815528
50732,1
50733,1
50734,1
50735,0.9260066155700558
50736,1
50737,0.9479924604500709
50738,1
50739,1
50740,1
50741,1
50742,1
50743,1
50744,0.910744937680904
50745,0.9832309317100514
50746,1
50747,1
50748,0.8680276625315166
50749,0.991757217359853
50750,1
50751,0.8456799454912083
50752,0.9614144663088184
50753,1
50754,1
50755,1
50756,1
50757,1
50758,1
50759,1
50760,0.991757217359853
50761,1
50762,1
50763,1
50764,0.9282645007432487
50765,1
50766,1
50767,1
50768,1
50769,0.8802539314951286
50770,0.9749109523201227
50771,0.9108258169115794
50772,0.9564335330919059
50773,0.8966580516425219
50774,1
50775,0.862050920941016
50776,1
50777,1
50778,1
50779,1
50780,1
50781,0.7691065936422924
50782,0.6637644988028824
50783,0.5062698605943717
50784,0.980590260469024
50785,1
50786,1
50787,1
50788,1
50789,1
50790,0.999011897929704
50791,1
50792,1
50793,0.9830841261240445
50794,0.9832309317100514
50795,0.9483339587646836
50796,1
50797,1
50798,0.999011897929704
50799,0.9785019895157173
50800,0.9523274520402397
50801,1
50802,1
50803,0.8956024152852753
50804,1
50805,0.7874919117096618
50806,1
50807,1
50808,0.7653736492580413
50809,1
50810,0.8586762865645277
50811,1
50812,0.9905051668667311
50813,1
50814,1
50815,0.8864212661482644
50816,0.14421982184185203
50817,0.47099018002655435
50818,0.9778219501715014
50819,0.9467501988680719
50820,0.9302355564425553
50821,1
50822,0.9778219501715014
50823,1
50824,0.9114100160316857
50825,1
50826,1
50827,1
50828,0.9857566700855682
50829,0.9430581897446968
50830,1
50831,0.9517448004213279
50832,1
50833,0.9759762511402005
50834,1
50835,1
50836,0.5440477346626692
50837,0.9592737365817617
50838,1
50839,1
50840,1
50841,1
50842,1
50843,1
50844,1
50845,1
50846,1
50847,1
50848,1
50849,1
50850,0.9584073186634412
50851,1
50852,1
50853,0.9420047267778425
50854,0.9173215605603033
50855,1
50856,1
50857,0.9905051668667311
50858,1
50859,1
50860,0.9371052762402644
50861,1
50862,1
50863,1
50864,1
50865,1
50866,0.9949058168780378
50867,1
50868,1
50869,1
50870,1
50871,1
50872,0.999011897929704
50873,0.8860014076171719
50874,0.8111634993306182
50875,0.9220419626372091
50876,1
50877,0.9754960773470618
50878,1
50879,0.9220419626372091
50880,0.999011897929704
50881,1
50882,1
50883,0.9949058168780378
50884,0.9536006669178442
50885,0.9832309317100514
50886,1
50887,0.980590260469024
50888,0.999011897929704
50889,1
50890,1
50891,1
50892,0.9927453194301491
50893,0.9430581897446968
50894,1
50895,0.9326953700442052
50896,0.1394358406950158
50897,1
50898,1
50899,0.9422620963698073
50900,0.6733918251833142
50901,0.999011897929704
50902,1
50903,1
50904,1
50905,0.9881783092460067
50906,1
50907,0.9530866435720331
50908,0.9905051668667311
50909,0.6706237746400191
50910,1
50911,1
50912,1
50913,0.9905051668667311
50914,1
50915,1
50916,1
50917,0.6017595198603265
50918,1
50919,1
50920,0.9258077121848878
50921,1
50922,0.999011897929704
50923,0.7682152291760137
50924,0.7671529740416729
50925,1
50926,0.7423227909110262
50927,0.9874980192213537
50928,0.9563202831868564
50929,0.8368744130717932
50930,0.9927453194301491
50931,1
50932,1
50933,0.7874919117096618
50934,1
50935,0.36630256266689154
50936,0.7910244391501403
50937,1
50938,0.9857566700855682
50939,0.3963757542115234
50940,1
50941,0.8733813126071528
50942,0.9371052762402644
50943,0.9718392465479493
50944,0.9430581897446968
50945,0.8254492976937186
50946,1
50947,1
50948,1
50949,0.4431272601585963
50950,1
50951,0.9371052762402644
50952,0.9949058168780378
50953,1
50954,1
50955,1
50956,0.9056902566481183
50957,1
50958,0.8324465688141256
50959,0.8228147617674003
50960,0.9857566700855682
50961,1
50962,1
50963,0.8368744130717932
50964,1
50965,0.9969928523546226
50966,1
50967,1
50968,1
50969,0.5822187491244567
50970,1
50971,0.7900696251687257
50972,1
50973,1
50974,0.9201732053126329
50975,1
50976,0.980590260469024
50977,0.833240520069993
50978,1
50979,1
50980,1
50981,1
50982,1
50983,0.9117330397512
50984,0.7874919117096618
50985,0.8432836261724621
50986,1
50987,1
50988,0.8973459867265247
50989,0.8973459867265247
50990,1
50991,1
50992,1
50993,0.9754960773470618
50994,1
50995,1
50996,0.9969928523546226
50997,1
50998,1
50999,1
51000,0.9302355564425553
51001,0.9905051668667311
51002,1
51003,1
51004,1
51005,1
51006,0.9854109837447689
51007,1
51008,1
51009,0.9117330397512
51010,1
51011,0.4308776005662461
51012,0.8325861794225579
51013,1
51014,1
51015,1
51016,0.9326953700442052
51017,0.943675828192684
51018,1
51019,1
51020,0.9786834761127378
51021,1
51022,0.5117096963710714
51023,0.9600270845790115
51024,0.7694482648682334
51025,1
51026,0.8906035548791262
51027,0.9905051668667311
51028,0.9749109523201227
51029,1
51030,1
51031,0.9749109523201227
51032,0.9117330397512
51033,1
51034,1
51035,0.8600669985158838
51036,0.9467501988680719
51037,0.9371052762402644
51038,1
51039,0.8038311717063625
51040,0.8969529149573318
51041,0.9302355564425553
51042,0.9345702816799951
51043,0.9905051668667311
51044,1
51045,1
51046,1
51047,0.9881783092460067
51048,1
51049,0.579181491999746
51050,1
51051,0.9584073186634412
51052,1
51053,1
51054,1
51055,0.9530866435720331
51056,1
51057,1
51058,0.9176955367092884
51059,1
51060,1
51061,1
51062,0.9727277670495392
51063,0.8910295644328288
51064,1
51065,1
51066,0.9775831128236467
51067,0.8680276625315166
51068,1
51069,0.9969928523546226
51070,1
51071,0.9718392465479493
51072,1
51073,1
51074,1
51075,1
51076,1
51077,1
51078,1
51079,0.8680276625315166
51080,0.8973459867265247
51081,0.8380341891653327
51082,1
51083,1
51084,1
51085,0.9881783092460067
51086,0.9578665871311227
51087,1
51088,0.6295361960262146
51089,1
51090,0.9714092409560581
51091,1
51092,1
51093,0.528080968709467
51094,0.9749109523201227
51095,1
51096,0.8963577666916772
51097,1
51098,0.13551615908469558
51099,0.9778219501715014
51100,0.6662880011853429
51101,0.9776953740424417
51102,0.9457115281699977
51103,1
51104,1
51105,1
51106,0.980590260469024
51107,1
51108,0.9857566700855682
51109,0.9370237935609299
51110,1
51111,0.9949058168780378
51112,0.7923736719467944
51113,0.8680276625315166
51114,1
51115,0.9220419626372091
51116,0.9302355564425553
51117,1
51118,1
51119,0.9733355798991731
51120,1
51121,0.9749109523201227
51122,0.8671700602357042
51123,0.5323121902012957
51124,0.9154167136063691
51125,0.9296743953301395
51126,0.8746230802194318
51127,1
51128,1
51129,0.8726636352576804
51130,0.9117330397512
51131,0.8389570112107562
51132,0.9969928523546226
51133,1
51134,0.980590260469024
51135,1
51136,1
51137,1
51138,0.8779362471955486
51139,1
51140,0.9905051668667311
51141,0.9949058168780378
51142,1
51143,1
51144,0.9857566700855682
51145,1
51146,0.9905051668667311
51147,1
51148,1
51149,0.9117330397512
51150,0.9265357340097923
51151,1
51152,0.6098353987394531
51153,1
51154,0.7665468387118208
51155,1
51156,1
51157,1
51158,1
51159,1
51160,1
51161,1
51162,0.5174264140846152
51163,0.903271330774159
51164,1
51165,1
51166,0.4108927515660568
51167,1
51168,0.7599309113245942
51169,1
51170,0.8973459867265247
51171,1
51172,1
51173,0.9430581897446968
51174,0.933903396010503
51175,0.9969928523546226
51176,1
51177,0.8973459867265247
51178,1
51179,1
51180,1
51181,1
51182,1
51183,1
51184,0.9881783092460067
51185,1
51186,1
51187,0.999011897929704
51188,1
51189,0.9754960773470618
51190,0.805132938771781
51191,0.9749109523201227
51192,1
51193,1
51194,1
51195,1
51196,1
51197,0.612756852582587
51198,0.968832098902572
51199,0.9857566700855682
51200,1
51201,1
51202,1
51203,1
51204,1
51205,1
51206,1
51207,1
51208,0.999011897929704
51209,1
51210,0.7653736492580413
51211,1
51212,0.9905051668667311
51213,0.9108258169115794
51214,1
51215,1
51216,0.8680276625315166
51217,0.9718392465479493
51218,1
51219,1
51220,0.9117330397512
51221,1
51222,0.9337062481088276
51223,0.9949058168780378
51224,1
51225,0.3647101396247044
51226,0.9302514571884746
51227,0.8103990224275166
51228,1
51229,1
51230,1
51231,1
51232,0.9458319630021822
51233,0.8254492976937186
51234,0.9220419626372091
51235,0.991757217359853
51236,0.8586762865645277
51237,0.9663346124209247
51238,0.7599309113245942
51239,1
51240,0.8973459867265247
51241,0.8975091996415616
51242,0.1739354062296626
51243,1
51244,0.6069491736826037
51245,0.9704211388857621
51246,1
51247,1
51248,0.6684508125042652
51249,1
51250,1
51251,1
51252,1
51253,0.8798967531620061
51254,0.8444218417219611
51255,0.9778219501715014
51256,0.971095427335755
51257,1
51258,1
51259,1
51260,0.9404242269558032
51261,1
51262,1
51263,1
51264,0.9881783092460067
51265,1
51266,1
51267,0.9117330397512
51268,0.9905051668667311
51269,1
51270,0.9832309317100514
51271,1
51272,1
51273,1
51274,0.910744937680904
51275,1
51276,0.9363254186289411
51277,1
51278,0.860104744164943
51279,1
51280,1
51281,0.8147717503447908
51282,0.8239635051998926
51283,1
51284,0.9749109523201227
51285,0.7825572882996601
51286,0.9949058168780378
51287,0.9380118956312259
51288,0.8027777087395082
51289,1
51290,1
51291,0.7900696251687257
51292,1
51293,0.9371052762402644
51294,0.9718392465479493
51295,1
51296,0.9464069305793552
51297,1
51298,0.9568784850608267
51299,1
51300,1
51301,1
51302,0.9302355564425553
51303,0.999011897929704
51304,1
51305,1
51306,0.859115458316992
51307,0.8906035548791262
51308,1
51309,0.9610528818815528
51310,1
51311,1
51312,0.9530866435720331
51313,1
51314,1
51315,1
51316,0.9352435853337033
51317,0.9927453194301491
51318,0.9881783092460067
51319,1
51320,1
51321,1
51322,0.9905051668667311
51323,0.9117330397512
51324,1
51325,1
51326,1
51327,1
51328,1
51329,0.959090147274585
51330,1
51331,1
51332,1
51333,0.8059567908445945
51334,1
51335,1
51336,1
51337,0.9574216351622019
51338,1
51339,1
51340,0.5174264140846152
51341,1
51342,1
51343,1
51344,1
51345,0.9718392465479493
51346,0.7214030012893606
51347,1
51348,1
51349,1
51350,1
51351,1
51352,0.8678739256393914
51353,0.8749745404477245
51354,1
51355,0.9969928523546226
51356,1
51357,1
51358,0.9430581897446968
51359,0.7856097884199205
51360,1
51361,1
51362,0.9927453194301491
51363,0.8620795336141043
51364,1
51365,1
51366,0.9651212677009737
51367,1
51368,1
51369,0.7758083146803896
51370,1
51371,0.8910506501947678
51372,0.5200287915626486
51373,1
51374,0.6469307625184209
51375,0.7611653482028693
51376,0.10114507501474657
51377,1
51378,1
51379,0.9371052762402644
51380,0.8153151287913442
51381,0.9927453194301491
51382,0.9117330397512
51383,0.8275815431690801
51384,1
51385,1
51386,1
51387,0.44822043282973734
51388,1
51389,1
51390,1
51391,1
51392,1
51393,0.999011897929704
51394,0.9645845659780984
51395,1
51396,1
51397,1
51398,1
51399,1
51400,0.9949058168780378
51401,1
51402,0.9905051668667311
51403,1
51404,1
51405,0.7565510431756571
51406,1
51407,0.4953982927806507
51408,1
51409,0.13551615908469558
51410,0.8680276625315166
51411,0.6306935911822118
51412,0.9857566700855682
51413,0.968832098902572
51414,0.7797607022827165
51415,1
51416,1
51417,1
51418,0.7528099710108022
51419,1
51420,0.9430581897446968
51421,1
51422,1
51423,1
51424,1
51425,1
51426,1
51427,0.25232520675064646
51428,0.9718392465479493
51429,0.8999113489972067
51430,1
51431,1
51432,1
51433,0.9832309317100514
51434,1
51435,1
51436,1
51437,1
51438,1
51439,1
51440,1
51441,1
51442,1
51443,1
51444,0.7829289448417164
51445,1
51446,1
51447,1
51448,0.9759762511402005
51449,1
51450,0.5670379659113903
51451,0.8671960706914783
51452,1
51453,1
51454,0.9832309317100514
51455,1
51456,0.9651212677009737
51457,1
51458,1
51459,1
51460,0.9220419626372091
51461,0.9689876017956197
51462,1
51463,1
51464,0.9949058168780378
51465,0.8739786076652499
51466,1
51467,1
51468,0.9290039454729249
51469,0.8680276625315166
51470,1
51471,0.8388686576174249
51472,0.9822428296397554
51473,0.8275815431690801
51474,1
51475,0.9778219501715014
51476,0.672902717283179
51477,1
51478,1
51479,0.7147447735072628
51480,0.9949058168780378
51481,0.999011897929704
51482,0.628256033668603
51483,0.9969928523546226
51484,0.999011897929704
51485,0.9638407467659041
51486,0.614184275694756
51487,1
51488,0.6954248808736343
51489,1
51490,1
51491,1
51492,1
51493,1
51494,1
51495,1
51496,1
51497,1
51498,0.8246458613661484
51499,0.7496235058062891
51500,1
51501,1
51502,0.9312364989907035
51503,1
51504,1
51505,1
51506,1
51507,1
51508,1
51509,0.9905051668667311
51510,1
51511,1
51512,1
51513,1
51514,1
51515,0.7599309113245942
51516,1
51517,1
51518,0.9217566640765255
51519,1
51520,1
51521,0.9881783092460067
51522,0.8562059717775233
51523,0.9574216351622019
51524,1
51525,1
51526,0.7080934230338076
51527,0.8508568224674742
51528,1
51529,0.9312364989907035
51530,0.725208767712068
51531,1
51532,1
51533,0.9897381717847717
51534,0.9145011098808516
51535,1
51536,0.9739228502498266
51537,1
51538,0.9220419626372091
51539,0.8521268089724111
51540,0.9574216351622019
51541,0.8732147519096309
51542,1
51543,1
51544,1
51545,1
51546,0.8596811010420562
51547,1
51548,0.8871632303381829
51549,1
51550,1
51551,0.9117330397512
51552,0.8973459867265247
51553,0.9685849804078539
51554,1
51555,1
51556,1
51557,1
51558,0.8959769419687841
51559,0.7069767687954577
51560,1
51561,0.9718392465479493
51562,1
51563,0.7989199360914329
51564,1
51565,1
51566,0.8027777087395082
51567,0.9159596774449509
51568,1
51569,1
51570,1
51571,1
51572,1
51573,0.8684217335450968
51574,0.5749384300130682
51575,0.5362539278867148
51576,1
51577,0.9949058168780378
51578,1
51579,1
51580,1
51581,1
51582,1
51583,0.7653736492580413
51584,0.9969928523546226
51585,1
51586,1
51587,1
51588,1
51589,0.7527897570308145
51590,0.9857566700855682
51591,1
51592,0.8815800548537845
51593,1
51594,1
51595,1
51596,0.9220419626372091
51597,1
51598,0.8276249512309142
51599,0.8600669985158838
51600,1
51601,1
51602,1
51603,1
51604,1
51605,0.7694482648682334
51606,0.7593567903393763
51607,0.8115969525599106
51608,1
51609,0.8864212661482644
51610,1
51611,1
51612,0.9371052762402644
51613,1
51614,1
51615,0.910744937680904
51616,1
51617,1
51618,0.8522775190797645
51619,1
51620,1
51621,0.8090790264777248
51622,1
51623,0.9536006669178442
51624,1
51625,1
51626,1
51627,0.9220419626372091
51628,0.9718392465479493
51629,1
51630,0.9905051668667311
51631,0.9857566700855682
51632,0.4085729993415628
51633,1
51634,1
51635,1
51636,0.9479924604500709
51637,1
51638,0.9651212677009737
51639,0.8066697072100872
51640,1
51641,0.9483339587646836
51642,1
51643,0.9778219501715014
51644,1
51645,0.8956024152852753
51646,1
51647,1
51648,0.7960943030872027
51649,0.9905051668667311
51650,1
51651,0.999011897929704
51652,1
51653,1
51654,1
51655,1
51656,1
51657,1
51658,0.7757593252394487
51659,0.9651212677009737
51660,1
51661,0.9832309317100514
51662,0.9145011098808516
51663,0.9571659110416263
51664,1
51665,1
51666,1
51667,1
51668,1
51669,1
51670,1
51671,1
51672,1
51673,0.9220419626372091
51674,1
51675,0.7989088430632761
51676,1
51677,0.9081794574456705
51678,1
51679,1
51680,0.9927453194301491
51681,1
51682,1
51683,1
51684,0.46287881347255627
51685,0.9543416504934221
51686,1
51687,0.975129600942712
51688,1
51689,0.6154721602594373
51690,0.9651212677009737
51691,0.9768338481012054
51692,1
51693,0.9574216351622019
51694,0.9220419626372091
51695,0.9781367485880892
51696,0.9014206023367168
51697,0.9117330397512
51698,1
51699,1
51700,0.8562421720126112
51701,1
51702,0.9117330397512
51703,1
51704,0.9881783092460067
51705,1
51706,0.6125268359272389
51707,1
51708,0.980590260469024
51709,0.7092003441114499
51710,1
51711,1
51712,1
51713,1
51714,0.9927453194301491
51715,1
51716,1
51717,1
51718,1
51719,0.9785019895157173
51720,0.8831026568120929
51721,0.933572167773718
51722,0.9685849804078539
51723,1
51724,1
51725,0.9949058168780378
51726,0.9574216351622019
51727,1
51728,1
51729,1
51730,0.9614144663088184
51731,0.7197619701773212
51732,1
51733,1
51734,0.7718174563807071
51735,0.8618125356778558
51736,1
51737,1
51738,0.9881783092460067
51739,1
51740,0.9718392465479493
51741,0.27877753836240676
51742,0.9229808758727044
51743,1
51744,1
51745,0.9614144663088184
51746,0.7107828176236285
51747,0.9186255336706884
51748,0.9430581897446968
51749,1
51750,1
51751,1
51752,1
51753,0.8668032180092007
51754,0.9887500697144758
51755,0.9927453194301491
51756,0.9949058168780378
51757,0.9689876017956197
51758,1
51759,0.8398669090794659
51760,1
51761,1
51762,0.8939330465024308
51763,1
51764,1
51765,0.5912721464107105
51766,1
51767,0.9404242269558032
51768,1
51769,1
51770,1
51771,1
51772,1
51773,1
51774,1
51775,0.9265357340097923
51776,0.9323325874823246
51777,0.9220419626372091
51778,0.980590260469024
51779,0.9483339587646836
51780,1
51781,0.9584073186634412
51782,1
51783,1
51784,0.8090790264777248
51785,1
51786,1
51787,0.9623393627052513
51788,0.9479924604500709
51789,1
51790,1
51791,0.932892128429502
51792,1
51793,1
51794,0.6692412599264354
51795,1
51796,1
51797,0.9337062481088276
51798,1
51799,0.999011897929704
51800,1
51801,0.9574216351622019
51802,1
51803,1
51804,0.980590260469024
51805,0.8598621570450127
51806,0.9373907174490189
51807,0.9949058168780378
51808,1
51809,1
51810,0.9685849804078539
51811,1
51812,1
51813,0.9229967766186237
51814,0.8066697072100872
51815,0.9949058168780378
51816,1
51817,0.9969928523546226
51818,1
51819,1
51820,0.7622118249447238
51821,0.9574216351622019
51822,0.36630256266689154
51823,1
51824,0.9584122106405254
51825,1
51826,1
51827,0.7599309113245942
51828,1
51829,1
51830,1
51831,0.9778219501715014
51832,1
51833,0.7900111191044499
51834,0.9651212677009737
51835,0.9651212677009737
51836,1
51837,0.9969928523546226
51838,1
51839,0.9430581897446968
51840,1
51841,0.9458319630021822
51842,1
51843,1
51844,0.9718392465479493
51845,1
51846,1
51847,1
51848,1
51849,0.9881783092460067
51850,1
51851,1
51852,1
51853,1
51854,0.7763663561986606
51855,0.8635587194032033
51856,1
51857,1
51858,1
51859,0.6954248808736343
51860,0.9857566700855682
51861,0.9458319630021822
51862,0.8452727887554576
51863,1
51864,0.9299994467166725
51865,1
51866,0.9561778089713303
51867,0.9881783092460067
51868,1
51869,1
51870,1
51871,1
51872,1
51873,1
51874,0.7665468387118208
51875,1
51876,1
51877,0.9208801399161981
51878,0.9371052762402644
51879,1
51880,1
51881,1
51882,1
51883,1
51884,1
51885,0.9405717638818152
51886,1
51887,1
51888,1
51889,1
51890,1
51891,1
51892,1
51893,0.5822187491244567
51894,1
51895,1
51896,1
51897,1
51898,1
51899,1
51900,1
51901,0.9379640066227346
51902,0.8452727887554576
51903,1
51904,1
51905,0.9905051668667311
51906,1
51907,1
51908,0.8973459867265247
51909,0.999011897929704
51910,0.9949058168780378
51911,1
51912,0.9685849804078539
51913,1
51914,0.9854109837447689
51915,0.8680276625315166
51916,1
51917,1
51918,0.9704406934725908
51919,0.8913921485093805
51920,0.8149290752284408
51921,1
51922,1
51923,1
51924,1
51925,1
51926,1
51927,0.6190723782977133
51928,1
51929,1
51930,0.8048131858812508
51931,1
51932,1
51933,0.3377124616080103
51934,0.7604361855267884
51935,0.8973459867265247
51936,0.8404558283257711
51937,1
51938,1
51939,0.9718392465479493
51940,1
51941,1
51942,1
51943,0.9685849804078539
51944,1
51945,0.5750728035000077
51946,1
51947,1
51948,0.9220419626372091
51949,1
51950,1
51951,1
51952,1
51953,1
51954,1
51955,0.8978324347801133
51956,1
51957,0.8537843326170849
51958,1
51959,0.9483339587646836
51960,0.40569611069047035
51961,1
51962,1
51963,1
51964,0.9052728943472605
51965,1
51966,0.9685849804078539
51967,1
51968,0.9220419626372091
51969,1
51970,0.9927453194301491
51971,0.5172838244794499
51972,1
51973,0.9927453194301491
51974,1
51975,1
51976,1
51977,0.8785695152072391
51978,1
51979,0.8680276625315166
51980,1
51981,0.9651212677009737
51982,1
51983,1
51984,0.8753535906502883
51985,1
51986,1
51987,1
51988,0.28404767400530745
51989,0.9949058168780378
51990,1
51991,1
51992,0.9371052762402644
51993,0.9302355564425553
51994,1
51995,0.9406525668722533
51996,1
51997,1
51998,0.9117330397512
51999,1
52000,0.9117330397512
52001,0.9371052762402644
52002,1
52003,1
52004,1
52005,0.9927453194301491
52006,1
52007,1
52008,1
52009,1
52010,1
52011,0.8973459867265247
52012,1
52013,1
52014,0.8680276625315166
52015,1
52016,0.9857566700855682
52017,1
52018,1
52019,0.9718392465479493
52020,0.5536200632573138
52021,0.7233525127214808
52022,1
52023,1
52024,1
52025,0.9651212677009737
52026,1
52027,1
52028,1
52029,0.910744937680904
52030,1
52031,0.9117330397512
52032,1
52033,0.9220419626372091
52034,0.9464069305793552
52035,1
52036,0.7767535546373393
52037,1
52038,1
52039,0.999011897929704
52040,0.9371052762402644
52041,1
52042,1
52043,0.9265357340097923
52044,0.9749109523201227
52045,1
52046,0.3145128586395029
52047,0.9276104431069954
52048,0.9371052762402644
52049,1
52050,1
52051,1
52052,0.8680276625315166
52053,0.6283719243971303
52054,1
52055,0.9304299828184321
52056,1
52057,1
52058,0.8549728153939216
52059,1
52060,1
52061,1
52062,1
52063,0.9530866435720331
52064,1
52065,1
52066,0.999011897929704
52067,1
52068,0.9687685697150307
52069,1
52070,1
52071,0.8910295644328288
52072,1
52073,1
52074,0.8320236683786647
52075,1
52076,0.999011897929704
52077,0.980590260469024
52078,0.8902293261390836
52079,1
52080,1
52081,1
52082,1
52083,1
52084,1
52085,0.6794549478796175
52086,0.9749109523201227
52087,0.999011897929704
52088,1
52089,1
52090,1
52091,0.9969928523546226
52092,1
52093,1
52094,0.9683271170382325
52095,0.920994528725782
52096,0.5597212560122065
52097,0.9651212677009737
52098,0.8586762865645277
52099,1
52100,0.9651212677009737
52101,0.7214030012893606
52102,0.8090790264777248
52103,1
52104,0.9927453194301491
52105,1
52106,0.9714287955428867
52107,1
52108,0.8359810869786789
52109,1
52110,0.9718392465479493
52111,1
52112,0.9786834761127378
52113,1
52114,0.7604361855267884
52115,1
52116,0.9108258169115794
52117,1
52118,1
52119,1
52120,1
52121,1
52122,0.7316294765041069
52123,1
52124,0.980590260469024
52125,1
52126,0.9685849804078539
52127,0.36078209663113275
52128,0.8973459867265247
52129,1
52130,1
52131,0.881689179773843
52132,0.8677534908072068
52133,1
52134,1
52135,1
52136,1
52137,1
52138,0.9158338458027273
52139,0.16856891004959917
52140,1
52141,1
52142,0.9881783092460067
52143,0.9312364989907035
52144,1
52145,1
52146,0.968832098902572
52147,1
52148,0.9927453194301491
52149,1
52150,0.8419685961937553
52151,0.5495324195963454
52152,1
52153,1
52154,0.973934979331575
52155,1
52156,0.9847685680152722
52157,1
52158,1
52159,0.910744937680904
52160,0.9781563031749179
52161,1
52162,0.9574216351622019
52163,1
52164,0.9371052762402644
52165,0.999011897929704
52166,0.9530866435720331
52167,0.9881783092460067
52168,1
52169,1
52170,0.9329116830163308
52171,0.9905051668667311
52172,1
52173,0.9881783092460067
52174,1
52175,1
52176,1
52177,0.9483339587646836
52178,1
52179,1
52180,0.5174264140846152
52181,1
52182,1
52183,0.9530866435720331
52184,1
52185,1
52186,1
52187,1
52188,1
52189,1
52190,0.8585173343434283
52191,1
52192,0.9220419626372091
52193,1
52194,1
52195,0.9543985855403884
52196,1
52197,0.6574104578515455
52198,1
52199,1
52200,1
52201,1
52202,1
52203,0.9578665871311227
52204,1
52205,1
52206,1
52207,1
52208,0.9651212677009737
52209,0.724262951215942
52210,1
52211,0.9388391256314147
52212,0.9918986692326606
52213,1
52214,0.9969928523546226
52215,1
52216,1
52217,0.9117330397512
52218,1
52219,1
52220,1
52221,1
52222,1
52223,0.9217566640765255
52224,1
52225,1
52226,1
52227,1
52228,1
52229,1
52230,1
52231,1
52232,0.4228097675161265
52233,1
52234,0.9969928523546226
52235,1
52236,0.8937470537911432
52237,0.8769427636769767
52238,0.8973459867265247
52239,0.9388433136576013
52240,0.9737360985767824
52241,1
52242,1
52243,1
52244,0.958141884030174
52245,1
52246,1
52247,0.6471015349655364
52248,0.9466829758380613
52249,0.893188275869472
52250,1
52251,1
52252,0.959090147274585
52253,0.9292474543722593
52254,1
52255,0.8509694562315199
52256,0.9420700876744007
52257,1
52258,1
52259,1
52260,0.9881783092460067
52261,0.9685849804078539
52262,0.9430581897446968
52263,1
52264,1
52265,0.9881783092460067
52266,1
52267,1
52268,1
52269,1
52270,1
52271,1
52272,0.8680276625315166
52273,0.9857566700855682
52274,0.8049872141669272
52275,0.999011897929704
52276,1
52277,0.5695021057005737
52278,0.9905051668667311
52279,0.8486179230005406
52280,0.9574216351622019
52281,1
52282,0.8910506501947678
52283,1
52284,0.9685849804078539
52285,1
52286,1
52287,0.934090628850252
52288,0.4521355656215854
52289,1
52290,0.8585328293982476
52291,1
52292,1
52293,0.3145128586395029
52294,0.1362400349580319
52295,1
52296,1
52297,1
52298,1
52299,1
52300,1
52301,1
52302,0.9290039454729249
52303,0.9117330397512
52304,1
52305,0.999011897929704
52306,1
52307,1
52308,1
52309,0.9574216351622019
52310,0.9881783092460067
52311,1
52312,1
52313,1
52314,0.9117330397512
52315,0.9220419626372091
52316,0.9530866435720331
52317,1
52318,0.5971594890634548
52319,0.724262951215942
52320,0.8973459867265247
52321,1
52322,0.7856621414783187
52323,0.4222595218993172
52324,0.9055161505890064
52325,0.9567632896538606
52326,1
52327,0.9685849804078539
52328,1
52329,0.5857752124648538
52330,1
52331,0.5822187491244567
52332,1
52333,0.9905051668667311
52334,1
52335,1
52336,0.9174487197412136
52337,0.9188361014710205
52338,0.9651212677009737
52339,0.859115458316992
52340,1
52341,0.9150773159063044
52342,1
52343,1
52344,1
52345,1
52346,1
52347,0.9299994467166725
52348,1
52349,1
52350,0.9430581897446968
52351,1
52352,0.9687685697150307
52353,1
52354,1
52355,1
52356,1
52357,0.9245721490395733
52358,1
52359,0.5753944216296216
52360,1
52361,1
52362,0.9651212677009737
52363,1
52364,1
52365,1
52366,0.9718392465479493
52367,1
52368,1
52369,1
52370,1
52371,0.9832309317100514
52372,1
52373,1
52374,1
52375,1
52376,1
52377,0.9116431701525507
52378,1
52379,1
52380,1
52381,0.8265203218185583
52382,0.6077713744323948
52383,0.7833738407624912
52384,1
52385,0.9302355564425553
52386,0.9544144875168246
52387,0.8646551781709478
52388,1
52389,1
52390,1
52391,1
52392,0.8726636352576804
52393,1
52394,0.8594207642644073
52395,0.999011897929704
52396,0.9574216351622019
52397,1
52398,1
52399,0.7797607022827165
52400,0.9832309317100514
52401,0.8652817382799306
52402,0.6771066890092413
52403,0.9229149510988374
52404,0.8680276625315166
52405,1
52406,1
52407,1
52408,0.8680276625315166
52409,0.9832309317100514
52410,0.9809236286761558
52411,0.5299654074206365
52412,1
52413,1
52414,0.9464069305793552
52415,0.9430581897446968
52416,1
52417,0.999011897929704
52418,0.9969928523546226
52419,0.8903690796754415
52420,1
52421,0.9371052762402644
52422,0.9614144663088184
52423,1
52424,1
52425,1
52426,1
52427,0.952732902491624
52428,0.8547676218887266
52429,0.8005074225233629
52430,1
52431,1
52432,0.753551958504048
52433,0.9574216351622019
52434,1
52435,0.8317136600883183
52436,0.5849555769101602
52437,0.999011897929704
52438,1
52439,0.9220419626372091
52440,0.865100152381906
52441,1
52442,1
52443,0.617379358020077
52444,0.999011897929704
52445,0.7836349282874984
52446,0.9022382066179311
52447,0.9614144663088184
52448,1
52449,1
52450,1
52451,1
52452,1
52453,1
52454,1
52455,1
52456,1
52457,1
52458,1
52459,0.9188361014710205
52460,1
52461,0.9251413733205932
52462,0.9547503291319838
52463,1
52464,1
52465,0.961330299838003
52466,1
52467,1
52468,0.9905051668667311
52469,1
52470,1
52471,1
52472,1
52473,0.9778219501715014
52474,1
52475,0.9518159121179053
52476,0.9225429028631756
52477,1
52478,1
52479,0.5440477346626692
52480,0.9277613968634107
52481,0.9857566700855682
52482,1
52483,0.9905051668667311
52484,1
52485,1
52486,1
52487,0.9117330397512
52488,1
52489,1
52490,1
52491,0.7500166585770257
52492,1
52493,1
52494,1
52495,1
52496,1
52497,1
52498,0.980590260469024
52499,0.9654161191868537
52500,0.9719038046747454
52501,0.837986773815974
52502,1
52503,1
52504,1
52505,0.798827574040791
52506,0.6684508125042652
52507,0.9651212677009737
52508,1
52509,0.7651088629026602
52510,0.999011897929704
52511,1
52512,1
52513,0.9543416504934221
52514,0.8183998472934378
52515,0.6178194750374909
52516,1
52517,1
52518,0.9574216351622019
52519,1
52520,0.6706237746400191
52521,1
52522,0.8027777087395082
52523,1
52524,1
52525,0.40582497423735
52526,0.9905051668667311
52527,0.9404242269558032
52528,0.8668032180092007
52529,0.9939177148077418
52530,1
52531,0.8607537264539852
52532,1
52533,0.6577569289265476
52534,0.9302355564425553
52535,1
52536,0.8906035548791262
52537,1
52538,1
52539,1
52540,0.8638274047334561
52541,0.9563202831868564
52542,1
52543,1
52544,1
52545,1
52546,0.9685849804078539
52547,0.9173215605603033
52548,1
52549,0.9876511363081869
52550,1
52551,0.5261532419748116
52552,0.9574216351622019
52553,0.7886809447085816
52554,1
52555,0.7599309113245942
52556,1
52557,0.9927453194301491
52558,1
52559,0.42556245390438524
52560,1
52561,0.8680276625315166
52562,1
52563,1
52564,1
52565,1
52566,1
52567,0.8419685961937553
52568,0.7646025360245845
52569,1
52570,0.9232449110848063
52571,1
52572,1
52573,0.652565252639453
52574,1
52575,1
52576,1
52577,0.971095427335755
52578,1
52579,0.9949058168780378
52580,1
52581,0.9160741935617567
52582,1
52583,1
52584,1
52585,0.999011897929704
52586,1
52587,1
52588,1
52589,1
52590,1
52591,0.9927453194301491
52592,1
52593,0.7797607022827165
52594,0.999011897929704
52595,1
52596,1
52597,0.9066388566292378
52598,1
52599,0.7343729956700575
52600,1
52601,0.9265357340097923
52602,1
52603,0.9927453194301491
52604,0.52005578091781
52605,1
52606,0.8680276625315166
52607,0.8331489302324904
52608,1
52609,1
52610,0.9574216351622019
52611,1
52612,0.6251010264772647
52613,1
52614,0.9302355564425553
52615,0.9778219501715014
52616,0.8954876967616701
52617,0.9624861682912582
52618,0.9430581897446968
52619,0.999011897929704
52620,1
52621,1
52622,0.8753262578359787
52623,1
52624,1
52625,1
52626,1
52627,1
52628,0.9220419626372091
52629,1
52630,1
52631,0.9430581897446968
52632,1
52633,0.8225588566627794
52634,1
52635,1
52636,0.7092003441114499
52637,1
52638,1
52639,1
52640,1
52641,0.980590260469024
52642,0.9574216351622019
52643,0.9718392465479493
52644,0.8027777087395082
52645,1
52646,1
52647,1
52648,1
52649,0.9969928523546226
52650,0.999011897929704
52651,1
52652,0.971095427335755
52653,1
52654,1
52655,1
52656,1
52657,1
52658,1
52659,1
52660,1
52661,1
52662,0.7811091899119815
52663,0.999011897929704
52664,0.8368744130717932
52665,0.9749109523201227
52666,1
52667,0.9614144663088184
52668,0.9479924604500709
52669,0.8089510152348645
52670,1
52671,1
52672,0.7533221355451233
52673,0.5189407302635127
52674,0.9473353238950111
52675,1
52676,0.9150773159063044
52677,0.9651212677009737
52678,1
52679,1
52680,1
52681,0.9638211921790754
52682,0.9530866435720331
52683,0.9051154890648857
52684,1
52685,0.9857566700855682
52686,1
52687,0.9651212677009737
52688,1
52689,1
52690,1
52691,0.5646236567413525
52692,1
52693,1
52694,1
52695,0.5440477346626692
52696,1
52697,0.8211143061035497
52698,1
52699,1
52700,0.9371052762402644
52701,1
52702,1
52703,0.7292684288420336
52704,0.8973459867265247
52705,1
52706,0.980590260469024
52707,0.28404767400530745
52708,0.7996078711754357
52709,0.9120162285603871
52710,0.9574216351622019
52711,0.9279975958921557
52712,0.980590260469024
52713,0.7681136385816568
52714,1
52715,1
52716,1
52717,1
52718,1
52719,1
52720,1
52721,1
52722,0.9366732600982316
52723,1
52724,1
52725,0.9493043272313071
52726,1
52727,0.9939177148077418
52728,0.9323325874823246
52729,1
52730,1
52731,0.9688286671278645
52732,0.9718392465479493
52733,0.8522775190797645
52734,0.8254492976937186
52735,0.7141716909679351
52736,0.8038311717063625
52737,0.934090628850252
52738,0.28991058467845343
52739,0.9430581897446968
52740,1
52741,1
52742,1
52743,0.9614144663088184
52744,1
52745,1
52746,1
52747,1
52748,1
52749,1
52750,0.9781367485880892
52751,1
52752,1
52753,0.48549101380754417
52754,0.9614144663088184
52755,1
52756,0.8265203218185583
52757,1
52758,0.5495324195963454
52759,0.999011897929704
52760,1
52761,0.7391204931175409
52762,1
52763,0.9927453194301491
52764,1
52765,1
52766,1
52767,1
52768,1
52769,1
52770,1
52771,1
52772,1
52773,0.9778219501715014
52774,1
52775,0.9785019895157173
52776,0.9430581897446968
52777,0.7575865760996419
52778,1
52779,1
52780,0.7117516989995135
52781,1
52782,1
52783,1
52784,1
52785,1
52786,0.8736731474892405
52787,0.13551615908469558
52788,1
52789,1
52790,1
52791,1
52792,1
52793,0.9220419626372091
52794,0.8368744130717932
52795,1
52796,0.9718392465479493
52797,0.9590922499847413
52798,0.5206622516889526
52799,1
52800,1
52801,1
52802,1
52803,1
52804,1
52805,0.55831608113028
52806,1
52807,0.9881783092460067
52808,1
52809,0.9530866435720331
52810,1
52811,0.9969928523546226
52812,0.9220419626372091
52813,1
52814,1
52815,1
52816,1
52817,0.9969928523546226
52818,1
52819,0.950877937786542
52820,1
52821,1
52822,1
52823,0.8368744130717932
52824,1
52825,1
52826,1
52827,0.9824038360993915
52828,1
52829,1
52830,0.9483339587646836
52831,1
52832,1
52833,1
52834,1
52835,0.7171355903579985
52836,1
52837,0.8680138699837988
52838,1
52839,0.910744937680904
52840,0.7694482648682334
52841,0.910744937680904
52842,1
52843,1
52844,0.8027777087395082
52845,1
52846,1
52847,1
52848,1
52849,1
52850,0.48934057145874793
52851,1
52852,1
52853,1
52854,1
52855,1
52856,1
52857,1
52858,1
52859,1
52860,1
52861,0.999011897929704
52862,0.9213324405340684
52863,1
52864,1
52865,1
52866,0.9630892615661294
52867,0.7893827953200289
52868,0.9337062481088276
52869,1
52870,0.9905051668667311
52871,1
52872,1
52873,1
52874,1
52875,1
52876,1
52877,1
52878,1
52879,1
52880,1
52881,1
52882,0.8014813488844391
52883,1
52884,1
52885,0.9969928523546226
52886,1
52887,0.774714348523969
52888,0.9574216351622019
52889,1
52890,1
52891,0.9476387193696618
52892,1
52893,0.9778219501715014
52894,0.9430581897446968
52895,1
52896,1
52897,0.8027777087395082
52898,1
52899,0.9201732053126329
52900,1
52901,1
52902,1
52903,1
52904,1
52905,1
52906,0.8510146104626144
52907,0.8913921485093805
52908,1
52909,0.7381759003666757
52910,1
52911,1
52912,0.9809236286761558
52913,0.8973459867265247
52914,1
52915,0.9567632896538606
52916,0.8027777087395082
52917,1
52918,1
52919,0.6908033976567457
52920,0.9584122106405254
52921,0.8973459867265247
52922,0.9687685697150307
52923,0.9905051668667311
52924,1
52925,1
52926,1
52927,1
52928,0.8684217335450968
52929,1
52930,1
52931,1
52932,1
52933,1
52934,1
52935,0.9431783052477701
52936,1
52937,0.7652946901882997
52938,1
52939,1
52940,0.6771066890092413
52941,1
52942,0.8458223454045207
52943,1
52944,1
52945,0.8885364116664699
52946,0.81195496506415
52947,0.9604263642385225
52948,1
52949,0.9881783092460067
52950,1
52951,0.1739354062296626
52952,0.4972425565918858
52953,1
52954,0.9927453194301491
52955,0.9836558865925136
52956,1
52957,0.9430581897446968
52958,0.9371052762402644
52959,1
52960,0.9213573844170145
52961,1
52962,1
52963,1
52964,0.8366126429393705
52965,1
52966,1
52967,1
52968,1
52969,0.8973459867265247
52970,1
52971,0.9778219501715014
52972,1
52973,0.617379358020077
52974,1
52975,1
52976,1
52977,1
52978,0.8954876967616701
52979,1
52980,1
52981,0.9614144663088184
52982,1
52983,0.7595083529026224
52984,0.9220419626372091
52985,1
52986,1
52987,0.980590260469024
52988,0.8910506501947678
52989,1
52990,1
52991,0.9749109523201227
52992,0.8680276625315166
52993,1
52994,1
52995,0.9680882796903777
52996,1
52997,1
52998,1
52999,1
53000,1
53001,0.7644848561787886
53002,1
53003,1
53004,0.617379358020077
53005,0.9302355564425553
53006,0.5372335192443858
53007,0.9651212677009737
53008,1
53009,0.9530866435720331
53010,0.9857566700855682
53011,1
53012,1
53013,0.8588422374989187
53014,1
53015,1
53016,1
53017,1
53018,0.8509694562315199
53019,1
53020,1
53021,0.9918986692326606
53022,1
53023,1
53024,1
53025,1
53026,1
53027,1
53028,0.9371052762402644
53029,1
53030,1
53031,0.980590260469024
53032,1
53033,1
53034,1
53035,0.966680298761724
53036,0.9371052762402644
53037,0.7928692573467364
53038,1
53039,0.9532995769469804
53040,1
53041,1
53042,0.8066104392698882
53043,0.9483339587646836
53044,1
53045,1
53046,1
53047,1
53048,1
53049,0.892323300220224
53050,1
53051,1
53052,0.9614144663088184
53053,1
53054,0.9518159121179053
53055,0.9220062011403003
53056,0.9530866435720331
53057,0.1978908552178076
53058,0.42556245390438524
53059,1
53060,0.7311512350193579
53061,1
53062,0.8275815431690801
53063,1
53064,0.9556264345677047
53065,0.8938812091851585
53066,1
53067,0.7171355903579985
53068,0.910744937680904
53069,1
53070,1
53071,1
53072,1
53073,1
53074,0.8680276625315166
53075,0.7678915753402271
53076,1
53077,0.9832309317100514
53078,0.9530866435720331
53079,1
53080,0.9290039454729249
53081,0.6098353987394531
53082,1
53083,1
53084,1
53085,0.9496611967194506
53086,1
53087,0.9749109523201227
53088,0.980590260469024
53089,0.805132938771781
53090,1
53091,0.9754960773470618
53092,0.8680276625315166
53093,1
53094,1
53095,1
53096,0.9651212677009737
53097,0.9685849804078539
53098,0.3594475323086776
53099,1
53100,1
53101,1
53102,0.9455999444082086
53103,0.9371052762402644
53104,1
53105,1
53106,1
53107,0.9651212677009737
53108,0.9117330397512
53109,0.9718392465479493
53110,1
53111,1
53112,0.6560520171239274
53113,1
53114,0.28404767400530745
53115,1
53116,0.8626529081797606
53117,1
53118,1
53119,1
53120,0.8275815431690801
53121,1
53122,1
53123,0.8337750023884092
53124,1
53125,1
53126,1
53127,0.44822043282973734
53128,1
53129,1
53130,1
53131,1
53132,0.7345195979875275
53133,1
53134,0.9177677632038704
53135,1
53136,0.25232520675064646
53137,1
53138,0.9776953740424417
53139,1
53140,1
53141,1
53142,1
53143,1
53144,1
53145,1
53146,1
53147,1
53148,1
53149,1
53150,1
53151,1
53152,1
53153,1
53154,0.8004091727518199
53155,0.810252782300283
53156,1
53157,0.980590260469024
53158,1
53159,0.9159596774449509
53160,1
53161,0.9969928523546226
53162,0.9718392465479493
53163,1
53164,0.28404767400530745
53165,0.9022382066179311
53166,0.9302355564425553
53167,0.9574216351622019
53168,0.980590260469024
53169,0.9718392465479493
53170,1
53171,1
53172,1
53173,0.9471711363943868
53174,1
53175,1
53176,1
53177,1
53178,0.36630256266689154
53179,0.999011897929704
53180,1
53181,1
53182,0.868525404723658
53183,1
53184,1
53185,1
53186,1
53187,0.9483339587646836
53188,0.9483339587646836
53189,0.8398669090794659
53190,0.8667133484105514
53191,0.5593009360150878
53192,1
53193,0.7665468387118208
53194,1
53195,0.8784754957291151
53196,0.9824038360993915
53197,1
53198,0.9430581897446968
53199,1
53200,0.8504326302985578
53201,0.9491752408768779
53202,1
53203,1
53204,1
53205,0.9220419626372091
53206,1
53207,1
53208,0.9927453194301491
53209,1
53210,1
53211,1
53212,1
53213,0.9022265439412381
53214,1
53215,0.8956024152852753
53216,0.8090790264777248
53217,1
53218,1
53219,1
53220,1
53221,1
53222,1
53223,1
53224,0.9832309317100514
53225,1
53226,1
53227,0.98325048629688
53228,1
53229,0.9077986327227774
53230,1
53231,1
53232,0.7509229637637156
53233,1
53234,1
53235,1
53236,1
53237,0.7440826349207075
53238,1
53239,0.9371052762402644
53240,1
53241,1
53242,0.8368744130717932
53243,1
53244,0.9969928523546226
53245,0.9302355564425553
53246,1
53247,1
53248,0.8864212661482644
53249,0.832589572060228
53250,0.9881783092460067
53251,1
53252,0.3377124616080103
53253,0.6674838446331121
53254,0.9471711363943868
53255,1
53256,1
53257,0.9832309317100514
53258,1
53259,0.9832309317100514
53260,0.7171355903579985
53261,1
53262,0.9371052762402644
53263,0.8340279219490246
53264,0.9663346124209247
53265,0.8663031008295031
53266,0.8895549899227014
53267,1
53268,1
53269,1
53270,1
53271,1
53272,0.5261532419748116
53273,0.4986073074310286
53274,1
53275,1
53276,1
53277,0.9749109523201227
53278,1
53279,0.980590260469024
53280,0.9520985415017371
53281,0.8973459867265247
53282,1
53283,1
53284,0.9010668612563077
53285,0.9881783092460067
53286,0.8973459867265247
53287,1
53288,1
53289,0.8110858522762134
53290,1
53291,1
53292,0.9380118956312259
53293,1
53294,1
53295,1
53296,0.9614144663088184
53297,1
53298,0.9194335741266254
53299,1
53300,0.910744937680904
53301,1
53302,0.5456769723437097
53303,1
53304,1
53305,1
53306,1
53307,1
53308,0.9117330397512
53309,1
53310,1
53311,0.6413207338705943
53312,0.9718392465479493
53313,0.6201648787539381
53314,1
53315,0.9519196331755495
53316,1
53317,1
53318,0.999011897929704
53319,0.8021583014856091
53320,0.9749109523201227
53321,0.9718392465479493
53322,1
53323,1
53324,1
53325,0.9500794959266557
53326,0.8598621570450127
53327,1
53328,1
53329,1
53330,0.999011897929704
53331,0.8422517850029424
53332,0.9244551016955692
53333,0.4266080556125756
53334,1
53335,1
53336,1
53337,0.9530866435720331
53338,1
53339,1
53340,1
53341,1
53342,0.28404767400530745
53343,1
53344,1
53345,0.40895466584439294
53346,1
53347,0.999011897929704
53348,1
53349,0.9299994467166725
53350,0.7772299879874061
53351,1
53352,1
53353,0.9420700876744007
53354,1
53355,1
53356,1
53357,1
53358,0.9117330397512
53359,1
53360,0.6954248808736343
53361,1
53362,1
53363,1
53364,1
53365,0.9718392465479493
53366,1
53367,1
53368,1
53369,0.6118701509353975
53370,1
53371,0.9147872820673582
53372,1
53373,1
53374,0.4784650942096875
53375,1
53376,0.9117330397512
53377,0.28404767400530745
53378,0.910744937680904
53379,0.9927453194301491
53380,0.8066697072100872
53381,1
53382,0.9663346124209247
53383,0.8740811807927029
53384,0.9768338481012054
53385,1
53386,1
53387,0.9371052762402644
53388,0.9518159121179053
53389,0.999011897929704
53390,1
53391,0.9220419626372091
53392,1
53393,1
53394,1
53395,1
53396,0.9778219501715014
53397,1
53398,0.4825400423062102
53399,0.9430581897446968
53400,0.93249795366834
53401,1
53402,1
53403,1
53404,1
53405,1
53406,1
53407,0.61005969408293
53408,1
53409,1
53410,0.9106619336802785
53411,1
53412,0.9220419626372091
53413,1
53414,0.7006958634745855
53415,0.3377124616080103
53416,1
53417,0.8467896511132547
53418,1
53419,0.9483339587646836
53420,1
53421,1
53422,1
53423,0.980590260469024
53424,1
53425,1
53426,1
53427,0.6129720464038311
53428,1
53429,1
53430,1
53431,1
53432,1
53433,1
53434,1
53435,1
53436,0.9520985415017371
53437,1
53438,0.7097370812305591
53439,0.9969928523546226
53440,1
53441,1
53442,1
53443,0.9718392465479493
53444,1
53445,0.9641331656306777
53446,1
53447,1
53448,0.999011897929704
53449,1
53450,1
53451,1
53452,1
53453,1
53454,0.9343835698036417
53455,0.9116431701525507
53456,1
53457,1
53458,1
53459,0.8273943508071272
53460,0.9651212677009737
53461,1
53462,0.9949058168780378
53463,0.9159596774449509
53464,0.854533329901948
53465,0.9881783092460067
53466,1
53467,1
53468,0.9718392465479493
53469,1
53470,0.9265357340097923
53471,1
53472,0.5326172109522959
53473,0.9905051668667311
53474,0.8368744130717932
53475,1
53476,1
53477,1
53478,1
53479,1
53480,1
53481,0.999011897929704
53482,0.9302355564425553
53483,1
53484,1
53485,1
53486,0.8038311717063625
53487,1
53488,1
53489,0.3924674372025363
53490,0.999011897929704
53491,1
53492,1
53493,1
53494,0.9584122106405254
53495,0.9430581897446968
53496,1
53497,0.9117330397512
53498,1
53499,0.4219757431005803
53500,1
53501,0.6283719243971303
53502,1
53503,1
53504,0.6069491736826037
53505,0.9430581897446968
53506,0.9220419626372091
53507,1
53508,1
53509,0.9483339587646836
53510,0.9574216351622019
53511,1
53512,1
53513,0.999011897929704
53514,0.999011897929704
53515,0.8920317214461785
53516,1
53517,0.9905051668667311
53518,0.9786834761127378
53519,1
53520,0.9832309317100514
53521,1
53522,0.9905051668667311
53523,1
53524,1
53525,0.9778219501715014
53526,0.9857566700855682
53527,1
53528,1
53529,1
53530,1
53531,0.6962422568159075
53532,1
53533,0.6176511683378058
53534,1
53535,1
53536,0.7145107484907083
53537,0.9857566700855682
53538,1
53539,0.9483339587646836
53540,0.9897381717847717
53541,0.9651212677009737
53542,0.9685849804078539
53543,1
53544,1
53545,1
53546,0.8439215118401979
53547,1
53548,0.9881783092460067
53549,0.9824038360993915
53550,1
53551,0.9675968783375579
53552,0.9530866435720331
53553,0.9574216351622019
53554,1
53555,0.905146508762678
53556,0.8703759214018928
53557,1
53558,1
53559,0.9651212677009737
53560,1
53561,1
53562,0.7311209891149338
53563,0.9220419626372091
53564,1
53565,1
53566,1
53567,1
53568,1
53569,0.9718392465479493
53570,1
53571,1
53572,1
53573,0.9905051668667311
53574,0.9614144663088184
53575,1
53576,0.8982312942255648
53577,1
53578,1
53579,1
53580,0.5860459558537984
53581,1
53582,1
53583,1
53584,0.980590260469024
53585,1
53586,1
53587,1
53588,0.9188361014710205
53589,0.9416431423505767
53590,0.9518159121179053
53591,1
53592,1
53593,1
53594,1
53595,0.9214415508878301
53596,1
53597,0.9117330397512
53598,1
53599,0.9778219501715014
53600,0.9148974362926461
53601,1
53602,1
53603,1
53604,0.9066388566292378
53605,0.9969928523546226
53606,0.9371052762402644
53607,1
53608,1
53609,0.9117330397512
53610,0.971095427335755
53611,1
53612,1
53613,1
53614,1
53615,1
53616,1
53617,1
53618,1
53619,1
53620,0.9614144663088184
53621,1
53622,0.7691065936422924
53623,1
53624,1
53625,1
53626,1
53627,1
53628,1
53629,0.8027777087395082
53630,0.8322620074866983
53631,1
53632,0.9337062481088276
53633,0.36630256266689154
53634,1
53635,1
53636,1
53637,1
53638,1
53639,0.6720125058872791
53640,0.7018026649199257
53641,1
53642,1
53643,1
53644,0.7941932617398576
53645,1
53646,0.968832098902572
53647,1
53648,1
53649,1
53650,0.9969928523546226
53651,1
53652,0.9927453194301491
53653,1
53654,1
53655,1
53656,1
53657,1
53658,1
53659,1
53660,1
53661,0.600623201770335
53662,0.7171355903579985
53663,1
53664,0.8274239578322002
53665,1
53666,0.9081374337530412
53667,0.6300358124091112
53668,1
53669,1
53670,0.8368744130717932
53671,1
53672,0.8703759214018928
53673,0.9857566700855682
53674,0.8505605027059218
53675,1
53676,1
53677,1
53678,1
53679,1
53680,1
53681,0.980590260469024
53682,0.8680276625315166
53683,1
53684,0.9905051668667311
53685,0.916947779515247
53686,0.9177677632038704
53687,1
53688,1
53689,1
53690,0.252324020899484
53691,0.8973459867265247
53692,0.9778219501715014
53693,0.9046433454688064
53694,1
53695,1
53696,0.9325068689536401
53697,1
53698,0.13551615908469558
53699,1
53700,1
53701,1
53702,1
53703,0.8607729819616656
53704,0.980590260469024
53705,0.5500561525465273
53706,1
53707,1
53708,1
53709,0.9759762511402005
53710,1
53711,0.9939177148077418
53712,1
53713,0.9685849804078539
53714,0.7614734450301699
53715,1
53716,1
53717,1
53718,1
53719,0.9874980192213537
53720,1
53721,1
53722,0.8779362471955486
53723,0.9778219501715014
53724,1
53725,0.9832309317100514
53726,0.8909962763439474
53727,0.9832309317100514
53728,1
53729,0.999011897929704
53730,0.9400322200210963
53731,1
53732,0.9857566700855682
53733,0.9718392465479493
53734,0.9483339587646836
53735,1
53736,1
53737,1
53738,1
53739,1
53740,0.9380118956312259
53741,0.8458223454045207
53742,1
53743,1
53744,0.8680276625315166
53745,1
53746,1
53747,1
53748,1
53749,0.9905051668667311
53750,1
53751,0.9865099171510577
53752,1
53753,0.9614144663088184
53754,0.36277644661871633
53755,1
53756,1
53757,0.9220419626372091
53758,1
53759,1
53760,0.9778219501715014
53761,1
53762,0.9371052762402644
53763,1
53764,1
53765,1
53766,1
53767,1
53768,1
53769,1
53770,1
53771,1
53772,1
53773,0.8297562415397864
53774,1
53775,1
53776,0.8419913847453946
53777,0.7486354037359931
53778,1
53779,1
53780,1
53781,0.8027777087395082
53782,0.9106619336802785
53783,1
53784,0.8264527296279461
53785,1
53786,0.9832309317100514
53787,1
53788,1
53789,1
53790,1
53791,1
53792,1
53793,1
53794,0.980590260469024
53795,1
53796,0.9634907972858918
53797,1
53798,1
53799,0.9927453194301491
53800,0.8973459867265247
53801,0.9302355564425553
53802,0.960082113920752
53803,0.9685849804078539
53804,1
53805,1
53806,1
53807,1
53808,1
53809,0.9685849804078539
53810,1
53811,1
53812,1
53813,1
53814,1
53815,1
53816,1
53817,1
53818,1
53819,1
53820,1
53821,1
53822,0.8067870212274604
53823,0.8680276625315166
53824,1
53825,0.7959475137391832
53826,1
53827,1
53828,0.8268851949809044
53829,0.8512995500780486
53830,1
53831,0.5750728035000077
53832,1
53833,1
53834,1
53835,1
53836,1
53837,0.4852547134786143
53838,1
53839,1
53840,1
53841,0.7602889238288337
53842,0.7719950746343598
53843,1
53844,1
53845,0.8404041764712215
53846,1
53847,1
53848,1
53849,0.9887500697144758
53850,0.9181507279628441
53851,0.8368744130717932
53852,0.8680276625315166
53853,1
53854,1
53855,0.8683417752309678
53856,1
53857,0.8024924954892028
53858,0.9483339587646836
53859,0.6962422568159075
53860,0.6142119652495057
53861,1
53862,0.7821900907742585
53863,1
53864,0.979602158398728
53865,0.9905051668667311
53866,1
53867,0.9014206023367168
53868,1
53869,0.7440289930647473
53870,1
53871,1
53872,0.9430581897446968
53873,0.9371052762402644
53874,1
53875,1
53876,1
53877,1
53878,1
53879,1
53880,1
53881,0.9266223410366994
53882,1
53883,1
53884,0.9857566700855682
53885,0.9832309317100514
53886,1
53887,0.9009264684193398
53888,1
53889,1
53890,1
53891,1
53892,1
53893,0.9014206023367168
53894,0.9776953740424417
53895,0.8586762865645277
53896,0.8562059717775233
53897,1
53898,1
53899,0.8266308714086987
53900,0.9775831128236467
53901,0.6471509460941921
53902,0.3377124616080103
53903,1
53904,1
53905,0.9857566700855682
53906,0.6078948800366302
53907,1
53908,1
53909,1
53910,1
53911,0.9857566700855682
53912,0.9865099171510577
53913,1
53914,1
53915,0.7585904864954874
53916,1
53917,0.5850004425363944
53918,1
53919,1
53920,1
53921,1
53922,0.9530866435720331
53923,1
53924,1
53925,1
53926,1
53927,0.8973459867265247
53928,0.9621141200555965
53929,0.7078565098840057
53930,0.9134085796369246
53931,1
53932,1
53933,0.9493203043948625
53934,1
53935,1
53936,0.6943329506535144
53937,1
53938,1
53939,1
53940,1
53941,1
53942,0.9778219501715014
53943,0.8254492976937186
53944,0.9117330397512
53945,1
53946,1
53947,1
53948,1
53949,1
53950,0.9371052762402644
53951,1
53952,0.8445294012806686
53953,0.9434959327279765
53954,0.9014712115359719
53955,1
53956,0.9302355564425553
53957,0.28404767400530745
53958,1
53959,1
53960,1
53961,1
53962,0.9214415508878301
53963,0.9117330397512
53964,1
53965,1
53966,1
53967,0.6465194572711078
53968,0.8913921485093805
53969,0.999011897929704
53970,0.9614144663088184
53971,1
53972,1
53973,1
53974,0.8794195574058958
53975,0.5174264140846152
53976,0.9949058168780378
53977,1
53978,1
53979,0.9969928523546226
53980,1
53981,0.9881783092460067
53982,1
53983,0.9786834761127378
53984,0.25232520675064646
53985,0.980590260469024
53986,0.9430581897446968
53987,1
53988,1
53989,1
53990,0.980590260469024
53991,1
53992,1
53993,1
53994,1
53995,1
53996,0.8325861794225579
53997,1
53998,0.980590260469024
53999,1
54000,0.9335633566114278
54001,1
54002,1
54003,1
54004,1
54005,1
54006,1
54007,1
54008,0.826142194717372
54009,1
54010,0.7391097478348237
54011,1
54012,1
54013,1
54014,0.9719038046747454
54015,1
54016,1
54017,0.9718392465479493
54018,0.6469307625184209
54019,0.722912887020431
54020,1
54021,1
54022,0.999011897929704
54023,1
54024,1
54025,1
54026,1
54027,0.9518159121179053
54028,1
54029,1
54030,0.8586762865645277
54031,1
54032,1
54033,1
54034,1
54035,1
54036,1
54037,0.9685849804078539
54038,0.6771066890092413
54039,1
54040,1
54041,0.6503943215273369
54042,1
54043,1
54044,0.9614144663088184
54045,1
54046,0.9014206023367168
54047,0.7698282937977114
54048,1
54049,0.9651212677009737
54050,0.8336183417344482
54051,1
54052,1
54053,1
54054,0.36630256266689154
54055,1
54056,1
54057,1
54058,1
54059,0.8736731474892405
54060,0.9927453194301491
54061,1
54062,0.952732902491624
54063,0.8680276625315166
54064,1
54065,0.9014206023367168
54066,1
54067,0.6142119652495057
54068,1
54069,1
54070,1
54071,0.5996933776136991
54072,1
54073,1
54074,1
54075,1
54076,1
54077,1
54078,1
54079,1
54080,1
54081,0.9337062481088276
54082,1
54083,1
54084,0.9905051668667311
54085,0.920237763439429
54086,1
54087,1
54088,0.8510146104626144
54089,0.9083723050306446
54090,1
54091,1
54092,0.7184602928300744
54093,1
54094,1
54095,1
54096,0.9472684565205916
54097,1
54098,1
54099,1
54100,1
54101,0.9220419626372091
54102,1
54103,0.8325502413714443
54104,0.9207407233092864
54105,0.898519742549083
54106,1
54107,1
54108,0.8547676218887266
54109,1
54110,0.9881783092460067
54111,0.28404767400530745
54112,0.8938812091851585
54113,0.9400322200210963
54114,1
54115,0.999011897929704
54116,0.9044726560535153
54117,1
54118,0.5376823398336118
54119,0.9969928523546226
54120,1
54121,1
54122,1
54123,1
54124,0.9371052762402644
54125,1
54126,1
54127,0.9574216351622019
54128,1
54129,1
54130,0.927228408797178
54131,1
54132,1
54133,1
54134,1
54135,1
54136,0.8953399590624196
54137,1
54138,0.8722569390466473
54139,1
54140,1
54141,1
54142,1
54143,1
54144,0.7683589138645027
54145,1
54146,1
54147,1
54148,1
54149,1
54150,0.8680276625315166
54151,0.9881783092460067
54152,1
54153,0.6489459355571906
54154,0.886998846096416
54155,1
54156,1
54157,1
54158,0.9371052762402644
54159,0.9117330397512
54160,1
54161,1
54162,0.9430581897446968
54163,1
54164,1
54165,1
54166,1
54167,1
54168,1
54169,0.9905051668667311
54170,1
54171,1
54172,1
54173,1
54174,1
54175,1
54176,0.980590260469024
54177,1
54178,0.8456799454912083
54179,0.9718392465479493
54180,1
54181,0.9949058168780378
54182,0.9685849804078539
54183,1
54184,0.9857566700855682
54185,1
54186,1
54187,1
54188,1
54189,0.8419685961937553
54190,0.65417794632338
54191,1
54192,1
54193,1
54194,1
54195,1
54196,1
54197,1
54198,1
54199,0.9832309317100514
54200,1
54201,0.36078209663113275
54202,1
54203,1
54204,0.6098353987394531
54205,0.9905051668667311
54206,0.9718392465479493
54207,1
54208,1
54209,0.9927453194301491
54210,1
54211,0.7989088430632761
54212,0.9614144663088184
54213,1
54214,0.9302355564425553
54215,1
54216,0.8374269118179298
54217,0.7585904864954874
54218,0.8556053192486369
54219,1
54220,0.8953568241435291
54221,0.9614144663088184
54222,0.9854109837447689
54223,1
54224,0.9614144663088184
54225,1
54226,1
54227,0.952732902491624
54228,1
54229,0.8973459867265247
54230,1
54231,1
54232,1
54233,0.9881783092460067
54234,0.9229808758727044
54235,1
54236,1
54237,0.8090790264777248
54238,0.9201430291561377
54239,1
54240,1
54241,1
54242,1
54243,1
54244,0.8368744130717932
54245,1
54246,1
54247,1
54248,1
54249,1
54250,0.9638211921790754
54251,0.8983749805577416
54252,0.9718392465479493
54253,1
54254,0.9299994467166725
54255,0.9660002594175081
54256,1
54257,1
54258,1
54259,0.999011897929704
54260,0.9055161505890064
54261,1
54262,1
54263,1
54264,0.9949058168780378
54265,1
54266,0.9312364989907035
54267,0.8261259638948533
54268,0.9614144663088184
54269,1
54270,1
54271,1
54272,1
54273,1
54274,1
54275,1
54276,1
54277,1
54278,1
54279,0.928814859830265
54280,1
54281,1
54282,0.9014206023367168
54283,0.9035711363417284
54284,1
54285,1
54286,1
54287,1
54288,0.9927453194301491
54289,1
54290,1
54291,1
54292,0.9685849804078539
54293,1
54294,0.7066831837128846
54295,1
54296,1
54297,1
54298,0.7989199360914329
54299,0.8385258785769812
54300,0.9220419626372091
54301,1
54302,0.13551615908469558
54303,0.9718392465479493
54304,0.9905051668667311
54305,0.8680138699837988
54306,1
54307,0.9220419626372091
54308,1
54309,0.9523274520402397
54310,0.9524295070169732
54311,0.9518159121179053
54312,0.9302355564425553
54313,1
54314,0.9739228502498266
54315,0.8729087854151102
54316,1
54317,1
54318,1
54319,1
54320,1
54321,1
54322,0.9530866435720331
54323,1
54324,0.8041327738064563
54325,1
54326,0.881689179773843
54327,1
54328,0.9905051668667311
54329,0.8733813126071528
54330,0.8973459867265247
54331,1
54332,0.8680276625315166
54333,1
54334,1
54335,1
54336,1
54337,0.8100932863565282
54338,1
54339,0.8973459867265247
54340,1
54341,1
54342,0.9371052762402644
54343,1
54344,1
54345,1
54346,1
54347,0.9574216351622019
54348,0.9574216351622019
54349,1
54350,1
54351,1
54352,1
54353,1
54354,0.9905051668667311
54355,1
54356,1
54357,1
54358,0.9302355564425553
54359,1
54360,0.7653736492580413
54361,0.742074575337153
54362,1
54363,1
54364,1
54365,1
54366,1
54367,0.68841514077177135
54368,1
54369,0.8294421288403351
54370,0.9881783092460067
54371,1
54372,0.6566554718433416
54373,0.8147936416332521
54374,0.8726391160467459
54375,0.655402707340345
54376,0.6574104578515455
54377,0.9718392465479493
54378,1
54379,1
54380,1
54381,1
54382,1
54383,0.9969928523546226
54384,1
54385,1
54386,1
54387,1
54388,0.7996078711754357
54389,0.9388391256314147
54390,1
54391,0.9483339587646836
54392,0.25232520675064646
54393,0.5675644385660098
54394,1
54395,1
54396,0.9718392465479493
54397,0.9220419626372091
54398,0.9220419626372091
54399,0.959090147274585
54400,1
54401,1
54402,1
54403,0.7570177734371349
54404,1
54405,1
54406,1
54407,1
54408,0.5769022017001443
54409,0.9749109523201227
54410,0.980590260469024
54411,1
54412,0.8973459867265247
54413,1
54414,0.9969928523546226
54415,0.9532995769469804
54416,0.9737360985767824
54417,0.9375409720244329
54418,1
54419,0.9718392465479493
54420,0.6752187057507497
54421,0.9809236286761558
54422,1
54423,1
54424,1
54425,1
54426,1
54427,1
54428,0.9056902566481183
54429,0.6521426723955326
54430,0.9918986692326606
54431,1
54432,1
54433,0.9685849804078539
54434,1
54435,1
54436,1
54437,0.9220419626372091
54438,0.9371052762402644
54439,0.5827724360387795
54440,0.9220419626372091
54441,1
54442,1
54443,1
54444,1
54445,1
54446,1
54447,1
54448,1
54449,0.7996078711754357
54450,0.8753415395841895
54451,1
54452,1
54453,1
54454,0.8012845151454274
54455,1
54456,0.7941932617398576
54457,1
54458,0.6082686814428431
54459,1
54460,0.9574216351622019
54461,0.9658336485642355
54462,1
54463,0.9749109523201227
54464,0.9949058168780378
54465,0.9220419626372091
54466,1
54467,0.7665468387118208
54468,0.9627498137103139
54469,0.9651212677009737
54470,0.40253543053667423
54471,1
54472,0.9949058168780378
54473,0.8086057855008596
54474,1
54475,0.9371052762402644
54476,0.9685849804078539
54477,0.7996078711754357
54478,1
54479,1
54480,1
54481,0.9685849804078539
54482,1
54483,1
54484,1
54485,0.9614144663088184
54486,1
54487,0.8938320203503577
54488,1
54489,1
54490,1
54491,0.9754960773470618
54492,0.9117330397512
54493,1
54494,1
54495,1
54496,1
54497,1
54498,1
54499,1
54500,0.999011897929704
54501,0.9003648530346771
54502,1
54503,1
54504,0.9881783092460067
54505,1
54506,1
54507,1
54508,0.8937010279084572
54509,1
54510,1
54511,1
54512,1
54513,1
54514,0.81195496506415
54515,0.9179691420648194
54516,1
54517,0.9733355798991731
54518,1
54519,1
54520,0.7773647030756767
54521,0.8684217335450968
54522,0.9220419626372091
54523,1
54524,1
54525,1
54526,0.9749109523201227
54527,0.7562155677741058
54528,0.9302355564425553
54529,0.9574216351622019
54530,0.9430581897446968
54531,1
54532,1
54533,1
54534,1
54535,1
54536,1
54537,1
54538,0.9574216351622019
54539,1
54540,0.8701923450625062
54541,0.27809842270951574
54542,0.9483339587646836
54543,0.8956024152852753
54544,1
54545,0.8680276625315166
54546,1
54547,0.9718392465479493
54548,0.44919609182919384
54549,1
54550,1
54551,1
54552,0.9969928523546226
54553,1
54554,1
54555,1
54556,1
54557,1
54558,0.9857566700855682
54559,0.9455999444082086
54560,1
54561,0.9905051668667311
54562,1
54563,0.9614144663088184
54564,0.999011897929704
54565,0.9832309317100514
54566,0.6684508125042652
54567,1
54568,1
54569,0.9857566700855682
54570,1
54571,1
54572,0.9458319630021822
54573,0.9055161505890064
54574,1
54575,1
54576,1
54577,0.9117330397512
54578,1
54579,1
54580,0.9651212677009737
54581,0.6525537976737035
54582,1
54583,0.8556053192486369
54584,0.9718392465479493
54585,0.9614144663088184
54586,1
54587,0.9483339587646836
54588,1
54589,0.9430581897446968
54590,1
54591,1
54592,1
54593,0.9927453194301491
54594,1
54595,0.4219757431005803
54596,1
54597,1
54598,0.9220419626372091
54599,1
54600,1
54601,1
54602,1
54603,1
54604,0.9302355564425553
54605,0.9568784850608267
54606,1
54607,0.999011897929704
54608,1
54609,0.9689876017956197
54610,1
54611,1
54612,0.7829289448417164
54613,0.48062514729493044
54614,1
54615,0.9220419626372091
54616,1
54617,1
54618,1
54619,1
54620,1
54621,1
54622,1
54623,1
54624,0.8841374679395295
54625,0.8456799454912083
54626,1
54627,0.9638211921790754
54628,0.959090147274585
54629,1
54630,1
54631,1
54632,1
54633,0.9220419626372091
54634,1
54635,0.9832309317100514
54636,0.9289242192337076
54637,0.8973459867265247
54638,0.7953357088244613
54639,1
54640,0.9714287955428867
54641,0.9584122106405254
54642,0.952732902491624
54643,0.8251727444864937
54644,1
54645,0.7171355903579985
54646,1
54647,1
54648,0.8444218417219611
54649,0.9781367485880892
54650,1
54651,1
54652,0.8266602661629658
54653,1
54654,1
54655,0.8055262761723858
54656,1
54657,0.9881783092460067
54658,0.8061841463404211
54659,0.9453268111193064
54660,0.9121767908466181
54661,1
54662,1
54663,1
54664,1
54665,0.8439215118401979
54666,0.9927453194301491
54667,1
54668,0.8027777087395082
54669,1
54670,1
54671,0.6716747930687434
54672,1
54673,1
54674,0.98325048629688
54675,0.9108258169115794
54676,0.1978908552178076
54677,1
54678,1
54679,1
54680,0.6684508125042652
54681,0.9610528818815528
54682,0.9483339587646836
54683,0.6561679636019496
54684,0.9718392465479493
54685,0.9530866435720331
54686,1
54687,0.574289814515794
54688,1
54689,0.89614483331673
54690,1
54691,0.8537843326170849
54692,1
54693,1
54694,0.9543263590458063
54695,1
54696,1
54697,1
54698,0.7171355903579985
54699,1
54700,0.9544144875168246
54701,1
54702,1
54703,1
54704,0.734353591295971
54705,1
54706,0.9117330397512
54707,1
54708,1
54709,0.9332537128567678
54710,1
54711,1
54712,1
54713,0.9302355564425553
54714,1
54715,1
54716,1
54717,0.9749109523201227
54718,0.9220419626372091
54719,0.7686044917057198
54720,0.7262229310341184
54721,1
54722,0.7868896314395799
54723,0.6247642852849496
54724,1
54725,1
54726,0.7538610578529071
54727,1
54728,1
54729,0.8027777087395082
54730,0.9654161191868537
54731,0.8769481451252527
54732,0.910744937680904
54733,0.9685849804078539
54734,1
54735,0.7184602928300744
54736,1
54737,0.8680276625315166
54738,1
54739,0.8599771289172344
54740,0.7186991367446938
54741,1
54742,0.999011897929704
54743,0.6132645160563458
54744,0.9881783092460067
54745,0.9718392465479493
54746,0.564675566682228
54747,1
54748,1
54749,1
54750,1
54751,1
54752,1
54753,0.980590260469024
54754,1
54755,1
54756,1
54757,1
54758,0.9714287955428867
54759,0.9352435853337033
54760,1
54761,1
54762,1
54763,1
54764,1
54765,1
54766,0.7092003441114499
54767,1
54768,1
54769,0.9660002594175081
54770,1
54771,1
54772,1
54773,1
54774,0.999011897929704
54775,1
54776,0.9302355564425553
54777,1
54778,1
54779,1
54780,1
54781,0.8359258130906737
54782,1
54783,0.9614144663088184
54784,1
54785,1
54786,1
54787,1
54788,0.999011897929704
54789,0.9614144663088184
54790,1
54791,1
54792,1
54793,1
54794,1
54795,0.9778219501715014
54796,1
54797,0.9363254186289411
54798,0.8910506501947678
54799,0.8667133484105514
54800,1
54801,1
54802,1
54803,1
54804,1
54805,1
54806,1
54807,1
54808,0.8457616794298598
54809,0.9290039454729249
54810,0.9361171741699684
54811,1
54812,1
54813,0.9550701782580007
54814,0.8927589517208472
54815,1
54816,0.8441243282539387
54817,1
54818,1
54819,0.9881783092460067
54820,1
54821,0.28404767400530745
54822,0.8509694562315199
54823,0.9655778327624767
54824,1
54825,1
54826,1
54827,0.8331489302324904
54828,0.9778219501715014
54829,0.980590260469024
54830,1
54831,0.9651212677009737
54832,1
54833,1
54834,1
54835,0.8722569390466473
54836,1
54837,1
54838,0.9584122106405254
54839,1
54840,1
54841,0.8151137499303952
54842,0.999011897929704
54843,1
54844,1
54845,1
54846,1
54847,1
54848,0.9969928523546226
54849,1
54850,0.7190965415993977
54851,1
54852,1
54853,1
54854,0.980590260469024
54855,0.9832309317100514
54856,1
54857,1
54858,0.9651212677009737
54859,0.9949058168780378
54860,1
54861,0.8297562415397864
54862,0.980590260469024
54863,1
54864,1
54865,1
54866,1
54867,1
54868,1
54869,1
54870,0.8607729819616656
54871,0.9337062481088276
54872,0.9832309317100514
54873,0.8680276625315166
54874,1
54875,1
54876,0.9117330397512
54877,1
54878,1
54879,1
54880,0.9530866435720331
54881,0.8575760157796513
54882,0.7206070404310788
54883,0.8368744130717932
54884,1
54885,1
54886,0.9116431701525507
54887,1
54888,0.9455999444082086
54889,0.9832309317100514
54890,0.9524295070169732
54891,0.9220419626372091
54892,1
54893,1
54894,1
54895,1
54896,1
54897,0.8547676218887266
54898,1
54899,0.9530866435720331
54900,0.9430581897446968
54901,1
54902,0.9881783092460067
54903,1
54904,0.8419685961937553
54905,1
54906,0.7271257393992605
54907,0.9630892615661294
54908,1
54909,1
54910,0.8297562415397864
54911,1
54912,0.9610528818815528
54913,0.9651212677009737
54914,1
54915,0.8336183417344482
54916,1
54917,0.999011897929704
54918,1
54919,1
54920,0.7640105588309645
54921,1
54922,0.9739228502498266
54923,0.8899959517511917
54924,0.9685849804078539
54925,0.7746665191607545
54926,1
54927,1
54928,0.8045037027120192
54929,1
54930,1
54931,0.9857566700855682
54932,1
54933,0.3377124616080103
54934,0.980590260469024
54935,0.8398669090794659
54936,0.5936108881628892
54937,0.9371052762402644
54938,0.8132939056465897
54939,0.8958508550879216
54940,1
54941,1
54942,1
54943,0.9927453194301491
54944,0.5896947087439695
54945,1
54946,0.9857566700855682
54947,0.9651212677009737
54948,1
54949,0.9857566700855682
54950,1
54951,1
54952,1
54953,0.9960047502843267
54954,0.9299204916732384
54955,1
54956,1
54957,0.9149272264117658
54958,1
54959,1
54960,0.8651028721324201
54961,1
54962,1
54963,1
54964,1
54965,1
54966,1
54967,1
54968,1
54969,1
54970,1
54971,1
54972,0.477509716446351
54973,0.655197194410632
54974,0.7474912603309277
54975,0.7884117274171174
54976,1
54977,0.991757217359853
54978,1
54979,1
54980,1
54981,1
54982,0.8090790264777248
54983,1
54984,1
54985,0.9651212677009737
54986,1
54987,1
54988,0.7996078711754357
54989,0.7610214594685993
54990,1
54991,1
54992,0.8562421720126112
54993,1
54994,1
54995,0.9371052762402644
54996,1
54997,1
54998,1
54999,0.8680276625315166
55000,1
55001,1
55002,1
55003,1
55004,1
55005,0.8973459867265247
55006,0.8835722862991494
55007,0.581003834393766
55008,1
55009,1
55010,1
55011,1
55012,0.9574216351622019
55013,1
55014,0.9458319630021822
55015,1
55016,1
55017,0.9918986692326606
55018,0.9718392465479493
55019,0.9614144663088184
55020,1
55021,1
55022,0.9905051668667311
55023,1
55024,1
55025,1
55026,0.8585328293982476
55027,1
55028,1
55029,0.9778219501715014
55030,1
55031,0.8670395604612207
55032,1
55033,1
55034,0.9117330397512
55035,1
55036,1
55037,1
55038,1
55039,0.9685849804078539
55040,1
55041,1
55042,0.9778219501715014
55043,1
55044,1
55045,1
55046,0.9051154890648857
55047,0.9749109523201227
55048,0.5382330641304538
55049,1
55050,1
55051,0.9621141200555965
55052,1
55053,0.8614041402180299
55054,0.9220419626372091
55055,1
55056,1
55057,0.6771066890092413
55058,1
55059,0.8138697140937888
55060,1
55061,0.9718392465479493
55062,0.9371052762402644
55063,0.7271496322061999
55064,0.8334482506631616
55065,1
55066,0.9182079112730068
55067,0.9927453194301491
55068,1
55069,1
55070,0.9749109523201227
55071,1
55072,1
55073,0.5844094676064975
55074,0.9638407467659041
55075,0.9483339587646836
55076,0.9802433386515028
55077,1
55078,1
55079,1
55080,0.9718392465479493
55081,0.8510146104626144
55082,1
55083,1
55084,0.8901919198122976
55085,1
55086,1
55087,1
55088,1
55089,1
55090,0.9574216351622019
55091,1
55092,1
55093,0.9718392465479493
55094,0.9302355564425553
55095,0.7939440316291397
55096,1
55097,0.9857566700855682
55098,1
55099,1
55100,0.4756840206827645
55101,0.8853057347005561
55102,1
55103,1
55104,1
55105,1
55106,1
55107,1
55108,1
55109,0.980590260469024
55110,1
55111,1
55112,0.9430581897446968
55113,1
55114,1
55115,1
55116,0.9613563113443844
55117,1
55118,0.9302355564425553
55119,1
55120,0.9574216351622019
55121,1
55122,0.8865541224726734
55123,1
55124,0.9567632896538606
55125,1
55126,0.9778219501715014
55127,1
55128,0.9483339587646836
55129,0.9455999444082086
55130,0.9651212677009737
55131,1
55132,0.9905051668667311
55133,1
55134,0.9555012127891466
55135,0.9220419626372091
55136,1
55137,0.9881783092460067
55138,0.9832309317100514
55139,0.9909105671623645
55140,1
55141,0.9909105671623645
55142,1
55143,1
55144,1
55145,0.9518159121179053
55146,1
55147,1
55148,1
55149,1
55150,1
55151,1
55152,1
55153,1
55154,0.6887812400765619
55155,1
55156,0.9749109523201227
55157,0.9836558865925136
55158,0.9651212677009737
55159,1
55160,0.999011897929704
55161,1
55162,0.980590260469024
55163,1
55164,0.9483339587646836
55165,1
55166,0.873389610819142
55167,0.968832098902572
55168,0.9927453194301491
55169,0.5382330641304538
55170,0.4003879470865306
55171,0.9371052762402644
55172,1
55173,1
55174,0.8993784729315532
55175,0.9832309317100514
55176,1
55177,1
55178,0.9778219501715014
55179,1
55180,0.9496611967194506
55181,0.5224267632028491
55182,0.7147447735072628
55183,0.8956024152852753
55184,1
55185,0.7719950746343598
55186,0.9434959327279765
55187,1
55188,1
55189,0.8038311717063625
55190,1
55191,1
55192,0.9489173775072564
55193,1
55194,1
55195,1
55196,1
55197,1
55198,1
55199,0.8973459867265247
55200,0.8920286489122582
55201,0.8419685961937553
55202,0.9685849804078539
55203,1
55204,0.8973459867265247
55205,1
55206,0.29287075097238313
55207,0.8973459867265247
55208,1
55209,0.9687685697150307
55210,0.7833738407624912
55211,1
55212,1
55213,0.999011897929704
55214,1
55215,1
55216,1
55217,1
55218,0.6668440496432634
55219,1
55220,0.8899959517511917
55221,1
55222,0.9775831128236467
55223,0.1579458840138153
55224,1
55225,0.16511844455198982
55226,0.9847685680152722
55227,1
55228,0.8297562415397864
55229,1
55230,1
55231,1
55232,0.9206164008414366
55233,0.9881783092460067
55234,0.8732147519096309
55235,1
55236,0.9574216351622019
55237,1
55238,1
55239,0.9534263854465286
55240,1
55241,1
55242,0.9832309317100514
55243,1
55244,0.9014206023367168
55245,0.9651212677009737
55246,0.9737360985767824
55247,0.980590260469024
55248,1
55249,0.9785019895157173
55250,0.8810755483358855
55251,0.7291623621917084
55252,1
55253,1
55254,1
55255,0.8678809756694313
55256,0.999011897929704
55257,1
55258,1
55259,1
55260,1
55261,1
55262,1
55263,0.5012678546922933
55264,0.7821089611530928
55265,1
55266,0.9718392465479493
55267,0.9102202718832159
55268,0.9857566700855682
55269,0.8722569390466473
55270,0.8973459867265247
55271,1
55272,1
55273,1
55274,0.9021450612619036
55275,1
55276,0.999011897929704
55277,1
55278,1
55279,1
55280,0.16341131159534505
55281,1
55282,0.9739228502498266
55283,1
55284,1
55285,1
55286,1
55287,1
55288,1
55289,1
55290,0.8084518894873198
55291,1
55292,0.9905051668667311
55293,1
55294,0.5293842080890057
55295,0.9685849804078539
55296,1
55297,1
55298,0.9949058168780378
55299,1
55300,0.9070795376123408
55301,1
55302,0.9614144663088184
55303,1
55304,1
55305,1
55306,1
55307,1
55308,1
55309,0.8012845151454274
55310,1
55311,0.6674460593319381
55312,1
55313,1
55314,0.6954248808736343
55315,0.999011897929704
55316,0.980590260469024
55317,0.6674460593319381
55318,0.9651212677009737
55319,1
55320,0.2969948651910791
55321,0.8275815431690801
55322,0.13551615908469558
55323,0.9857566700855682
55324,0.9737360985767824
55325,1
55326,0.643137217675321
55327,1
55328,1
55329,0.831906245063833
55330,1
55331,1
55332,1
55333,1
55334,1
55335,1
55336,0.5291711478506371
55337,1
55338,0.971095427335755
55339,1
55340,0.5172838244794499
55341,1
55342,1
55343,1
55344,1
55345,1
55346,0.9614144663088184
55347,1
55348,1
55349,0.7303596967305136
55350,1
55351,1
55352,0.9685849804078539
55353,1
55354,0.28404767400530745
55355,0.8424596948130196
55356,0.9905051668667311
55357,1
55358,0.9323325874823246
55359,1
55360,1
55361,0.9220419626372091
55362,1
55363,0.9718392465479493
55364,1
55365,1
55366,1
55367,1
55368,0.7504086068329762
55369,1
55370,1
55371,1
55372,0.9651212677009737
55373,1
55374,1
55375,1
55376,1
55377,1
55378,1
55379,1
55380,0.8027777087395082
55381,0.8393846089594514
55382,1
55383,1
55384,0.9292608817101512
55385,1
55386,0.9949058168780378
55387,1
55388,1
55389,0.8033250296388427
55390,1
55391,1
55392,1
55393,0.999011897929704
55394,1
55395,1
55396,0.9651212677009737
55397,0.921671623979887
55398,0.866693931052422
55399,0.8876571916047573
55400,0.999011897929704
55401,1
55402,1
55403,1
55404,0.6226591972289537
55405,0.960017555793956
55406,1
55407,0.9832309317100514
55408,0.8954876967616701
55409,0.999011897929704
55410,0.9881783092460067
55411,1
55412,1
55413,1
55414,0.8738273668813195
55415,0.8680276625315166
55416,1
55417,0.8153151287913442
55418,1
55419,1
55420,0.8927193864641475
55421,1
55422,1
55423,0.8680276625315166
55424,0.9381861771025415
55425,1
55426,0.6471509460941921
55427,0.9220419626372091
55428,0.9430581897446968
55429,1
55430,1
55431,0.9949058168780378
55432,1
55433,1
55434,0.9530866435720331
55435,0.980590260469024
55436,0.9185027627588868
55437,1
55438,0.8814034535830545
55439,1
55440,0.9969928523546226
55441,1
55442,0.9614144663088184
55443,1
55444,1
55445,1
55446,0.9563202831868564
55447,1
55448,1
55449,0.9905051668667311
55450,0.980590260469024
55451,1
55452,1
55453,0.44822043282973734
55454,0.98325048629688
55455,0.841878726595106
55456,1
55457,1
55458,0.8590290363557438
55459,0.968832098902572
55460,0.8337750023884092
55461,1
55462,0.8790603920424436
55463,0.9683271170382325
55464,1
55465,1
55466,1
55467,1
55468,0.9927453194301491
55469,1
55470,0.9927453194301491
55471,1
55472,1
55473,1
55474,1
55475,0.9430581897446968
55476,1
55477,0.9302355564425553
55478,0.9778219501715014
55479,1
55480,1
55481,1
55482,1
55483,0.4308776005662461
55484,1
55485,0.999011897929704
55486,0.9854109837447689
55487,1
55488,1
55489,0.9905051668667311
55490,1
55491,1
55492,0.6674460593319381
55493,0.9500794959266557
55494,1
55495,1
55496,0.7941599469730644
55497,1
55498,1
55499,1
55500,0.9220419626372091
55501,1
55502,1
55503,1
55504,1
55505,0.9685849804078539
55506,1
55507,0.9685849804078539
55508,1
55509,0.9651212677009737
55510,1
55511,1
55512,0.9220419626372091
55513,0.999011897929704
55514,1
55515,0.9857566700855682
55516,1
55517,0.7194974356133105
55518,1
55519,1
55520,1
55521,1
55522,1
55523,0.9905051668667311
55524,0.4242210627688309
55525,1
55526,1
55527,1
55528,0.9530866435720331
55529,1
55530,1
55531,1
55532,0.9337062481088276
55533,1
55534,0.8913921485093805
55535,1
55536,1
55537,0.9969928523546226
55538,0.605016216035525
55539,0.9550701782580007
55540,1
55541,1
55542,1
55543,0.7431828733576276
55544,1
55545,1
55546,0.999011897929704
55547,1
55548,0.9430581897446968
55549,1
55550,0.9949058168780378
55551,1
55552,0.7848177079365012
55553,1
55554,1
55555,0.9574216351622019
55556,0.9260066155700558
55557,1
55558,0.6373365000772693
55559,1
55560,1
55561,0.7271749014089901
55562,1
55563,0.8831026568120929
55564,1
55565,0.9530866435720331
55566,1
55567,1
55568,1
55569,0.8973459867265247
55570,0.5206622516889526
55571,1
55572,1
55573,1
55574,0.9949058168780378
55575,1
55576,1
55577,0.5174264140846152
55578,1
55579,1
55580,0.7503056587388022
55581,1
55582,1
55583,1
55584,1
55585,1
55586,1
55587,1
55588,1
55589,0.9567632896538606
55590,1
55591,1
55592,1
55593,1
55594,1
55595,0.8226665606978055
55596,1
55597,1
55598,1
55599,0.7195073123725279
55600,0.9117330397512
55601,1
55602,1
55603,1
55604,1
55605,1
55606,0.9685849804078539
55607,0.9530866435720331
55608,0.999011897929704
55609,1
55610,0.4784650942096875
55611,1
55612,1
55613,1
55614,0.8629334794095544
55615,1
55616,0.585164195623298
55617,1
55618,0.7381759003666757
55619,0.9530866435720331
55620,1
55621,1
55622,1
55623,0.9949058168780378
55624,0.7989088430632761
55625,1
55626,0.9532995769469804
55627,1
55628,0.8504326302985578
55629,1
55630,0.9329116830163308
55631,0.246815416124256
55632,1
55633,0.9949058168780378
55634,0.9430581897446968
55635,0.9483339587646836
55636,0.8629334794095544
55637,0.9614144663088184
55638,1
55639,0.9949058168780378
55640,0.9627498137103139
55641,1
55642,1
55643,1
55644,1
55645,1
55646,1
55647,0.8982312942255648
55648,1
55649,0.9371052762402644
55650,1
55651,1
55652,1
55653,1
55654,1
55655,0.9905051668667311
55656,0.9302355564425553
55657,1
55658,1
55659,1
55660,0.9430581897446968
55661,1
55662,1
55663,1
55664,0.6471509460941921
55665,0.9220419626372091
55666,1
55667,1
55668,0.9001661653948452
55669,1
55670,1
55671,1
55672,1
55673,1
55674,0.999011897929704
55675,1
55676,0.4746959186124685
55677,1
55678,1
55679,1
55680,1
55681,1
55682,0.7893827953200289
55683,0.8110858522762134
55684,1
55685,0.7171355903579985
55686,0.7757593252394487
55687,1
55688,1
55689,1
55690,1
55691,0.999011897929704
55692,1
55693,1
55694,1
55695,0.999011897929704
55696,0.9483339587646836
55697,0.9927453194301491
55698,0.9857566700855682
55699,1
55700,1
55701,0.999011897929704
55702,0.7355787325590085
55703,0.1362400349580319
55704,1
55705,1
55706,1
55707,1
55708,1
55709,1
55710,1
55711,1
55712,1
55713,0.9939177148077418
55714,0.8973459867265247
55715,0.9210144874248272
55716,1
55717,0.7797607022827165
55718,1
55719,0.44126107875639403
55720,1
55721,1
55722,1
55723,1
55724,1
55725,1
55726,1
55727,1
55728,1
55729,1
55730,0.8956024152852753
55731,0.9857566700855682
55732,1
55733,1
55734,1
55735,0.5593009360150878
55736,1
55737,1
55738,0.8089050141601688
55739,0.9641331656306777
55740,0.964440146198306
55741,0.9210144874248272
55742,1
55743,1
55744,0.9530866435720331
55745,0.9685849804078539
55746,1
55747,1
55748,1
55749,0.9832309317100514
55750,0.999011897929704
55751,0.9802237840646741
55752,1
55753,0.9651212677009737
55754,1
55755,1
55756,1
55757,1
55758,1
55759,1
55760,0.8906269430450631
55761,0.8756295464352087
55762,1
55763,1
55764,0.9949058168780378
55765,0.8680276625315166
55766,1
55767,1
55768,0.477509716446351
55769,1
55770,0.8684217335450968
55771,0.9718392465479493
55772,1
55773,1
55774,0.682272121973936
55775,0.9302355564425553
55776,0.4108927515660568
55777,1
55778,1
55779,0.7465971777387557
55780,1
55781,1
55782,0.9969928523546226
55783,0.8665801358919882
55784,0.9949058168780378
55785,0.9563202831868564
55786,0.657437927783335
55787,1
55788,0.9969928523546226
55789,0.7563798364759577
55790,1
55791,1
55792,1
55793,1
55794,1
55795,1
55796,1
55797,0.9781563031749179
55798,0.8004091727518199
55799,1
55800,0.9949058168780378
55801,1
55802,1
55803,1
55804,0.9749109523201227
55805,1
55806,1
55807,1
55808,1
55809,0.9584073186634412
55810,1
55811,1
55812,1
55813,1
55814,0.9749109523201227
55815,1
55816,0.9651212677009737
55817,0.7401877823789806
55818,0.9117330397512
55819,0.9329116830163308
55820,1
55821,1
55822,1
55823,1
55824,1
55825,0.3647101396247044
55826,1
55827,1
55828,0.9302355564425553
55829,0.9382578051726624
55830,0.9458319630021822
55831,0.903439888661189
55832,0.9651212677009737
55833,0.8703759214018928
55834,1
55835,1
55836,0.46287881347255627
55837,1
55838,0.28404767400530745
55839,0.8982312942255648
55840,1
55841,0.9417885049489064
55842,0.6471509460941921
55843,1
55844,1
55845,1
55846,0.8831026568120929
55847,1
55848,0.9857566700855682
55849,0.9302355564425553
55850,1
55851,1
55852,1
55853,1
55854,0.9847685680152722
55855,1
55856,1
55857,1
55858,1
55859,1
55860,0.8556692978066883
55861,1
55862,0.980590260469024
55863,0.9260066155700558
55864,1
55865,0.9220419626372091
55866,0.9117330397512
55867,1
55868,1
55869,1
55870,1
55871,0.8736731474892405
55872,0.968832098902572
55873,0.8470037908083051
55874,0.8920317214461785
55875,1
55876,1
55877,0.9832309317100514
55878,1
55879,1
55880,1
55881,0.9458319630021822
55882,0.5486652271053095
55883,1
55884,1
55885,0.6881772574191536
55886,1
55887,1
55888,1
55889,0.9969928523546226
55890,1
55891,0.9371052762402644
55892,0.999011897929704
55893,0.7989088430632761
55894,1
55895,0.7224178774944057
55896,1
55897,1
55898,0.9555012127891466
55899,0.98325048629688
55900,1
55901,1
55902,0.865100152381906
55903,1
55904,1
55905,1
55906,0.9220419626372091
55907,0.999011897929704
55908,0.9905051668667311
55909,0.999011897929704
55910,1
55911,1
55912,0.8648196833232331
55913,1
55914,0.9905051668667311
55915,1
55916,1
55917,1
55918,0.9116431701525507
55919,0.8590290363557438
55920,1
55921,1
55922,0.9759762511402005
55923,1
55924,0.9685849804078539
55925,1
55926,1
55927,0.7039534756221901
55928,0.9832309317100514
55929,1
55930,0.975129600942712
55931,0.921671623979887
55932,1
55933,1
55934,0.980590260469024
55935,0.9371052762402644
55936,1
55937,0.9969928523546226
55938,0.9737360985767824
55939,1
55940,1
55941,1
55942,0.9786834761127378
55943,0.9949058168780378
55944,0.9400322200210963
55945,1
55946,0.9749109523201227
55947,1
55948,0.98325048629688
55949,1
55950,1
55951,0.9371052762402644
55952,0.9117330397512
55953,1
55954,0.9832309317100514
55955,1
55956,0.9014206023367168
55957,1
55958,0.8680276625315166
55959,0.9614144663088184
55960,0.9832309317100514
55961,1
55962,0.9832309317100514
55963,0.9302355564425553
55964,0.9105082787342351
55965,1
55966,1
55967,1
55968,0.8054264854325995
55969,0.9208281685529465
55970,1
55971,1
55972,0.999011897929704
55973,0.734353591295971
55974,1
55975,0.9918986692326606
55976,0.8671700602357042
55977,1
55978,1
55979,0.8651028721324201
55980,0.8543563948751034
55981,1
55982,1
55983,1
55984,0.753551958504048
55985,1
55986,1
55987,1
55988,1
55989,1
55990,0.9857566700855682
55991,1
55992,0.999011897929704
55993,0.9201732053126329
55994,0.9574216351622019
55995,0.9718392465479493
55996,1
55997,1
55998,0.9507910536663244
55999,0.5761503554511852
56000,0.999011897929704
56001,1
56002,0.6771066890092413
56003,0.9905051668667311
56004,1
56005,0.9371052762402644
56006,1
56007,0.8956024152852753
56008,1
56009,0.8830904097657931
56010,1
56011,1
56012,1
56013,1
56014,1
56015,1
56016,1
56017,0.8275815431690801
56018,1
56019,1
56020,1
56021,0.9292608817101512
56022,1
56023,0.5984618217977535
56024,1
56025,1
56026,1
56027,0.9117330397512
56028,0.9541597857389675
56029,1
56030,1
56031,1
56032,0.9500794959266557
56033,0.9574216351622019
56034,0.9052728943472605
56035,1
56036,1
56037,0.9530866435720331
56038,1
56039,1
56040,0.5174264140846152
56041,0.6435492164796929
56042,1
56043,0.895813389205032
56044,0.9778219501715014
56045,0.7829289448417164
56046,0.865100152381906
56047,0.9822428296397554
56048,1
56049,1
56050,1
56051,1
56052,1
56053,0.753551958504048
56054,0.9316742419739832
56055,0.9687685697150307
56056,1
56057,0.9371052762402644
56058,0.9371052762402644
56059,1
56060,0.4064503783136805
56061,0.9718392465479493
56062,1
56063,0.8326449778174784
56064,0.916947779515247
56065,1
56066,0.8294421288403351
56067,1
56068,0.9685849804078539
56069,1
56070,1
56071,1
56072,1
56073,0.7372128958059906
56074,1
56075,1
56076,1
56077,0.36889452827023816
56078,1
56079,0.9809236286761558
56080,1
56081,1
56082,0.7445624894910002
56083,1
56084,1
56085,1
56086,1
56087,1
56088,1
56089,1
56090,1
56091,1
56092,1
56093,0.9134552264656575
56094,0.8331489302324904
56095,0.9312364989907035
56096,1
56097,0.9332537128567678
56098,1
56099,0.9624861682912582
56100,1
56101,1
56102,1
56103,0.9949058168780378
56104,0.9857566700855682
56105,1
56106,1
56107,0.9382578051726624
56108,1
56109,1
56110,0.8902293261390836
56111,0.999011897929704
56112,1
56113,1
56114,1
56115,1
56116,1
56117,0.9511575300706744
56118,1
56119,0.9621141200555965
56120,0.8275815431690801
56121,1
56122,0.8555396794827171
56123,0.9685849804078539
56124,0.7833738407624912
56125,0.7304749139927137
56126,0.7612484487601939
56127,0.9739228502498266
56128,1
56129,1
56130,0.9969928523546226
56131,1
56132,1
56133,0.9778219501715014
56134,1
56135,1
56136,0.8246458613661484
56137,0.9718392465479493
56138,1
56139,1
56140,0.5300780439388516
56141,1
56142,0.9718392465479493
56143,0.9857566700855682
56144,0.9654161191868537
56145,1
56146,0.8973459867265247
56147,1
56148,0.9749109523201227
56149,1
56150,1
56151,1
56152,1
56153,0.7145488901349192
56154,1
56155,0.9778219501715014
56156,1
56157,0.9574216351622019
56158,0.9680882796903777
56159,1
56160,1
56161,1
56162,0.9584073186634412
56163,0.49009559973280764
56164,0.855066535102449
56165,0.901465508408138
56166,1
56167,1
56168,0.9969928523546226
56169,1
56170,0.9117330397512
56171,1
56172,0.1978908552178076
56173,0.9420047267778425
56174,1
56175,0.44822043282973734
56176,1
56177,1
56178,0.5440477346626692
56179,0.9220419626372091
56180,0.8436542632708529
56181,1
56182,1
56183,0.9530866435720331
56184,1
56185,0.982749522440191
56186,0.6771066890092413
56187,1
56188,1
56189,0.980590260469024
56190,1
56191,1
56192,1
56193,0.999011897929704
56194,0.8331489302324904
56195,1
56196,1
56197,1
56198,1
56199,1
56200,0.9905051668667311
56201,1
56202,1
56203,0.28404767400530745
56204,1
56205,1
56206,0.8554852864605971
56207,1
56208,1
56209,0.9220419626372091
56210,1
56211,0.9667450634259871
56212,1
56213,1
56214,1
56215,1
56216,0.8678809756694313
56217,1
56218,1
56219,0.5544808327630107
56220,0.9854109837447689
56221,1
56222,1
56223,1
56224,0.9117330397512
56225,1
56226,1
56227,1
56228,0.9249930865658882
56229,1
56230,0.9532995769469804
56231,1
56232,0.8973459867265247
56233,1
56234,1
56235,1
56236,0.28404767400530745
56237,1
56238,1
56239,1
56240,1
56241,1
56242,1
56243,0.9881783092460067
56244,1
56245,0.8951207144176462
56246,1
56247,1
56248,0.4664894843292701
56249,0.8361851123579394
56250,0.9881783092460067
56251,1
56252,1
56253,1
56254,1
56255,0.9905051668667311
56256,1
56257,1
56258,0.999011897929704
56259,0.9969928523546226
56260,0.7653736492580413
56261,0.9949058168780378
56262,0.6283719243971303
56263,1
56264,0.9614144663088184
56265,0.999011897929704
56266,1
56267,0.724262951215942
56268,1
56269,1
56270,0.9685849804078539
56271,1
56272,1
56273,1
56274,1
56275,1
56276,0.9574216351622019
56277,0.3502795852023269
56278,0.9483339587646836
56279,1
56280,1
56281,1
56282,0.9299994467166725
56283,1
56284,1
56285,0.8268851949809044
56286,0.734353591295971
56287,0.9117330397512
56288,1
56289,1
56290,1
56291,0.9651212677009737
56292,1
56293,1
56294,1
56295,1
56296,1
56297,1
56298,0.7777325049381815
56299,0.48062514729493044
56300,0.8973459867265247
56301,1
56302,0.9749109523201227
56303,0.65417794632338
56304,1
56305,1
56306,0.9220419626372091
56307,0.8722569390466473
56308,0.9651212677009737
56309,0.9881783092460067
56310,0.9117330397512
56311,1
56312,0.8468719419601081
56313,1
56314,0.999011897929704
56315,0.9371052762402644
56316,1
56317,1
56318,1
56319,0.9876511363081869
56320,1
56321,1
56322,0.8167476881326537
56323,1
56324,0.8488383159914644
56325,1
56326,0.9749109523201227
56327,0.7954250505301642
56328,0.9918986692326606
56329,1
56330,1
56331,1
56332,0.9464069305793552
56333,1
56334,1
56335,1
56336,1
56337,0.9102427853681753
56338,0.9881783092460067
56339,0.8211143061035497
56340,1
56341,1
56342,1
56343,1
56344,0.980590260469024
56345,1
56346,0.9117330397512
56347,1
56348,0.9536006669178442
56349,0.9905051668667311
56350,1
56351,0.5332129484838447
56352,1
56353,0.6855276286367589
56354,1
56355,1
56356,1
56357,1
56358,0.8331489302324904
56359,1
56360,1
56361,1
56362,1
56363,0.8973459867265247
56364,1
56365,0.8901919198122976
56366,0.7535182021091509
56367,0.9371052762402644
56368,0.936960514248923
56369,0.8973459867265247
56370,1
56371,1
56372,0.7301328870446379
56373,0.9174487197412136
56374,0.9651212677009737
56375,1
56376,1
56377,1
56378,1
56379,1
56380,1
56381,1
56382,0.9145011098808516
56383,0.9220419626372091
56384,1
56385,1
56386,1
56387,1
56388,1
56389,1
56390,1
56391,1
56392,0.8279788315279484
56393,1
56394,1
56395,1
56396,0.9574216351622019
56397,0.9530866435720331
56398,0.9070826077246559
56399,1
56400,1
56401,1
56402,0.8973459867265247
56403,1
56404,1
56405,0.7978258116334235
56406,1
56407,1
56408,0.8680276625315166
56409,0.9881783092460067
56410,1
56411,1
56412,1
56413,0.9220419626372091
56414,1
56415,0.7585904864954874
56416,1
56417,0.9685849804078539
56418,1
56419,0.9905051668667311
56420,1
56421,0.2679212824639739
56422,1
56423,0.9220419626372091
56424,0.9153351792759258
56425,0.9220419626372091
56426,1
56427,0.8854392350049481
56428,1
56429,1
56430,1
56431,0.617379358020077
56432,1
56433,0.9857566700855682
56434,1
56435,0.24821548254300763
56436,1
56437,1
56438,0.931564890474735
56439,1
56440,1
56441,0.9186255336706884
56442,1
56443,1
56444,1
56445,0.9905051668667311
56446,1
56447,1
56448,0.9927453194301491
56449,1
56450,0.6723936797573714
56451,1
56452,1
56453,1
56454,1
56455,1
56456,0.9117330397512
56457,1
56458,0.814853112585104
56459,1
56460,1
56461,0.4441989670805846
56462,1
56463,0.9302355564425553
56464,1
56465,1
56466,1
56467,1
56468,0.8973459867265247
56469,1
56470,0.7900696251687257
56471,1
56472,0.9207407233092864
56473,0.9217566640765255
56474,1
56475,1
56476,1
56477,0.7773647030756767
56478,1
56479,0.9044726560535153
56480,1
56481,0.9265357340097923
56482,0.8388686576174249
56483,0.9500794959266557
56484,1
56485,1
56486,1
56487,1
56488,1
56489,0.9555012127891466
56490,1
56491,1
56492,0.9380118956312259
56493,0.9624861682912582
56494,1
56495,0.999011897929704
56496,1
56497,0.43541596494313156
56498,1
56499,1
56500,1
56501,1
56502,1
56503,0.9574216351622019
56504,0.9430581897446968
56505,1
56506,0.9570104081485786
56507,1
56508,0.8973459867265247
56509,1
56510,1
56511,0.8680276625315166
56512,1
56513,1
56514,0.9949058168780378
56515,1
56516,1
56517,0.9371052762402644
56518,1
56519,1
56520,1
56521,0.5291711478506371
56522,1
56523,0.9055161505890064
56524,0.8680276625315166
56525,0.9102202718832159
56526,1
56527,1
56528,1
56529,0.9778219501715014
56530,1
56531,1
56532,1
56533,0.9543416504934221
56534,1
56535,1
56536,1
56537,1
56538,1
56539,0.3532867544861164
56540,0.9371052762402644
56541,1
56542,1
56543,0.2679212824639739
56544,1
56545,1
56546,0.8138697140937888
56547,1
56548,1
56549,0.25232520675064646
56550,1
56551,1
56552,1
56553,1
56554,0.9117330397512
56555,1
56556,1
56557,0.9430581897446968
56558,1
56559,1
56560,0.4219757431005803
56561,1
56562,1
56563,1
56564,0.921671623979887
56565,1
56566,0.9419765105577085
56567,1
56568,0.9718392465479493
56569,0.865374859641207
56570,1
56571,1
56572,1
56573,0.980590260469024
56574,1
56575,0.9574216351622019
56576,1
56577,1
56578,0.6990917693479138
56579,1
56580,1
56581,1
56582,1
56583,1
56584,1
56585,1
56586,0.968832098902572
56587,1
56588,0.8607729819616656
56589,1
56590,1
56591,1
56592,0.9302355564425553
56593,1
56594,0.9220419626372091
56595,0.8910506501947678
56596,0.8680276625315166
56597,0.9778219501715014
56598,1
56599,1
56600,0.9846439886628096
56601,0.9927453194301491
56602,1
56603,1
56604,0.9116431701525507
56605,1
56606,0.4003622490413691
56607,1
56608,0.9949058168780378
56609,0.9857566700855682
56610,1
56611,1
56612,0.9651212677009737
56613,1
56614,1
56615,1
56616,1
56617,1
56618,1
56619,1
56620,1
56621,0.5827724360387795
56622,1
56623,0.8537843326170849
56624,0.927228408797178
56625,0.9718392465479493
56626,0.9685849804078539
56627,0.9949058168780378
56628,1
56629,0.8684217335450968
56630,1
56631,1
56632,1
56633,1
56634,1
56635,1
56636,0.9221342256752159
56637,1
56638,0.9380721305494554
56639,0.9824038360993915
56640,0.9771682011046219
56641,1
56642,0.8562295855565916
56643,0.979602158398728
56644,0.9651212677009737
56645,0.3594475323086776
56646,1
56647,1
56648,1
56649,0.9574216351622019
56650,1
56651,0.9905051668667311
56652,0.9532995769469804
56653,1
56654,1
56655,1
56656,1
56657,0.8417444162337474
56658,1
56659,1
56660,1
56661,1
56662,1
56663,1
56664,1
56665,0.9718392465479493
56666,1
56667,1
56668,0.9857566700855682
56669,1
56670,1
56671,1
56672,0.848693554000123
56673,0.8509694562315199
56674,0.8488647047860246
56675,0.9574216351622019
56676,0.9206224804901203
56677,1
56678,1
56679,1
56680,1
56681,0.9302355564425553
56682,1
56683,1
56684,0.9905051668667311
56685,1
56686,0.9969928523546226
56687,0.9208801399161981
56688,1
56689,1
56690,1
56691,1
56692,1
56693,1
56694,0.8254492976937186
56695,0.999011897929704
56696,1
56697,1
56698,1
56699,0.9265357340097923
56700,0.8138697140937888
56701,1
56702,0.9778219501715014
56703,0.6356754296320247
56704,0.8103990224275166
56705,1
56706,1
56707,1
56708,0.9229808758727044
56709,1
56710,1
56711,0.42556245390438524
56712,1
56713,1
56714,1
56715,0.8953775425363821
56716,0.9687685697150307
56717,0.9430581897446968
56718,1
56719,1
56720,0.8314874256513893
56721,1
56722,1
56723,1
56724,0.5306847942048664
56725,1
56726,1
56727,1
56728,1
56729,1
56730,1
56731,1
56732,0.9832309317100514
56733,1
56734,0.6623614767379642
56735,0.6813658757861649
56736,0.9718392465479493
56737,1
56738,1
56739,1
56740,0.9905051668667311
56741,1
56742,1
56743,1
56744,1
56745,0.4756840206827645
56746,1
56747,0.9832309317100514
56748,0.9718392465479493
56749,1
56750,1
56751,1
56752,1
56753,0.8878511535932557
56754,1
56755,0.9323325874823246
56756,0.9332537128567678
56757,1
56758,1
56759,1
56760,1
56761,1
56762,1
56763,1
56764,1
56765,1
56766,1
56767,0.9574216351622019
56768,1
56769,1
56770,1
56771,0.8732147519096309
56772,0.8680276625315166
56773,1
56774,1
56775,0.964440146198306
56776,0.8801634659849612
56777,1
56778,0.922807262976195
56779,1
56780,1
56781,1
56782,1
56783,1
56784,1
56785,0.9220419626372091
56786,1
56787,1
56788,0.8238817207363169
56789,1
56790,1
56791,0.9949058168780378
56792,1
56793,0.9530866435720331
56794,1
56795,0.9458319630021822
56796,1
56797,0.9781367485880892
56798,1
56799,1
56800,0.52005578091781
56801,0.9117330397512
56802,1
56803,0.9881783092460067
56804,1
56805,0.9176955367092884
56806,0.8410032826750986
56807,1
56808,0.9220419626372091
56809,1
56810,1
56811,1
56812,1
56813,1
56814,0.8251177081758619
56815,1
56816,1
56817,1
56818,0.722912887020431
56819,0.9689876017956197
56820,0.1394358406950158
56821,0.8404041764712215
56822,0.9220419626372091
56823,0.9627498137103139
56824,0.9874980192213537
56825,0.9857566700855682
56826,1
56827,1
56828,1
56829,0.600623201770335
56830,1
56831,1
56832,1
56833,0.9749109523201227
56834,1
56835,1
56836,1
56837,0.8456799454912083
56838,1
56839,0.8973459867265247
56840,1
56841,1
56842,0.9054140956122729
56843,1
56844,0.9574216351622019
56845,0.9055161505890064
56846,0.9464069305793552
56847,1
56848,0.7893827953200289
56849,1
56850,0.9228619463258326
56851,0.9302355564425553
56852,1
56853,0.9881783092460067
56854,1
56855,0.9574216351622019
56856,1
56857,1
56858,1
56859,0.9055161505890064
56860,0.9881783092460067
56861,1
56862,1
56863,1
56864,1
56865,0.9927453194301491
56866,1
56867,1
56868,0.8246458613661484
56869,0.9209124324480937
56870,1
56871,1
56872,0.9832309317100514
56873,0.7653736492580413
56874,1
56875,1
56876,1
56877,0.9430581897446968
56878,1
56879,1
56880,0.921671623979887
56881,1
56882,0.9371052762402644
56883,1
56884,1
56885,1
56886,1
56887,1
56888,1
56889,1
56890,0.9651212677009737
56891,1
56892,1
56893,0.8128449610841599
56894,1
56895,1
56896,1
56897,1
56898,1
56899,1
56900,0.8954876967616701
56901,1
56902,0.7775006743752342
56903,0.6797290487951236
56904,0.9685849804078539
56905,1
56906,0.9651212677009737
56907,1
56908,1
56909,1
56910,1
56911,0.9434959327279765
56912,0.9857566700855682
56913,0.9685849804078539
56914,1
56915,1
56916,0.999011897929704
56917,0.9214320221027745
56918,0.8648196833232331
56919,1
56920,0.980590260469024
56921,0.8831026568120929
56922,0.999011897929704
56923,1
56924,0.9332537128567678
56925,1
56926,1
56927,0.6488300782040689
56928,1
56929,0.9430581897446968
56930,1
56931,1
56932,0.980590260469024
56933,1
56934,1
56935,0.9567632896538606
56936,1
56937,1
56938,0.9651212677009737
56939,0.7591924738460214
56940,0.29287075097238313
56941,0.9136191735199042
56942,0.8876571916047573
56943,0.980590260469024
56944,1
56945,1
56946,1
56947,1
56948,1
56949,1
56950,1
56951,1
56952,0.9220419626372091
56953,1
56954,1
56955,0.9530866435720331
56956,1
56957,1
56958,1
56959,0.6684508125042652
56960,1
56961,1
56962,1
56963,1
56964,0.9530866435720331
56965,1
56966,1
56967,0.7900111191044499
56968,1
56969,1
56970,0.942943217872475
56971,1
56972,0.6465194572711078
56973,1
56974,1
56975,1
56976,1
56977,0.8853694274127564
56978,0.9718392465479493
56979,0.9651212677009737
56980,0.8974897098367683
56981,1
56982,0.7900696251687257
56983,0.999011897929704
56984,1
56985,0.7989088430632761
56986,1
56987,1
56988,0.9001661653948452
56989,1
56990,0.9371052762402644
56991,1
56992,0.9337062481088276
56993,1
56994,1
56995,0.6444193588858681
56996,1
56997,0.999011897929704
56998,1
56999,0.9733355798991731
57000,0.7599309113245942
57001,1
57002,1
57003,1
57004,1
57005,0.9685849804078539
57006,0.27064103427385594
57007,1
57008,1
57009,1
57010,0.9118322224196903
57011,0.9881783092460067
57012,1
57013,0.891512264012454
57014,1
57015,0.9905051668667311
57016,1
57017,0.9388433136576013
57018,1
57019,0.9685849804078539
57020,1
57021,0.24381791192975272
57022,1
57023,1
57024,0.8368744130717932
57025,1
57026,1
57027,1
57028,0.5494078692768082
57029,0.9371052762402644
57030,0.9555012127891466
57031,0.9832309317100514
57032,0.9188361014710205
57033,1
57034,0.9778219501715014
57035,1
57036,0.9832309317100514
57037,1
57038,1
57039,0.8680276625315166
57040,1
57041,0.6874156118952504
57042,0.9302355564425553
57043,0.8110858522762134
57044,0.9778219501715014
57045,0.9117330397512
57046,0.8275815431690801
57047,1
57048,0.9969928523546226
57049,0.3377124616080103
57050,1
57051,0.9210144874248272
57052,0.9105082787342351
57053,0.9651212677009737
57054,0.6132645160563458
57055,1
57056,1
57057,1
57058,0.999011897929704
57059,1
57060,1
57061,1
57062,1
57063,1
57064,0.910744937680904
57065,1
57066,1
57067,0.9117330397512
57068,1
57069,0.9881783092460067
57070,1
57071,1
57072,1
57073,0.9881783092460067
57074,1
57075,0.8505721653826147
57076,0.8973459867265247
57077,1
57078,0.9832309317100514
57079,0.5335732280565774
57080,0.6176511683378058
57081,0.9881783092460067
57082,0.9314681982555659
57083,0.9422620963698073
57084,0.6118701509353975
57085,0.6114784213898836
57086,1
57087,0.9685849804078539
57088,1
57089,0.9969928523546226
57090,1
57091,1
57092,1
57093,1
57094,1
57095,1
57096,1
57097,0.9584122106405254
57098,1
57099,1
57100,0.9430581897446968
57101,1
57102,1
57103,0.9483339587646836
57104,0.9949058168780378
57105,0.9881783092460067
57106,1
57107,0.9530866435720331
57108,0.9371052762402644
57109,1
57110,0.9363175752820845
57111,1
57112,0.9555012127891466
57113,0.8275815431690801
57114,1
57115,1
57116,1
57117,1
57118,0.8973459867265247
57119,0.8297562415397864
57120,1
57121,0.8048443226695274
57122,1
57123,1
57124,0.9302355564425553
57125,0.809416988076691
57126,1
57127,1
57128,1
57129,1
57130,0.9927453194301491
57131,0.8901919198122976
57132,1
57133,1
57134,1
57135,1
57136,1
57137,1
57138,0.9832309317100514
57139,1
57140,1
57141,1
57142,0.9121767908466181
57143,1
57144,0.8973459867265247
57145,0.9905051668667311
57146,0.960017555793956
57147,1
57148,1
57149,0.7989199360914329
57150,1
57151,0.999011897929704
57152,1
57153,1
57154,0.9117330397512
57155,0.999011897929704
57156,0.8701923450625062
57157,1
57158,1
57159,1
57160,1
57161,0.9832309317100514
57162,0.9685849804078539
57163,1
57164,1
57165,1
57166,1
57167,0.9574216351622019
57168,1
57169,1
57170,1
57171,0.8353812497970499
57172,1
57173,0.9483339587646836
57174,0.9173215605603033
57175,0.9220419626372091
57176,1
57177,1
57178,0.9220419626372091
57179,1
57180,1
57181,0.9857566700855682
57182,0.8618923007743554
57183,1
57184,1
57185,0.980590260469024
57186,1
57187,1
57188,0.9302355564425553
57189,0.9614144663088184
57190,1
57191,0.9832309317100514
57192,1
57193,1
57194,1
57195,1
57196,0.29376171867192535
57197,1
57198,1
57199,1
57200,1
57201,1
57202,1
57203,0.6185670499183705
57204,0.6867287820465535
57205,1
57206,1
57207,1
57208,1
57209,0.8096248679440271
57210,1
57211,1
57212,1
57213,0.8275815431690801
57214,1
57215,0.9687685697150307
57216,1
57217,0.9147872820673582
57218,0.9822428296397554
57219,0.460252211179709
57220,0.971095427335755
57221,0.9532995769469804
57222,0.7747585936883729
57223,1
57224,1
57225,1
57226,1
57227,0.9389703477086159
57228,1
57229,1
57230,1
57231,1
57232,0.8368744130717932
57233,0.617379358020077
57234,1
57235,1
57236,0.8726391160467459
57237,0.8394618420357133
57238,1
57239,0.8667133484105514
57240,0.8815800548537845
57241,1
57242,0.9548594394857455
57243,1
57244,1
57245,1
57246,1
57247,0.9881783092460067
57248,0.7923285611790839
57249,0.8607729819616656
57250,1
57251,0.9727277670495392
57252,0.9778219501715014
57253,1
57254,1
57255,1
57256,1
57257,1
57258,0.980590260469024
57259,1
57260,1
57261,0.8805964730234048
57262,1
57263,1
57264,0.8831026568120929
57265,1
57266,1
57267,1
57268,1
57269,0.9718392465479493
57270,1
57271,1
57272,1
57273,0.9718392465479493
57274,1
57275,1
57276,1
57277,0.8239635051998926
57278,1
57279,1
57280,1
57281,1
57282,0.9881783092460067
57283,1
57284,0.9159596774449509
57285,1
57286,1
57287,0.9312364989907035
57288,1
57289,1
57290,1
57291,1
57292,1
57293,1
57294,1
57295,1
57296,0.774714348523969
57297,1
57298,1
57299,0.9969928523546226
57300,0.9400830291313745
57301,0.7176059451768636
57302,1
57303,1
57304,1
57305,1
57306,0.8973459867265247
57307,0.8988205368504093
57308,1
57309,1
57310,1
57311,1
57312,0.980590260469024
57313,0.9881783092460067
57314,1
57315,1
57316,1
57317,1
57318,1
57319,1
57320,1
57321,1
57322,1
57323,1
57324,0.8509694562315199
57325,1
57326,1
57327,0.9718392465479493
57328,0.7769721853197303
57329,1
57330,0.9483339587646836
57331,1
57332,0.9832309317100514
57333,0.9905051668667311
57334,0.841763761108299
57335,1
57336,1
57337,1
57338,0.8090790264777248
57339,1
57340,1
57341,1
57342,0.8033250296388427
57343,1
57344,0.57010519938988
57345,0.5071325768693296
57346,1
57347,0.8973459867265247
57348,1
57349,1
57350,0.9530866435720331
57351,1
57352,0.6419468060265131
57353,1
57354,0.9574216351622019
57355,0.8038311717063625
57356,0.8002831239262435
57357,1
57358,1
57359,0.9066388566292378
57360,1
57361,1
57362,1
57363,1
57364,0.9106619336802785
57365,0.999011897929704
57366,1
57367,0.9321636006649235
57368,1
57369,0.9949058168780378
57370,1
57371,0.9778219501715014
57372,0.9749109523201227
57373,1
57374,1
57375,0.8680276625315166
57376,0.9905051668667311
57377,0.8054264854325995
57378,1
57379,0.8974897098367683
57380,1
57381,0.9220419626372091
57382,0.9638211921790754
57383,0.8676983091129982
57384,0.9969928523546226
57385,1
57386,1
57387,1
57388,1
57389,1
57390,1
57391,1
57392,0.3795796795795765
57393,1
57394,0.9371052762402644
57395,0.9574216351622019
57396,1
57397,1
57398,1
57399,0.9969928523546226
57400,1
57401,0.9778219501715014
57402,1
57403,0.9530866435720331
57404,0.999011897929704
57405,0.9685849804078539
57406,0.881689179773843
57407,1
57408,1
57409,0.9685849804078539
57410,1
57411,0.5174264140846152
57412,1
57413,1
57414,0.6098353987394531
57415,0.6178194750374909
57416,0.9960047502843267
57417,1
57418,1
57419,1
57420,0.9430581897446968
57421,1
57422,0.9530866435720331
57423,1
57424,0.785009092456188
57425,1
57426,1
57427,1
57428,1
57429,0.7192247918038389
57430,0.952732902491624
57431,0.9927453194301491
57432,1
57433,0.9683271170382325
57434,1
57435,0.9718392465479493
57436,1
57437,1
57438,0.98325048629688
57439,0.9778219501715014
57440,1
57441,0.980590260469024
57442,0.9518159121179053
57443,0.9371052762402644
57444,0.8090790264777248
57445,1
57446,1
57447,1
57448,1
57449,1
57450,0.9483339587646836
57451,0.8680276625315166
57452,1
57453,1
57454,1
57455,1
57456,1
57457,0.9430581897446968
57458,1
57459,1
57460,0.9685849804078539
57461,1
57462,0.9483339587646836
57463,1
57464,0.8733813126071528
57465,0.9614144663088184
57466,1
57467,0.9905051668667311
57468,1
57469,1
57470,0.8973459867265247
57471,1
57472,0.9388433136576013
57473,1
57474,0.6142119652495057
57475,0.9614144663088184
57476,1
57477,0.9524295070169732
57478,1
57479,1
57480,0.7200690718853981
57481,1
57482,0.9759762511402005
57483,1
57484,1
57485,1
57486,1
57487,1
57488,1
57489,0.8973459867265247
57490,1
57491,0.8901919198122976
57492,1
57493,1
57494,1
57495,0.8524161649845253
57496,1
57497,0.16511844455198982
57498,0.8537843326170849
57499,1
57500,0.8242801692551401
57501,0.980590260469024
57502,1
57503,1
57504,0.999011897929704
57505,1
57506,0.9358035091748458
57507,0.9363254186289411
57508,1
57509,1
57510,1
57511,1
57512,1
57513,1
57514,1
57515,1
57516,1
57517,1
57518,0.9483339587646836
57519,0.9458319630021822
57520,1
57521,0.9530866435720331
57522,1
57523,0.8993784729315532
57524,0.8938812091851585
57525,1
57526,0.826142194717372
57527,0.9969928523546226
57528,1
57529,1
57530,0.9208801399161981
57531,1
57532,1
57533,1
57534,1
57535,1
57536,1
57537,0.826142194717372
57538,0.9117330397512
57539,1
57540,1
57541,0.8973459867265247
57542,1
57543,1
57544,1
57545,1
57546,0.9430581897446968
57547,1
57548,1
57549,1
57550,1
57551,1
57552,1
57553,1
57554,1
57555,0.980590260469024
57556,0.9371052762402644
57557,1
57558,1
57559,0.9718392465479493
57560,1
57561,1
57562,0.9102202718832159
57563,0.9778219501715014
57564,0.999011897929704
57565,1
57566,0.5734349065260769
57567,1
57568,1
57569,0.8507608647880893
57570,0.9781563031749179
57571,1
57572,0.9876511363081869
57573,1
57574,1
57575,0.9138439733257918
57576,1
57577,1
57578,1
57579,1
57580,1
57581,0.7941932617398576
57582,0.9574216351622019
57583,1
57584,1
57585,0.8680276625315166
57586,1
57587,1
57588,0.9768338481012054
57589,0.8834564289460277
57590,0.8207078084438378
57591,1
57592,0.9832309317100514
57593,1
57594,0.9563202831868564
57595,0.7214030012893606
57596,1
57597,0.9145011098808516
57598,1
57599,0.8963577666916772
57600,1
57601,0.6611428969489386
57602,1
57603,0.13962224013636176
57604,1
57605,0.8224421500483413
57606,0.785377971508711
57607,1
57608,1
57609,0.9371052762402644
57610,1
57611,0.6123085250851041
57612,1
57613,1
57614,1
57615,0.9832309317100514
57616,0.6119737479683408
57617,1
57618,0.1362400349580319
57619,1
57620,0.9832309317100514
57621,1
57622,0.9685849804078539
57623,0.9116431701525507
57624,1
57625,0.8537843326170849
57626,1
57627,1
57628,0.9832309317100514
57629,0.9159397061094174
57630,1
57631,0.27809842270951574
57632,0.9483339587646836
57633,0.8337750023884092
57634,1
57635,1
57636,1
57637,0.8225588566627794
57638,0.991757217359853
57639,0.820728550617451
57640,0.9520985415017371
57641,0.9949058168780378
57642,0.967843996832276
57643,0.9299994467166725
57644,1
57645,1
57646,1
57647,1
57648,0.9651212677009737
57649,1
57650,0.9905051668667311
57651,1
57652,1
57653,1
57654,1
57655,0.9857566700855682
57656,1
57657,0.980590260469024
57658,0.9371052762402644
57659,1
57660,1
57661,0.8286860346969143
57662,0.9832309317100514
57663,1
57664,1
57665,0.643137217675321
57666,0.9614144663088184
57667,1
57668,1
57669,0.959337265769303
57670,0.9302355564425553
57671,1
57672,1
57673,1
57674,1
57675,0.980590260469024
57676,0.8973459867265247
57677,1
57678,1
57679,1
57680,0.8389614485483781
57681,1
57682,1
57683,1
57684,1
57685,0.9749109523201227
57686,1
57687,1
57688,1
57689,1
57690,0.8703759214018928
57691,0.8933854693638774
57692,1
57693,0.9220419626372091
57694,0.7599309113245942
57695,0.9404242269558032
57696,1
57697,1
57698,1
57699,1
57700,1
57701,1
57702,1
57703,1
57704,1
57705,1
57706,1
57707,1
57708,1
57709,1
57710,0.9949058168780378
57711,0.9574216351622019
57712,0.8973459867265247
57713,1
57714,1
57715,0.9927453194301491
57716,0.980590260469024
57717,0.9568784850608267
57718,0.9857566700855682
57719,1
57720,1
57721,1
57722,1
57723,0.8639120804468353
57724,1
57725,0.8680276625315166
57726,1
57727,0.8947376292694665
57728,0.9302355564425553
57729,1
57730,1
57731,1
57732,1
57733,0.5991486516464504
57734,1
57735,1
57736,0.9718392465479493
57737,0.9969928523546226
57738,1
57739,1
57740,1
57741,0.9518159121179053
57742,1
57743,1
57744,1
57745,0.8973459867265247
57746,0.98325048629688
57747,0.5984618217977535
57748,1
57749,1
57750,0.9042454191348785
57751,1
57752,1
57753,0.9685849804078539
57754,0.9969928523546226
57755,0.9881783092460067
57756,1
57757,1
57758,0.9483339587646836
57759,0.9530866435720331
57760,0.8254492976937186
57761,0.9574216351622019
57762,1
57763,0.8684217335450968
57764,1
57765,0.7801744538134797
57766,1
57767,0.4242210627688309
57768,1
57769,1
57770,1
57771,1
57772,0.5932654186722855
57773,1
57774,1
57775,1
57776,1
57777,0.8368744130717932
57778,1
57779,1
57780,0.9685849804078539
57781,0.9857566700855682
57782,0.8835722862991494
57783,0.9927453194301491
57784,0.7632661227970541
57785,0.9832309317100514
57786,0.7638867919297291
57787,1
57788,1
57789,0.4003879470865306
57790,0.8683417752309678
57791,1
57792,0.8680276625315166
57793,1
57794,1
57795,1
57796,0.9778219501715014
57797,0.980590260469024
57798,1
57799,0.9678526941393168
57800,0.8833674448282782
57801,1
57802,0.9614144663088184
57803,1
57804,0.8910506501947678
57805,0.9574216351622019
57806,1
57807,0.8973459867265247
57808,1
57809,0.7996078711754357
57810,1
57811,1
57812,1
57813,0.7171355903579985
57814,1
57815,0.9302355564425553
57816,1
57817,1
57818,1
57819,1
57820,1
57821,1
57822,1
57823,0.9302355564425553
57824,0.9117330397512
57825,0.9227171843344912
57826,1
57827,1
57828,1
57829,1
57830,1
57831,0.9718392465479493
57832,1
57833,0.8753415395841895
57834,1
57835,1
57836,0.9213178828994779
57837,0.8947376292694665
57838,1
57839,1
57840,0.9857566700855682
57841,1
57842,1
57843,0.9220419626372091
57844,0.9302514571884746
57845,1
57846,1
57847,0.9430581897446968
57848,0.7418553650554673
57849,1
57850,1
57851,1
57852,1
57853,0.9530866435720331
57854,1
57855,0.980590260469024
57856,0.999011897929704
57857,0.8680276625315166
57858,1
57859,0.9918986692326606
57860,0.9614144663088184
57861,1
57862,0.9302355564425553
57863,1
57864,0.853198824132146
57865,1
57866,0.9483339587646836
57867,1
57868,1
57869,1
57870,0.89614483331673
57871,0.8752238370370918
57872,0.9555012127891466
57873,0.9776953740424417
57874,1
57875,0.7581513650350595
57876,1
57877,1
57878,1
57879,1
57880,1
57881,0.9455999444082086
57882,0.9927453194301491
57883,1
57884,1
57885,1
57886,1
57887,1
57888,1
57889,1
57890,1
57891,1
57892,0.9560318348633382
57893,1
57894,1
57895,0.5326172109522959
57896,1
57897,0.9336769040410571
57898,0.9325512361049139
57899,0.9651212677009737
57900,1
57901,1
57902,1
57903,0.8115235952594932
57904,1
57905,0.9117330397512
57906,0.8486179230005406
57907,1
57908,0.9430581897446968
57909,1
57910,1
57911,0.9265357340097923
57912,1
57913,0.910744937680904
57914,1
57915,0.9530866435720331
57916,0.9927453194301491
57917,0.4227354348940315
57918,1
57919,1
57920,1
57921,1
57922,1
57923,1
57924,1
57925,0.980590260469024
57926,1
57927,1
57928,1
57929,1
57930,1
57931,1
57932,1
57933,0.7599309113245942
57934,0.8326316698229056
57935,0.9574216351622019
57936,1
57937,1
57938,1
57939,0.9371052762402644
57940,0.8973459867265247
57941,0.49009559973280764
57942,1
57943,0.9430581897446968
57944,1
57945,1
57946,1
57947,0.9881783092460067
57948,1
57949,1
57950,0.8785695152072391
57951,1
57952,0.8703759214018928
57953,1
57954,0.961330299838003
57955,1
57956,1
57957,1
57958,1
57959,0.8405077254509076
57960,1
57961,1
57962,1
57963,0.8380341891653327
57964,0.9778219501715014
57965,1
57966,1
57967,1
57968,1
57969,1
57970,1
57971,1
57972,1
57973,1
57974,0.9302355564425553
57975,0.9718392465479493
57976,1
57977,0.4222595218993172
57978,1
57979,1
57980,1
57981,1
57982,1
57983,1
57984,0.9651212677009737
57985,0.633459132715531
57986,0.9134552264656575
57987,0.9574216351622019
57988,0.9905051668667311
57989,1
57990,1
57991,0.7959475137391832
57992,0.9687685697150307
57993,0.9778219501715014
57994,1
57995,0.8648664696279342
57996,1
57997,1
57998,1
57999,1
58000,1
58001,1
58002,0.7900613444257978
58003,1
58004,1
58005,1
58006,1
58007,1
58008,1
58009,1
58010,1
58011,0.8038311717063625
58012,1
58013,0.7914222959398349
58014,1
58015,1
58016,1
58017,1
58018,1
58019,0.34223647604472807
58020,0.5261532419748116
58021,0.7704934927865432
58022,0.9496611967194506
58023,0.7504086068329762
58024,1
58025,0.8591472388774735
58026,1
58027,1
58028,0.7638878567642152
58029,0.999011897929704
58030,0.97967438489331
58031,1
58032,0.7495985320206231
58033,1
58034,1
58035,0.9255476319394963
58036,1
58037,0.9969928523546226
58038,1
58039,1
58040,0.9778219501715014
58041,0.6478002100750792
58042,0.9969928523546226
58043,0.869154674913402
58044,0.5599842890775598
58045,0.9495655441309759
58046,0.9881783092460067
58047,1
58048,1
58049,0.999011897929704
58050,0.9685849804078539
58051,1
58052,0.9832309317100514
58053,0.9927453194301491
58054,0.5754700654265322
58055,0.8801634659849612
58056,1
58057,1
58058,0.8913921485093805
58059,1
58060,1
58061,1
58062,1
58063,1
58064,0.9371052762402644
58065,1
58066,0.7311209891149338
58067,0.9574216351622019
58068,0.9881783092460067
58069,1
58070,0.8726636352576804
58071,0.1978908552178076
58072,1
58073,1
58074,0.9881783092460067
58075,1
58076,0.991757217359853
58077,1
58078,1
58079,0.8876571916047573
58080,0.928814859830265
58081,0.8488383159914644
58082,1
58083,0.9574216351622019
58084,0.999011897929704
58085,1
58086,1
58087,0.9260066155700558
58088,0.9584122106405254
58089,1
58090,1
58091,0.9718392465479493
58092,1
58093,0.9637379157806099
58094,1
58095,1
58096,0.8510146104626144
58097,1
58098,1
58099,0.8549728153939216
58100,1
58101,1
58102,1
58103,0.35608839591199365
58104,0.9420047267778425
58105,1
58106,0.9927453194301491
58107,1
58108,0.8866439920713227
58109,0.9260066155700558
58110,1
58111,1
58112,1
58113,0.9220419626372091
58114,0.9220419626372091
58115,1
58116,1
58117,1
58118,0.7874919117096618
58119,0.9220419626372091
58120,0.6179478292273362
58121,1
58122,1
58123,0.9775831128236467
58124,1
58125,1
58126,1
58127,1
58128,0.9220419626372091
58129,0.8505717643928711
58130,1
58131,1
58132,1
58133,1
58134,1
58135,0.8973459867265247
58136,1
58137,1
58138,1
58139,1
58140,1
58141,1
58142,1
58143,0.9302355564425553
58144,1
58145,0.9652342491318335
58146,1
58147,1
58148,0.9881783092460067
58149,1
58150,1
58151,0.9909105671623645
58152,0.9532995769469804
58153,1
58154,1
58155,1
58156,0.9358035091748458
58157,1
58158,1
58159,1
58160,1
58161,1
58162,0.7533221355451233
58163,0.5971594890634548
58164,1
58165,1
58166,1
58167,0.9105082787342351
58168,0.8953383171444587
58169,0.9014712115359719
58170,0.9881783092460067
58171,1
58172,0.9584073186634412
58173,1
58174,0.9483339587646836
58175,1
58176,0.9302355564425553
58177,0.8993784729315532
58178,1
58179,1
58180,1
58181,1
58182,0.5902759260181409
58183,1
58184,1
58185,1
58186,1
58187,0.9847685680152722
58188,1
58189,0.8973459867265247
58190,0.8035897249590983
58191,1
58192,1
58193,1
58194,1
58195,0.886998846096416
58196,1
58197,1
58198,0.8334482506631616
58199,1
58200,1
58201,0.9483339587646836
58202,1
58203,1
58204,0.9290039454729249
58205,1
58206,0.980590260469024
58207,1
58208,0.980590260469024
58209,0.7912712508622098
58210,1
58211,1
58212,0.7474912603309277
58213,1
58214,1
58215,1
58216,1
58217,1
58218,1
58219,1
58220,1
58221,1
58222,1
58223,1
58224,1
58225,0.6283241637863345
58226,1
58227,1
58228,1
58229,1
58230,0.9117330397512
58231,1
58232,0.8883302289057365
58233,0.7821089611530928
58234,0.9371052762402644
58235,1
58236,1
58237,0.9467501988680719
58238,0.980590260469024
58239,0.9718392465479493
58240,1
58241,0.9881783092460067
58242,0.8804541732777345
58243,0.999011897929704
58244,1
58245,1
58246,1
58247,1
58248,1
58249,1
58250,1
58251,1
58252,0.8973459867265247
58253,1
58254,1
58255,1
58256,1
58257,0.6082686814428431
58258,0.8181946171238677
58259,0.8854392350049481
58260,1
58261,1
58262,1
58263,0.9483339587646836
58264,1
58265,1
58266,1
58267,1
58268,0.7653736492580413
58269,0.9220419626372091
58270,1
58271,1
58272,0.7651088629026602
58273,0.8388686576174249
58274,0.980590260469024
58275,0.7375435448151507
58276,1
58277,1
58278,1
58279,0.8436907829082128
58280,1
58281,1
58282,1
58283,1
58284,1
58285,0.9220419626372091
58286,1
58287,0.7875140379954527
58288,0.44822043282973734
58289,0.8833222000145885
58290,1
58291,1
58292,1
58293,1
58294,0.999011897929704
58295,0.9574216351622019
58296,1
58297,1
58298,1
58299,1
58300,1
58301,0.9371052762402644
58302,0.8074923324259037
58303,1
58304,1
58305,0.8591472388774735
58306,1
58307,0.999011897929704
58308,1
58309,0.9660002594175081
58310,0.8680276625315166
58311,1
58312,0.9574216351622019
58313,0.25232520675064646
58314,1
58315,1
58316,0.9302355564425553
58317,1
58318,0.9371052762402644
58319,0.44822043282973734
58320,0.6176511683378058
58321,0.9229808758727044
58322,1
58323,0.8973459867265247
58324,0.9117330397512
58325,1
58326,0.9651212677009737
58327,1
58328,1
58329,1
58330,0.9949058168780378
58331,1
58332,1
58333,0.9651212677009737
58334,1
58335,1
58336,1
58337,1
58338,1
58339,1
58340,0.7694482648682334
58341,1
58342,1
58343,1
58344,1
58345,1
58346,1
58347,1
58348,0.7671529740416729
58349,1
58350,0.9969928523546226
58351,1
58352,1
58353,1
58354,0.9718392465479493
58355,0.694542281222241
58356,1
58357,1
58358,1
58359,0.7900696251687257
58360,1
58361,1
58362,1
58363,1
58364,1
58365,1
58366,0.8398538173842052
58367,1
58368,1
58369,1
58370,1
58371,1
58372,1
58373,1
58374,0.9927453194301491
58375,0.8804541732777345
58376,1
58377,1
58378,1
58379,0.6714636875261043
58380,1
58381,1
58382,1
58383,0.8522775190797645
58384,1
58385,0.9778219501715014
58386,0.9832309317100514
58387,1
58388,0.9832309317100514
58389,1
58390,1
58391,1
58392,0.8510146104626144
58393,0.8835722862991494
58394,1
58395,1
58396,1
58397,1
58398,1
58399,0.9635786202570696
58400,1
58401,1
58402,0.6858207679537274
58403,0.86526480597507
58404,1
58405,1
58406,0.881689179773843
58407,1
58408,0.9117330397512
58409,1
58410,1
58411,0.9614144663088184
58412,1
58413,1
58414,1
58415,1
58416,1
58417,1
58418,1
58419,0.4227354348940315
58420,0.9518159121179053
58421,1
58422,1
58423,0.9905051668667311
58424,1
58425,0.9574216351622019
58426,1
58427,0.7092003441114499
58428,0.9282694853705434
58429,1
58430,0.9530866435720331
58431,1
58432,0.9832309317100514
58433,1
58434,0.9689876017956197
58435,1
58436,1
58437,1
58438,0.9213178828994779
58439,1
58440,0.8800187039936198
58441,0.8267284873191929
58442,0.3377124616080103
58443,0.8864212661482644
58444,1
58445,0.9718392465479493
58446,0.8680276625315166
58447,0.9270174348774214
58448,0.9430581897446968
58449,0.6794317843100057
58450,0.8973459867265247
58451,1
58452,1
58453,0.9614144663088184
58454,1
58455,1
58456,0.371294066115471
58457,1
58458,1
58459,0.9584073186634412
58460,1
58461,0.7941932617398576
58462,0.5593009360150878
58463,1
58464,0.5440477346626692
58465,0.8115969525599106
58466,0.785723199240805
58467,1
58468,1
58469,1
58470,0.7474912603309277
58471,0.8998639128087105
58472,1
58473,0.9614144663088184
58474,0.8945269114024664
58475,1
58476,1
58477,1
58478,1
58479,1
58480,1
58481,1
58482,1
58483,1
58484,1
58485,0.9182079112730068
58486,0.9544144875168246
58487,1
58488,1
58489,1
58490,0.8973459867265247
58491,1
58492,0.9014206023367168
58493,1
58494,0.8368744130717932
58495,1
58496,1
58497,1
58498,0.9556264345677047
58499,1
58500,1
58501,0.9430581897446968
58502,0.9749109523201227
58503,1
58504,1
58505,1
58506,1
58507,1
58508,0.826142194717372
58509,1
58510,1
58511,0.6802578989929943
58512,1
58513,0.7959657543855245
58514,0.9832309317100514
58515,1
58516,1
58517,0.9530866435720331
58518,1
58519,1
58520,1
58521,1
58522,1
58523,0.8368744130717932
58524,1
58525,0.7073711633905402
58526,1
58527,1
58528,1
58529,1
58530,1
58531,0.9530866435720331
58532,0.9117330397512
58533,1
58534,0.6132645160563458
58535,1
58536,1
58537,1
58538,1
58539,1
58540,1
58541,0.6684508125042652
58542,1
58543,0.9663150578340959
58544,0.7651088629026602
58545,1
58546,0.9909105671623645
58547,0.4242210627688309
58548,0.8973459867265247
58549,0.8366126429393705
58550,1
58551,1
58552,1
58553,1
58554,0.9897381717847717
58555,1
58556,0.9361171741699684
58557,1
58558,1
58559,0.968832098902572
58560,1
58561,0.9371052762402644
58562,1
58563,1
58564,0.8853694274127564
58565,0.9430581897446968
58566,0.1362400349580319
58567,0.5715303710005649
58568,1
58569,1
58570,1
58571,1
58572,0.9651212677009737
58573,1
58574,1
58575,0.9265357340097923
58576,1
58577,0.9857566700855682
58578,0.991757217359853
58579,1
58580,1
58581,0.9225429028631756
58582,1
58583,1
58584,1
58585,0.8429386148516392
58586,1
58587,0.9587270090571132
58588,1
58589,1
58590,1
58591,0.8297562415397864
58592,0.826142194717372
58593,1
58594,1
58595,1
58596,1
58597,1
58598,1
58599,1
58600,1
58601,1
58602,1
58603,1
58604,1
58605,0.9905051668667311
58606,1
58607,1
58608,1
58609,0.980590260469024
58610,1
58611,1
58612,1
58613,1
58614,1
58615,1
58616,0.8368744130717932
58617,0.9568784850608267
58618,1
58619,0.7953357088244613
58620,1
58621,1
58622,1
58623,1
58624,1
58625,0.8143652628574332
58626,0.9371052762402644
58627,0.9182079112730068
58628,0.9749109523201227
58629,1
58630,1
58631,0.9905051668667311
58632,1
58633,0.9337062481088276
58634,0.9251388234949297
58635,1
58636,1
58637,1
58638,1
58639,0.4085729993415628
58640,0.9530866435720331
58641,0.9043576841812937
58642,1
58643,0.8926566684273558
58644,1
58645,0.9182079112730068
58646,1
58647,1
58648,0.9857566700855682
58649,1
58650,0.9630892615661294
58651,1
58652,1
58653,1
58654,0.9323325874823246
58655,1
58656,1
58657,1
58658,1
58659,0.999011897929704
58660,0.97967438489331
58661,1
58662,0.7381759003666757
58663,0.8966861581757088
58664,0.9881783092460067
58665,0.8658928254901676
58666,1
58667,1
58668,0.36930702347943545
58669,1
58670,0.9778219501715014
58671,1
58672,0.9379640066227346
58673,0.9749109523201227
58674,1
58675,1
58676,0.8973459867265247
58677,1
58678,1
58679,1
58680,0.9718392465479493
58681,0.9457115281699977
58682,0.5382330641304538
58683,1
58684,0.9881783092460067
58685,1
58686,1
58687,0.9483339587646836
58688,1
58689,1
58690,1
58691,1
58692,0.6670064196228218
58693,1
58694,1
58695,0.9847685680152722
58696,0.9421902031774742
58697,1
58698,1
58699,1
58700,1
58701,0.8999113489972067
58702,0.8835722862991494
58703,1
58704,1
58705,1
58706,0.9624861682912582
58707,1
58708,0.8384357322810789
58709,1
58710,0.9685849804078539
58711,0.9881783092460067
58712,0.9117330397512
58713,0.9245721490395733
58714,1
58715,0.8618923007743554
58716,0.9574216351622019
58717,1
58718,0.9479924604500709
58719,1
58720,1
58721,1
58722,1
58723,0.8680276625315166
58724,1
58725,1
58726,1
58727,1
58728,1
58729,1
58730,1
58731,1
58732,1
58733,0.8680276625315166
58734,0.9371052762402644
58735,1
58736,1
58737,0.8015890287015826
58738,1
58739,1
58740,1
58741,1
58742,1
58743,0.9430581897446968
58744,0.8635587194032033
58745,0.9220419626372091
58746,1
58747,1
58748,0.9302355564425553
58749,1
58750,0.5174264140846152
58751,1
58752,0.9778219501715014
58753,0.9220419626372091
58754,0.9949058168780378
58755,0.8090790264777248
58756,1
58757,0.9430581897446968
58758,0.8758109015672871
58759,0.9832309317100514
58760,1
58761,0.5675142323891663
58762,0.9685849804078539
58763,1
58764,0.9435918104387641
58765,0.9969928523546226
58766,0.9081361953047616
58767,0.9651212677009737
58768,1
58769,0.9034041370226844
58770,0.9220062011403003
58771,1
58772,1
58773,1
58774,1
58775,0.8966580516425219
58776,0.8902293261390836
58777,1
58778,1
58779,1
58780,1
58781,0.7430129220446466
58782,1
58783,1
58784,1
58785,0.8505605027059218
58786,1
58787,1
58788,1
58789,0.8419685961937553
58790,0.7840019084857358
58791,1
58792,0.9055454946567769
58793,0.9778219501715014
58794,0.9660002594175081
58795,1
58796,1
58797,0.9057555939268856
58798,1
58799,1
58800,1
58801,1
58802,0.8973459867265247
58803,0.9371052762402644
58804,1
58805,0.6914309041591993
58806,1
58807,0.9371052762402644
58808,1
58809,1
58810,1
58811,0.7371823374449186
58812,1
58813,1
58814,1
58815,1
58816,1
58817,1
58818,0.7880106269306362
58819,1
58820,1
58821,1
58822,1
58823,1
58824,1
58825,0.8537843326170849
58826,1
58827,0.7989088430632761
58828,1
58829,0.9117330397512
58830,1
58831,1
58832,1
58833,0.8878511535932557
58834,0.9778219501715014
58835,0.9574216351622019
58836,0.8629334794095544
58837,0.9574216351622019
58838,1
58839,0.9718392465479493
58840,1
58841,0.962852644695608
58842,0.8375851011471631
58843,0.9714287955428867
58844,1
58845,1
58846,0.9302355564425553
58847,1
58848,1
58849,1
58850,1
58851,1
58852,0.9718392465479493
58853,1
58854,0.6899457982976146
58855,0.9168791820003348
58856,1
58857,1
58858,0.9584122106405254
58859,0.5925079835806094
58860,1
58861,0.980590260469024
58862,0.9371052762402644
58863,1
58864,1
58865,0.9371052762402644
58866,0.9857566700855682
58867,1
58868,1
58869,1
58870,1
58871,0.6249962402143583
58872,1
58873,0.9642461470615376
58874,0.8003602500138413
58875,1
58876,0.9718392465479493
58877,0.7578974508708058
58878,0.8294421288403351
58879,0.9857566700855682
58880,1
58881,1
58882,1
58883,1
58884,1
58885,0.9483339587646836
58886,0.8363418370834562
58887,1
58888,0.8751679368980261
58889,1
58890,0.8835722862991494
58891,1
58892,1
58893,0.9220419626372091
58894,1
58895,0.4003879470865306
58896,0.8038311717063625
58897,1
58898,1
58899,1
58900,1
58901,1
58902,1
58903,0.6923263091131084
58904,1
58905,1
58906,1
58907,1
58908,1
58909,0.9949058168780378
58910,0.27877753836240676
58911,0.9371052762402644
58912,1
58913,0.9244551016955692
58914,1
58915,1
58916,1
58917,1
58918,0.9778219501715014
58919,0.999011897929704
58920,0.8054264854325995
58921,1
