id,ACTION
1,0.275401117416931
2,1
3,1
4,0.9841193590463618
5,1
6,1
7,0.9475888878684422
8,1
9,0.7567247123199395
10,1
11,1
12,1
13,0.9851578980626085
14,0.9666137861336129
15,0.8758105888378835
16,1
17,1
18,0.8992186118310135
19,1
20,0.9876612416190321
21,1
22,0.9825559015549896
23,1
24,1
25,1
26,0.9825559015549896
27,1
28,0.7834843812084511
29,0.9876612416190321
30,1
31,1
32,1
33,0.9770147563321826
34,1
35,1
36,1
37,1
38,1
39,0.9131024994045092
40,0.8669864360293214
41,1
42,1
43,0.952238581019351
44,1
45,0.960473993748949
46,1
47,1
48,1
49,1
50,0.952238581019351
51,1
52,1
53,1
54,1
55,0.8824753509013652
56,0.9474976953452965
57,1
58,1
59,0.936362031703573
60,1
61,1
62,0.9475888878684422
63,1
64,1
65,1
66,1
67,0.9403193639443862
68,1
69,0.8989830011064075
70,0.7791692665428073
71,0.9574082403957447
72,1
73,0.9740504365406069
74,1
75,0.9900744607435069
76,1
77,1
78,0.5107198662522675
79,0.6368619595961764
80,1
81,1
82,1
83,1
84,1
85,1
86,1
87,1
88,1
89,1
90,0.8638411288028187
91,0.9770147563321826
92,0.8758105888378835
93,1
94,0.9740504365406069
95,1
96,1
97,0.5781459229768579
98,1
99,1
100,1
101,0.952238581019351
102,0.5125679204367474
103,0.9676523251498593
104,0.9770147563321826
105,0.574301770037044
106,0.8644320520384191
107,1
108,0.9628936004251474
109,1
110,1
111,0.84896234510384
112,0.9946592700131068
113,1
114,1
115,0.9565116537184474
116,1
117,1
118,1
119,1
120,1
121,0.9225666260562072
122,0.964174901191159
123,0.7960854633352574
124,1
125,1
126,0.943134356321233
127,0.8968310176628337
128,0.9274478179980737
129,1
130,0.8354347093974412
131,1
132,0.9968430762781008
133,0.9770147563321826
134,0.9633411364173258
135,1
136,0.930371619012329
137,1
138,1
139,0.8260454258428456
140,1
141,0.9946592700131068
142,0.9270757360234848
143,0.9851578980626085
144,1
145,1
146,0.8974608360880186
147,0.9169856474673964
148,0.9101236725378196
149,1
150,1
151,1
152,0.9989614609837535
153,1
154,0.8280491698572346
155,1
156,0.9002571508472601
157,1
158,1
159,1
160,0.9475888878684422
161,0.7760677396851436
162,0.8801025210426973
163,1
164,1
165,1
166,1
167,0.9327467859310505
168,1
169,1
170,1
171,1
172,1
173,1
174,1
175,1
176,1
177,0.8382073387577771
178,1
179,1
180,0.9169856474673964
181,0.22330085720963658
182,0.8354347093974412
183,0.9770147563321826
184,0.8012878508448782
185,0.9989614609837535
186,0.6190650757240667
187,1
188,1
189,0.5843818398381908
190,1
191,1
192,1
193,1
194,1
195,1
196,1
197,0.9740504365406069
198,0.979845370195437
199,1
200,0.5268707041992922
201,0.9825559015549896
202,0.9225666260562072
203,0.8696486878279939
204,0.952238581019351
205,1
206,0.979845370195437
207,1
208,0.9900744607435069
209,0.7614348743621632
210,1
211,1
212,1
213,1
214,0.98286877941266
215,1
216,0.8000846197350532
217,0.979845370195437
218,1
219,1
220,1
221,0.7340802514146505
222,1
223,1
224,0.9424713473879602
225,1
226,0.6780457817008168
227,0.8668863652909297
228,1
229,1
230,1
231,0.9120639603882625
232,0.8555738467924694
233,1
234,0.556156675118974
235,0.9178939013644162
236,0.9417027616904663
237,0.9946592700131068
238,1
239,1
240,1
241,1
242,0.8994293147388439
243,0.5252451086017895
244,1
245,1
246,1
247,1
248,0.9367537762839373
249,1
250,1
251,1
252,0.9565798733288582
253,1
254,0.9424713473879602
255,1
256,1
257,1
258,0.9423130417628578
259,0.9187175180226488
260,1
261,1
262,1
263,0.9302326597453842
264,1
265,1
266,0.9900744607435069
267,1
268,1
269,1
270,1
271,1
272,0.8013877533064697
273,1
274,0.9904638072749609
275,1
276,0.7843552200752961
277,1
278,1
279,1
280,0.9958045372618541
281,1
282,1
283,1
284,0.9825559015549896
285,0.9825559015549896
286,0.932545808131467
287,1
288,0.9876612416190321
289,0.9824794328812061
290,1
291,0.9248919297584909
292,1
293,0.9624012717504269
294,1
295,0.9424713473879602
296,0.046885079789750934
297,0.6133249410881348
298,0.9424713473879602
299,0.3844760711065315
300,0.9131024994045092
301,0.8204541419949338
302,1
303,0.7312285596431632
304,0.5571835583335043
305,1
306,1
307,1
308,1
309,0.9989614609837535
310,1
311,0.960473993748949
312,0.9424713473879602
313,1
314,1
315,1
316,1
317,0.8758105888378835
318,0.9475888878684422
319,0.9489193035597069
320,1
321,1
322,0.21526087821524637
323,1
324,1
325,1
326,0.9367537762839373
327,1
328,1
329,1
330,1
331,1
332,1
333,1
334,0.9946592700131068
335,1
336,0.931413046297044
337,1
338,0.9505484544924561
339,0.9709361642796265
340,0.952238581019351
341,0.8758105888378835
342,1
343,0.5483277353048086
344,1
345,1
346,1
347,0.9339736936791678
348,0.974504640208544
349,1
350,0.8612426996364245
351,1
352,1
353,1
354,0.5807799293174211
355,1
356,1
357,0.8365812451717305
358,0.9367537762839373
359,1
360,1
361,1
362,1
363,1
364,0.600238763855129
365,1
366,1
367,1
368,1
369,1
370,0.7541013365743318
371,1
372,1
373,0.9403193639443862
374,0.5683953627615501
375,0.9165991464793745
376,1
377,0.4504519555326235
378,0.8685219879492048
379,0.9825559015549896
380,0.8169729628667067
381,0.862469293539203
382,1
383,1
384,1
385,0.7096083162584221
386,0.9900744607435069
387,1
388,1
389,1
390,1
391,0.964174901191159
392,1
393,0.9367537762839373
394,1
395,0.8536727480080925
396,1
397,1
398,1
399,1
400,1
401,1
402,1
403,0.979845370195437
404,1
405,1
406,0.8423558367560431
407,0.9777357023625389
408,1
409,1
410,0.9851578980626085
411,1
412,0.8376536299292195
413,0.8133596502517693
414,1
415,1
416,0.9565116537184474
417,0.9958045372618541
418,0.9709361642796265
419,0.9825559015549896
420,1
421,1
422,0.9989614609837535
423,1
424,0.8256444848517069
425,1
426,1
427,1
428,1
429,0.8524138566936132
430,1
431,1
432,1
433,0.9676523251498593
434,0.8091820118692014
435,1
436,1
437,1
438,0.5051058870661566
439,0.9510651928727897
440,0.5107198662522675
441,1
442,1
443,1
444,1
445,0.8395171669045822
446,1
447,0.8668709369808728
448,1
449,1
450,0.9900744607435069
451,0.3198088959383692
452,0.9968430762781008
453,1
454,0.9244150179029693
455,1
456,1
457,1
458,1
459,1
460,0.7607959557882851
461,0.8903316115907669
462,1
463,1
464,0.936362031703573
465,1
466,1
467,0.10993976474359775
468,1
469,1
470,1
471,0.9302326597453842
472,1
473,1
474,1
475,1
476,1
477,1
478,1
479,0.9924049721376991
480,1
481,1
482,1
483,1
484,1
485,0.9424713473879602
486,0.952238581019351
487,0.8635700957754375
488,1
489,1
490,0.952238581019351
491,0.9709361642796265
492,1
493,0.898396797075383
494,1
495,0.8990624831784348
496,1
497,1
498,1
499,0.9989614609837535
500,1
501,1
502,0.8879183924662923
503,1
504,1
505,1
506,0.9876612416190321
507,1
508,1
509,1
510,0.2773007293692748
511,1
512,1
513,0.8527992858015914
514,0.5062580773072697
515,1
516,1
517,1
518,0.9302326597453842
519,0.7324721248848217
520,0.7231206299513329
521,0.9851578980626085
522,0.8673129351290911
523,1
524,0.3876021803368593
525,0.960473993748949
526,0.4193073846796688
527,1
528,0.9824794328812061
529,0.9858789980053609
530,1
531,1
532,1
533,1
534,0.9131024994045092
535,0.9968430762781008
536,1
537,1
538,0.9809624353244625
539,1
540,0.964174901191159
541,0.9740504365406069
542,1
543,0.8679094759971194
544,1
545,1
546,1
547,0.6104009410174169
548,0.8486357886942472
549,1
550,0.9641248972841138
551,0.9127885613003739
552,1
553,1
554,0.9565116537184474
555,1
556,1
557,1
558,0.8961892310166398
559,0.9890359217272603
560,1
561,0.9594354547327026
562,1
563,1
564,0.7606222188922314
565,1
566,0.9439480618039867
567,0.8311241556067752
568,0.7240976361870595
569,1
570,0.938225337731766
571,0.5456567706850077
572,0.8699191653860339
573,0.9170538670778072
574,0.8530257604059802
575,1
576,1
577,1
578,0.9225666260562072
579,0.944667081482042
580,0.9900744607435069
581,1
582,1
583,1
584,0.9772151715680966
585,1
586,1
587,1
588,0.9728191396816405
589,1
590,0.9164134822105101
591,0.9131024994045092
592,0.9134075116675866
593,0.7858065065378534
594,1
595,1
596,1
597,1
598,1
599,0.960473993748949
600,1
601,1
602,0.9424713473879602
603,1
604,0.904283096285991
605,0.9740504365406069
606,0.9989614609837535
607,1
608,1
609,0.9989614609837535
610,0.8716706224969527
611,1
612,1
613,1
614,0.9325583135457913
615,1
616,0.5303739741666085
617,0.9126239317640477
618,0.8650379734441676
619,1
620,1
621,0.9740504365406069
622,0.9117637890596012
623,0.979845370195437
624,0.9825559015549896
625,0.9740504365406069
626,1
627,0.9424713473879602
628,0.9331088186744176
629,1
630,1
631,1
632,1
633,1
634,1
635,0.9989614609837535
636,0.9825559015549896
637,1
638,0.8727040071333443
639,1
640,1
641,1
642,0.9302326597453842
643,1
644,1
645,0.9946592700131068
646,0.6590876479903258
647,1
648,0.8189414589604984
649,1
650,0.9446435531570502
651,0.9924049721376991
652,1
653,0.560249573594455
654,0.9876612416190321
655,0.9637614054970985
656,1
657,0.9749608736926888
658,1
659,0.7556942849211405
660,0.9989614609837535
661,0.8097195620013233
662,1
663,1
664,1
665,0.9302326597453842
666,0.8801025210426973
667,0.8731117163496501
668,1
669,1
670,0.8527148163782422
671,1
672,0.8758105888378835
673,0.5010021958424691
674,1
675,1
676,0.9709361642796265
677,0.7542618295384133
678,1
679,1
680,0.9989614609837535
681,0.7970881685100936
682,0.5258119257310876
683,1
684,1
685,1
686,0.8692242284867473
687,1
688,1
689,1
690,1
691,1
692,1
693,0.8567688045657073
694,1
695,0.9851578980626085
696,0.5461765243327532
697,1
698,1
699,1
700,1
701,1
702,1
703,0.9475888878684422
704,0.4640752148165054
705,0.8000846197350532
706,0.8663516566305742
707,1
708,1
709,1
710,1
711,1
712,0.964174901191159
713,1
714,1
715,1
716,0.8498562756884463
717,1
718,0.9126239317640477
719,0.8903316115907669
720,0.9900744607435069
721,0.9120336373277153
722,1
723,0.952238581019351
724,0.8500910468610834
725,1
726,0.8304898105926442
727,0.979845370195437
728,1
729,0.9876612416190321
730,0.954249361934666
731,0.8693903114644997
732,1
733,1
734,1
735,0.9169856474673964
736,0.7263057493145607
737,0.9740504365406069
738,0.9770147563321826
739,1
740,1
741,1
742,0.98286877941266
743,0.9900744607435069
744,1
745,1
746,0.9946592700131068
747,1
748,1
749,1
750,1
751,1
752,0.9666752606013517
753,1
754,1
755,1
756,0.9798171680757152
757,1
758,0.979845370195437
759,1
760,1
761,0.9301325890069925
762,0.9869175370216076
763,0.933596852562038
764,0.8696141531229564
765,1
766,0.8900602352564023
767,0.8452042579392905
768,1
769,1
770,1
771,1
772,1
773,1
774,0.8196304784783438
775,0.9445213681466521
776,0.6905225102553156
777,0.9740504365406069
778,1
779,1
780,0.8223406459231449
781,0.9403193639443862
782,1
783,1
784,0.9989614609837535
785,0.7700674080205847
786,1
787,0.9367537762839373
788,0.964174901191159
789,1
790,0.9612862640603967
791,1
792,1
793,0.952238581019351
794,0.9302326597453842
795,1
796,0.9676523251498593
797,0.9989614609837535
798,1
799,0.5508138003244023
800,1
801,1
802,0.9770147563321826
803,0.9573170700270499
804,0.9989614609837535
805,1
806,0.964174901191159
807,0.6184625178017247
808,0.8158246510350072
809,0.8653410804238603
810,1
811,0.9989614609837535
812,0.574301770037044
813,1
814,0.9709361642796265
815,0.8994293147388439
816,1
817,1
818,0.8864916187745565
819,0.9002571508472601
820,0.952238581019351
821,0.964675997951215
822,1
823,1
824,0.979845370195437
825,0.9403193639443862
826,0.9904638072749609
827,1
828,1
829,1
830,1
831,0.8665868974428035
832,1
833,1
834,0.8841408991690158
835,0.9946592700131068
836,1
837,0.9900744607435069
838,1
839,0.9565798733288582
840,0.8379571838641998
841,0.9225666260562072
842,0.9876612416190321
843,1
844,1
845,0.9770147563321826
846,0.9989614609837535
847,0.9002571508472601
848,1
849,0.9709361642796265
850,0.7256668645263298
851,1
852,0.9225666260562072
853,0.9131024994045092
854,0.7496837445762397
855,1
856,1
857,0.9740504365406069
858,0.9851578980626085
859,1
860,1
861,1
862,0.9825559015549896
863,1
864,0.9475888878684422
865,0.6329278152107289
866,1
867,1
868,1
869,1
870,0.9479509206118093
871,1
872,0.9403193639443862
873,0.979845370195437
874,0.952238581019351
875,1
876,1
877,0.979845370195437
878,0.9709361642796265
879,0.952238581019351
880,0.952238581019351
881,0.8983704223435058
882,1
883,1
884,1
885,0.8194903600124033
886,1
887,1
888,1
889,1
890,1
891,1
892,0.869795870679864
893,0.9565116537184474
894,1
895,1
896,1
897,0.7652951242914275
898,1
899,1
900,1
901,1
902,0.9900744607435069
903,1
904,1
905,1
906,0.9479509206118093
907,1
908,1
909,0.8701555139246495
910,0.8694644770886653
911,0.8758105888378835
912,0.9367537762839373
913,1
914,1
915,0.9709361642796265
916,0.9350610615637401
917,1
918,0.9022259483644541
919,1
920,0.8621883351724273
921,1
922,1
923,0.72308968081511
924,0.8361844928016777
925,0.8166501243236343
926,1
927,1
928,1
929,1
930,1
931,1
932,1
933,0.9479509206118093
934,0.8304898105926442
935,1
936,1
937,0.9565116537184474
938,1
939,0.9325583135457913
940,1
941,1
942,1
943,0.9002571508472601
944,1
945,0.9770147563321826
946,1
947,1
948,0.7916353309694295
949,1
950,1
951,1
952,0.5865955798156085
953,0.9709361642796265
954,0.9475888878684422
955,1
956,0.6049832119273955
957,1
958,0.960473993748949
959,0.8384286239812901
960,0.8553348798488124
961,0.8929196674802246
962,1
963,1
964,0.8634718304569158
965,0.8655227979807678
966,0.964174901191159
967,1
968,1
969,1
970,0.9565116537184474
971,1
972,1
973,1
974,1
975,0.8758105888378835
976,1
977,1
978,0.8524957318666111
979,0.9900744607435069
980,0.5456567706850077
981,1
982,1
983,1
984,0.6539510616865601
985,0.9424713473879602
986,0.952238581019351
987,1
988,1
989,0.960473993748949
990,0.5730207117253248
991,0.7003855657072279
992,1
993,1
994,1
995,1
996,0.964174901191159
997,0.6744302206306682
998,1
999,1
1000,1
1001,0.9367537762839373
1002,1
1003,1
1004,0.9815173625387432
1005,0.9924049721376991
1006,0.9367537762839373
1007,0.9851578980626085
1008,1
1009,1
1010,0.6965315717787105
1011,1
1012,0.9131024994045092
1013,1
1014,1
1015,1
1016,1
1017,0.34693300539948346
1018,0.9475888878684422
1019,0.9958045372618541
1020,0.9770147563321826
1021,1
1022,1
1023,1
1024,1
1025,0.9510651928727897
1026,0.7468244840071132
1027,1
1028,0.8869620029887862
1029,1
1030,1
1031,1
1032,0.9268282370274441
1033,1
1034,0.9946592700131068
1035,1
1036,1
1037,0.8693903114644997
1038,0.9968430762781008
1039,0.915043855920416
1040,1
1041,0.9709361642796265
1042,1
1043,0.40172318233149845
1044,0.39737628507518435
1045,0.8320222526072271
1046,1
1047,1
1048,0.9302326597453842
1049,0.275401117416931
1050,1
1051,1
1052,1
1053,1
1054,1
1055,1
1056,0.8573436143523997
1057,0.9120639603882625
1058,1
1059,0.8943074901981514
1060,1
1061,1
1062,0.9709361642796265
1063,1
1064,1
1065,1
1066,1
1067,0.8874971213772586
1068,0.8091820118692014
1069,1
1070,1
1071,0.549567528551373
1072,1
1073,1
1074,1
1075,1
1076,0.9876612416190321
1077,0.9924049721376991
1078,1
1079,1
1080,0.9219016870845251
1081,1
1082,1
1083,0.9770147563321826
1084,1
1085,1
1086,1
1087,0.9411896575233417
1088,1
1089,0.9002571508472601
1090,1
1091,0.9739223346764422
1092,1
1093,1
1094,1
1095,1
1096,1
1097,1
1098,1
1099,1
1100,1
1101,0.8573436143523997
1102,0.9225666260562072
1103,1
1104,0.960473993748949
1105,1
1106,1
1107,1
1108,1
1109,1
1110,1
1111,1
1112,1
1113,0.9851578980626085
1114,1
1115,0.8977971145732914
1116,1
1117,0.8696486878279939
1118,1
1119,0.952238581019351
1120,1
1121,0.9709361642796265
1122,0.7983772148940907
1123,0.8122935578788008
1124,0.8906495830199813
1125,1
1126,1
1127,1
1128,1
1129,1
1130,1
1131,0.9002571508472601
1132,0.9565116537184474
1133,1
1134,1
1135,0.952238581019351
1136,1
1137,0.952238581019351
1138,1
1139,1
1140,1
1141,1
1142,1
1143,0.9677137996175981
1144,0.8899019296313001
1145,1
1146,1
1147,0.9709361642796265
1148,0.9474976953452965
1149,1
1150,1
1151,1
1152,0.9946592700131068
1153,1
1154,0.9467308027461487
1155,1
1156,1
1157,1
1158,1
1159,0.9968430762781008
1160,0.9301447894234319
1161,1
1162,0.919309677838927
1163,1
1164,1
1165,1
1166,1
1167,1
1168,0.979845370195437
1169,0.8125643651218207
1170,0.9946592700131068
1171,1
1172,1
1173,1
1174,1
1175,1
1176,1
1177,1
1178,1
1179,1
1180,0.7823704690052581
1181,1
1182,1
1183,1
1184,0.597365489897349
1185,1
1186,1
1187,1
1188,0.4368079598092879
1189,1
1190,1
1191,1
1192,1
1193,1
1194,0.9326478424392656
1195,0.9131024994045092
1196,1
1197,1
1198,0.9946592700131068
1199,1
1200,1
1201,0.8986667899342736
1202,0.9900744607435069
1203,1
1204,1
1205,0.9866227026027855
1206,0.7595775531874046
1207,1
1208,1
1209,0.791277070171216
1210,1
1211,1
1212,0.9172258960693142
1213,1
1214,1
1215,1
1216,0.7983772148940907
1217,1
1218,1
1219,1
1220,0.9050934626996813
1221,1
1222,0.9227723070898176
1223,1
1224,0.7485145959712277
1225,1
1226,1
1227,1
1228,1
1229,0.9475888878684422
1230,1
1231,0.9946592700131068
1232,1
1233,1
1234,1
1235,0.9823205116321391
1236,1
1237,1
1238,0.9968430762781008
1239,1
1240,1
1241,1
1242,1
1243,0.9709361642796265
1244,1
1245,1
1246,0.5670566524166422
1247,0.9225666260562072
1248,1
1249,0.9698976252633799
1250,1
1251,0.9676523251498593
1252,0.8606913872729514
1253,1
1254,1
1255,1
1256,1
1257,0.8411254281291919
1258,0.9876612416190321
1259,0.9845043178971328
1260,1
1261,1
1262,0.960473993748949
1263,1
1264,1
1265,1
1266,0.9676523251498593
1267,1
1268,1
1269,1
1270,1
1271,1
1272,1
1273,1
1274,0.9320839512147882
1275,1
1276,1
1277,0.9728191396816405
1278,1
1279,1
1280,0.8801025210426973
1281,1
1282,1
1283,0.9809624353244625
1284,1
1285,1
1286,1
1287,0.93439302669134
1288,0.9474976953452965
1289,1
1290,1
1291,1
1292,0.822258507999676
1293,0.9479509206118093
1294,0.9740504365406069
1295,1
1296,0.9900744607435069
1297,1
1298,0.6875061647125911
1299,0.8696141531229564
1300,0.9989614609837535
1301,1
1302,0.5793991138746613
1303,1
1304,1
1305,0.745100505891559
1306,1
1307,1
1308,1
1309,1
1310,0.9131024994045092
1311,0.9740504365406069
1312,1
1313,0.9009270648730511
1314,0.9043802298602983
1315,1
1316,1
1317,1
1318,1
1319,1
1320,0.7501181762257504
1321,0.8121964415391332
1322,1
1323,1
1324,1
1325,0.9393144236660609
1326,1
1327,0.5730207117253248
1328,1
1329,1
1330,1
1331,0.9968430762781008
1332,1
1333,0.9002571508472601
1334,0.9565116537184474
1335,1
1336,1
1337,0.9709361642796265
1338,1
1339,1
1340,0.9989614609837535
1341,1
1342,1
1343,1
1344,0.964174901191159
1345,1
1346,1
1347,0.9876612416190321
1348,1
1349,1
1350,0.9676523251498593
1351,0.8695354829155412
1352,0.964174901191159
1353,1
1354,1
1355,0.9565116537184474
1356,1
1357,0.8621841567019609
1358,0.8322268604856979
1359,0.5564039466279022
1360,0.9302326597453842
1361,0.9825559015549896
1362,0.931413046297044
1363,0.9770147563321826
1364,0.9002571508472601
1365,0.9225666260562072
1366,1
1367,1
1368,1
1369,1
1370,0.8382073387577771
1371,1
1372,0.6146885607664855
1373,0.8480609311710199
1374,1
1375,1
1376,1
1377,1
1378,1
1379,1
1380,1
1381,1
1382,0.885835433581389
1383,1
1384,1
1385,1
1386,0.9726303622984966
1387,0.8727040071333443
1388,0.9172258960693142
1389,1
1390,1
1391,0.6144591078728968
1392,1
1393,1
1394,1
1395,1
1396,1
1397,0.962172654394791
1398,1
1399,1
1400,0.9766884464735379
1401,1
1402,1
1403,1
1404,1
1405,1
1406,1
1407,1
1408,1
1409,0.8650379734441676
1410,1
1411,0.9292533373515337
1412,1
1413,0.655899524271714
1414,0.9968430762781008
1415,1
1416,1
1417,0.5508138003244023
1418,1
1419,1
1420,1
1421,1
1422,0.9847337307566136
1423,1
1424,1
1425,1
1426,1
1427,1
1428,1
1429,0.275401117416931
1430,0.9989614609837535
1431,1
1432,0.9475888878684422
1433,0.1478345244404042
1434,0.6744302206306682
1435,0.9851578980626085
1436,1
1437,1
1438,1
1439,1
1440,0.933596852562038
1441,0.7588091522319065
1442,1
1443,1
1444,1
1445,1
1446,1
1447,1
1448,1
1449,1
1450,1
1451,0.8036360514400813
1452,1
1453,0.9565116537184474
1454,1
1455,1
1456,0.8378528502431093
1457,1
1458,1
1459,1
1460,1
1461,1
1462,0.5870423472606542
1463,1
1464,0.5580981261134894
1465,1
1466,1
1467,0.8612677758703933
1468,1
1469,1
1470,0.8944867389009
1471,1
1472,0.9131024994045092
1473,0.7357640381619793
1474,0.9900744607435069
1475,1
1476,1
1477,0.9367537762839373
1478,1
1479,1
1480,1
1481,1
1482,0.8349239788308557
1483,0.9565116537184474
1484,0.8382838074315606
1485,0.9709361642796265
1486,0.9989614609837535
1487,1
1488,1
1489,1
1490,1
1491,1
1492,1
1493,1
1494,0.9475888878684422
1495,1
1496,1
1497,1
1498,1
1499,1
1500,1
1501,1
1502,0.9302326597453842
1503,1
1504,0.952238581019351
1505,1
1506,0.8696141531229564
1507,1
1508,0.8536727480080925
1509,1
1510,1
1511,0.9845043178971328
1512,1
1513,1
1514,0.9568601265276199
1515,0.5465841045931318
1516,1
1517,0.8051415361503675
1518,1
1519,1
1520,1
1521,1
1522,0.8215496271626148
1523,0.9900744607435069
1524,0.9002571508472601
1525,1
1526,1
1527,1
1528,1
1529,0.8926621229849593
1530,1
1531,0.9225666260562072
1532,0.9989614609837535
1533,1
1534,1
1535,1
1536,1
1537,1
1538,1
1539,0.952238581019351
1540,1
1541,1
1542,1
1543,0.8758105888378835
1544,1
1545,1
1546,0.9740504365406069
1547,1
1548,1
1549,1
1550,1
1551,1
1552,1
1553,1
1554,1
1555,1
1556,1
1557,0.9002571508472601
1558,1
1559,1
1560,1
1561,0.9131024994045092
1562,0.9565116537184474
1563,0.46603848575193163
1564,0.9851578980626085
1565,1
1566,0.9424713473879602
1567,1
1568,1
1569,0.8536727480080925
1570,0.979845370195437
1571,0.964174901191159
1572,1
1573,0.275401117416931
1574,1
1575,0.9411896575233417
1576,0.9131024994045092
1577,1
1578,1
1579,1
1580,0.5484906414297972
1581,1
1582,1
1583,0.7608333877417857
1584,1
1585,1
1586,1
1587,0.9306146682491873
1588,0.9146770915901851
1589,0.9510651928727897
1590,1
1591,1
1592,1
1593,1
1594,0.9989614609837535
1595,0.23640477298475648
1596,1
1597,1
1598,0.924648894940108
1599,0.5750489234041503
1600,1
1601,0.9770147563321826
1602,0.9770147563321826
1603,0.952238581019351
1604,1
1605,1
1606,0.9851578980626085
1607,0.92634755558595006
1608,0.5268707041992922
1609,0.8987889298715467
1610,0.7066302869120485
1611,1
1612,0.9770147563321826
1613,1
1614,0.9367537762839373
1615,1
1616,1
1617,0.5268707041992922
1618,1
1619,1
1620,1
1621,0.9131024994045092
1622,0.6758673522247576
1623,0.9968430762781008
1624,1
1625,1
1626,1
1627,0.3616427389820458
1628,0.9740504365406069
1629,0.952238581019351
1630,0.9793989778330905
1631,1
1632,1
1633,0.9900744607435069
1634,0.9740504365406069
1635,1
1636,1
1637,1
1638,0.9825559015549896
1639,1
1640,1
1641,1
1642,0.8668863652909297
1643,0.9770147563321826
1644,1
1645,0.9351110654707856
1646,0.9851578980626085
1647,0.9989614609837535
1648,1
1649,1
1650,1
1651,0.9989614609837535
1652,1
1653,1
1654,0.979845370195437
1655,0.9676523251498593
1656,1
1657,0.9740504365406069
1658,1
1659,0.9274342580638794
1660,1
1661,1
1662,1
1663,1
1664,1
1665,0.9399641419507344
1666,1
1667,0.7967402660952321
1668,1
1669,1
1670,0.9676523251498593
1671,1
1672,0.9946592700131068
1673,0.5865955798156085
1674,0.964174901191159
1675,0.8930945762379217
1676,0.5843818398381908
1677,0.844301632092799
1678,1
1679,1
1680,1
1681,0.9824794328812061
1682,0.979845370195437
1683,0.9468695762222473
1684,0.5508138003244023
1685,0.979845370195437
1686,1
1687,1
1688,0.9968430762781008
1689,1
1690,0.9825559015549896
1691,1
1692,1
1693,1
1694,0.9225666260562072
1695,1
1696,1
1697,1
1698,0.9958045372618541
1699,1
1700,1
1701,0.8150337816312075
1702,1
1703,0.9178939013644162
1704,0.9676523251498593
1705,1
1706,0.726858142800876
1707,1
1708,0.9565116537184474
1709,1
1710,1
1711,0.9841193590463618
1712,1
1713,0.38544972590180404
1714,1
1715,0.9475888878684422
1716,1
1717,0.9633411364173258
1718,0.3876021803368593
1719,0.9302326597453842
1720,0.9900744607435069
1721,1
1722,0.9989614609837535
1723,1
1724,1
1725,1
1726,1
1727,1
1728,1
1729,0.9900744607435069
1730,1
1731,0.8091820118692014
1732,0.9968430762781008
1733,1
1734,0.6227151509754255
1735,1
1736,0.9968430762781008
1737,0.9367537762839373
1738,1
1739,1
1740,0.9072047964950979
1741,0.9403259054085064
1742,1
1743,0.9479509206118093
1744,0.8297016458838836
1745,1
1746,1
1747,1
1748,0.9002571508472601
1749,1
1750,1
1751,0.9367537762839373
1752,1
1753,1
1754,1
1755,0.9367537762839373
1756,0.9709361642796265
1757,0.9759762173159362
1758,1
1759,1
1760,0.9968430762781008
1761,0.9291587484216365
1762,0.952238581019351
1763,1
1764,1
1765,0.979845370195437
1766,1
1767,1
1768,0.8758105888378835
1769,0.8923012200899675
1770,0.9367537762839373
1771,1
1772,1
1773,0.7872880052892886
1774,0.8758105888378835
1775,1
1776,0.9876612416190321
1777,0.9302326597453842
1778,0.9493327992537673
1779,1
1780,0.9698976252633799
1781,0.9841193590463618
1782,1
1783,1
1784,0.8522910009652875
1785,1
1786,1
1787,0.9302326597453842
1788,0.9169856474673964
1789,0.9740504365406069
1790,1
1791,0.7269925381007677
1792,0.8304898105926442
1793,0.9565116537184474
1794,0.8790668180467952
1795,0.9876612416190321
1796,0.8611456176857143
1797,1
1798,1
1799,1
1800,1
1801,1
1802,1
1803,0.9302326597453842
1804,1
1805,1
1806,0.9475888878684422
1807,1
1808,1
1809,1
1810,0.8376536299292195
1811,1
1812,1
1813,0.8218527341423075
1814,0.960473993748949
1815,0.9777357023625389
1816,1
1817,0.9002571508472601
1818,1
1819,0.9382758846498143
1820,1
1821,1
1822,1
1823,1
1824,0.9591546714410669
1825,1
1826,0.9225666260562072
1827,1
1828,0.9709361642796265
1829,0.9302326597453842
1830,0.9989614609837535
1831,1
1832,1
1833,1
1834,0.9475888878684422
1835,0.5034455969352593
1836,0.9393144236660609
1837,1
1838,0.9968430762781008
1839,0.9385884894294859
1840,1
1841,0.9225666260562072
1842,1
1843,1
1844,0.9510651928727897
1845,1
1846,1
1847,1
1848,1
1849,0.8395309883401231
1850,1
1851,0.9900744607435069
1852,1
1853,0.5865955798156085
1854,0.9968430762781008
1855,0.9424713473879602
1856,1
1857,1
1858,0.6133249410881348
1859,1
1860,0.8148781441113205
1861,1
1862,1
1863,0.5865955798156085
1864,1
1865,0.964174901191159
1866,0.9876612416190321
1867,0.9367537762839373
1868,1
1869,0.6521264315759671
1870,0.979845370195437
1871,1
1872,1
1873,0.8940846541288746
1874,0.9968430762781008
1875,0.7924097353172579
1876,1
1877,1
1878,0.7383290454286784
1879,1
1880,1
1881,1
1882,1
1883,1
1884,0.21526087821524637
1885,1
1886,1
1887,0.8314637046912485
1888,0.9946592700131068
1889,1
1890,1
1891,0.84800930450795
1892,1
1893,1
1894,1
1895,1
1896,1
1897,1
1898,0.9989614609837535
1899,0.9424713473879602
1900,0.9565116537184474
1901,0.8097842825170513
1902,1
1903,0.6058872752351431
1904,0.9475888878684422
1905,0.9424713473879602
1906,1
1907,1
1908,0.6930597832048437
1909,1
1910,1
1911,1
1912,1
1913,0.919983860244088
1914,1
1915,1
1916,0.8958869445487927
1917,1
1918,1
1919,0.8132493495747505
1920,1
1921,0.4705808670079857
1922,1
1923,1
1924,1
1925,1
1926,0.9002571508472601
1927,1
1928,1
1929,0.9825559015549896
1930,0.9770147563321826
1931,0.964174901191159
1932,0.7240562507206347
1933,1
1934,0.9302326597453842
1935,0.9722503423331362
1936,1
1937,0.9475888878684422
1938,0.9900744607435069
1939,1
1940,1
1941,0.8903316115907669
1942,1
1943,0.9825559015549896
1944,1
1945,0.9809624353244625
1946,1
1947,1
1948,0.8980461498377524
1949,1
1950,1
1951,1
1952,1
1953,0.9749608736926888
1954,0.9851578980626085
1955,0.979845370195437
1956,1
1957,0.5508138003244023
1958,0.964174901191159
1959,0.9475888878684422
1960,1
1961,1
1962,1
1963,0.7398465677894628
1964,1
1965,1
1966,1
1967,1
1968,0.9002571508472601
1969,1
1970,1
1971,0.39558309155135485
1972,1
1973,1
1974,0.9876612416190321
1975,0.9293888844095677
1976,1
1977,0.6477663650561627
1978,1
1979,0.960473993748949
1980,1
1981,1
1982,0.9565116537184474
1983,0.629434523626816
1984,1
1985,1
1986,1
1987,0.948151335847723
1988,1
1989,0.9968430762781008
1990,1
1991,0.9225666260562072
1992,1
1993,1
1994,0.979845370195437
1995,1
1996,0.9968430762781008
1997,0.9946592700131068
1998,0.9989614609837535
1999,1
2000,1
2001,1
2002,1
2003,0.8998274688877933
2004,1
2005,0.9002571508472601
2006,1
2007,0.9989614609837535
2008,0.8031630247653243
2009,0.9825559015549896
2010,1
2011,1
2012,0.9490816572974519
2013,1
2014,1
2015,1
2016,1
2017,1
2018,0.9633411364173258
2019,1
2020,0.9165991464793745
2021,1
2022,0.21434819338525982
2023,0.7468244840071132
2024,1
2025,1
2026,0.8955879474882031
2027,1
2028,0.8867415272473663
2029,1
2030,0.979845370195437
2031,0.9770147563321826
2032,1
2033,1
2034,1
2035,0.9302326597453842
2036,1
2037,0.7070344222491528
2038,1
2039,1
2040,1
2041,1
2042,1
2043,1
2044,0.6705642559815861
2045,1
2046,0.9851578980626085
2047,0.9270757360234848
2048,1
2049,0.9698976252633799
2050,1
2051,1
2052,0.5671601879848319
2053,1
2054,1
2055,1
2056,0.6999484441775486
2057,1
2058,1
2059,1
2060,1
2061,1
2062,1
2063,1
2064,0.736795298024808
2065,1
2066,1
2067,0.28804162768873437
2068,0.9302326597453842
2069,1
2070,1
2071,1
2072,1
2073,1
2074,1
2075,0.7659278445745754
2076,1
2077,1
2078,0.5774276113116747
2079,0.7845608235756818
2080,1
2081,1
2082,1
2083,0.979845370195437
2084,0.36211362823990395
2085,1
2086,1
2087,0.8758105888378835
2088,1
2089,0.9573170700270499
2090,1
2091,0.9900744607435069
2092,1
2093,1
2094,1
2095,0.8758105888378835
2096,1
2097,0.954249361934666
2098,0.7802795213638453
2099,1
2100,1
2101,1
2102,1
2103,1
2104,1
2105,0.6490021386654676
2106,1
2107,0.933596852562038
2108,1
2109,0.13753355130540937
2110,1
2111,1
2112,0.40172318233149845
2113,1
2114,1
2115,1
2116,1
2117,0.960473993748949
2118,1
2119,1
2120,1
2121,0.2426719729727812
2122,1
2123,1
2124,1
2125,1
2126,1
2127,1
2128,1
2129,1
2130,1
2131,1
2132,0.9677137996175981
2133,1
2134,1
2135,0.9676523251498593
2136,1
2137,0.9958045372618541
2138,1
2139,0.9302326597453842
2140,1
2141,0.8778651986190539
2142,1
2143,1
2144,0.9024119962516445
2145,1
2146,0.9518361428101912
2147,1
2148,0.964174901191159
2149,1
2150,1
2151,0.9946592700131068
2152,0.9538958067360441
2153,0.7790525925596906
2154,1
2155,0.8985615478493931
2156,1
2157,0.9876612416190321
2158,1
2159,1
2160,1
2161,0.9770147563321826
2162,1
2163,0.964174901191159
2164,1
2165,1
2166,0.8486357886942472
2167,1
2168,1
2169,0.8174801406189391
2170,0.960473993748949
2171,0.8068823362814936
2172,1
2173,0.9553135667688916
2174,1
2175,0.9302326597453842
2176,1
2177,1
2178,0.952238581019351
2179,1
2180,1
2181,0.9968430762781008
2182,1
2183,1
2184,1
2185,1
2186,1
2187,1
2188,1
2189,1
2190,1
2191,0.9770147563321826
2192,0.9442411149478904
2193,1
2194,1
2195,1
2196,1
2197,0.9077617694176161
2198,1
2199,0.9178939013644162
2200,0.9851578980626085
2201,0.5483672024556697
2202,1
2203,1
2204,1
2205,1
2206,0.8322268604856979
2207,1
2208,0.9676523251498593
2209,1
2210,1
2211,0.9595706578871724
2212,0.9066046185413339
2213,0.9946592700131068
2214,1
2215,0.8362953253063234
2216,1
2217,1
2218,1
2219,0.9131024994045092
2220,1
2221,1
2222,1
2223,0.9876612416190321
2224,1
2225,1
2226,1
2227,0.8758105888378835
2228,1
2229,1
2230,0.7838417543727271
2231,1
2232,1
2233,0.7681211661857341
2234,0.9770147563321826
2235,1
2236,0.9274478179980737
2237,1
2238,1
2239,0.9824794328812061
2240,0.16584847787606433
2241,0.7983772148940907
2242,1
2243,1
2244,1
2245,1
2246,0.8083393271748717
2247,1
2248,1
2249,0.9770147563321826
2250,1
2251,0.964174901191159
2252,1
2253,0.9001895016311602
2254,0.952238581019351
2255,1
2256,1
2257,1
2258,0.43469570294933463
2259,0.9936207309968602
2260,0.9565798733288582
2261,1
2262,0.9002571508472601
2263,1
2264,0.9989614609837535
2265,0.8833346950526572
2266,1
2267,1
2268,1
2269,0.9259850922950446
2270,0.9566063380955967
2271,1
2272,1
2273,1
2274,1
2275,0.833310486673654
2276,0.9793989778330905
2277,0.952238581019351
2278,0.9740504365406069
2279,1
2280,1
2281,0.9302326597453842
2282,1
2283,0.8024842537927155
2284,0.8701555139246495
2285,1
2286,0.9002571508472601
2287,1
2288,0.9581293403384974
2289,1
2290,0.9592083346032153
2291,1
2292,1
2293,0.8304898105926442
2294,0.9825559015549896
2295,1
2296,1
2297,0.7442522659916223
2298,1
2299,1
2300,1
2301,0.8171864879994597
2302,1
2303,1
2304,1
2305,1
2306,0.952238581019351
2307,0.9565116537184474
2308,0.5107198662522675
2309,1
2310,1
2311,0.9847337307566136
2312,1
2313,0.8693903114644997
2314,1
2315,1
2316,1
2317,1
2318,1
2319,1
2320,0.9534920658346163
2321,1
2322,1
2323,0.9475888878684422
2324,0.8823856680954948
2325,0.8527992858015914
2326,1
2327,1
2328,0.9924049721376991
2329,0.49648258052748023
2330,1
2331,0.9946592700131068
2332,0.9565116537184474
2333,1
2334,0.5508138003244023
2335,0.3198088959383692
2336,0.89958138238839
2337,0.9302326597453842
2338,0.8093522815579132
2339,1
2340,0.964174901191159
2341,1
2342,0.8096189483597905
2343,1
2344,0.9777357023625389
2345,1
2346,1
2347,1
2348,0.952238581019351
2349,0.9675066118144694
2350,0.9936207309968602
2351,1
2352,0.9924049721376991
2353,1
2354,1
2355,1
2356,1
2357,1
2358,0.979845370195437
2359,1
2360,1
2361,0.7035743644139342
2362,0.9924049721376991
2363,1
2364,1
2365,0.5384224629155029
2366,0.9565116537184474
2367,0.9268282370274441
2368,1
2369,1
2370,1
2371,1
2372,0.9770147563321826
2373,1
2374,1
2375,0.9490816572974519
2376,0.8536727480080925
2377,1
2378,1
2379,0.9225666260562072
2380,0.9851578980626085
2381,1
2382,1
2383,0.9915023462912075
2384,0.6106244396045019
2385,1
2386,0.7849633430749268
2387,0.8536727480080925
2388,1
2389,0.6329278152107289
2390,1
2391,0.8824753509013652
2392,1
2393,1
2394,0.6780457817008168
2395,1
2396,1
2397,0.9946592700131068
2398,1
2399,1
2400,0.6780457817008168
2401,1
2402,0.9968430762781008
2403,1
2404,1
2405,0.9292533373515337
2406,0.8194903600124033
2407,0.952238581019351
2408,0.8498610253784903
2409,1
2410,1
2411,1
2412,0.9676523251498593
2413,0.9924049721376991
2414,1
2415,0.9825559015549896
2416,0.9131024994045092
2417,0.964174901191159
2418,1
2419,1
2420,1
2421,1
2422,1
2423,0.9490816572974519
2424,1
2425,0.9041005415868895
2426,1
2427,1
2428,0.9851578980626085
2429,0.7808964410604095
2430,0.8879183924662923
2431,0.5268707041992922
2432,0.9924049721376991
2433,1
2434,0.8986243626858248
2435,1
2436,0.9592083346032153
2437,1
2438,0.960473993748949
2439,1
2440,1
2441,0.9144894786464763
2442,1
2443,0.8691169749084029
2444,0.9777357023625389
2445,0.960473993748949
2446,1
2447,0.8804967287432762
2448,1
2449,0.9198994402881572
2450,1
2451,1
2452,0.6983122673119168
2453,0.834242008809128
2454,1
2455,0.9924049721376991
2456,1
2457,0.3557190788526975
2458,1
2459,0.7506208998970404
2460,1
2461,1
2462,1
2463,1
2464,0.7141916663244183
2465,1
2466,0.979845370195437
2467,1
2468,0.9676523251498593
2469,0.952238581019351
2470,0.9226376318830833
2471,1
2472,1
2473,1
2474,0.979845370195437
2475,1
2476,1
2477,1
2478,1
2479,1
2480,1
2481,0.9851578980626085
2482,1
2483,1
2484,0.9968430762781008
2485,1
2486,1
2487,1
2488,1
2489,0.8758105888378835
2490,0.9936207309968602
2491,1
2492,0.9475888878684422
2493,1
2494,1
2495,1
2496,0.7859125347082226
2497,0.9968430762781008
2498,1
2499,0.846843265309214
2500,0.8395171669045822
2501,1
2502,1
2503,1
2504,1
2505,1
2506,1
2507,0.9131024994045092
2508,1
2509,1
2510,1
2511,1
2512,1
2513,0.808557374768934
2514,1
2515,1
2516,0.9740504365406069
2517,0.9151017096864568
2518,1
2519,1
2520,0.9380884607531618
2521,0.8322268604856979
2522,1
2523,1
2524,1
2525,1
2526,0.9740504365406069
2527,0.8862266513492273
2528,1
2529,0.9770147563321826
2530,1
2531,1
2532,1
2533,0.8486357886942472
2534,1
2535,1
2536,1
2537,1
2538,1
2539,1
2540,1
2541,1
2542,1
2543,1
2544,0.8870049159510519
2545,1
2546,1
2547,1
2548,0.9798171680757152
2549,0.9709361642796265
2550,1
2551,0.9676523251498593
2552,1
2553,0.5535873070774334
2554,1
2555,0.38544972590180404
2556,1
2557,0.8798874929141096
2558,1
2559,0.8534074050443616
2560,0.8758105888378835
2561,0.9305620902590541
2562,1
2563,0.9814408938649595
2564,1
2565,1
2566,0.9502006043257185
2567,0.9302326597453842
2568,0.9002571508472601
2569,0.9178939013644162
2570,1
2571,1
2572,1
2573,1
2574,0.9825559015549896
2575,0.9302326597453842
2576,0.4308050708031515
2577,1
2578,0.8982603974671176
2579,1
2580,1
2581,1
2582,0.9770147563321826
2583,1
2584,1
2585,1
2586,0.9900744607435069
2587,1
2588,1
2589,0.34186614356481443
2590,1
2591,1
2592,1
2593,0.604652783226831
2594,1
2595,0.6421456291440939
2596,0.9676523251498593
2597,0.952238581019351
2598,1
2599,1
2600,1
2601,1
2602,0.8653410804238603
2603,1
2604,1
2605,0.9825559015549896
2606,1
2607,0.8758105888378835
2608,0.952238581019351
2609,0.622720993507187
2610,0.275401117416931
2611,1
2612,0.9677137996175981
2613,1
2614,1
2615,1
2616,1
2617,1
2618,1
2619,1
2620,1
2621,1
2622,1
2623,0.9900744607435069
2624,1
2625,1
2626,0.8175516986336787
2627,1
2628,0.9164134822105101
2629,1
2630,1
2631,1
2632,1
2633,0.275401117416931
2634,0.9740504365406069
2635,1
2636,0.9740504365406069
2637,1
2638,1
2639,0.8519949893022387
2640,1
2641,0.5116629470750962
2642,0.9565116537184474
2643,1
2644,1
2645,0.9596625382711524
2646,1
2647,0.979845370195437
2648,0.8758105888378835
2649,0.9136013137535314
2650,0.5653409587633447
2651,1
2652,1
2653,0.9131024994045092
2654,1
2655,1
2656,0.629144092163563
2657,0.9858789980053609
2658,0.979845370195437
2659,1
2660,0.9260018246997371
2661,1
2662,0.9474976953452965
2663,0.557012241581051
2664,1
2665,1
2666,1
2667,0.664034847216157
2668,1
2669,0.9131024994045092
2670,0.9876612416190321
2671,1
2672,1
2673,1
2674,1
2675,1
2676,1
2677,1
2678,1
2679,1
2680,1
2681,1
2682,0.9424713473879602
2683,0.9184338596249231
2684,0.8778215476138262
2685,0.9002571508472601
2686,1
2687,0.9422481578815489
2688,1
2689,1
2690,1
2691,1
2692,1
2693,1
2694,0.964174901191159
2695,1
2696,0.8934282385426928
2697,1
2698,0.9548062438881261
2699,1
2700,0.8509960338614047
2701,0.9851578980626085
2702,1
2703,1
2704,1
2705,1
2706,0.7153821633512044
2707,1
2708,0.9505484544924561
2709,1
2710,1
2711,0.9467308027461487
2712,0.5247847564055527
2713,0.960473993748949
2714,1
2715,1
2716,0.9476246107531644
2717,0.8000846197350532
2718,1
2719,0.9869175370216076
2720,1
2721,1
2722,1
2723,0.6000453230835737
2724,1
2725,1
2726,1
2727,0.9225666260562072
2728,0.7983772148940907
2729,1
2730,0.9131024994045092
2731,1
2732,0.7541013365743318
2733,1
2734,0.9318272263410183
2735,1
2736,0.9178939013644162
2737,0.730935528439882
2738,1
2739,1
2740,0.9709361642796265
2741,1
2742,0.910092282320585
2743,0.9851578980626085
2744,1
2745,0.9851578980626085
2746,0.9709361642796265
2747,0.987064242150806
2748,0.9225666260562072
2749,0.9424713473879602
2750,0.964174901191159
2751,1
2752,1
2753,1
2754,1
2755,1
2756,1
2757,1
2758,0.9595706578871724
2759,1
2760,1
2761,0.9041005415868895
2762,0.9740504365406069
2763,1
2764,0.791277070171216
2765,0.9989614609837535
2766,0.9577267858933664
2767,1
2768,0.960473993748949
2769,1
2770,0.9475888878684422
2771,1
2772,1
2773,1
2774,1
2775,0.9041005415868895
2776,0.8994293147388439
2777,1
2778,1
2779,1
2780,0.275401117416931
2781,0.9777357023625389
2782,1
2783,1
2784,0.764033822312345
2785,1
2786,1
2787,1
2788,0.9002571508472601
2789,0.9876612416190321
2790,0.9851578980626085
2791,1
2792,0.8673129351290911
2793,1
2794,1
2795,1
2796,0.9924049721376991
2797,1
2798,1
2799,1
2800,1
2801,0.9851578980626085
2802,0.9676523251498593
2803,0.9624012717504269
2804,0.8998274688877933
2805,0.979845370195437
2806,1
2807,1
2808,1
2809,0.964174901191159
2810,0.7258190898080413
2811,1
2812,1
2813,0.9475888878684422
2814,1
2815,1
2816,1
2817,0.9770147563321826
2818,1
2819,1
2820,0.8452437516674932
2821,1
2822,1
2823,1
2824,0.9131024994045092
2825,1
2826,0.9424713473879602
2827,1
2828,1
2829,0.9670892170756897
2830,0.275401117416931
2831,1
2832,1
2833,1
2834,1
2835,1
2836,1
2837,0.6968074299074181
2838,1
2839,1
2840,1
2841,1
2842,1
2843,0.9424713473879602
2844,0.6716084227884679
2845,1
2846,1
2847,1
2848,1
2849,1
2850,0.8077583655692793
2851,0.5737293649284516
2852,1
2853,0.6241526874181836
2854,0.9740504365406069
2855,1
2856,0.8089777923170136
2857,1
2858,0.5019080756187181
2859,0.9131024994045092
2860,0.9320839512147882
2861,0.7041543012606942
2862,0.9370720536197412
2863,1
2864,0.3198088959383692
2865,1
2866,0.9876612416190321
2867,1
2868,1
2869,1
2870,1
2871,1
2872,0.9011688240250106
2873,0.9989614609837535
2874,0.9740504365406069
2875,1
2876,1
2877,1
2878,0.674059376619612
2879,0.9002571508472601
2880,0.9565116537184474
2881,0.8702265197515254
2882,0.9924049721376991
2883,0.9565116537184474
2884,1
2885,1
2886,1
2887,1
2888,0.9131024994045092
2889,0.8225413915840324
2890,0.9084424809057878
2891,0.9876612416190321
2892,1
2893,0.915043855920416
2894,0.9244684792286553
2895,0.9002571508472601
2896,1
2897,1
2898,1
2899,1
2900,1
2901,0.9924049721376991
2902,1
2903,0.7848349096459396
2904,1
2905,0.9847337307566136
2906,1
2907,1
2908,1
2909,1
2910,1
2911,1
2912,0.6837995523845108
2913,1
2914,0.9924049721376991
2915,1
2916,1
2917,0.8079291789170285
2918,1
2919,1
2920,1
2921,1
2922,0.275401117416931
2923,0.9225666260562072
2924,0.45668427535044265
2925,0.8759977574385902
2926,0.6693687177207132
2927,0.8452042579392905
2928,1
2929,1
2930,0.43808511397962363
2931,1
2932,1
2933,1
2934,1
2935,1
2936,0.9467308027461487
2937,0.8826130883001485
2938,1
2939,1
2940,0.7530159233602108
2941,1
2942,0.4208112653910524
2943,1
2944,1
2945,0.35051838213699305
2946,0.9968430762781008
2947,1
2948,0.8498562756884463
2949,1
2950,1
2951,0.9080628816173912
2952,0.9825559015549896
2953,0.9676523251498593
2954,1
2955,0.8650379734441676
2956,1
2957,1
2958,0.7744652283991531
2959,0.9291587484216365
2960,1
2961,0.9740504365406069
2962,0.3895554507023917
2963,0.9676523251498593
2964,0.964174901191159
2965,1
2966,1
2967,0.9876612416190321
2968,1
2969,0.4238688884968166
2970,1
2971,1
2972,0.9225666260562072
2973,0.8536727480080925
2974,1
2975,0.7330678626558736
2976,1
2977,0.8093369988885135
2978,1
2979,1
2980,0.979845370195437
2981,0.8568825828021023
2982,0.9900744607435069
2983,1
2984,1
2985,1
2986,1
2987,0.8567688045657073
2988,0.9302326597453842
2989,0.9825559015549896
2990,0.9502082267048491
2991,1
2992,0.34460487704408893
2993,1
2994,0.8603694127268005
2995,1
2996,1
2997,1
2998,1
2999,0.9403193639443862
3000,0.9475888878684422
3001,1
3002,1
3003,0.9131024994045092
3004,1
3005,1
3006,0.9924049721376991
3007,0.8376536299292195
3008,0.6924379300264238
3009,0.8772719071794428
3010,1
3011,0.6508105197811982
3012,1
3013,0.8634718304569158
3014,1
3015,0.9117637890596012
3016,1
3017,0.9325583135457913
3018,1
3019,0.7848349096459396
3020,0.9332477594425926
3021,1
3022,0.9740504365406069
3023,0.9851578980626085
3024,1
3025,0.4844438480770324
3026,1
3027,0.9968430762781008
3028,0.9325583135457913
3029,1
3030,0.952238581019351
3031,0.9565116537184474
3032,1
3033,1
3034,1
3035,0.8486357886942472
3036,1
3037,1
3038,0.9367537762839373
3039,1
3040,0.9676523251498593
3041,1
3042,1
3043,1
3044,0.9876612416190321
3045,1
3046,1
3047,1
3048,1
3049,1
3050,1
3051,1
3052,1
3053,1
3054,1
3055,1
3056,0.8522910009652875
3057,0.9716740263452897
3058,1
3059,0.9096703497400876
3060,0.9041952259640388
3061,1
3062,0.964174901191159
3063,1
3064,0.8225413915840324
3065,1
3066,1
3067,1
3068,0.7181690703862359
3069,1
3070,1
3071,0.9825559015549896
3072,1
3073,1
3074,1
3075,1
3076,1
3077,0.9968430762781008
3078,0.9090851335215729
3079,0.8726536651159842
3080,0.9989614609837535
3081,1
3082,0.9900744607435069
3083,0.9553750412366303
3084,0.8792251236718974
3085,0.9709361642796265
3086,0.9876612416190321
3087,1
3088,1
3089,0.8651089792710435
3090,0.964174901191159
3091,1
3092,1
3093,0.7747935899442909
3094,0.9594354547327026
3095,0.9475888878684422
3096,0.33506242378142176
3097,1
3098,1
3099,1
3100,0.9127125747683001
3101,0.9449866008202333
3102,1
3103,0.9002571508472601
3104,1
3105,1
3106,1
3107,1
3108,0.9740504365406069
3109,0.9367537762839373
3110,1
3111,0.8169741869927505
3112,1
3113,1
3114,1
3115,0.7559489437219912
3116,1
3117,0.8109488880290996
3118,1
3119,1
3120,1
3121,1
3122,1
3123,1
3124,1
3125,1
3126,1
3127,0.9302326597453842
3128,1
3129,1
3130,1
3131,1
3132,0.9002571508472601
3133,1
3134,0.7786956041974531
3135,1
3136,0.964174901191159
3137,1
3138,1
3139,1
3140,0.9989614609837535
3141,1
3142,1
3143,0.8946198619432524
3144,1
3145,1
3146,0.7405595038472838
3147,1
3148,0.9292533373515337
3149,1
3150,0.9770147563321826
3151,1
3152,0.7158882949272881
3153,0.9002571508472601
3154,1
3155,0.9225666260562072
3156,1
3157,1
3158,0.8323222425563308
3159,0.9611341153785447
3160,1
3161,1
3162,1
3163,0.5003969847316663
3164,1
3165,0.8673632771464512
3166,1
3167,1
3168,0.742287609469048
3169,1
3170,0.9225666260562072
3171,0.7817060762730276
3172,1
3173,0.9411896575233417
3174,1
3175,0.9268282370274441
3176,1
3177,0.9041005415868895
3178,0.9924049721376991
3179,1
3180,1
3181,0.960473993748949
3182,0.9002571508472601
3183,1
3184,0.9412096188653025
3185,1
3186,1
3187,0.9076899405635637
3188,0.9131024994045092
3189,1
3190,0.9825559015549896
3191,1
3192,1
3193,1
3194,0.7653421764226821
3195,1
3196,1
3197,1
3198,0.6185714240128564
3199,0.890932652982159
3200,1
3201,0.9740504365406069
3202,1
3203,1
3204,0.9740504365406069
3205,1
3206,1
3207,1
3208,1
3209,1
3210,0.9698976252633799
3211,1
3212,1
3213,0.8498610253784903
3214,1
3215,1
3216,0.927205078144574
3217,0.872417425720497
3218,1
3219,1
3220,0.9002571508472601
3221,1
3222,1
3223,0.9825559015549896
3224,1
3225,1
3226,1
3227,1
3228,1
3229,0.8322268604856979
3230,1
3231,1
3232,1
3233,1
3234,1
3235,1
3236,1
3237,1
3238,1
3239,1
3240,1
3241,0.9510023780363578
3242,1
3243,1
3244,1
3245,0.952238581019351
3246,0.6716084227884679
3247,0.9876612416190321
3248,0.9628936004251474
3249,0.8669864360293214
3250,1
3251,0.9565116537184474
3252,1
3253,1
3254,0.9968430762781008
3255,1
3256,1
3257,1
3258,1
3259,0.9900744607435069
3260,1
3261,1
3262,1
3263,0.9441728953374794
3264,1
3265,1
3266,0.9351110654707856
3267,1
3268,1
3269,0.9770147563321826
3270,0.9825559015549896
3271,1
3272,0.9333374360300535
3273,1
3274,1
3275,0.9126389259700927
3276,1
3277,1
3278,1
3279,0.9010995041225268
3280,1
3281,1
3282,1
3283,1
3284,1
3285,1
3286,0.9749608736926888
3287,1
3288,0.9989614609837535
3289,1
3290,1
3291,0.9989614609837535
3292,1
3293,0.9423906517238082
3294,0.7998468128683405
3295,1
3296,1
3297,1
3298,0.9775628702003074
3299,0.8867443134638314
3300,0.9722503423331362
3301,1
3302,1
3303,0.9777357023625389
3304,0.9624012717504269
3305,0.8189414589604984
3306,1
3307,0.8133596502517693
3308,1
3309,0.8452042579392905
3310,1
3311,0.8758105888378835
3312,0.964174901191159
3313,1
3314,0.952238581019351
3315,1
3316,0.5865955798156085
3317,1
3318,1
3319,1
3320,0.4949879342564883
3321,0.8659533169283362
3322,1
3323,1
3324,0.9740504365406069
3325,1
3326,0.8517868061538196
3327,1
3328,1
3329,1
3330,1
3331,0.8879218117470229
3332,0.33506242378142176
3333,1
3334,0.9507815344750637
3335,1
3336,1
3337,1
3338,1
3339,1
3340,1
3341,1
3342,1
3343,1
3344,0.9585974058986586
3345,1
3346,1
3347,1
3348,0.8684352892895656
3349,1
3350,0.9676523251498593
3351,0.9851578980626085
3352,0.8166501243236343
3353,0.8758105888378835
3354,1
3355,0.7923094996940439
3356,0.9876612416190321
3357,1
3358,0.3198088959383692
3359,0.952238581019351
3360,1
3361,0.9851578980626085
3362,0.8135557543021374
3363,1
3364,1
3365,0.960473993748949
3366,1
3367,1
3368,0.9892480484157999
3369,0.275401117416931
3370,1
3371,0.9565116537184474
3372,0.8079291789170285
3373,1
3374,0.9051410752309912
3375,0.9824794328812061
3376,1
3377,0.7501181762257504
3378,1
3379,0.6683121724441046
3380,0.882471240764735
3381,0.9528789658866482
3382,1
3383,0.9424713473879602
3384,1
3385,1
3386,1
3387,0.7501181762257504
3388,1
3389,0.34460487704408893
3390,1
3391,1
3392,1
3393,1
3394,0.9511709237315541
3395,1
3396,1
3397,1
3398,0.952238581019351
3399,0.9002571508472601
3400,0.7468244840071132
3401,1
3402,0.6185872262717712
3403,1
3404,1
3405,1
3406,1
3407,0.9511709237315541
3408,1
3409,1
3410,1
3411,0.7705205172451948
3412,1
3413,0.9749608736926888
3414,1
3415,1
3416,1
3417,1
3418,0.9373964790819593
3419,1
3420,1
3421,1
3422,1
3423,1
3424,1
3425,0.567572009259258
3426,1
3427,1
3428,1
3429,1
3430,0.9087502347377983
3431,0.9002571508472601
3432,1
3433,0.9225666260562072
3434,0.9373964790819593
3435,1
3436,0.6368619595961764
3437,1
3438,1
3439,1
3440,0.9924049721376991
3441,0.915043855920416
3442,1
3443,1
3444,0.8758105888378835
3445,1
3446,0.9445213681466521
3447,1
3448,1
3449,1
3450,0.9474976953452965
3451,1
3452,0.9900744607435069
3453,0.9424713473879602
3454,0.9131024994045092
3455,1
3456,0.9740504365406069
3457,1
3458,1
3459,0.5927157967464401
3460,0.964174901191159
3461,0.6103995215207348
3462,0.6965315717787105
3463,1
3464,1
3465,0.9740504365406069
3466,1
3467,0.979845370195437
3468,1
3469,1
3470,1
3471,1
3472,0.9676523251498593
3473,0.7158882949272881
3474,1
3475,1
3476,1
3477,0.43808511397962363
3478,1
3479,1
3480,0.8650379734441676
3481,1
3482,0.9475888878684422
3483,1
3484,1
3485,1
3486,1
3487,0.8304898105926442
3488,0.9002571508472601
3489,1
3490,1
3491,0.9936207309968602
3492,1
3493,0.9709361642796265
3494,1
3495,1
3496,1
3497,1
3498,0.8902804256738054
3499,0.9206865549096062
3500,0.979845370195437
3501,0.8452042579392905
3502,0.8801025210426973
3503,1
3504,0.2906278264047498
3505,0.9989614609837535
3506,0.6194028988350369
3507,0.9475888878684422
3508,1
3509,1
3510,0.9573170700270499
3511,1
3512,1
3513,0.9709361642796265
3514,1
3515,1
3516,0.9078882170500195
3517,1
3518,1
3519,0.7848349096459396
3520,1
3521,1
3522,0.8573436143523997
3523,1
3524,0.8079421427087877
3525,1
3526,1
3527,1
3528,0.7815895991035492
3529,1
3530,1
3531,0.9577267858933664
3532,1
3533,0.7754528856896543
3534,0.794660141965549
3535,0.9851578980626085
3536,1
3537,1
3538,1
3539,0.9475888878684422
3540,1
3541,1
3542,1
3543,0.8990624831784348
3544,1
3545,1
3546,0.9900744607435069
3547,0.8663516566305742
3548,0.6683121724441046
3549,0.5349366109135466
3550,1
3551,0.922001357152416
3552,0.9518361428101912
3553,0.8513223437200496
3554,0.8677214098265158
3555,1
3556,1
3557,0.45668427535044265
3558,0.9439480618039867
3559,1
3560,1
3561,1
3562,1
3563,0.954249361934666
3564,0.8758105888378835
3565,1
3566,0.9676523251498593
3567,0.9841193590463618
3568,1
3569,0.9146770915901851
3570,0.9740504365406069
3571,1
3572,0.9072047964950979
3573,1
3574,1
3575,1
3576,1
3577,1
3578,1
3579,1
3580,1
3581,1
3582,1
3583,0.5823753253997646
3584,1
3585,0.9968430762781008
3586,1
3587,0.9552985725628466
3588,0.7158882949272881
3589,1
3590,1
3591,1
3592,1
3593,1
3594,1
3595,1
3596,0.9749608736926888
3597,0.7705205172451948
3598,0.9518361428101912
3599,1
3600,0.9968430762781008
3601,1
3602,0.9851578980626085
3603,0.7786956041974531
3604,0.7760677396851436
3605,1
3606,1
3607,1
3608,1
3609,1
3610,0.5485289895351264
3611,1
3612,0.8022250516885168
3613,1
3614,1
3615,1
3616,1
3617,1
3618,1
3619,1
3620,1
3621,1
3622,1
3623,0.8828130524022498
3624,1
3625,1
3626,1
3627,1
3628,0.9134382625034946
3629,1
3630,1
3631,0.8728408337166909
3632,0.960473993748949
3633,1
3634,1
3635,1
3636,0.9900744607435069
3637,0.8758105888378835
3638,0.9002571508472601
3639,0.8682155609755827
3640,0.8223406459231449
3641,1
3642,0.943134356321233
3643,1
3644,0.9876612416190321
3645,1
3646,1
3647,0.960473993748949
3648,1
3649,0.9825559015549896
3650,0.9709361642796265
3651,1
3652,1
3653,0.979845370195437
3654,0.8653410804238603
3655,1
3656,0.9968430762781008
3657,1
3658,1
3659,0.46559339729262417
3660,1
3661,0.9761766325518499
3662,1
3663,1
3664,1
3665,0.8667762827960329
3666,0.9502082267048491
3667,0.9869175370216076
3668,0.8517253744778437
3669,0.8758105888378835
3670,1
3671,0.9414328083717136
3672,1
3673,1
3674,1
3675,1
3676,1
3677,0.8758105888378835
3678,0.8555738467924694
3679,0.8727040071333443
3680,1
3681,1
3682,1
3683,0.8570608967728282
3684,1
3685,0.9565116537184474
3686,1
3687,1
3688,0.8322268604856979
3689,1
3690,0.9740504365406069
3691,0.9002571508472601
3692,0.960473993748949
3693,1
3694,1
3695,1
3696,0.8225413915840324
3697,0.8003881736700336
3698,0.9740504365406069
3699,1
3700,1
3701,1
3702,0.9770147563321826
3703,1
3704,1
3705,1
3706,1
3707,0.943134356321233
3708,1
3709,0.9675066118144694
3710,1
3711,1
3712,0.9131024994045092
3713,1
3714,1
3715,1
3716,0.9851578980626085
3717,1
3718,0.9131024994045092
3719,0.9367537762839373
3720,0.9825559015549896
3721,1
3722,0.7745954610996886
3723,1
3724,1
3725,0.7760677396851436
3726,0.5563287916398404
3727,1
3728,0.8632373843695939
3729,1
3730,0.8136331506899659
3731,1
3732,0.937663348611949
3733,1
3734,1
3735,1
3736,0.9876612416190321
3737,1
3738,0.9900744607435069
3739,0.9676523251498593
3740,0.952238581019351
3741,1
3742,1
3743,1
3744,1
3745,0.7494617869306864
3746,0.9453880275123984
3747,1
3748,1
3749,0.5736757400274686
3750,1
3751,0.9989614609837535
3752,1
3753,0.9043802298602983
3754,1
3755,1
3756,0.9876612416190321
3757,1
3758,1
3759,0.9131024994045092
3760,0.9709361642796265
3761,1
3762,0.8424575322254177
3763,0.9573170700270499
3764,1
3765,1
3766,0.6089332392434664
3767,1
3768,0.9002571508472601
3769,0.964174901191159
3770,1
3771,0.8990624831784348
3772,1
3773,1
3774,0.8636042159300029
3775,1
3776,0.9633411364173258
3777,0.9573170700270499
3778,1
3779,0.9002571508472601
3780,0.8966170625968141
3781,1
3782,1
3783,0.9770147563321826
3784,1
3785,0.9847337307566136
3786,0.84896234510384
3787,1
3788,0.9740504365406069
3789,1
3790,0.952238581019351
3791,0.9876612416190321
3792,1
3793,1
3794,1
3795,1
3796,0.9302326597453842
3797,1
3798,0.9274478179980737
3799,1
3800,0.9553750412366303
3801,0.9320839512147882
3802,0.8990776854835568
3803,0.9851578980626085
3804,1
3805,1
3806,1
3807,1
3808,1
3809,0.8079421427087877
3810,1
3811,0.9367537762839373
3812,0.9924049721376991
3813,1
3814,0.8064914456253969
3815,0.9633411364173258
3816,1
3817,1
3818,0.8802951731148432
3819,0.9958045372618541
3820,0.9676523251498593
3821,1
3822,0.38544972590180404
3823,1
3824,1
3825,1
3826,1
3827,0.960473993748949
3828,0.4615703315677514
3829,1
3830,0.8934859258407576
3831,1
3832,1
3833,0.745100505891559
3834,0.9131024994045092
3835,0.12446401795831219
3836,1
3837,0.9347944825743407
3838,0.8594647642208368
3839,0.9031769601480161
3840,0.9777357023625389
3841,1
3842,1
3843,0.944667081482042
3844,1
3845,1
3846,1
3847,0.8498610253784903
3848,1
3849,0.8498610253784903
3850,1
3851,0.9968430762781008
3852,0.9851578980626085
3853,1
3854,1
3855,1
3856,1
3857,1
3858,0.9467308027461487
3859,1
3860,1
3861,1
3862,0.8556559590333207
3863,1
3864,0.838946951012796
3865,0.979845370195437
3866,0.8521689944314813
3867,0.600238763855129
3868,1
3869,1
3870,1
3871,1
3872,0.9676523251498593
3873,0.45858492840849924
3874,1
3875,1
3876,0.9456922637299021
3877,0.9728191396816405
3878,0.9709361642796265
3879,1
3880,1
3881,1
3882,0.8955879474882031
3883,1
3884,0.8810005770709346
3885,0.8669864360293214
3886,0.9770147563321826
3887,1
3888,1
3889,1
3890,1
3891,1
3892,1
3893,1
3894,1
3895,0.9131024994045092
3896,1
3897,1
3898,1
3899,1
3900,0.9120336373277153
3901,1
3902,0.8668985657073691
3903,0.9131024994045092
3904,1
3905,1
3906,1
3907,0.7468244840071132
3908,1
3909,1
3910,0.9475888878684422
3911,1
3912,0.9475888878684422
3913,1
3914,1
3915,1
3916,1
3917,1
3918,0.4115698666392986
3919,1
3920,1
3921,1
3922,1
3923,1
3924,0.9367537762839373
3925,1
3926,1
3927,1
3928,0.9770147563321826
3929,1
3930,1
3931,0.47872330117518136
3932,1
3933,1
3934,1
3935,0.9770147563321826
3936,0.9131024994045092
3937,1
3938,1
3939,0.9876612416190321
3940,0.35804276392698076
3941,1
3942,0.9511709237315541
3943,1
3944,1
3945,0.9900744607435069
3946,0.9770147563321826
3947,1
3948,1
3949,0.9302326597453842
3950,0.6638987311160602
3951,1
3952,1
3953,1
3954,0.9178939013644162
3955,1
3956,1
3957,0.8494658689105273
3958,1
3959,1
3960,1
3961,1
3962,1
3963,1
3964,0.9809624353244625
3965,1
3966,1
3967,1
3968,0.9051410752309912
3969,1
3970,1
3971,1
3972,1
3973,1
3974,0.9709361642796265
3975,0.9424713473879602
3976,0.8617017719051074
3977,1
3978,1
3979,1
3980,1
3981,1
3982,1
3983,0.9292533373515337
3984,0.8824753509013652
3985,0.9320839512147882
3986,1
3987,0.964174901191159
3988,1
3989,1
3990,0.9851578980626085
3991,0.7541013365743318
3992,0.979845370195437
3993,0.9367537762839373
3994,0.5236375247935717
3995,0.8069419954674045
3996,0.9749608736926888
3997,1
3998,0.98286877941266
3999,1
4000,1
4001,1
4002,1
4003,0.8003881736700336
4004,1
4005,1
4006,1
4007,1
4008,0.7614348743621632
4009,1
4010,1
4011,0.8150337816312075
4012,0.579844922778555
4013,0.8182819362258437
4014,1
4015,1
4016,1
4017,1
4018,0.979845370195437
4019,1
4020,0.9102278676752396
4021,0.9946592700131068
4022,0.9318272263410183
4023,1
4024,1
4025,1
4026,1
4027,1
4028,1
4029,1
4030,0.9989614609837535
4031,1
4032,1
4033,0.40987534658270874
4034,1
4035,1
4036,0.5552114508571884
4037,1
4038,0.9900744607435069
4039,1
4040,0.9740504365406069
4041,0.8792251236718974
4042,1
4043,0.979845370195437
4044,0.9565116537184474
4045,0.9318272263410183
4046,0.8433351591498933
4047,0.9698976252633799
4048,1
4049,1
4050,1
4051,1
4052,1
4053,0.9968430762781008
4054,0.9430298953039388
4055,0.9924049721376991
4056,0.9552985725628466
4057,0.7791781512554335
4058,1
4059,1
4060,0.9770147563321826
4061,1
4062,1
4063,0.9318272263410183
4064,0.9735402396243932
4065,1
4066,0.9851578980626085
4067,1
4068,1
4069,1
4070,0.8345587859204963
4071,1
4072,1
4073,1
4074,0.5368732637738628
4075,1
4076,0.7889130882423926
4077,1
4078,1
4079,0.5453840597252579
4080,1
4081,1
4082,1
4083,0.882471240764735
4084,1
4085,1
4086,1
4087,1
4088,0.9946592700131068
4089,1
4090,1
4091,0.8556559590333207
4092,0.9002571508472601
4093,1
4094,1
4095,1
4096,1
4097,0.6103995215207348
4098,1
4099,1
4100,1
4101,1
4102,1
4103,1
4104,1
4105,1
4106,1
4107,1
4108,1
4109,1
4110,0.979845370195437
4111,1
4112,1
4113,0.7957264227482751
4114,1
4115,1
4116,0.9475888878684422
4117,1
4118,0.9002571508472601
4119,1
4120,1
4121,0.9194097023343079
4122,1
4123,1
4124,0.9740504365406069
4125,1
4126,1
4127,0.9367537762839373
4128,1
4129,0.8399854900290427
4130,1
4131,1
4132,0.8606021460741148
4133,1
4134,1
4135,1
4136,1
4137,0.8782697446559555
4138,1
4139,1
4140,0.34460487704408893
4141,0.8365812451717305
4142,1
4143,1
4144,1
4145,0.2426719729727812
4146,0.9318272263410183
4147,1
4148,0.9851578980626085
4149,0.8556559590333207
4150,1
4151,1
4152,0.9504808575244802
4153,1
4154,0.9890359217272603
4155,0.8632373843695939
4156,1
4157,0.8174073476142516
4158,0.960473993748949
4159,0.9164134822105101
4160,1
4161,1
4162,1
4163,1
4164,1
4165,0.9847337307566136
4166,0.3909986344948699
4167,1
4168,1
4169,0.7496837445762397
4170,0.6734043501040883
4171,1
4172,0.915043855920416
4173,0.8903316115907669
4174,0.9090851335215729
4175,1
4176,1
4177,1
4178,0.9002571508472601
4179,1
4180,0.7223928502581837
4181,1
4182,1
4183,0.9367537762839373
4184,1
4185,1
4186,1
4187,1
4188,0.9892480484157999
4189,0.6114500763405306
4190,0.8758105888378835
4191,0.45668427535044265
4192,1
4193,1
4194,1
4195,0.7307597926823625
4196,0.6103995215207348
4197,1
4198,0.9131024994045092
4199,1
4200,1
4201,1
4202,1
4203,1
4204,0.6188228369963772
4205,1
4206,0.952238581019351
4207,0.9302326597453842
4208,1
4209,1
4210,0.9924049721376991
4211,1
4212,0.8246750649671906
4213,1
4214,1
4215,1
4216,0.8902189512060666
4217,0.7916426539516063
4218,0.9424713473879602
4219,1
4220,1
4221,1
4222,1
4223,0.7158882949272881
4224,1
4225,0.5494884482834556
4226,1
4227,0.6584511101279265
4228,1
4229,0.9740504365406069
4230,1
4231,0.7200953564356062
4232,1
4233,1
4234,0.9740504365406069
4235,0.9268282370274441
4236,1
4237,1
4238,1
4239,1
4240,0.9676523251498593
4241,0.9178939013644162
4242,0.964174901191159
4243,0.9120639603882625
4244,1
4245,1
4246,1
4247,1
4248,0.9367537762839373
4249,0.9268282370274441
4250,1
4251,0.9825559015549896
4252,0.6144591078728968
4253,1
4254,1
4255,0.9565116537184474
4256,0.952238581019351
4257,0.9194861037201429
4258,0.9841193590463618
4259,0.5010021958424691
4260,0.9946592700131068
4261,1
4262,1
4263,0.8149047544114334
4264,0.9565116537184474
4265,0.9740504365406069
4266,1
4267,0.960473993748949
4268,1
4269,1
4270,1
4271,1
4272,0.275401117416931
4273,1
4274,1
4275,0.9946592700131068
4276,1
4277,1
4278,0.7468244840071132
4279,0.629870482259983
4280,1
4281,1
4282,1
4283,0.9676523251498593
4284,0.8489001911604246
4285,1
4286,0.7585763721681948
4287,0.9302326597453842
4288,0.9676523251498593
4289,0.8583664903928733
4290,1
4291,1
4292,0.9989614609837535
4293,0.9900744607435069
4294,0.9989614609837535
4295,0.8233994767063256
4296,0.9825559015549896
4297,1
4298,0.979845370195437
4299,1
4300,1
4301,1
4302,1
4303,1
4304,0.9475888878684422
4305,1
4306,0.38544972590180404
4307,0.9851578980626085
4308,0.3911738046150484
4309,1
4310,1
4311,1
4312,1
4313,0.9302326597453842
4314,0.962172654394791
4315,1
4316,0.49835737535708935
4317,1
4318,1
4319,1
4320,1
4321,1
4322,1
4323,1
4324,0.9814408938649595
4325,1
4326,0.6188228369963772
4327,0.9170538670778072
4328,1
4329,1
4330,1
4331,1
4332,0.9624012717504269
4333,0.9766884464735379
4334,1
4335,0.979845370195437
4336,1
4337,1
4338,0.8862266513492273
4339,1
4340,1
4341,1
4342,1
4343,1
4344,1
4345,1
4346,1
4347,1
4348,1
4349,0.9087502347377983
4350,0.9269640647891894
4351,0.9900744607435069
4352,1
4353,0.9851578980626085
4354,1
4355,1
4356,0.9740504365406069
4357,1
4358,1
4359,1
4360,1
4361,1
4362,1
4363,0.7396025728407133
4364,1
4365,0.7545096253416547
4366,1
4367,0.9946592700131068
4368,1
4369,0.8800743189229754
4370,1
4371,1
4372,0.9876612416190321
4373,0.9474976953452965
4374,0.9709361642796265
4375,0.9403193639443862
4376,1
4377,1
4378,1
4379,1
4380,1
4381,1
4382,1
4383,1
4384,1
4385,0.915043855920416
4386,0.9851578980626085
4387,0.979845370195437
4388,0.9058776628816252
4389,1
4390,0.5966171605126928
4391,0.7256728338922941
4392,1
4393,1
4394,1
4395,1
4396,1
4397,1
4398,1
4399,1
4400,0.8227084398703414
4401,0.9302326597453842
4402,1
4403,1
4404,1
4405,1
4406,1
4407,1
4408,0.922001357152416
4409,1
4410,0.9244150179029693
4411,1
4412,1
4413,0.9302326597453842
4414,0.9946592700131068
4415,0.843317200652353
4416,1
4417,0.9825559015549896
4418,0.9900744607435069
4419,1
4420,0.8638411288028187
4421,1
4422,1
4423,1
4424,1
4425,0.4833532768953458
4426,1
4427,1
4428,0.7468244840071132
4429,1
4430,0.9424713473879602
4431,1
4432,1
4433,1
4434,1
4435,1
4436,1
4437,0.8758105888378835
4438,1
4439,0.9752323588061153
4440,1
4441,1
4442,0.9900744607435069
4443,1
4444,1
4445,1
4446,0.813125537818656
4447,1
4448,1
4449,1
4450,1
4451,0.9393144236660609
4452,1
4453,1
4454,0.987064242150806
4455,1
4456,1
4457,1
4458,1
4459,1
4460,0.9989614609837535
4461,0.6305543129859397
4462,0.9120639603882625
4463,0.9820009743407091
4464,0.8758105888378835
4465,1
4466,0.8729251359289573
4467,0.47872330117518136
4468,1
4469,1
4470,1
4471,1
4472,1
4473,0.952238581019351
4474,1
4475,0.8826130883001485
4476,1
4477,0.9924049721376991
4478,1
4479,1
4480,1
4481,1
4482,1
4483,0.9738578326102835
4484,1
4485,1
4486,0.9740504365406069
4487,0.7003855657072279
4488,1
4489,1
4490,1
4491,1
4492,0.9936207309968602
4493,1
4494,0.8304898105926442
4495,1
4496,0.8696141531229564
4497,0.42028034953025767
4498,0.9666137861336129
4499,1
4500,0.9198392302015785
4501,1
4502,0.8223406459231449
4503,1
4504,0.9770147563321826
4505,1
4506,1
4507,1
4508,1
4509,0.9946592700131068
4510,0.7515845569862061
4511,1
4512,1
4513,0.8635063751067392
4514,1
4515,1
4516,0.8376536299292195
4517,0.9958045372618541
4518,1
4519,0.8356691254607166
4520,0.8834845790300859
4521,1
4522,1
4523,0.8669864360293214
4524,0.9164134822105101
4525,0.5865955798156085
4526,1
4527,0.6340785749642662
4528,1
4529,1
4530,1
4531,0.8408138570959292
4532,0.9002571508472601
4533,0.6414088201090038
4534,0.7606222188922314
4535,1
4536,1
4537,0.9770147563321826
4538,0.8607311445962091
4539,0.8679094759971194
4540,1
4541,1
4542,1
4543,1
4544,0.7016743265233142
4545,1
4546,1
4547,0.9847337307566136
4548,0.9740504365406069
4549,1
4550,0.829671450410515
4551,1
4552,1
4553,0.6114057962278361
4554,0.9770147563321826
4555,1
4556,0.9770147563321826
4557,1
4558,1
4559,0.9968430762781008
4560,1
4561,0.9601187717552973
4562,0.9729432401561668
4563,1
4564,1
4565,0.8233994767063256
4566,1
4567,1
4568,1
4569,1
4570,0.9553750412366303
4571,1
4572,0.9892480484157999
4573,1
4574,1
4575,1
4576,0.8304898105926442
4577,0.8555738467924694
4578,1
4579,1
4580,0.8581311004700226
4581,1
4582,1
4583,0.9363570239138845
4584,1
4585,0.6242203282961891
4586,0.7835351129566991
4587,0.8536727480080925
4588,1
4589,0.960473993748949
4590,1
4591,1
4592,0.979845370195437
4593,0.9302326597453842
4594,1
4595,0.8334485633155726
4596,0.8663516566305742
4597,1
4598,1
4599,0.5865955798156085
4600,0.9131024994045092
4601,0.9475888878684422
4602,0.275401117416931
4603,1
4604,1
4605,1
4606,0.9332609673562697
4607,1
4608,1
4609,0.962172654394791
4610,0.9851578980626085
4611,0.8125643651218207
4612,0.8871384288700024
4613,0.9766884464735379
4614,1
4615,0.48894181961269545
4616,0.9268282370274441
4617,1
4618,1
4619,1
4620,1
4621,1
4622,0.9002571508472601
4623,1
4624,0.9946592700131068
4625,0.5865955798156085
4626,1
4627,1
4628,0.8758105888378835
4629,1
4630,1
4631,0.9989614609837535
4632,1
4633,1
4634,1
4635,1
4636,0.9968430762781008
4637,1
4638,0.9475888878684422
4639,0.9968430762781008
4640,1
4641,1
4642,0.8833041251361328
4643,1
4644,1
4645,0.8685219879492048
4646,0.9573170700270499
4647,0.9314101580285756
4648,0.45668427535044265
4649,0.8225413915840324
4650,0.9565116537184474
4651,1
4652,0.8738843936850044
4653,0.1595087096606049
4654,0.7608333877417857
4655,1
4656,1
4657,1
4658,1
4659,0.7985268003685082
4660,1
4661,1
4662,1
4663,0.2741091217441696
4664,1
4665,0.9924049721376991
4666,0.9002571508472601
4667,1
4668,1
4669,0.862469293539203
4670,1
4671,1
4672,0.6780457817008168
4673,0.9002571508472601
4674,0.7529033661640822
4675,0.9989614609837535
4676,0.8778215476138262
4677,0.9120336373277153
4678,1
4679,1
4680,0.9164134822105101
4681,0.8607311445962091
4682,1
4683,1
4684,0.9924049721376991
4685,1
4686,0.979845370195437
4687,1
4688,1
4689,1
4690,1
4691,1
4692,1
4693,0.960473993748949
4694,0.9424713473879602
4695,1
4696,1
4697,1
4698,1
4699,1
4700,0.9205927655042463
4701,0.8758105888378835
4702,0.9851578980626085
4703,1
4704,0.9084249143607583
4705,0.9518361428101912
4706,1
4707,1
4708,0.9002571508472601
4709,0.9847337307566136
4710,1
4711,1
4712,0.5670822463860196
4713,0.8790782797746545
4714,0.9241639788683065
4715,1
4716,0.8695354829155412
4717,1
4718,1
4719,0.9565116537184474
4720,1
4721,1
4722,0.9602916039175288
4723,0.9676523251498593
4724,0.9002571508472601
4725,1
4726,1
4727,0.6058817818189177
4728,0.4949879342564883
4729,1
4730,0.9824794328812061
4731,0.9565116537184474
4732,0.9475888878684422
4733,1
4734,1
4735,1
4736,1
4737,1
4738,1
4739,0.9131024994045092
4740,1
4741,0.8828130524022498
4742,1
4743,0.9225666260562072
4744,1
4745,1
4746,1
4747,0.9676523251498593
4748,1
4749,0.9131024994045092
4750,0.9709361642796265
4751,0.831347583206347
4752,1
4753,0.6584511101279265
4754,0.8395171669045822
4755,1
4756,0.979845370195437
4757,0.9740504365406069
4758,1
4759,1
4760,1
4761,1
4762,1
4763,1
4764,0.8699191653860339
4765,1
4766,0.8050639261894174
4767,0.9698976252633799
4768,1
4769,0.9793989778330905
4770,1
4771,1
4772,1
4773,0.9946592700131068
4774,0.964174901191159
4775,0.8145753238977634
4776,0.9302326597453842
4777,1
4778,1
4779,0.8467443297121299
4780,0.7188855662044128
4781,0.9002571508472601
4782,1
4783,1
4784,1
4785,1
4786,0.9709361642796265
4787,0.12446401795831219
4788,0.9270772697016418
4789,1
4790,0.5552912231097396
4791,1
4792,0.9044844249354965
4793,0.9968430762781008
4794,1
4795,1
4796,1
4797,1
4798,1
4799,0.9367537762839373
4800,0.780311511273469
4801,1
4802,1
4803,1
4804,1
4805,0.5547940578133539
4806,1
4807,0.8955879474882031
4808,1
4809,0.9825559015549896
4810,1
4811,0.9989614609837535
4812,0.38649806162703876
4813,1
4814,0.7821717878577928
4815,1
4816,0.9968430762781008
4817,1
4818,0.9219116743465456
4819,1
4820,1
4821,1
4822,0.8150337816312075
4823,1
4824,0.7082293008608821
4825,0.8555738467924694
4826,0.7530824960173264
4827,0.9051410752309912
4828,1
4829,0.9946592700131068
4830,1
4831,1
4832,0.8798874929141096
4833,1
4834,1
4835,1
4836,1
4837,0.7117847265616775
4838,1
4839,1
4840,1
4841,1
4842,0.6965315717787105
4843,0.9924049721376991
4844,1
4845,1
4846,1
4847,1
4848,0.8758105888378835
4849,1
4850,0.8900602352564023
4851,0.9676523251498593
4852,1
4853,0.9442411149478904
4854,1
4855,1
4856,1
4857,0.9740504365406069
4858,1
4859,1
4860,1
4861,1
4862,0.9851578980626085
4863,0.9728191396816405
4864,1
4865,0.9002571508472601
4866,0.7384898014148126
4867,1
4868,0.9946592700131068
4869,1
4870,0.8772719071794428
4871,1
4872,1
4873,1
4874,1
4875,1
4876,0.7496837445762397
4877,0.964174901191159
4878,1
4879,0.7856512508029162
4880,1
4881,0.856132394708448
4882,1
4883,1
4884,1
4885,1
4886,1
4887,0.9876612416190321
4888,1
4889,0.9825559015549896
4890,0.9876612416190321
4891,1
4892,1
4893,0.9851578980626085
4894,0.9424713473879602
4895,0.979845370195437
4896,1
4897,0.9722503423331362
4898,1
4899,0.9740504365406069
4900,1
4901,0.6224877564835952
4902,0.9002571508472601
4903,0.9740504365406069
4904,1
4905,1
4906,0.9225666260562072
4907,1
4908,1
4909,0.9876612416190321
4910,0.1787860274607283
4911,1
4912,1
4913,1
4914,0.9302326597453842
4915,1
4916,0.9131024994045092
4917,0.9169856474673964
4918,1
4919,1
4920,1
4921,0.1478345244404042
4922,1
4923,0.9002571508472601
4924,0.9759762173159362
4925,1
4926,0.672027852476494
4927,1
4928,1
4929,0.952238581019351
4930,1
4931,0.9475888878684422
4932,0.9131024994045092
4933,0.9475888878684422
4934,1
4935,1
4936,1
4937,1
4938,0.8089915590924875
4939,0.9900744607435069
4940,1
4941,0.9676523251498593
4942,1
4943,0.92502724894295
4944,1
4945,1
4946,1
4947,0.9446435531570502
4948,0.8439011216231124
4949,1
4950,1
4951,1
4952,0.9740504365406069
4953,1
4954,0.275401117416931
4955,1
4956,0.8998274688877933
4957,1
4958,1
4959,1
4960,1
4961,1
4962,1
4963,1
4964,1
4965,0.8701555139246495
4966,1
4967,1
4968,1
4969,0.5318822296304637
4970,1
4971,1
4972,0.9030201154944146
4973,0.9422481578815489
4974,1
4975,1
4976,0.9565116537184474
4977,0.8225413915840324
4978,1
4979,1
4980,1
4981,1
4982,1
4983,1
4984,0.8801025210426973
4985,0.9900744607435069
4986,1
4987,0.9225666260562072
4988,0.8871384288700024
4989,0.747684142572181
4990,0.8891993133045023
4991,1
4992,1
4993,1
4994,0.9565116537184474
4995,0.8955879474882031
4996,1
4997,1
4998,0.24452838630835583
4999,0.9709361642796265
5000,0.9542600335465999
5001,0.7970656016414195
5002,1
5003,0.9815173625387432
5004,1
5005,1
5006,1
5007,0.9851578980626085
5008,0.9002571508472601
5009,1
5010,0.9002571508472601
5011,1
5012,0.9709361642796265
5013,0.8778215476138262
5014,0.9565116537184474
5015,1
5016,0.6734043501040883
5017,1
5018,1
5019,1
5020,1
5021,1
5022,0.9946592700131068
5023,1
5024,1
5025,0.960473993748949
5026,1
5027,1
5028,1
5029,1
5030,0.9565116537184474
5031,1
5032,1
5033,1
5034,0.8555738467924694
5035,0.9968430762781008
5036,0.8225413915840324
5037,1
5038,1
5039,0.9120639603882625
5040,0.7699983128560622
5041,1
5042,0.7114797142986
5043,0.8650379734441676
5044,1
5045,0.9876612416190321
5046,0.9169856474673964
5047,0.8568825828021023
5048,1
5049,0.9367428989164839
5050,0.979845370195437
5051,0.7435923099971533
5052,1
5053,0.9740504365406069
5054,1
5055,0.5239141957133067
5056,0.6898102129327887
5057,0.9968430762781008
5058,1
5059,1
5060,0.9302326597453842
5061,1
5062,1
5063,1
5064,0.8974608360880186
5065,1
5066,1
5067,1
5068,0.7898335861809971
5069,0.9565116537184474
5070,1
5071,1
5072,1
5073,1
5074,0.10993976474359775
5075,1
5076,1
5077,0.9676523251498593
5078,1
5079,1
5080,1
5081,1
5082,1
5083,1
5084,1
5085,0.8889923573032882
5086,1
5087,1
5088,1
5089,1
5090,1
5091,1
5092,1
5093,0.9709361642796265
5094,0.9302326597453842
5095,1
5096,0.5010021958424691
5097,0.9367537762839373
5098,1
5099,0.7908759340196411
5100,1
5101,1
5102,1
5103,0.6162758191729328
5104,0.9467308027461487
5105,0.808557374768934
5106,0.5349366109135466
5107,0.8758105888378835
5108,0.8651089792710435
5109,0.9770147563321826
5110,1
5111,1
5112,1
5113,0.9414328083717136
5114,0.979845370195437
5115,1
5116,1
5117,0.960473993748949
5118,0.9989614609837535
5119,1
5120,1
5121,1
5122,1
5123,0.9445213681466521
5124,1
5125,0.9851578980626085
5126,0.9770147563321826
5127,1
5128,1
5129,0.979845370195437
5130,1
5131,0.7859125347082226
5132,1
5133,1
5134,1
5135,1
5136,1
5137,0.13753355130540937
5138,1
5139,1
5140,0.9126239317640477
5141,1
5142,1
5143,0.4504519555326235
5144,1
5145,0.819737859008444
5146,1
5147,1
5148,0.8137173945136776
5149,1
5150,1
5151,1
5152,0.952238581019351
5153,1
5154,1
5155,0.9876612416190321
5156,1
5157,0.9131024994045092
5158,1
5159,1
5160,1
5161,1
5162,0.9709361642796265
5163,1
5164,0.9655527828318143
5165,1
5166,0.9403193639443862
5167,0.9989614609837535
5168,1
5169,0.9413136040854719
5170,1
5171,1
5172,0.8169729628667067
5173,1
5174,1
5175,1
5176,1
5177,1
5178,0.9924049721376991
5179,0.960473993748949
5180,1
5181,0.8251490806057511
5182,0.8143990782673693
5183,1
5184,1
5185,1
5186,0.9502082267048491
5187,1
5188,1
5189,0.9766884464735379
5190,0.720877972666179
5191,1
5192,0.9900744607435069
5193,1
5194,1
5195,0.275401117416931
5196,0.9900744607435069
5197,0.7559489437219912
5198,0.9505484544924561
5199,0.9709361642796265
5200,1
5201,0.9709361642796265
5202,0.9989614609837535
5203,1
5204,1
5205,0.9924049721376991
5206,0.964174901191159
5207,0.9876612416190321
5208,0.9573170700270499
5209,0.8758105888378835
5210,1
5211,1
5212,0.9851578980626085
5213,0.9770147563321826
5214,0.9178939013644162
5215,1
5216,1
5217,0.9876612416190321
5218,1
5219,1
5220,1
5221,0.8227341369829837
5222,0.8767830085975796
5223,1
5224,1
5225,0.8120855005109167
5226,1
5227,0.9825559015549896
5228,1
5229,1
5230,1
5231,0.38544972590180404
5232,0.9528102232124677
5233,0.8810005770709346
5234,1
5235,1
5236,1
5237,1
5238,0.9989614609837535
5239,1
5240,1
5241,1
5242,1
5243,0.952238581019351
5244,1
5245,0.9900744607435069
5246,1
5247,0.9675066118144694
5248,0.9475888878684422
5249,1
5250,1
5251,0.9825559015549896
5252,0.8424575322254177
5253,1
5254,1
5255,1
5256,1
5257,1
5258,0.40172318233149845
5259,0.9225666260562072
5260,1
5261,0.275401117416931
5262,1
5263,0.736795298024808
5264,1
5265,1
5266,0.9968430762781008
5267,1
5268,1
5269,0.8221171115980752
5270,0.9876612416190321
5271,0.9225666260562072
5272,1
5273,0.7834843812084511
5274,1
5275,1
5276,1
5277,0.6331096090449221
5278,1
5279,0.9050934626996813
5280,0.954249361934666
5281,0.8225413915840324
5282,0.8978849848952436
5283,1
5284,1
5285,0.8555738467924694
5286,0.8555738467924694
5287,0.8768187742073382
5288,0.9302326597453842
5289,1
5290,0.9676523251498593
5291,1
5292,0.9424713473879602
5293,1
5294,0.9989614609837535
5295,0.9475888878684422
5296,1
5297,0.9475888878684422
5298,1
5299,1
5300,0.9489166258561463
5301,1
5302,0.9131024994045092
5303,1
5304,1
5305,0.8704742940212821
5306,0.9565116537184474
5307,1
5308,1
5309,0.979845370195437
5310,0.9740504365406069
5311,1
5312,1
5313,0.9565116537184474
5314,0.960473993748949
5315,1
5316,1
5317,1
5318,0.9325583135457913
5319,1
5320,1
5321,0.275401117416931
5322,1
5323,1
5324,0.7203416327830096
5325,0.9989614609837535
5326,0.9565116537184474
5327,1
5328,0.8133596502517693
5329,1
5330,1
5331,1
5332,1
5333,1
5334,1
5335,1
5336,0.8758105888378835
5337,0.4957662854888039
5338,1
5339,0.9946592700131068
5340,1
5341,1
5342,1
5343,1
5344,0.7705205172451948
5345,1
5346,1
5347,0.9770147563321826
5348,1
5349,1
5350,0.952238581019351
5351,0.8323222425563308
5352,1
5353,1
5354,1
5355,1
5356,1
5357,1
5358,1
5359,1
5360,0.9647999445133452
5361,1
5362,0.8058491915321249
5363,1
5364,0.8576804777434578
5365,1
5366,0.9565116537184474
5367,1
5368,1
5369,1
5370,1
5371,0.885835433581389
5372,0.952238581019351
5373,1
5374,1
5375,0.8513223437200496
5376,0.7435923099971533
5377,1
5378,0.6891702390896527
5379,1
5380,0.9839073184289067
5381,0.9505484544924561
5382,1
5383,1
5384,0.9302326597453842
5385,1
5386,0.9002571508472601
5387,1
5388,0.6605295513118481
5389,1
5390,0.9484563830190151
5391,0.924648894940108
5392,1
5393,0.8879218117470229
5394,1
5395,1
5396,1
5397,0.8650379734441676
5398,1
5399,1
5400,1
5401,0.8425053087288092
5402,1
5403,0.8827478248327708
5404,1
5405,1
5406,1
5407,1
5408,1
5409,1
5410,1
5411,1
5412,1
5413,1
5414,1
5415,0.9676523251498593
5416,0.8693903114644997
5417,1
5418,1
5419,1
5420,0.8986540807412318
5421,1
5422,0.4332932578252568
5423,1
5424,0.9367537762839373
5425,1
5426,0.5926095885818387
5427,1
5428,1
5429,1
5430,0.5310641100899492
5431,0.8123211112355226
5432,0.9475888878684422
5433,0.9131024994045092
5434,0.275401117416931
5435,0.8513223437200496
5436,1
5437,1
5438,1
5439,0.9367537762839373
5440,0.8514280745788142
5441,0.9475888878684422
5442,0.8758105888378835
5443,1
5444,1
5445,0.9002571508472601
5446,1
5447,1
5448,1
5449,0.9553750412366303
5450,1
5451,0.979845370195437
5452,0.9002571508472601
5453,1
5454,1
5455,1
5456,0.6056068099547147
5457,1
5458,1
5459,1
5460,0.9946592700131068
5461,1
5462,0.9225666260562072
5463,1
5464,0.9002571508472601
5465,1
5466,1
5467,1
5468,1
5469,1
5470,1
5471,1
5472,1
5473,0.857050019405375
5474,0.9709361642796265
5475,0.9676523251498593
5476,1
5477,1
5478,1
5479,0.7901730514395306
5480,0.9675066118144694
5481,0.7468244840071132
5482,0.952238581019351
5483,0.9518361428101912
5484,1
5485,0.9989614609837535
5486,0.8626403556347354
5487,1
5488,0.8757220175169658
5489,0.7735823425910805
5490,0.48894181961269545
5491,1
5492,1
5493,1
5494,0.9841193590463618
5495,0.964174901191159
5496,1
5497,0.964174901191159
5498,1
5499,0.964174901191159
5500,0.9968430762781008
5501,1
5502,1
5503,1
5504,1
5505,1
5506,1
5507,0.960473993748949
5508,1
5509,0.9475888878684422
5510,1
5511,1
5512,1
5513,0.9851578980626085
5514,1
5515,0.9002571508472601
5516,1
5517,0.952238581019351
5518,1
5519,0.9770147563321826
5520,0.9924049721376991
5521,1
5522,1
5523,1
5524,0.9676523251498593
5525,1
5526,1
5527,0.9676523251498593
5528,1
5529,0.6054737795410826
5530,1
5531,0.9825559015549896
5532,0.9825559015549896
5533,1
5534,0.9225666260562072
5535,0.9475888878684422
5536,0.9225666260562072
5537,1
5538,0.9059234957290863
5539,0.8573436143523997
5540,1
5541,0.7848349096459396
5542,1
5543,1
5544,0.8929196674802246
5545,0.9302326597453842
5546,0.7396025728407133
5547,0.5423469395403688
5548,1
5549,1
5550,0.979845370195437
5551,0.964675997951215
5552,1
5553,1
5554,1
5555,0.8452042579392905
5556,1
5557,0.915043855920416
5558,1
5559,0.915043855920416
5560,0.7597486413604034
5561,1
5562,1
5563,0.655899524271714
5564,1
5565,0.9565116537184474
5566,1
5567,0.5007292224491483
5568,1
5569,1
5570,0.979845370195437
5571,1
5572,1
5573,0.2741091217441696
5574,1
5575,1
5576,0.979845370195437
5577,0.9825559015549896
5578,0.9637614054970985
5579,0.9946592700131068
5580,1
5581,0.9876612416190321
5582,0.9631363621749126
5583,0.9367428989164839
5584,1
5585,1
5586,1
5587,1
5588,1
5589,1
5590,0.6683121724441046
5591,1
5592,1
5593,1
5594,1
5595,0.862469293539203
5596,0.9185250521480686
5597,1
5598,1
5599,1
5600,0.9825559015549896
5601,1
5602,0.5563804183029103
5603,0.6780457817008168
5604,0.964174901191159
5605,0.7409344771356887
5606,1
5607,1
5608,0.9318272263410183
5609,1
5610,0.9041005415868895
5611,0.9002571508472601
5612,0.8402095024032361
5613,1
5614,0.8908270704488368
5615,1
5616,0.8389828944831825
5617,0.7815895991035492
5618,0.964174901191159
5619,0.9424713473879602
5620,1
5621,0.8191024271000343
5622,1
5623,0.9489193035597069
5624,0.931609303423019
5625,0.9291941207291375
5626,1
5627,1
5628,1
5629,0.9989614609837535
5630,1
5631,0.979845370195437
5632,0.9946592700131068
5633,1
5634,1
5635,1
5636,0.9946592700131068
5637,1
5638,1
5639,1
5640,1
5641,1
5642,0.8985067275503915
5643,1
5644,1
5645,0.8758105888378835
5646,1
5647,1
5648,0.9652241118193398
5649,1
5650,1
5651,0.8660815872818327
5652,1
5653,1
5654,1
5655,1
5656,0.7230562856224312
5657,0.9968430762781008
5658,1
5659,0.9740504365406069
5660,0.9178939013644162
5661,0.6131647919029164
5662,0.33506242378142176
5663,1
5664,1
5665,1
5666,0.9352501294874744
5667,1
5668,0.9900744607435069
5669,1
5670,0.7983772148940907
5671,0.9851578980626085
5672,0.9184338596249231
5673,0.8424575322254177
5674,0.895626808057481
5675,1
5676,0.9180930527255295
5677,1
5678,0.987064242150806
5679,0.7921664814309598
5680,1
5681,1
5682,1
5683,1
5684,0.8634668020384637
5685,1
5686,1
5687,0.9198392302015785
5688,1
5689,0.8824753509013652
5690,1
5691,0.862469293539203
5692,0.979845370195437
5693,1
5694,1
5695,0.9225666260562072
5696,0.9825559015549896
5697,1
5698,1
5699,1
5700,1
5701,0.8758105888378835
5702,0.9900744607435069
5703,1
5704,1
5705,0.8120855005109167
5706,1
5707,1
5708,0.9676523251498593
5709,0.9565116537184474
5710,0.9225666260562072
5711,1
5712,1
5713,1
5714,0.8474585558146983
5715,0.9577267858933664
5716,1
5717,0.8199312886794721
5718,0.952238581019351
5719,0.5774276113116747
5720,1
5721,0.9851578980626085
5722,0.6801724496321412
5723,1
5724,1
5725,0.8969216871222097
5726,1
5727,1
5728,1
5729,1
5730,0.5683953627615501
5731,1
5732,1
5733,1
5734,1
5735,1
5736,0.9900744607435069
5737,1
5738,1
5739,0.9892480484157999
5740,0.9002571508472601
5741,0.7114797142986
5742,1
5743,0.9788068311791907
5744,1
5745,0.9219116743465456
5746,1
5747,0.8379261757665364
5748,1
5749,1
5750,1
5751,0.9709361642796265
5752,1
5753,1
5754,1
5755,1
5756,0.9989614609837535
5757,1
5758,1
5759,1
5760,1
5761,0.9292533373515337
5762,1
5763,1
5764,1
5765,0.560249573594455
5766,1
5767,1
5768,0.962172654394791
5769,0.8758105888378835
5770,1
5771,1
5772,1
5773,1
5774,1
5775,1
5776,1
5777,1
5778,0.952238581019351
5779,1
5780,1
5781,1
5782,1
5783,1
5784,0.8424575322254177
5785,1
5786,1
5787,1
5788,0.9851578980626085
5789,1
5790,0.40987534658270874
5791,1
5792,1
5793,1
5794,0.9479509206118093
5795,0.7435923099971533
5796,1
5797,0.6542139681225959
5798,1
5799,1
5800,1
5801,1
5802,0.962438510570834
5803,0.9900744607435069
5804,1
5805,1
5806,0.6307827173769477
5807,0.9424713473879602
5808,1
5809,0.9709361642796265
5810,1
5811,1
5812,0.7027346871469817
5813,1
5814,1
5815,1
5816,1
5817,1
5818,0.3844760711065315
5819,0.839571574513321
5820,1
5821,1
5822,0.9716740263452897
5823,0.9738578326102835
5824,1
5825,1
5826,0.9058444529722146
5827,1
5828,1
5829,0.9002571508472601
5830,0.952238581019351
5831,0.9002571508472601
5832,1
5833,1
5834,1
5835,0.7801777810975071
5836,0.958834171204266
5837,1
5838,1
5839,1
5840,0.8758105888378835
5841,1
5842,1
5843,1
5844,0.9424713473879602
5845,0.960473993748949
5846,1
5847,1
5848,1
5849,1
5850,1
5851,0.9876612416190321
5852,1
5853,1
5854,0.8162295609852376
5855,0.9825559015549896
5856,1
5857,0.9637614054970985
5858,1
5859,1
5860,1
5861,0.9183711633180615
5862,1
5863,0.9602916039175288
5864,1
5865,1
5866,1
5867,0.9142026740020549
5868,0.6441073451867333
5869,1
5870,1
5871,0.9244150179029693
5872,1
5873,1
5874,0.813125537818656
5875,0.7859125347082226
5876,0.960473993748949
5877,1
5878,1
5879,1
5880,1
5881,1
5882,0.898396797075383
5883,0.9131024994045092
5884,1
5885,1
5886,0.9518361428101912
5887,1
5888,1
5889,0.8827365837284661
5890,0.8135557543021374
5891,0.9633411364173258
5892,1
5893,1
5894,0.9449866008202333
5895,0.8003881736700336
5896,0.9302326597453842
5897,1
5898,1
5899,1
5900,1
5901,0.5666018620672699
5902,1
5903,0.9424713473879602
5904,1
5905,1
5906,1
5907,0.98286877941266
5908,1
5909,1
5910,1
5911,0.8798874929141096
5912,1
5913,1
5914,1
5915,0.9002571508472601
5916,0.7776573161857367
5917,1
5918,0.9851578980626085
5919,1
5920,0.9740504365406069
5921,0.7834843812084511
5922,0.5495389071227597
5923,1
5924,0.7485850029206179
5925,1
5926,0.6801724496321412
5927,0.8030335718749154
5928,1
5929,1
5930,1
5931,1
5932,1
5933,0.8758105888378835
5934,1
5935,0.9455475754457076
5936,0.9475888878684422
5937,1
5938,0.9445213681466521
5939,0.9770147563321826
5940,0.9946592700131068
5941,1
5942,0.9809624353244625
5943,0.9424713473879602
5944,1
5945,0.9592083346032153
5946,1
5947,0.6713852929250212
5948,0.960473993748949
5949,0.8365812451717305
5950,0.9002571508472601
5951,0.825775472524093
5952,0.9709361642796265
5953,1
5954,1
5955,0.9624012717504269
5956,1
5957,0.8982603974671176
5958,1
5959,0.922185671908588
5960,1
5961,0.9475888878684422
5962,1
5963,1
5964,0.944667081482042
5965,1
5966,1
5967,0.952238581019351
5968,1
5969,0.9647999445133452
5970,0.952238581019351
5971,1
5972,1
5973,1
5974,1
5975,0.9989614609837535
5976,0.9375423086533208
5977,1
5978,0.9639322933537904
5979,0.960473993748949
5980,1
5981,0.7231206299513329
5982,0.9676523251498593
5983,0.8668032877647729
5984,1
5985,1
5986,0.9676523251498593
5987,1
5988,0.8010208918708015
5989,0.9424713473879602
5990,0.9633411364173258
5991,1
5992,1
5993,0.8650379734441676
5994,0.8304898105926442
5995,1
5996,1
5997,1
5998,1
5999,1
6000,1
6001,0.275401117416931
6002,0.9989614609837535
6003,1
6004,1
6005,1
6006,0.9403193639443862
6007,1
6008,1
6009,1
6010,0.9152114949628947
6011,0.9198909061692103
6012,1
6013,1
6014,0.6421456291440939
6015,1
6016,1
6017,1
6018,1
6019,1
6020,1
6021,0.9968430762781008
6022,0.8440873589931134
6023,1
6024,1
6025,0.8758105888378835
6026,0.9510651928727897
6027,1
6028,1
6029,1
6030,1
6031,1
6032,0.9676523251498593
6033,0.7707668706892915
6034,0.6637859472475791
6035,1
6036,0.979845370195437
6037,1
6038,0.6295651642381276
6039,1
6040,1
6041,1
6042,1
6043,0.8990776854835568
6044,0.952238581019351
6045,0.9924049721376991
6046,1
6047,0.6422390535178851
6048,1
6049,1
6050,1
6051,0.9367537762839373
6052,0.4844438480770324
6053,0.9770147563321826
6054,1
6055,1
6056,1
6057,0.7853386888601364
6058,1
6059,1
6060,1
6061,1
6062,0.6215775316024404
6063,0.9002571508472601
6064,1
6065,1
6066,1
6067,1
6068,1
6069,0.8389828944831825
6070,0.7359262763079766
6071,1
6072,0.9534920658346163
6073,1
6074,1
6075,1
6076,0.9475888878684422
6077,1
6078,1
6079,0.952238581019351
6080,1
6081,0.9876612416190321
6082,0.9876612416190321
6083,0.9367537762839373
6084,1
6085,0.7608333877417857
6086,1
6087,1
6088,0.9260018246997371
6089,1
6090,1
6091,1
6092,0.9815173625387432
6093,1
6094,1
6095,1
6096,0.970217143174022
6097,0.9676523251498593
6098,0.960473993748949
6099,1
6100,1
6101,1
6102,0.8974608360880186
6103,0.8652604191053056
6104,1
6105,0.9380884607531618
6106,0.9131024994045092
6107,1
6108,1
6109,1
6110,0.9728191396816405
6111,0.8758105888378835
6112,1
6113,0.8602299746681563
6114,0.8297016458838836
6115,0.8530963594106505
6116,0.9825559015549896
6117,0.960473993748949
6118,1
6119,0.9367537762839373
6120,1
6121,1
6122,0.6780457817008168
6123,0.6035281694634139
6124,1
6125,0.9825559015549896
6126,1
6127,1
6128,1
6129,0.8304898105926442
6130,0.952238581019351
6131,0.882471240764735
6132,0.9770147563321826
6133,0.8947099284073113
6134,1
6135,0.9876612416190321
6136,1
6137,0.2773007293692748
6138,0.954249361934666
6139,1
6140,0.9302326597453842
6141,1
6142,0.9029453411369094
6143,1
6144,0.9924049721376991
6145,1
6146,1
6147,1
6148,0.9131024994045092
6149,0.952238581019351
6150,0.7809880175463485
6151,1
6152,0.852044263353538
6153,1
6154,0.9302326597453842
6155,1
6156,0.8955879474882031
6157,1
6158,0.9424713473879602
6159,1
6160,0.5832555245489736
6161,1
6162,1
6163,1
6164,1
6165,1
6166,1
6167,0.952238581019351
6168,1
6169,0.7213828304672663
6170,1
6171,1
6172,1
6173,0.9968430762781008
6174,0.8758105888378835
6175,0.8292156608517915
6176,1
6177,1
6178,0.2906278264047498
6179,1
6180,1
6181,0.9851578980626085
6182,0.9565116537184474
6183,0.9565798733288582
6184,1
6185,1
6186,1
6187,0.887152935945116
6188,1
6189,0.9226376318830833
6190,0.952238581019351
6191,0.8433351591498933
6192,0.9664554086783061
6193,1
6194,1
6195,0.9876612416190321
6196,0.9841193590463618
6197,0.9475888878684422
6198,1
6199,1
6200,1
6201,0.9475888878684422
6202,1
6203,0.9302326597453842
6204,1
6205,0.9913664331214527
6206,1
6207,0.9676523251498593
6208,1
6209,1
6210,0.9565116537184474
6211,1
6212,1
6213,0.9989614609837535
6214,1
6215,0.5894620716529451
6216,0.9080628816173912
6217,0.9131024994045092
6218,1
6219,0.8668863652909297
6220,1
6221,0.9989614609837535
6222,1
6223,0.7556942849211405
6224,0.9424713473879602
6225,0.8644320520384191
6226,0.9002571508472601
6227,1
6228,1
6229,1
6230,0.9178939013644162
6231,0.2426719729727812
6232,1
6233,1
6234,1
6235,0.9198392302015785
6236,0.960473993748949
6237,0.8524957318666111
6238,1
6239,0.8778651986190539
6240,0.6825079737945635
6241,1
6242,0.9687097065537137
6243,1
6244,1
6245,0.8994293147388439
6246,1
6247,1
6248,1
6249,1
6250,0.937663348611949
6251,0.9989614609837535
6252,0.960473993748949
6253,1
6254,1
6255,1
6256,1
6257,1
6258,1
6259,0.8935027903358337
6260,0.8217852378872208
6261,1
6262,0.9968430762781008
6263,0.6780457817008168
6264,1
6265,0.9225666260562072
6266,1
6267,1
6268,0.9565116537184474
6269,0.9968430762781008
6270,1
6271,1
6272,0.9268282370274441
6273,0.9565116537184474
6274,0.9740504365406069
6275,1
6276,1
6277,1
6278,1
6279,1
6280,1
6281,1
6282,1
6283,0.9475888878684422
6284,1
6285,1
6286,0.8974608360880186
6287,1
6288,0.9825559015549896
6289,0.9131024994045092
6290,1
6291,0.9565116537184474
6292,1
6293,0.5568692350067596
6294,1
6295,0.6354238393110564
6296,1
6297,1
6298,1
6299,1
6300,0.979845370195437
6301,1
6302,1
6303,1
6304,1
6305,1
6306,1
6307,1
6308,1
6309,1
6310,0.9770147563321826
6311,1
6312,0.6144591078728968
6313,1
6314,0.9131024994045092
6315,0.7983772148940907
6316,0.9002571508472601
6317,0.887152935945116
6318,0.9149715981939065
6319,0.6144591078728968
6320,1
6321,1
6322,0.9709361642796265
6323,0.8758105888378835
6324,1
6325,0.7393797424113968
6326,0.9565116537184474
6327,0.6199686806008506
6328,0.6815747816970638
6329,0.9946592700131068
6330,1
6331,1
6332,0.8864916187745565
6333,1
6334,0.9241639788683065
6335,0.9022259483644541
6336,0.9770147563321826
6337,0.9087502347377983
6338,1
6339,1
6340,1
6341,1
6342,1
6343,1
6344,1
6345,0.9752323588061153
6346,0.9565116537184474
6347,0.9424713473879602
6348,0.8356691254607166
6349,1
6350,1
6351,0.9851578980626085
6352,0.8748052070755583
6353,1
6354,0.7256668645263298
6355,1
6356,1
6357,1
6358,1
6359,1
6360,0.9924049721376991
6361,0.9553750412366303
6362,1
6363,1
6364,1
6365,0.7288433868493349
6366,0.960473993748949
6367,1
6368,1
6369,0.9876612416190321
6370,1
6371,1
6372,0.8225413915840324
6373,1
6374,1
6375,0.9713477164866448
6376,0.2773007293692748
6377,0.8955879474882031
6378,0.5794305538850907
6379,1
6380,0.9851578980626085
6381,1
6382,0.9900744607435069
6383,1
6384,0.8376536299292195
6385,1
6386,1
6387,1
6388,0.9633411364173258
6389,1
6390,0.9152114949628947
6391,0.9302326597453842
6392,0.979845370195437
6393,1
6394,0.9080667816806935
6395,1
6396,1
6397,1
6398,1
6399,0.952238581019351
6400,1
6401,1
6402,1
6403,1
6404,0.8467467531175099
6405,0.979845370195437
6406,0.8089777923170136
6407,0.9403193639443862
6408,1
6409,0.7614348743621632
6410,0.9178939013644162
6411,1
6412,0.9373964790819593
6413,1
6414,1
6415,0.9989614609837535
6416,1
6417,1
6418,0.9302326597453842
6419,0.8368765536366067
6420,1
6421,0.8994293147388439
6422,0.8376536299292195
6423,1
6424,0.9481352353679813
6425,1
6426,1
6427,0.8174446931601566
6428,1
6429,1
6430,0.9291587484216365
6431,0.8233994767063256
6432,0.952238581019351
6433,1
6434,1
6435,1
6436,0.952238581019351
6437,1
6438,1
6439,0.5979337902316945
6440,0.9131024994045092
6441,1
6442,1
6443,1
6444,1
6445,1
6446,1
6447,1
6448,0.8727040071333443
6449,0.7406427352858365
6450,0.9475888878684422
6451,0.7231206299513329
6452,1
6453,1
6454,0.8527992858015914
6455,1
6456,1
6457,1
6458,1
6459,1
6460,1
6461,1
6462,1
6463,1
6464,1
6465,0.5460267353708053
6466,0.47872330117518136
6467,1
6468,1
6469,1
6470,0.8294121461671564
6471,1
6472,0.9851578980626085
6473,0.9274342580638794
6474,0.9650032682580457
6475,0.9225666260562072
6476,1
6477,1
6478,0.9463007788737433
6479,0.9770147563321826
6480,1
6481,1
6482,0.9740504365406069
6483,0.9002571508472601
6484,1
6485,1
6486,1
6487,1
6488,1
6489,1
6490,1
6491,1
6492,0.9131024994045092
6493,0.9101236725378196
6494,1
6495,1
6496,1
6497,1
6498,0.9900744607435069
6499,0.5254483772816905
6500,0.747684142572181
6501,0.952238581019351
6502,0.655899524271714
6503,0.9851578980626085
6504,1
6505,1
6506,0.9740504365406069
6507,1
6508,1
6509,0.960473993748949
6510,0.9141169917336475
6511,1
6512,1
6513,0.979845370195437
6514,0.6882185027894979
6515,1
6516,0.9900744607435069
6517,1
6518,0.9072047964950979
6519,0.8955879474882031
6520,1
6521,1
6522,1
6523,1
6524,0.9367537762839373
6525,1
6526,0.8758105888378835
6527,0.7383290454286784
6528,1
6529,1
6530,1
6531,1
6532,1
6533,1
6534,1
6535,1
6536,0.8436401714129708
6537,1
6538,0.9890359217272603
6539,1
6540,1
6541,0.952238581019351
6542,0.7979915110564277
6543,0.7898335861809971
6544,1
6545,0.8008932372800563
6546,1
6547,0.979845370195437
6548,1
6549,1
6550,0.849085026898348
6551,0.7769382950801323
6552,1
6553,1
6554,1
6555,0.9225666260562072
6556,0.9002571508472601
6557,0.5422698904933984
6558,1
6559,0.9770147563321826
6560,1
6561,1
6562,1
6563,0.9740504365406069
6564,1
6565,0.9740504365406069
6566,1
6567,1
6568,1
6569,0.6919411783554454
6570,1
6571,0.8233994767063256
6572,1
6573,1
6574,1
6575,0.8652441482454565
6576,0.560249573594455
6577,1
6578,1
6579,1
6580,1
6581,0.8091032112493741
6582,0.979845370195437
6583,1
6584,0.9851578980626085
6585,1
6586,1
6587,0.8089777923170136
6588,0.7607959557882851
6589,1
6590,0.7815895991035492
6591,0.9676523251498593
6592,1
6593,0.5832555245489736
6594,1
6595,1
6596,0.898396797075383
6597,0.822258507999676
6598,0.8356691254607166
6599,1
6600,0.9500343112497373
6601,1
6602,1
6603,1
6604,1
6605,1
6606,1
6607,0.952238581019351
6608,0.767408312494584
6609,0.8758105888378835
6610,1
6611,1
6612,1
6613,0.9989614609837535
6614,0.8826130883001485
6615,1
6616,1
6617,0.7372582185655
6618,1
6619,1
6620,1
6621,1
6622,1
6623,0.979845370195437
6624,1
6625,0.9424713473879602
6626,1
6627,1
6628,0.9989614609837535
6629,0.9740504365406069
6630,0.952238581019351
6631,0.34460487704408893
6632,1
6633,0.9666137861336129
6634,1
6635,0.8758105888378835
6636,1
6637,0.6783869372800956
6638,0.8798874929141096
6639,1
6640,0.9215149219764929
6641,0.6521264315759671
6642,1
6643,1
6644,0.9770147563321826
6645,1
6646,1
6647,1
6648,1
6649,0.9892480484157999
6650,1
6651,1
6652,1
6653,0.6144591078728968
6654,0.6087576391029552
6655,1
6656,0.9825559015549896
6657,1
6658,1
6659,0.8989830011064075
6660,0.9924049721376991
6661,1
6662,1
6663,0.9946592700131068
6664,1
6665,1
6666,1
6667,0.964174901191159
6668,0.9708935128187075
6669,0.9676523251498593
6670,1
6671,0.9225666260562072
6672,1
6673,1
6674,1
6675,1
6676,1
6677,0.5876267230446393
6678,1
6679,1
6680,1
6681,1
6682,1
6683,0.8992140420127592
6684,1
6685,1
6686,1
6687,1
6688,1
6689,0.9274478179980737
6690,0.960473993748949
6691,1
6692,1
6693,0.5508138003244023
6694,1
6695,1
6696,1
6697,1
6698,1
6699,0.8003881736700336
6700,1
6701,0.9382758846498143
6702,0.8982165335134987
6703,0.4842163048494088
6704,1
6705,1
6706,0.8169729628667067
6707,1
6708,0.8758105888378835
6709,0.879716285538122
6710,1
6711,1
6712,0.4194148993403917
6713,0.9924049721376991
6714,0.9924049721376991
6715,1
6716,1
6717,1
6718,0.7568998273884808
6719,1
6720,1
6721,1
6722,0.3198088959383692
6723,1
6724,1
6725,0.6104157781718021
6726,0.9968430762781008
6727,1
6728,1
6729,1
6730,0.9740504365406069
6731,0.9766884464735379
6732,1
6733,0.9496451186306792
6734,1
6735,1
6736,0.952238581019351
6737,1
6738,0.38738092727238976
6739,0.046885079789750934
6740,0.8758105888378835
6741,1
6742,1
6743,0.9005461107254321
6744,1
6745,0.9676523251498593
6746,0.9900744607435069
6747,0.9131024994045092
6748,1
6749,1
6750,0.8589236499700917
6751,0.958834171204266
6752,0.6029127123372978
6753,1
6754,0.9274342580638794
6755,0.9946592700131068
6756,0.8486357886942472
6757,1
6758,0.9044061014337967
6759,1
6760,0.8368765536366067
6761,1
6762,1
6763,1
6764,0.9770147563321826
6765,1
6766,0.4279085615517507
6767,0.9424713473879602
6768,1
6769,1
6770,1
6771,0.13753355130540937
6772,0.979845370195437
6773,1
6774,1
6775,1
6776,1
6777,1
6778,1
6779,0.9676523251498593
6780,1
6781,1
6782,0.9528789658866482
6783,1
6784,1
6785,0.7909225204520768
6786,1
6787,1
6788,0.791277070171216
6789,1
6790,1
6791,0.9788068311791907
6792,0.9675066118144694
6793,1
6794,0.8000846197350532
6795,0.8758105888378835
6796,0.7916426539516063
6797,1
6798,0.9851578980626085
6799,0.8994293147388439
6800,1
6801,1
6802,1
6803,0.9120639603882625
6804,1
6805,1
6806,0.8376536299292195
6807,0.9198909061692103
6808,0.9537032028057207
6809,0.9946592700131068
6810,1
6811,0.9198909061692103
6812,1
6813,1
6814,0.9169856474673964
6815,1
6816,0.9989614609837535
6817,1
6818,0.8758105888378835
6819,1
6820,0.9424713473879602
6821,1
6822,0.9072474160775669
6823,1
6824,0.9989614609837535
6825,1
6826,1
6827,0.9373964790819593
6828,1
6829,0.7859125347082226
6830,1
6831,1
6832,0.9676523251498593
6833,1
6834,0.9924049721376991
6835,1
6836,1
6837,1
6838,0.9989614609837535
6839,1
6840,0.944667081482042
6841,0.627600637195609
6842,1
6843,1
6844,1
6845,0.952238581019351
6846,1
6847,0.9946592700131068
6848,1
6849,1
6850,1
6851,1
6852,0.979845370195437
6853,1
6854,1
6855,0.7396025728407133
6856,1
6857,0.8826130883001485
6858,0.7263057493145607
6859,0.9260694280416824
6860,1
6861,1
6862,1
6863,0.9946592700131068
6864,0.7501181762257504
6865,1
6866,0.8696486878279939
6867,0.7008064475582944
6868,0.8086951965827563
6869,0.21526087821524637
6870,1
6871,1
6872,0.8022250516885168
6873,1
6874,1
6875,1
6876,1
6877,0.9989614609837535
6878,0.9900744607435069
6879,1
6880,0.7699922893464315
6881,1
6882,0.7712310026752672
6883,1
6884,1
6885,1
6886,1
6887,1
6888,1
6889,0.75450940332041
6890,0.8900602352564023
6891,1
6892,1
6893,0.9740504365406069
6894,1
6895,1
6896,0.7557649814211053
6897,0.8159939816846391
6898,1
6899,0.7835351129566991
6900,0.9825559015549896
6901,0.9841193590463618
6902,0.9637614054970985
6903,0.9900744607435069
6904,1
6905,1
6906,1
6907,0.745100505891559
6908,1
6909,0.924648894940108
6910,0.8166103300695076
6911,1
6912,1
6913,0.8811605486585553
6914,1
6915,0.40987534658270874
6916,1
6917,0.960473993748949
6918,0.8833041251361328
6919,1
6920,0.9479509206118093
6921,1
6922,0.5552114508571884
6923,1
6924,0.9424713473879602
6925,1
6926,0.9131024994045092
6927,0.7916353309694295
6928,1
6929,1
6930,1
6931,0.8493508284622766
6932,0.9302326597453842
6933,1
6934,0.9676523251498593
6935,0.7259384265497498
6936,0.7307597926823625
6937,1
6938,1
6939,0.8731117163496501
6940,1
6941,0.6150601322051663
6942,1
6943,1
6944,0.2773007293692748
6945,0.9701406745002382
6946,0.24452838630835583
6947,1
6948,0.9824794328812061
6949,0.8974608360880186
6950,1
6951,1
6952,1
6953,1
6954,1
6955,1
6956,1
6957,1
6958,0.9424713473879602
6959,1
6960,0.9385884894294859
6961,1
6962,1
6963,0.9127885613003739
6964,1
6965,0.8758105888378835
6966,1
6967,0.552177811002617
6968,1
6969,0.9946592700131068
6970,0.9815173625387432
6971,0.4513120523792418
6972,0.9573170700270499
6973,0.9989614609837535
6974,1
6975,1
6976,0.9968430762781008
6977,0.9246036442006249
6978,1
6979,1
6980,1
6981,0.9989614609837535
6982,1
6983,0.8224398743617477
6984,1
6985,0.6758673522247576
6986,0.9701406745002382
6987,0.7557649814211053
6988,1
6989,1
6990,1
6991,1
6992,0.8365812451717305
6993,0.4151996730832789
6994,0.3557190788526975
6995,0.9900744607435069
6996,1
6997,1
6998,0.5107198662522675
6999,0.6458177994912093
7000,0.9002571508472601
7001,0.9225666260562072
7002,0.5843818398381908
7003,1
7004,1
7005,1
7006,1
7007,1
7008,0.9851578980626085
7009,1
7010,1
7011,0.9337559435580941
7012,0.9968430762781008
7013,1
7014,1
7015,1
7016,1
7017,1
7018,0.8729251359289573
7019,0.9538958067360441
7020,1
7021,0.8944867389009
7022,0.924648894940108
7023,1
7024,0.9468978510324579
7025,0.9752323588061153
7026,1
7027,1
7028,0.7665172423322167
7029,1
7030,0.9676523251498593
7031,0.7468244840071132
7032,0.6584511101279265
7033,0.9131024994045092
7034,1
7035,0.9131024994045092
7036,0.8552788284320058
7037,1
7038,0.9770147563321826
7039,1
7040,0.9131024994045092
7041,1
7042,0.8790668180467952
7043,1
7044,0.9027633906206448
7045,1
7046,1
7047,1
7048,1
7049,0.9770147563321826
7050,1
7051,1
7052,0.8966170625968141
7053,1
7054,0.9131024994045092
7055,0.7008064475582944
7056,0.6716084227884679
7057,0.9890359217272603
7058,1
7059,0.8840386636841356
7060,0.9900744607435069
7061,1
7062,0.13753355130540937
7063,0.960473993748949
7064,1
7065,1
7066,0.6185714240128564
7067,1
7068,0.9946592700131068
7069,1
7070,0.9278365378452857
7071,1
7072,1
7073,1
7074,0.8696486878279939
7075,1
7076,0.9968430762781008
7077,0.9968430762781008
7078,1
7079,1
7080,1
7081,1
7082,0.8227084398703414
7083,1
7084,1
7085,1
7086,1
7087,1
7088,1
7089,1
7090,0.9424713473879602
7091,0.9031769601480161
7092,1
7093,0.9851578980626085
7094,1
7095,1
7096,0.8299730462466616
7097,0.952238581019351
7098,0.952238581019351
7099,0.9900744607435069
7100,0.9676523251498593
7101,1
7102,0.9770147563321826
7103,0.9825559015549896
7104,1
7105,1
7106,1
7107,0.7609485381202115
7108,1
7109,1
7110,1
7111,0.9414328083717136
7112,1
7113,0.8955879474882031
7114,0.9424713473879602
7115,1
7116,1
7117,1
7118,0.964174901191159
7119,0.47645743547623465
7120,0.9924049721376991
7121,0.47872330117518136
7122,0.36211362823990395
7123,1
7124,0.9033675624175501
7125,0.9989614609837535
7126,0.7629541550165203
7127,0.8696141531229564
7128,0.8790782797746545
7129,1
7130,1
7131,1
7132,0.7096245249725969
7133,1
7134,1
7135,1
7136,0.9740504365406069
7137,0.7166671878905722
7138,0.8607311445962091
7139,1
7140,1
7141,1
7142,1
7143,1
7144,1
7145,0.3844760711065315
7146,0.964174901191159
7147,1
7148,0.9367537762839373
7149,1
7150,0.9770147563321826
7151,0.8433351591498933
7152,1
7153,0.9989614609837535
7154,1
7155,1
7156,1
7157,1
7158,1
7159,0.8486357886942472
7160,0.9595706578871724
7161,0.75450940332041
7162,0.6517044401729414
7163,0.9809624353244625
7164,0.8758105888378835
7165,1
7166,0.8929478695999464
7167,1
7168,0.952238581019351
7169,1
7170,0.5561457398252018
7171,1
7172,0.9463007788737433
7173,0.9367537762839373
7174,0.8992186118310135
7175,1
7176,0.6318779377297568
7177,0.9770147563321826
7178,1
7179,0.970217143174022
7180,0.9367537762839373
7181,1
7182,1
7183,1
7184,0.944667081482042
7185,0.9475888878684422
7186,0.9989614609837535
7187,1
7188,1
7189,0.7848349096459396
7190,0.8889014512872603
7191,0.909573069877974
7192,0.2906278264047498
7193,1
7194,1
7195,0.9892480484157999
7196,1
7197,1
7198,0.7979915110564277
7199,1
7200,0.960473993748949
7201,0.9367537762839373
7202,0.5927157967464401
7203,0.5865955798156085
7204,1
7205,0.838946951012796
7206,1
7207,1
7208,1
7209,1
7210,0.9131024994045092
7211,0.979845370195437
7212,1
7213,0.934524430289556
7214,1
7215,1
7216,0.7806220507654197
7217,1
7218,0.9924049721376991
7219,0.9120639603882625
7220,0.8602278138385347
7221,1
7222,0.8598069073408063
7223,0.9968430762781008
7224,1
7225,1
7226,0.9676523251498593
7227,1
7228,0.9421419711523584
7229,1
7230,0.9851578980626085
7231,0.8668863652909297
7232,0.6189414862302418
7233,1
7234,0.7173758270493569
7235,1
7236,1
7237,0.974504640208544
7238,1
7239,1
7240,0.9740504365406069
7241,0.8644320520384191
7242,1
7243,0.9302326597453842
7244,1
7245,1
7246,0.9565116537184474
7247,0.9087587688567452
7248,0.6996892236981532
7249,1
7250,0.8899019296313001
7251,0.979845370195437
7252,1
7253,0.8328029589787271
7254,0.275401117416931
7255,1
7256,0.92502724894295
7257,1
7258,1
7259,1
7260,1
7261,0.8223406459231449
7262,0.6716084227884679
7263,0.9610179774692599
7264,0.7935041661637716
7265,1
7266,0.9676523251498593
7267,0.7652468334964388
7268,1
7269,1
7270,1
7271,0.8257758110184505
7272,0.9577267858933664
7273,1
7274,0.8989264306787285
7275,1
7276,1
7277,1
7278,1
7279,0.8479756897538508
7280,1
7281,1
7282,0.7925522535955797
7283,1
7284,1
7285,1
7286,1
7287,1
7288,1
7289,1
7290,0.9131024994045092
7291,0.9411896575233417
7292,1
7293,1
7294,0.9231747452989774
7295,0.9770147563321826
7296,1
7297,1
7298,1
7299,0.8010514548277659
7300,1
7301,0.8758105888378835
7302,1
7303,1
7304,1
7305,1
7306,1
7307,0.5748699585800554
7308,0.9274342580638794
7309,0.8467467531175099
7310,0.9624012717504269
7311,0.9475888878684422
7312,1
7313,0.8758105888378835
7314,1
7315,0.8389801082667174
7316,1
7317,0.40987534658270874
7318,1
7319,0.6885777835707799
7320,1
7321,0.9924049721376991
7322,0.9002571508472601
7323,0.8663516566305742
7324,0.1478345244404042
7325,1
7326,1
7327,0.9194861037201429
7328,1
7329,0.9206865549096062
7330,1
7331,0.964174901191159
7332,0.848950177768033
7333,1
7334,1
7335,0.9632829469566015
7336,0.9518361428101912
7337,0.9946592700131068
7338,0.9924049721376991
7339,0.9946592700131068
7340,0.9131024994045092
7341,0.9417027616904663
7342,0.9825559015549896
7343,1
7344,1
7345,0.960473993748949
7346,1
7347,0.960473993748949
7348,1
7349,1
7350,1
7351,1
7352,0.9770147563321826
7353,1
7354,1
7355,1
7356,1
7357,1
7358,0.9002571508472601
7359,1
7360,0.964174901191159
7361,1
7362,0.9131024994045092
7363,0.9825559015549896
7364,1
7365,1
7366,1
7367,1
7368,0.9565116537184474
7369,1
7370,1
7371,1
7372,0.6294960817846854
7373,0.919480708161184
7374,0.8758105888378835
7375,0.9002571508472601
7376,0.9347944825743407
7377,0.9709361642796265
7378,0.6417123740439841
7379,1
7380,1
7381,0.5460267353708053
7382,0.8498562756884463
7383,1
7384,0.952238581019351
7385,0.8556559590333207
7386,1
7387,1
7388,1
7389,0.952238581019351
7390,1
7391,1
7392,0.9002571508472601
7393,1
7394,0.8713341564061835
7395,0.9475888878684422
7396,1
7397,0.9968430762781008
7398,1
7399,0.8758105888378835
7400,1
7401,1
7402,1
7403,0.979845370195437
7404,1
7405,1
7406,1
7407,0.9676523251498593
7408,1
7409,1
7410,1
7411,1
7412,1
7413,1
7414,1
7415,0.8636042159300029
7416,0.9770147563321826
7417,1
7418,1
7419,1
7420,1
7421,1
7422,0.8043256340866408
7423,1
7424,1
7425,0.9676523251498593
7426,1
7427,1
7428,0.9968430762781008
7429,0.745100505891559
7430,1
7431,1
7432,0.10993976474359775
7433,1
7434,0.979845370195437
7435,1
7436,0.8067613989441496
7437,1
7438,0.7496837445762397
7439,1
7440,1
7441,1
7442,1
7443,1
7444,1
7445,1
7446,1
7447,1
7448,1
7449,1
7450,1
7451,1
7452,1
7453,0.7686486180626632
7454,1
7455,1
7456,0.3844760711065315
7457,1
7458,1
7459,0.9434701650104886
7460,0.9624012717504269
7461,0.5895306769470348
7462,1
7463,1
7464,0.964174901191159
7465,1
7466,0.9851578980626085
7467,1
7468,1
7469,0.8772719071794428
7470,1
7471,1
7472,1
7473,0.6901076471210428
7474,0.9722503423331362
7475,0.9825559015549896
7476,0.9726303622984966
7477,0.5824867035549667
7478,0.8452042579392905
7479,0.2426719729727812
7480,1
7481,1
7482,0.9876612416190321
7483,1
7484,1
7485,1
7486,0.42272763452029516
7487,1
7488,1
7489,1
7490,0.9989614609837535
7491,0.9031769601480161
7492,1
7493,1
7494,1
7495,1
7496,1
7497,1
7498,0.970765410954543
7499,1
7500,0.26899999605500724
7501,0.9770147563321826
7502,1
7503,0.9676523251498593
7504,1
7505,1
7506,0.9968430762781008
7507,1
7508,0.6525612184462608
7509,1
7510,1
7511,0.8399854900290427
7512,1
7513,0.9080628816173912
7514,1
7515,1
7516,1
7517,1
7518,0.9783604388168439
7519,0.9367537762839373
7520,1
7521,0.9946592700131068
7522,1
7523,1
7524,0.9989614609837535
7525,1
7526,0.9946592700131068
7527,1
7528,1
7529,0.9225666260562072
7530,0.9565116537184474
7531,0.8638411288028187
7532,1
7533,1
7534,1
7535,0.9457597021342472
7536,0.9367537762839373
7537,0.979845370195437
7538,1
7539,0.9467308027461487
7540,0.9475888878684422
7541,0.9002571508472601
7542,0.9565116537184474
7543,1
7544,0.4474003774043043
7545,1
7546,0.9740504365406069
7547,0.5656208017706722
7548,1
7549,0.949265098665319
7550,0.9936207309968602
7551,0.7166671878905722
7552,1
7553,1
7554,1
7555,1
7556,1
7557,0.9002571508472601
7558,1
7559,1
7560,1
7561,1
7562,1
7563,0.9183711633180615
7564,1
7565,0.9416695517810557
7566,0.40987534658270874
7567,1
7568,0.8382073387577771
7569,0.9367537762839373
7570,0.9029453411369094
7571,0.9131024994045092
7572,0.9825559015549896
7573,1
7574,0.8951001431479332
7575,1
7576,1
7577,1
7578,0.886326722087619
7579,1
7580,1
7581,0.9709361642796265
7582,1
7583,1
7584,0.7292830282722736
7585,1
7586,0.9968430762781008
7587,1
7588,0.9151017096864568
7589,0.9851578980626085
7590,0.9302326597453842
7591,1
7592,0.8297016458838836
7593,1
7594,1
7595,0.8879082518128285
7596,0.9676523251498593
7597,1
7598,0.9968430762781008
7599,1
7600,0.7435923099971533
7601,1
7602,0.7835351129566991
7603,1
7604,0.8828130524022498
7605,1
7606,1
7607,0.9701406745002382
7608,1
7609,1
7610,1
7611,1
7612,0.9698976252633799
7613,1
7614,0.7614348743621632
7615,0.9900744607435069
7616,0.9077617694176161
7617,1
7618,1
7619,1
7620,1
7621,1
7622,1
7623,1
7624,1
7625,0.9851578980626085
7626,1
7627,0.5247847564055527
7628,1
7629,0.9876612416190321
7630,1
7631,1
7632,1
7633,1
7634,1
7635,1
7636,0.9676523251498593
7637,1
7638,1
7639,1
7640,0.9676523251498593
7641,1
7642,0.8758105888378835
7643,1
7644,1
7645,1
7646,0.7346954184363538
7647,1
7648,0.9989614609837535
7649,0.7501181762257504
7650,1
7651,1
7652,1
7653,1
7654,1
7655,0.8042632477528149
7656,1
7657,1
7658,0.9650032682580457
7659,0.8727040071333443
7660,0.9568601265276199
7661,0.9946592700131068
7662,1
7663,1
7664,0.9424713473879602
7665,1
7666,0.9968430762781008
7667,0.7644795501343689
7668,1
7669,1
7670,0.9851578980626085
7671,0.9709361642796265
7672,0.36211362823990395
7673,0.9206865549096062
7674,0.40987534658270874
7675,1
7676,0.8731843183196447
7677,0.8955879474882031
7678,1
7679,0.8246750649671906
7680,0.9851578980626085
7681,0.8581311004700226
7682,1
7683,1
7684,0.9989614609837535
7685,0.9414328083717136
7686,0.9924049721376991
7687,1
7688,1
7689,1
7690,0.9924049721376991
7691,1
7692,0.46638454279421365
7693,1
7694,1
7695,1
7696,0.960473993748949
7697,1
7698,1
7699,0.9302326597453842
7700,0.962172654394791
7701,1
7702,1
7703,0.791277070171216
7704,1
7705,1
7706,1
7707,0.9900744607435069
7708,1
7709,1
7710,1
7711,0.8452042579392905
7712,1
7713,1
7714,1
7715,1
7716,1
7717,1
7718,1
7719,1
7720,0.9825559015549896
7721,0.5054540160294538
7722,0.9770147563321826
7723,1
7724,1
7725,1
7726,1
7727,1
7728,1
7729,0.8009107202435632
7730,1
7731,0.9876612416190321
7732,1
7733,1
7734,1
7735,1
7736,0.5256980431495686
7737,1
7738,1
7739,1
7740,1
7741,1
7742,1
7743,1
7744,0.9730118975243602
7745,1
7746,1
7747,0.9676523251498593
7748,1
7749,0.8758105888378835
7750,1
7751,1
7752,0.9761766325518499
7753,1
7754,1
7755,0.960473993748949
7756,1
7757,1
7758,0.7231206299513329
7759,0.882471240764735
7760,0.9001294962565148
7761,1
7762,0.8955879474882031
7763,1
7764,1
7765,1
7766,1
7767,1
7768,1
7769,1
7770,1
7771,1
7772,0.48640918631708446
7773,0.9740504365406069
7774,1
7775,1
7776,0.8638057580637866
7777,0.952238581019351
7778,0.9457597021342472
7779,1
7780,1
7781,1
7782,1
7783,0.5402137518806734
7784,0.9989614609837535
7785,1
7786,1
7787,0.7468244840071132
7788,1
7789,0.8225413915840324
7790,0.9676523251498593
7791,0.8539767840847828
7792,1
7793,0.9825559015549896
7794,0.8869785021278876
7795,0.745100505891559
7796,1
7797,1
7798,0.9968430762781008
7799,0.9120639603882625
7800,1
7801,0.8124331849484753
7802,0.8003881736700336
7803,1
7804,1
7805,1
7806,0.9676523251498593
7807,1
7808,1
7809,1
7810,0.8435243884554817
7811,1
7812,1
7813,0.5547940578133539
7814,0.9989614609837535
7815,0.8096189483597905
7816,1
7817,1
7818,1
7819,1
7820,0.8846338141536477
7821,1
7822,1
7823,0.9709361642796265
7824,1
7825,0.9475888878684422
7826,1
7827,1
7828,1
7829,0.9637614054970985
7830,1
7831,0.9989614609837535
7832,0.8452042579392905
7833,0.8395389220625701
7834,1
7835,1
7836,1
7837,1
7838,1
7839,1
7840,1
7841,1
7842,1
7843,1
7844,1
7845,0.7417916431048797
7846,0.5460267353708053
7847,1
7848,1
7849,1
7850,1
7851,0.9565116537184474
7852,1
7853,1
7854,1
7855,1
7856,0.8573436143523997
7857,0.9574082403957447
7858,1
7859,1
7860,0.9244150179029693
7861,1
7862,1
7863,0.9131024994045092
7864,1
7865,0.9900744607435069
7866,1
7867,1
7868,0.8225413915840324
7869,1
7870,1
7871,1
7872,1
7873,0.791277070171216
7874,1
7875,1
7876,1
7877,1
7878,0.9989614609837535
7879,0.952238581019351
7880,1
7881,1
7882,0.9851578980626085
7883,1
7884,0.9989614609837535
7885,1
7886,1
7887,0.8126978671394854
7888,1
7889,0.8902804256738054
7890,1
7891,0.936362031703573
7892,0.9851578980626085
7893,0.915043855920416
7894,1
7895,1
7896,1
7897,1
7898,1
7899,1
7900,0.7609982561883196
7901,1
7902,1
7903,0.8824753509013652
7904,0.6921312978622945
7905,0.9126410867997141
7906,0.9002571508472601
7907,1
7908,1
7909,1
7910,1
7911,1
7912,0.8365812451717305
7913,1
7914,1
7915,1
7916,0.7738336440007184
7917,1
7918,0.9770147563321826
7919,0.9624012717504269
7920,1
7921,0.8765438738424991
7922,1
7923,1
7924,0.9709361642796265
7925,0.9080628816173912
7926,1
7927,1
7928,1
7929,1
7930,0.275401117416931
7931,1
7932,0.9554731147022008
7933,0.8424575322254177
7934,1
7935,0.8452042579392905
7936,1
7937,1
7938,0.9740504365406069
7939,1
7940,0.8225413915840324
7941,1
7942,1
7943,0.9002571508472601
7944,1
7945,1
7946,1
7947,0.7282079793081621
7948,1
7949,1
7950,1
7951,0.898396797075383
7952,0.9560940623422349
7953,0.8536727480080925
7954,0.9924049721376991
7955,1
7956,1
7957,1
7958,1
7959,1
7960,1
7961,1
7962,0.9989614609837535
7963,0.9900744607435069
7964,0.8758105888378835
7965,0.794660141965549
7966,1
7967,0.5894620716529451
7968,1
7969,1
7970,0.9851578980626085
7971,1
7972,0.9900744607435069
7973,1
7974,0.9924049721376991
7975,0.9131024994045092
7976,1
7977,1
7978,0.8234980897477686
7979,1
7980,1
7981,0.979845370195437
7982,0.9573170700270499
7983,1
7984,1
7985,1
7986,1
7987,1
7988,0.7820189740592461
7989,1
7990,1
7991,0.9968430762781008
7992,0.9339736936791678
7993,1
7994,0.5774276113116747
7995,1
7996,0.9002571508472601
7997,1
7998,0.960473993748949
7999,0.6508105197811982
8000,1
8001,0.8395389220625701
8002,1
8003,0.9424713473879602
8004,0.851871984154433
8005,1
8006,1
8007,1
8008,1
8009,0.5568692350067596
8010,0.850074811180474
8011,1
8012,1
8013,1
8014,0.8867443134638314
8015,1
8016,1
8017,0.8498562756884463
8018,0.9709361642796265
8019,1
8020,0.9747254837698383
8021,1
8022,1
8023,1
8024,1
8025,0.9936207309968602
8026,1
8027,1
8028,0.9698976252633799
8029,1
8030,0.9507815344750637
8031,0.743388995916979
8032,1
8033,1
8034,0.781418298400756
8035,0.8621841567019609
8036,1
8037,1
8038,0.9225666260562072
8039,1
8040,0.9198909061692103
8041,0.8233994767063256
8042,1
8043,0.9825559015549896
8044,0.9989614609837535
8045,1
8046,1
8047,1
8048,1
8049,1
8050,0.9946592700131068
8051,0.9876612416190321
8052,1
8053,1
8054,1
8055,1
8056,0.9866227026027855
8057,1
8058,1
8059,1
8060,0.9352501294874744
8061,1
8062,1
8063,0.8696141531229564
8064,1
8065,0.9968430762781008
8066,1
8067,1
8068,1
8069,1
8070,0.7348000029727626
8071,1
8072,0.9225666260562072
8073,1
8074,1
8075,0.9573170700270499
8076,1
8077,1
8078,0.8777303550906808
8079,1
8080,1
8081,1
8082,1
8083,0.952238581019351
8084,1
8085,0.8701547761106398
8086,1
8087,1
8088,1
8089,0.8536727480080925
8090,1
8091,0.8830406198051564
8092,1
8093,0.915043855920416
8094,1
8095,0.9424713473879602
8096,0.9876612416190321
8097,1
8098,1
8099,0.9876612416190321
8100,0.9924049721376991
8101,1
8102,0.9946592700131068
8103,0.9989614609837535
8104,1
8105,0.5748699585800554
8106,1
8107,1
8108,1
8109,0.7834843812084511
8110,1
8111,1
8112,1
8113,1
8114,1
8115,1
8116,0.9455475754457076
8117,1
8118,0.9709361642796265
8119,1
8120,0.8093369988885135
8121,0.9368072182288353
8122,1
8123,0.9414328083717136
8124,0.9225666260562072
8125,1
8126,1
8127,0.9178939013644162
8128,0.9900744607435069
8129,0.9305620902590541
8130,1
8131,1
8132,0.8833041251361328
8133,0.9825559015549896
8134,1
8135,0.9770147563321826
8136,1
8137,1
8138,1
8139,0.9430298953039388
8140,0.8723555643057914
8141,1
8142,1
8143,1
8144,0.8782697446559555
8145,1
8146,1
8147,1
8148,0.9044844249354965
8149,0.9900744607435069
8150,1
8151,0.9131024994045092
8152,0.9740504365406069
8153,0.8256444848517069
8154,0.9276317636028726
8155,0.9676523251498593
8156,0.924648894940108
8157,1
8158,0.905122527611197
8159,1
8160,0.7093894683716742
8161,1
8162,1
8163,1
8164,1
8165,1
8166,0.9770147563321826
8167,1
8168,1
8169,1
8170,0.9915023462912075
8171,0.9913664331214527
8172,1
8173,1
8174,1
8175,0.7578853353322107
8176,1
8177,0.9424713473879602
8178,1
8179,0.6535606549086411
8180,1
8181,1
8182,1
8183,0.9777357023625389
8184,0.915043855920416
8185,0.9364517082910339
8186,0.9770147563321826
8187,1
8188,1
8189,1
8190,1
8191,1
8192,1
8193,1
8194,1
8195,1
8196,1
8197,0.7979915110564277
8198,1
8199,0.9553750412366303
8200,0.8573436143523997
8201,1
8202,0.7859125347082226
8203,1
8204,1
8205,1
8206,1
8207,1
8208,1
8209,1
8210,0.9101866544044459
8211,0.5535873070774334
8212,0.9740504365406069
8213,0.6252777636687803
8214,0.9946592700131068
8215,0.9968430762781008
8216,1
8217,1
8218,1
8219,1
8220,0.8467467531175099
8221,0.9709361642796265
8222,0.9825559015549896
8223,0.8758105888378835
8224,0.9749608736926888
8225,1
8226,1
8227,1
8228,0.8854150489098684
8229,1
8230,0.6521264315759671
8231,0.9968430762781008
8232,1
8233,1
8234,1
8235,1
8236,0.8994293147388439
8237,0.2741091217441696
8238,1
8239,1
8240,1
8241,1
8242,0.8512215821257585
8243,1
8244,1
8245,1
8246,0.8005657868152055
8247,0.8304898105926442
8248,0.1478345244404042
8249,0.9237463874920943
8250,0.9968430762781008
8251,1
8252,1
8253,1
8254,1
8255,1
8256,1
8257,1
8258,1
8259,0.9031836597004178
8260,1
8261,0.9367537762839373
8262,1
8263,1
8264,1
8265,1
8266,0.979845370195437
8267,1
8268,0.979845370195437
8269,1
8270,0.952238581019351
8271,1
8272,1
8273,1
8274,1
8275,0.682772625902395
8276,1
8277,1
8278,0.9876612416190321
8279,0.9876612416190321
8280,1
8281,1
8282,1
8283,1
8284,1
8285,1
8286,1
8287,0.8452042579392905
8288,0.9676523251498593
8289,0.8594654854504752
8290,1
8291,1
8292,0.9565116537184474
8293,0.40243585854341807
8294,0.9367537762839373
8295,1
8296,1
8297,0.9101236725378196
8298,1
8299,0.8175516986336787
8300,1
8301,1
8302,1
8303,1
8304,1
8305,0.7074759224410618
8306,1
8307,0.8807151680372506
8308,0.8594569948553565
8309,1
8310,1
8311,1
8312,1
8313,1
8314,1
8315,1
8316,0.9188523671529637
8317,1
8318,0.930371619012329
8319,1
8320,0.813125537818656
8321,0.8285569493225328
8322,1
8323,1
8324,1
8325,0.9730118975243602
8326,1
8327,1
8328,1
8329,0.7435923099971533
8330,0.8304898105926442
8331,1
8332,0.9346678135388178
8333,1
8334,1
8335,1
8336,0.9989614609837535
8337,1
8338,0.742287609469048
8339,1
8340,0.7177296194998171
8341,1
8342,0.8478460387157022
8343,0.9924049721376991
8344,1
8345,1
8346,0.5019080756187181
8347,0.751209689199314
8348,1
8349,1
8350,0.8875698943142528
8351,1
8352,1
8353,1
8354,0.8467467531175099
8355,1
8356,0.9676523251498593
8357,1
8358,1
8359,1
8360,1
8361,1
8362,1
8363,1
8364,0.9225666260562072
8365,0.8990776854835568
8366,1
8367,1
8368,0.9352501294874744
8369,0.7760677396851436
8370,1
8371,0.960473993748949
8372,1
8373,0.7983772148940907
8374,1
8375,1
8376,1
8377,1
8378,1
8379,0.9770147563321826
8380,0.9475888878684422
8381,0.8758105888378835
8382,1
8383,0.9989614609837535
8384,1
8385,1
8386,1
8387,1
8388,0.4193073846796688
8389,1
8390,0.6138191340297608
8391,0.9424713473879602
8392,0.7390479732074775
8393,1
8394,1
8395,0.952238581019351
8396,0.9924049721376991
8397,1
8398,1
8399,1
8400,1
8401,0.9900744607435069
8402,1
8403,1
8404,1
8405,1
8406,1
8407,1
8408,1
8409,0.9002571508472601
8410,0.6584511101279265
8411,1
8412,1
8413,1
8414,0.87146808938467
8415,1
8416,1
8417,1
8418,0.9164134822105101
8419,1
8420,0.9367537762839373
8421,0.915043855920416
8422,0.8575742208743098
8423,0.9367537762839373
8424,1
8425,0.9709361642796265
8426,1
8427,1
8428,1
8429,0.8778215476138262
8430,1
8431,1
8432,1
8433,0.9740504365406069
8434,0.9565116537184474
8435,0.9225666260562072
8436,1
8437,1
8438,0.9989614609837535
8439,0.47872330117518136
8440,0.9946592700131068
8441,1
8442,1
8443,1
8444,0.7607959557882851
8445,0.39106635148455415
8446,1
8447,1
8448,1
8449,1
8450,1
8451,0.960473993748949
8452,0.952238581019351
8453,1
8454,0.9339736936791678
8455,0.979845370195437
8456,1
8457,1
8458,1
8459,0.3844760711065315
8460,0.7437996590077358
8461,0.974504640208544
8462,1
8463,1
8464,1
8465,0.9475888878684422
8466,1
8467,1
8468,0.9740504365406069
8469,1
8470,1
8471,1
8472,1
8473,1
8474,1
8475,1
8476,0.9946592700131068
8477,0.960473993748949
8478,1
8479,0.6509548040861303
8480,0.9131024994045092
8481,0.9610179774692599
8482,0.9709361642796265
8483,0.9851578980626085
8484,1
8485,0.26899999605500724
8486,1
8487,0.9824794328812061
8488,0.8758105888378835
8489,1
8490,0.8023505635239574
8491,1
8492,1
8493,0.8376536299292195
8494,0.23461007433624495
8495,1
8496,0.9900744607435069
8497,1
8498,0.9002571508472601
8499,0.9968430762781008
8500,0.964174901191159
8501,1
8502,1
8503,1
8504,1
8505,0.833363459276138
8506,1
8507,1
8508,0.9989614609837535
8509,1
8510,1
8511,1
8512,0.9989614609837535
8513,0.9214919712182089
8514,0.8452042579392905
8515,0.9968430762781008
8516,1
8517,0.9475888878684422
8518,0.9793989778330905
8519,1
8520,0.9924049721376991
8521,0.8808162990221073
8522,1
8523,1
8524,0.9869175370216076
8525,1
8526,1
8527,0.98286877941266
8528,0.9002571508472601
8529,1
8530,1
8531,0.960473993748949
8532,0.8735167595865019
8533,0.888778545391784
8534,1
8535,1
8536,1
8537,1
8538,1
8539,1
8540,1
8541,0.9010995041225268
8542,1
8543,1
8544,0.9565116537184474
8545,0.979845370195437
8546,1
8547,1
8548,1
8549,1
8550,1
8551,0.9565116537184474
8552,1
8553,0.9900744607435069
8554,0.8758105888378835
8555,1
8556,1
8557,1
8558,0.9851578980626085
8559,1
8560,0.34460487704408893
8561,1
8562,1
8563,1
8564,1
8565,1
8566,1
8567,0.9131024994045092
8568,0.8990331432516656
8569,1
8570,1
8571,1
8572,1
8573,1
8574,1
8575,1
8576,0.9924049721376991
8577,1
8578,1
8579,0.6836994816461192
8580,0.9475888878684422
8581,0.9002571508472601
8582,0.7557041318012333
8583,1
8584,1
8585,1
8586,1
8587,1
8588,1
8589,1
8590,0.8758105888378835
8591,1
8592,1
8593,0.962172654394791
8594,1
8595,0.8575742208743098
8596,0.9367537762839373
8597,1
8598,0.8696141531229564
8599,1
8600,1
8601,1
8602,0.8880875085557998
8603,1
8604,1
8605,1
8606,1
8607,0.9225666260562072
8608,0.8626403556347354
8609,1
8610,0.9131024994045092
8611,1
8612,1
8613,1
8614,1
8615,1
8616,1
8617,1
8618,0.964174901191159
8619,1
8620,1
8621,1
8622,0.952238581019351
8623,1
8624,1
8625,0.9002571508472601
8626,1
8627,1
8628,0.43929088310262027
8629,0.8807135172698642
8630,1
8631,0.9740504365406069
8632,1
8633,0.979845370195437
8634,1
8635,1
8636,0.952238581019351
8637,1
8638,0.7437996590077358
8639,0.3198088959383692
8640,1
8641,0.7581136085915471
8642,1
8643,1
8644,0.745100505891559
8645,1
8646,1
8647,1
8648,0.7539555277961856
8649,0.9241639788683065
8650,1
8651,0.9565116537184474
8652,1
8653,1
8654,1
8655,0.9876612416190321
8656,0.8801025210426973
8657,1
8658,1
8659,1
8660,1
8661,1
8662,1
8663,0.9900744607435069
8664,1
8665,0.9851578980626085
8666,1
8667,1
8668,0.9131024994045092
8669,0.8758105888378835
8670,1
8671,1
8672,0.922001357152416
8673,0.9770147563321826
8674,1
8675,0.6508105197811982
8676,1
8677,0.046885079789750934
8678,0.9573170700270499
8679,1
8680,1
8681,1
8682,1
8683,1
8684,0.952238581019351
8685,0.964174901191159
8686,1
8687,0.9825559015549896
8688,1
8689,0.639891139213406
8690,0.9077245241188157
8691,1
8692,1
8693,1
8694,1
8695,1
8696,0.847155001879718
8697,1
8698,1
8699,1
8700,0.9373964790819593
8701,1
8702,0.9131024994045092
8703,1
8704,0.8875698943142528
8705,0.6784224689055505
8706,1
8707,0.9770147563321826
8708,0.9367537762839373
8709,0.8830406198051564
8710,1
8711,1
8712,0.9770147563321826
8713,0.5425466666197956
8714,1
8715,1
8716,0.9740504365406069
8717,0.8636042159300029
8718,1
8719,1
8720,0.275401117416931
8721,1
8722,1
8723,0.9592083346032153
8724,1
8725,1
8726,0.9968430762781008
8727,0.82653092862762
8728,1
8729,0.8135557543021374
8730,1
8731,1
8732,1
8733,0.8889923573032882
8734,0.9825559015549896
8735,1
8736,0.9538958067360441
8737,1
8738,1
8739,1
8740,0.9305620902590541
8741,0.9740504365406069
8742,0.9770147563321826
8743,1
8744,0.9367537762839373
8745,0.964174901191159
8746,1
8747,0.9847337307566136
8748,1
8749,1
8750,1
8751,1
8752,0.9318272263410183
8753,1
8754,1
8755,1
8756,0.9225666260562072
8757,0.9900744607435069
8758,1
8759,1
8760,0.9172258960693142
8761,1
8762,1
8763,1
8764,0.9989614609837535
8765,1
8766,0.8920673430528288
8767,0.718472441531431
8768,1
8769,1
8770,0.7949670792545712
8771,0.9968430762781008
8772,1
8773,0.979845370195437
8774,0.9876612416190321
8775,1
8776,1
8777,1
8778,1
8779,0.9989614609837535
8780,0.6747390735687705
8781,0.9900744607435069
8782,1
8783,1
8784,1
8785,1
8786,0.9565116537184474
8787,1
8788,0.9968430762781008
8789,1
8790,0.7475370874972985
8791,1
8792,1
8793,0.8527992858015914
8794,1
8795,0.5014660314842384
8796,0.8376536299292195
8797,1
8798,0.9676523251498593
8799,1
8800,1
8801,0.37436228132141475
8802,1
8803,1
8804,1
8805,0.9215149219764929
8806,1
8807,0.9740504365406069
8808,0.952238581019351
8809,0.7592479790542215
8810,1
8811,0.9677137996175981
8812,1
8813,0.8280740975984158
8814,1
8815,1
8816,0.9989614609837535
8817,1
8818,1
8819,0.8166501243236343
8820,1
8821,0.9989614609837535
8822,0.9633411364173258
8823,1
8824,0.9302326597453842
8825,1
8826,1
8827,1
8828,0.9523860559064731
8829,1
8830,0.9924049721376991
8831,0.9968430762781008
8832,1
8833,1
8834,1
8835,0.23726745862924586
8836,0.9740504365406069
8837,0.9424713473879602
8838,0.9209482875730647
8839,1
8840,0.952238581019351
8841,1
8842,0.9701406745002382
8843,0.8191024271000343
8844,1
8845,0.9463007788737433
8846,0.7929217307340244
8847,0.8402703322502828
8848,1
8849,0.9968430762781008
8850,1
8851,1
8852,1
8853,0.9676523251498593
8854,1
8855,1
8856,1
8857,1
8858,0.9565116537184474
8859,0.8974608360880186
8860,1
8861,0.8133596502517693
8862,1
8863,1
8864,1
8865,1
8866,1
8867,1
8868,1
8869,0.9302326597453842
8870,1
8871,1
8872,1
8873,0.9900744607435069
8874,1
8875,0.8392045621249106
8876,0.8883388800594656
8877,1
8878,0.9968430762781008
8879,1
8880,0.726858142800876
8881,1
8882,0.9565116537184474
8883,0.9475888878684422
8884,0.8143990782673693
8885,1
8886,1
8887,1
8888,0.9698976252633799
8889,0.960473993748949
8890,0.952238581019351
8891,0.9002571508472601
8892,1
8893,1
8894,1
8895,0.9565116537184474
8896,1
8897,1
8898,1
8899,0.9869175370216076
8900,1
8901,0.9120639603882625
8902,1
8903,0.960473993748949
8904,0.9565116537184474
8905,1
8906,0.934718013900557
8907,1
8908,0.808557374768934
8909,0.952238581019351
8910,1
8911,0.9002571508472601
8912,1
8913,0.9989614609837535
8914,0.6267468322852641
8915,0.8000846197350532
8916,1
8917,0.9876612416190321
8918,1
8919,1
8920,1
8921,0.5739215416112607
8922,0.979845370195437
8923,1
8924,1
8925,0.8663516566305742
8926,1
8927,1
8928,1
8929,1
8930,1
8931,1
8932,0.9475888878684422
8933,0.9900744607435069
8934,0.8643830217345058
8935,0.9484563830190151
8936,0.960473993748949
8937,0.8297016458838836
8938,0.7435923099971533
8939,1
8940,1
8941,0.9573170700270499
8942,0.922001357152416
8943,1
8944,0.7936314529620125
8945,0.9424713473879602
8946,1
8947,0.8367810430493975
8948,0.9770147563321826
8949,1
8950,0.9131024994045092
8951,1
8952,0.9989614609837535
8953,0.9770147563321826
8954,1
8955,1
8956,1
8957,1
8958,0.8758105888378835
8959,0.8323222425563308
8960,1
8961,1
8962,1
8963,1
8964,0.9225666260562072
8965,1
8966,1
8967,0.8424575322254177
8968,1
8969,1
8970,0.9851578980626085
8971,1
8972,0.8828130524022498
8973,1
8974,1
8975,0.964174901191159
8976,0.9595706578871724
8977,1
8978,1
8979,0.9825559015549896
8980,0.38544972590180404
8981,0.9709361642796265
8982,0.7754528856896543
8983,1
8984,1
8985,0.9367537762839373
8986,0.9411896575233417
8987,1
8988,0.9399938600061414
8989,1
8990,0.8756854887118437
8991,1
8992,1
8993,1
8994,0.894319690614591
8995,0.9740504365406069
8996,1
8997,1
8998,0.8304898105926442
8999,1
9000,0.9709361642796265
9001,0.6194028988350369
9002,0.9352501294874744
9003,1
9004,0.9475888878684422
9005,0.6369080011124085
9006,1
9007,1
9008,1
9009,1
9010,1
9011,1
9012,1
9013,1
9014,1
9015,0.7835222845594352
9016,0.9924049721376991
9017,1
9018,1
9019,1
9020,0.9002571508472601
9021,0.6476978354947401
9022,1
9023,1
9024,1
9025,0.9825559015549896
9026,0.9367537762839373
9027,1
9028,1
9029,1
9030,1
9031,0.9946592700131068
9032,1
9033,1
9034,0.7693133791737172
9035,0.9475888878684422
9036,1
9037,1
9038,0.9740504365406069
9039,0.8731117163496501
9040,1
9041,1
9042,0.979845370195437
9043,0.9489193035597069
9044,1
9045,1
9046,1
9047,0.8636042159300029
9048,0.9302326597453842
9049,0.952238581019351
9050,0.9825559015549896
9051,0.9272175835588983
9052,1
9053,1
9054,0.92502724894295
9055,0.7008064475582944
9056,1
9057,1
9058,1
9059,1
9060,1
9061,1
9062,0.13753355130540937
9063,1
9064,1
9065,1
9066,0.964174901191159
9067,1
9068,1
9069,1
9070,1
9071,0.9553135667688916
9072,1
9073,0.9968430762781008
9074,0.8879538182870418
9075,1
9076,0.8524138566936132
9077,0.9989614609837535
9078,1
9079,0.9900744607435069
9080,1
9081,1
9082,1
9083,0.7448982794017369
9084,1
9085,0.9722503423331362
9086,1
9087,0.8548647924235528
9088,0.6421456291440939
9089,0.747684142572181
9090,1
9091,0.6194028988350369
9092,1
9093,1
9094,1
9095,0.8287593486377364
9096,0.48894181961269545
9097,0.9198392302015785
9098,1
9099,0.8722377828085504
9100,1
9101,0.8536727480080925
9102,1
9103,0.6421456291440939
9104,0.979845370195437
9105,0.2741091217441696
9106,1
9107,0.9770147563321826
9108,1
9109,1
9110,1
9111,1
9112,0.8722377828085504
9113,1
9114,1
9115,1
9116,0.891276332609921
9117,1
9118,1
9119,0.952238581019351
9120,0.4280991171708136
9121,0.9424713473879602
9122,1
9123,0.9946592700131068
9124,0.9946592700131068
9125,1
9126,1
9127,0.9414328083717136
9128,1
9129,0.9027739438341014
9130,0.8036360514400813
9131,0.9148788251779304
9132,0.8723555643057914
9133,1
9134,1
9135,0.405969777664403
9136,1
9137,1
9138,1
9139,1
9140,0.8994293147388439
9141,0.9740504365406069
9142,1
9143,1
9144,0.7008064475582944
9145,1
9146,0.979845370195437
9147,1
9148,1
9149,1
9150,0.8379571838641998
9151,1
9152,1
9153,1
9154,0.9002571508472601
9155,0.6520649513707651
9156,0.964174901191159
9157,0.4624481281484567
9158,1
9159,0.882471240764735
9160,0.9611341153785447
9161,0.9825559015549896
9162,1
9163,1
9164,0.9307886873247717
9165,1
9166,0.2426719729727812
9167,1
9168,0.9770147563321826
9169,1
9170,1
9171,1
9172,1
9173,0.8512262543639035
9174,1
9175,0.8840386636841356
9176,0.9367537762839373
9177,1
9178,0.9002571508472601
9179,1
9180,1
9181,1
9182,1
9183,0.8883353316423166
9184,1
9185,0.9740504365406069
9186,0.629870482259983
9187,1
9188,0.7049691004854126
9189,1
9190,1
9191,0.9825559015549896
9192,1
9193,1
9194,1
9195,1
9196,1
9197,1
9198,0.7545096253416547
9199,1
9200,1
9201,1
9202,0.964174901191159
9203,0.9924049721376991
9204,1
9205,1
9206,1
9207,1
9208,0.9465503488521956
9209,0.8379834568057964
9210,0.88118574043048
9211,1
9212,1
9213,0.9793989778330905
9214,1
9215,1
9216,0.7786804789122529
9217,1
9218,0.5436890595058979
9219,0.960473993748949
9220,1
9221,1
9222,1
9223,0.8110607183253579
9224,1
9225,1
9226,1
9227,0.6139213688952082
9228,1
9229,1
9230,0.987064242150806
9231,0.9268282370274441
9232,1
9233,1
9234,1
9235,1
9236,1
9237,1
9238,0.8166501243236343
9239,0.9989614609837535
9240,1
9241,1
9242,0.8498562756884463
9243,0.9749608736926888
9244,0.5876267230446393
9245,0.9740504365406069
9246,0.36211362823990395
9247,1
9248,0.8758105888378835
9249,0.5010021958424691
9250,1
9251,0.9577267858933664
9252,1
9253,1
9254,1
9255,0.7256728338922941
9256,0.7212832972844169
9257,1
9258,0.9553750412366303
9259,1
9260,1
9261,0.9676523251498593
9262,1
9263,0.9958045372618541
9264,0.8074108037356341
9265,0.9314101580285756
9266,0.960473993748949
9267,1
9268,0.9676523251498593
9269,1
9270,1
9271,0.6438260263155468
9272,1
9273,0.9375499504132393
9274,0.8747720498216369
9275,0.9046440017827514
9276,1
9277,0.9051410752309912
9278,0.9924049721376991
9279,0.8299730462466616
9280,0.9528572677197975
9281,1
9282,0.5936338977276683
9283,0.979845370195437
9284,0.8233994767063256
9285,1
9286,1
9287,1
9288,1
9289,0.9225666260562072
9290,1
9291,1
9292,0.9968430762781008
9293,1
9294,0.9740504365406069
9295,1
9296,1
9297,1
9298,0.7718722769469977
9299,0.9131024994045092
9300,0.9565116537184474
9301,1
9302,0.9924049721376991
9303,0.9565116537184474
9304,0.07370244832109527
9305,0.9968430762781008
9306,1
9307,1
9308,0.9900744607435069
9309,0.862469293539203
9310,1
9311,1
9312,0.5204423435250048
9313,1
9314,0.964174901191159
9315,0.9370720536197412
9316,1
9317,1
9318,1
9319,0.9225666260562072
9320,0.9946592700131068
9321,0.9740504365406069
9322,0.9367537762839373
9323,0.9738578326102835
9324,0.6744539438486791
9325,1
9326,1
9327,1
9328,1
9329,0.9851578980626085
9330,1
9331,1
9332,0.9475888878684422
9333,1
9334,1
9335,1
9336,1
9337,0.7501181762257504
9338,1
9339,1
9340,0.9565116537184474
9341,1
9342,1
9343,0.9475888878684422
9344,1
9345,1
9346,1
9347,0.9087502347377983
9348,1
9349,1
9350,1
9351,1
9352,1
9353,0.8323222425563308
9354,0.9126410867997141
9355,1
9356,0.9367537762839373
9357,1
9358,1
9359,0.952238581019351
9360,1
9361,1
9362,1
9363,0.7035743644139342
9364,1
9365,1
9366,0.928927027492889
9367,0.9002571508472601
9368,1
9369,0.8567688045657073
9370,0.979845370195437
9371,0.9268282370274441
9372,1
9373,1
9374,0.9876612416190321
9375,1
9376,0.7835351129566991
9377,1
9378,0.9475888878684422
9379,0.8867415272473663
9380,0.5876267230446393
9381,0.9347944825743407
9382,0.9131024994045092
9383,1
9384,0.47872330117518136
9385,1
9386,0.9151017096864568
9387,1
9388,1
9389,1
9390,0.6144591078728968
9391,0.8581311004700226
9392,1
9393,0.8135557543021374
9394,1
9395,1
9396,0.964174901191159
9397,1
9398,1
9399,0.9824794328812061
9400,1
9401,0.8132088294715751
9402,1
9403,0.9968430762781008
9404,0.8867415272473663
9405,0.9709361642796265
9406,1
9407,0.8543121182698116
9408,0.9676523251498593
9409,1
9410,0.9411896575233417
9411,1
9412,0.8478460387157022
9413,1
9414,0.9851578980626085
9415,0.7008064475582944
9416,1
9417,0.8003881736700336
9418,1
9419,1
9420,1
9421,1
9422,1
9423,1
9424,0.9825559015549896
9425,0.9637614054970985
9426,0.9424713473879602
9427,1
9428,0.9989614609837535
9429,1
9430,0.9225666260562072
9431,1
9432,0.9565116537184474
9433,0.890932652982159
9434,1
9435,0.9722503423331362
9436,0.8758105888378835
9437,1
9438,1
9439,1
9440,0.7129349554230175
9441,1
9442,1
9443,1
9444,1
9445,1
9446,1
9447,0.9246036442006249
9448,1
9449,0.8357401312875925
9450,1
9451,1
9452,0.9876612416190321
9453,0.9120639603882625
9454,1
9455,0.9198994402881572
9456,0.952238581019351
9457,1
9458,0.5865955798156085
9459,1
9460,1
9461,1
9462,1
9463,1
9464,1
9465,0.9534920658346163
9466,1
9467,1
9468,0.624359164930815
9469,1
9470,0.9968430762781008
9471,1
9472,0.9740504365406069
9473,1
9474,1
9475,0.5809649968524019
9476,1
9477,1
9478,0.7969921151930537
9479,1
9480,1
9481,1
9482,0.8902189512060666
9483,1
9484,1
9485,0.8376536299292195
9486,1
9487,0.7726216624093794
9488,0.8994293147388439
9489,0.8947099284073113
9490,1
9491,1
9492,1
9493,1
9494,0.696324612635283
9495,0.9989614609837535
9496,0.960473993748949
9497,1
9498,1
9499,1
9500,0.952238581019351
9501,0.8096342618905096
9502,1
9503,0.903242456464596
9504,0.5441266627146731
9505,1
9506,1
9507,0.9241639788683065
9508,0.5532820433897044
9509,1
9510,0.8713341564061835
9511,1
9512,1
9513,1
9514,1
9515,1
9516,1
9517,0.8994293147388439
9518,1
9519,1
9520,0.8159939816846391
9521,0.8225413915840324
9522,0.741658414781875
9523,1
9524,1
9525,0.960473993748949
9526,1
9527,1
9528,0.9989614609837535
9529,1
9530,1
9531,0.8955879474882031
9532,1
9533,1
9534,0.8922551149575453
9535,0.8554155411673671
9536,1
9537,0.9851578980626085
9538,1
9539,0.9851578980626085
9540,0.8899019296313001
9541,1
9542,1
9543,1
9544,0.7658708240942859
9545,1
9546,0.9900744607435069
9547,0.1478345244404042
9548,1
9549,1
9550,0.952238581019351
9551,1
9552,0.9825559015549896
9553,1
9554,0.5965834836452734
9555,0.9424713473879602
9556,0.9510023780363578
9557,0.9328846077448727
9558,1
9559,0.9968430762781008
9560,0.8371999318721768
9561,0.9775628702003074
9562,0.9367537762839373
9563,1
9564,1
9565,1
9566,1
9567,0.6999484441775486
9568,1
9569,0.9876612416190321
9570,0.9120639603882625
9571,1
9572,1
9573,0.9475888878684422
9574,1
9575,1
9576,1
9577,1
9578,1
9579,1
9580,1
9581,1
9582,1
9583,0.9190061126198749
9584,1
9585,0.910021935256429
9586,0.8827365837284661
9587,0.9302326597453842
9588,0.9219116743465456
9589,1
9590,0.9968430762781008
9591,1
9592,0.8498610253784903
9593,1
9594,1
9595,0.5350770263244871
9596,1
9597,1
9598,0.9002571508472601
9599,1
9600,1
9601,1
9602,0.9007637410235415
9603,1
9604,1
9605,0.9740504365406069
9606,1
9607,0.8758105888378835
9608,1
9609,1
9610,1
9611,0.9131024994045092
9612,1
9613,1
9614,0.882471240764735
9615,0.8233994767063256
9616,1
9617,0.9968430762781008
9618,1
9619,0.5460267353708053
9620,1
9621,1
9622,0.7435923099971533
9623,1
9624,1
9625,0.8631172674902567
9626,0.8000846197350532
9627,0.9968430762781008
9628,1
9629,1
9630,0.9568601265276199
9631,0.9752323588061153
9632,1
9633,1
9634,1
9635,0.8223967032998376
9636,1
9637,0.9600572972875585
9638,1
9639,1
9640,0.9131024994045092
9641,1
9642,0.8758105888378835
9643,1
9644,1
9645,1
9646,1
9647,1
9648,0.9839073184289067
9649,1
9650,0.9302326597453842
9651,0.9424713473879602
9652,0.8349385343585788
9653,1
9654,1
9655,0.7081571148979965
9656,1
9657,0.9510651928727897
9658,1
9659,0.9968430762781008
9660,1
9661,0.4207464235873262
9662,1
9663,0.9675066118144694
9664,0.8790782797746545
9665,1
9666,1
9667,1
9668,0.952238581019351
9669,1
9670,1
9671,0.6598100619063684
9672,1
9673,0.9968430762781008
9674,0.9252213602721608
9675,0.5422271360033586
9676,1
9677,0.9453880275123984
9678,0.5349366109135466
9679,0.9002571508472601
9680,0.9900744607435069
9681,1
9682,1
9683,0.9958045372618541
9684,1
9685,1
9686,1
9687,0.41341321761824346
9688,1
9689,1
9690,1
9691,1
9692,0.8536727480080925
9693,1
9694,1
9695,0.3024204640740303
9696,1
9697,0.9002571508472601
9698,1
9699,1
9700,1
9701,0.9002571508472601
9702,0.8748052070755583
9703,0.9424713473879602
9704,1
9705,1
9706,0.9475888878684422
9707,0.9892480484157999
9708,0.9989614609837535
9709,0.954249361934666
9710,1
9711,1
9712,1
9713,0.9066462485791192
9714,1
9715,1
9716,0.8513223437200496
9717,0.964174901191159
9718,1
9719,1
9720,1
9721,1
9722,1
9723,0.8798874929141096
9724,1
9725,1
9726,0.964174901191159
9727,1
9728,0.9302326597453842
9729,0.7751781913640992
9730,0.9709361642796265
9731,1
9732,1
9733,0.922001357152416
9734,1
9735,0.8399854900290427
9736,0.8365812451717305
9737,1
9738,0.979845370195437
9739,1
9740,0.9002571508472601
9741,1
9742,1
9743,0.9924049721376991
9744,1
9745,0.8650379734441676
9746,1
9747,1
9748,1
9749,1
9750,0.9851578980626085
9751,1
9752,0.9225666260562072
9753,1
9754,0.9740504365406069
9755,1
9756,1
9757,1
9758,1
9759,1
9760,0.9825559015549896
9761,1
9762,0.941829677098334
9763,1
9764,0.964174901191159
9765,0.9475888878684422
9766,1
9767,0.6780457817008168
9768,0.6190650757240667
9769,0.9178939013644162
9770,1
9771,1
9772,1
9773,1
9774,1
9775,0.960473993748949
9776,1
9777,1
9778,1
9779,0.9087502347377983
9780,0.9178939013644162
9781,1
9782,1
9783,1
9784,1
9785,0.952238581019351
9786,1
9787,0.9191481933655943
9788,0.7129349554230175
9789,1
9790,0.8543912522524483
9791,1
9792,1
9793,1
9794,1
9795,0.8651089792710435
9796,1
9797,0.8353551873565812
9798,1
9799,0.960473993748949
9800,0.6469948218522993
9801,0.9825559015549896
9802,0.7705205172451948
9803,1
9804,0.9131024994045092
9805,1
9806,1
9807,1
9808,0.9924049721376991
9809,0.979845370195437
9810,1
9811,0.9475888878684422
9812,0.9302326597453842
9813,0.39558309155135485
9814,0.937612696643262
9815,1
9816,1
9817,0.9302326597453842
9818,1
9819,1
9820,0.8600003504369672
9821,1
9822,0.9274342580638794
9823,1
9824,1
9825,0.7093894683716742
9826,1
9827,0.9900744607435069
9828,1
9829,0.45668427535044265
9830,1
9831,0.1478345244404042
9832,0.8285155594898589
9833,0.8636042159300029
9834,0.6606559679204703
9835,0.6143632810479188
9836,1
9837,0.8727040071333443
9838,0.9112555282240128
9839,1
9840,0.9538958067360441
9841,1
9842,0.8758105888378835
9843,1
9844,1
9845,1
9846,0.9851578980626085
9847,0.9475888878684422
9848,1
9849,1
9850,1
9851,0.9475888878684422
9852,1
9853,1
9854,0.9565116537184474
9855,1
9856,0.8407317448550778
9857,0.40320419586368345
9858,1
9859,0.9851578980626085
9860,0.4018847339501073
9861,1
9862,1
9863,0.9900744607435069
9864,1
9865,0.952238581019351
9866,1
9867,0.9002571508472601
9868,1
9869,0.8987598115999962
9870,1
9871,1
9872,1
9873,1
9874,1
9875,1
9876,0.979845370195437
9877,0.9676523251498593
9878,1
9879,1
9880,1
9881,1
9882,1
9883,1
9884,0.8194903600124033
9885,0.9876612416190321
9886,1
9887,1
9888,1
9889,0.6301070019315487
9890,0.9424713473879602
9891,0.9809624353244625
9892,0.9573170700270499
9893,1
9894,1
9895,1
9896,0.9510651928727897
9897,1
9898,0.8802951731148432
9899,0.9367537762839373
9900,1
9901,1
9902,0.8833041251361328
9903,0.9740504365406069
9904,0.9728191396816405
9905,0.9248319710156705
9906,1
9907,1
9908,1
9909,0.979845370195437
9910,1
9911,1
9912,1
9913,1
9914,0.9225666260562072
9915,1
9916,1
9917,1
9918,0.979845370195437
9919,0.962172654394791
9920,1
9921,1
9922,1
9923,1
9924,1
9925,0.9505484544924561
9926,1
9927,0.9876612416190321
9928,1
9929,1
9930,0.8758105888378835
9931,1
9932,0.6635480818795269
9933,1
9934,1
9935,0.9968430762781008
9936,0.8974608360880186
9937,1
9938,0.9876612416190321
9939,1
9940,1
9941,1
9942,1
9943,1
9944,1
9945,1
9946,0.964174901191159
9947,0.9002571508472601
9948,0.5166306688679232
9949,1
9950,0.8555738467924694
9951,1
9952,1
9953,0.8304898105926442
9954,0.6817584553505182
9955,1
9956,0.964174901191159
9957,0.964174901191159
9958,1
9959,0.8992186118310135
9960,1
9961,1
9962,0.9225666260562072
9963,1
9964,1
9965,0.9924049721376991
9966,1
9967,1
9968,1
9969,0.7530824960173264
9970,0.7529057301197285
9971,0.9131024994045092
9972,0.9968430762781008
9973,1
9974,0.2426719729727812
9975,1
9976,0.9294986696860057
9977,1
9978,0.9043802298602983
9979,0.7105813716095034
9980,1
9981,1
9982,0.9367537762839373
9983,0.6011929838318597
9984,1
9985,1
9986,1
9987,0.7983772148940907
9988,1
9989,1
9990,1
9991,1
9992,1
9993,0.952238581019351
9994,0.9900744607435069
9995,1
9996,0.7832584201513643
9997,1
9998,1
9999,0.9770147563321826
10000,0.7705205172451948
10001,1
10002,1
10003,0.8498610253784903
10004,1
10005,1
10006,0.9475888878684422
10007,0.7881795614892234
10008,1
10009,1
10010,0.5894620716529451
10011,0.5972447053685809
10012,0.952238581019351
10013,0.9475888878684422
10014,1
10015,1
10016,0.9565116537184474
10017,1
10018,1
10019,1
10020,1
10021,0.9565798733288582
10022,0.9424713473879602
10023,0.9825559015549896
10024,0.8676675452141867
10025,1
10026,1
10027,1
10028,1
10029,1
10030,1
10031,1
10032,0.8543121182698116
10033,1
10034,1
10035,1
10036,0.7365417334340927
10037,1
10038,0.9367537762839373
10039,1
10040,1
10041,0.48085426659783814
10042,0.9165991464793745
10043,0.8589236499700917
10044,1
10045,0.8135557543021374
10046,1
10047,0.9475888878684422
10048,1
10049,1
10050,1
10051,0.7834843812084511
10052,1
10053,0.9876612416190321
10054,1
10055,1
10056,0.9876612416190321
10057,1
10058,0.9475888878684422
10059,0.8994293147388439
10060,0.9002571508472601
10061,0.9336210944277792
10062,1
10063,0.9989614609837535
10064,1
10065,0.8451864506192974
10066,0.8498610253784903
10067,1
10068,0.7396025728407133
10069,1
10070,1
10071,1
10072,1
10073,0.9946592700131068
10074,0.9825559015549896
10075,1
10076,1
10077,1
10078,1
10079,0.21526087821524637
10080,0.9367537762839373
10081,1
10082,1
10083,0.8810005770709346
10084,1
10085,1
10086,0.9134075116675866
10087,1
10088,1
10089,1
10090,1
10091,1
10092,0.8258150741728094
10093,1
10094,1
10095,0.9565116537184474
10096,1
10097,1
10098,0.9946592700131068
10099,1
10100,1
10101,1
10102,0.9876612416190321
10103,1
10104,1
10105,1
10106,0.8486357886942472
10107,1
10108,0.952238581019351
10109,0.623283260681459
10110,0.7158882949272881
10111,1
10112,1
10113,0.8969671369691319
10114,1
10115,1
10116,0.9851578980626085
10117,0.3876021803368593
10118,0.934524430289556
10119,0.8606913872729514
10120,1
10121,0.9924049721376991
10122,1
10123,0.9225666260562072
10124,0.5264303527472347
10125,1
10126,0.7935041661637716
10127,0.7834843812084511
10128,1
10129,0.7699983128560622
10130,0.8091820118692014
10131,1
10132,1
10133,1
10134,0.275401117416931
10135,0.5535873070774334
10136,0.45668427535044265
10137,1
10138,0.9716740263452897
10139,1
10140,0.9989614609837535
10141,0.9770147563321826
10142,0.9825559015549896
10143,0.9900744607435069
10144,1
10145,1
10146,1
10147,0.9720754350842159
10148,1
10149,0.9225666260562072
10150,0.9373964790819593
10151,1
10152,1
10153,1
10154,1
10155,1
10156,1
10157,0.9475888878684422
10158,1
10159,1
10160,0.9023703390504164
10161,1
10162,0.9424713473879602
10163,0.9851578980626085
10164,1
10165,0.8669864360293214
10166,1
10167,1
10168,0.9302326597453842
10169,1
10170,1
10171,1
10172,1
10173,1
10174,1
10175,0.736616948880664
10176,0.9367537762839373
10177,1
10178,1
10179,1
10180,0.9225666260562072
10181,0.8376536299292195
10182,0.9709361642796265
10183,0.8891993133045023
10184,0.9770147563321826
10185,0.979845370195437
10186,1
10187,0.8758105888378835
10188,1
10189,0.932545808131467
10190,0.8556559590333207
10191,1
10192,1
10193,1
10194,1
10195,0.9031769601480161
10196,0.7724229017446538
10197,1
10198,0.839571574513321
10199,0.9131024994045092
10200,1
10201,0.964174901191159
10202,0.8408259564398463
10203,1
10204,1
10205,1
10206,0.8663516566305742
10207,1
10208,1
10209,0.9968430762781008
10210,0.9367537762839373
10211,0.7699983128560622
10212,0.8304898105926442
10213,1
10214,0.7364148675955965
10215,1
10216,1
10217,0.9825559015549896
10218,1
10219,1
10220,0.9770147563321826
10221,1
10222,1
10223,1
10224,1
10225,0.6801724496321412
10226,1
10227,1
10228,1
10229,0.8987889298715467
10230,1
10231,0.91376853261612
10232,1
10233,1
10234,1
10235,0.7979915110564277
10236,1
10237,1
10238,0.9364517082910339
10239,1
10240,0.6811902672963406
10241,0.9968430762781008
10242,1
10243,0.602070871458013
10244,1
10245,1
10246,1
10247,0.9131024994045092
10248,0.5794305538850907
10249,0.890117255736692
10250,0.979845370195437
10251,0.9726303622984966
10252,0.5535873070774334
10253,1
10254,1
10255,1
10256,1
10257,1
10258,1
10259,1
10260,0.7855640618990499
10261,1
10262,1
10263,1
10264,1
10265,0.8246750649671906
10266,0.9946592700131068
10267,1
10268,1
10269,0.952238581019351
10270,1
10271,1
10272,1
10273,1
10274,0.9528789658866482
10275,0.9851578980626085
10276,1
10277,1
10278,0.4238688884968166
10279,0.9127885613003739
10280,1
10281,1
10282,1
10283,1
10284,0.9825559015549896
10285,1
10286,1
10287,1
10288,1
10289,0.964174901191159
10290,0.9847337307566136
10291,0.8998274688877933
10292,1
10293,0.9675066118144694
10294,0.8138161420664602
10295,1
10296,1
10297,1
10298,0.8758105888378835
10299,1
10300,1
10301,0.9225666260562072
10302,1
10303,1
10304,1
10305,0.8189414589604984
10306,1
10307,1
10308,0.979845370195437
10309,1
10310,1
10311,0.9553135667688916
10312,0.891467455316134
10313,0.9367537762839373
10314,1
10315,1
10316,0.8074108037356341
10317,0.952238581019351
10318,0.9455475754457076
10319,1
10320,0.9424713473879602
10321,1
10322,0.7606222188922314
10323,1
10324,0.8575742208743098
10325,0.7983772148940907
10326,0.9824794328812061
10327,1
10328,0.9373964790819593
10329,1
10330,1
10331,0.9387264344918217
10332,1
10333,0.8424575322254177
10334,1
10335,0.9455475754457076
10336,0.9676523251498593
10337,1
10338,1
10339,1
10340,1
10341,1
10342,1
10343,0.9740504365406069
10344,1
10345,0.8711933151268865
10346,0.6262290818612747
10347,1
10348,0.8696817004588547
10349,1
10350,0.8758105888378835
10351,1
10352,1
10353,0.8365812451717305
10354,0.9825559015549896
10355,0.8977971145732914
10356,1
10357,1
10358,1
10359,0.9900744607435069
10360,1
10361,1
10362,0.9178939013644162
10363,0.915043855920416
10364,1
10365,1
10366,1
10367,1
10368,1
10369,1
10370,0.6801724496321412
10371,1
10372,0.6058817818189177
10373,1
10374,1
10375,0.6314202220828037
10376,0.8696141531229564
10377,1
10378,0.9367537762839373
10379,0.9324818318651892
10380,0.8989830011064075
10381,0.7793354306219147
10382,1
10383,1
10384,1
10385,1
10386,0.9002571508472601
10387,0.8612377347724905
10388,0.952238581019351
10389,0.9565116537184474
10390,1
10391,1
10392,1
10393,0.9628936004251474
10394,0.9770147563321826
10395,1
10396,0.9367537762839373
10397,0.8840386636841356
10398,0.5865955798156085
10399,0.8673033184036306
10400,1
10401,0.8478460387157022
10402,1
10403,0.9814408938649595
10404,0.9825559015549896
10405,1
10406,1
10407,1
10408,0.9676523251498593
10409,1
10410,1
10411,1
10412,1
10413,1
10414,0.5303773333369896
10415,1
10416,0.8593204023401445
10417,1
10418,0.960473993748949
10419,0.8225413915840324
10420,1
10421,1
10422,0.9924049721376991
10423,1
10424,0.8599285215829148
10425,1
10426,1
10427,1
10428,1
10429,0.7767211852026565
10430,0.9204439470722375
10431,0.8322268604856979
10432,1
10433,1
10434,1
10435,0.9876612416190321
10436,0.9989614609837535
10437,0.88118574043048
10438,1
10439,1
10440,1
10441,1
10442,0.8903316115907669
10443,1
10444,0.9946592700131068
10445,0.9475888878684422
10446,0.9445213681466521
10447,1
10448,1
10449,1
10450,0.9900744607435069
10451,1
10452,1
10453,1
10454,1
10455,1
10456,1
10457,1
10458,1
10459,1
10460,0.952238581019351
10461,1
10462,0.9876612416190321
10463,0.8180587467194326
10464,1
10465,1
10466,1
10467,1
10468,0.9677137996175981
10469,0.7092852523050746
10470,0.9131024994045092
10471,0.9510651928727897
10472,1
10473,1
10474,0.9002571508472601
10475,0.962172654394791
10476,0.8015041056581604
10477,1
10478,1
10479,1
10480,0.9302326597453842
10481,1
10482,1
10483,0.8168319236529038
10484,1
10485,0.8798874929141096
10486,0.9900744607435069
10487,1
10488,0.9946592700131068
10489,1
10490,1
10491,1
10492,1
10493,0.8701555139246495
10494,0.5256980431495686
10495,1
10496,0.9726303622984966
10497,1
10498,1
10499,1
10500,1
10501,0.964174901191159
10502,0.4385927262595018
10503,1
10504,0.9300683207496482
10505,0.9219116743465456
10506,1
10507,1
10508,1
10509,1
10510,0.8985615478493931
10511,1
10512,0.9565116537184474
10513,1
10514,1
10515,0.38544972590180404
10516,1
10517,0.745100505891559
10518,1
10519,1
10520,1
10521,1
10522,0.9573170700270499
10523,0.8556559590333207
10524,1
10525,1
10526,0.09592527617045765
10527,0.9968430762781008
10528,0.952238581019351
10529,1
10530,1
10531,1
10532,1
10533,0.45668427535044265
10534,1
10535,1
10536,1
10537,0.7628349328029561
10538,0.9740504365406069
10539,1
10540,1
10541,1
10542,1
10543,1
10544,1
10545,0.3053468127954668
10546,1
10547,1
10548,0.9417027616904663
10549,1
10550,0.9002571508472601
10551,1
10552,1
10553,1
10554,1
10555,0.5238417784042156
10556,0.9740504365406069
10557,1
10558,1
10559,0.9302326597453842
10560,0.8218562437140967
10561,1
10562,0.9900744607435069
10563,1
10564,1
10565,1
10566,1
10567,0.9475888878684422
10568,1
10569,1
10570,0.9170538670778072
10571,1
10572,1
10573,0.7800936851238744
10574,1
10575,0.9475888878684422
10576,1
10577,1
10578,1
10579,1
10580,1
10581,0.8349239788308557
10582,0.9225666260562072
10583,1
10584,0.8334485633155726
10585,1
10586,0.9946592700131068
10587,1
10588,1
10589,0.9946592700131068
10590,0.9225666260562072
10591,1
10592,1
10593,1
10594,1
10595,0.9424713473879602
10596,1
10597,1
10598,1
10599,1
10600,1
10601,1
10602,0.9475888878684422
10603,0.9424713473879602
10604,1
10605,1
10606,0.8651089792710435
10607,1
10608,0.8017917497281047
10609,1
10610,0.9624012717504269
10611,0.9002571508472601
10612,0.7469902181123669
10613,1
10614,1
10615,1
10616,0.8688377274987253
10617,0.887601960492403
10618,0.964174901191159
10619,1
10620,1
10621,0.9851578980626085
10622,0.7868379650593179
10623,0.9565116537184474
10624,0.8461438728252632
10625,1
10626,1
10627,1
10628,1
10629,0.6242203282961891
10630,0.952238581019351
10631,1
10632,1
10633,1
10634,0.9367537762839373
10635,1
10636,0.3861002642827671
10637,0.979845370195437
10638,0.952238581019351
10639,1
10640,1
10641,0.9424713473879602
10642,0.88118574043048
10643,1
10644,1
10645,0.8524957318666111
10646,0.9356121622308413
10647,0.9900744607435069
10648,1
10649,1
10650,1
10651,0.894000403799579
10652,1
10653,0.647403696918677
10654,0.8758105888378835
10655,1
10656,0.9131024994045092
10657,1
10658,1
10659,1
10660,0.39558309155135485
10661,1
10662,1
10663,0.8606913872729514
10664,1
10665,1
10666,0.9149715981939065
10667,0.9367537762839373
10668,1
10669,1
10670,1
10671,0.9740504365406069
10672,0.7792590850127464
10673,0.9900744607435069
10674,1
10675,0.9225666260562072
10676,1
10677,1
10678,0.9185250521480686
10679,0.9676523251498593
10680,1
10681,1
10682,1
10683,1
10684,1
10685,0.9528102232124677
10686,1
10687,1
10688,0.8758105888378835
10689,0.43808511397962363
10690,0.964174901191159
10691,0.9924049721376991
10692,1
10693,1
10694,1
10695,1
10696,0.9424713473879602
10697,0.9968430762781008
10698,1
10699,0.8079194677938529
10700,1
10701,1
10702,1
10703,0.9900744607435069
10704,1
10705,0.8225413915840324
10706,0.9968430762781008
10707,1
10708,0.9823205116321391
10709,1
10710,0.9946592700131068
10711,0.8233994767063256
10712,1
10713,0.9851578980626085
10714,0.9002571508472601
10715,1
10716,0.8604485168469008
10717,1
10718,1
10719,1
10720,0.9225666260562072
10721,0.9367537762839373
10722,0.8980461498377524
10723,1
10724,1
10725,1
10726,1
10727,1
10728,1
10729,1
10730,0.8966170625968141
10731,1
10732,0.9002571508472601
10733,1
10734,1
10735,1
10736,1
10737,0.9390675552734369
10738,0.944667081482042
10739,0.8607311445962091
10740,1
10741,0.8758105888378835
10742,1
10743,1
10744,1
10745,0.9709361642796265
10746,0.9676523251498593
10747,1
10748,1
10749,0.9740504365406069
10750,1
10751,0.9851578980626085
10752,1
10753,0.9565116537184474
10754,1
10755,1
10756,1
10757,0.9770147563321826
10758,0.8556206583404423
10759,1
10760,0.8323222425563308
10761,1
10762,0.7545096253416547
10763,1
10764,1
10765,1
10766,1
10767,0.7229259982360572
10768,0.9825559015549896
10769,1
10770,0.9002571508472601
10771,1
10772,0.9851578980626085
10773,0.5809649968524019
10774,1
10775,0.9740504365406069
10776,1
10777,1
10778,1
10779,0.9225666260562072
10780,1
10781,0.9752323588061153
10782,1
10783,0.9475888878684422
10784,1
10785,0.9740504365406069
10786,0.8555738467924694
10787,1
10788,1
10789,0.3844760711065315
10790,1
10791,1
10792,0.8554155411673671
10793,1
10794,1
10795,1
10796,1
10797,1
10798,1
10799,1
10800,0.891467455316134
10801,1
10802,1
10803,0.9946592700131068
10804,0.979845370195437
10805,0.9399938600061414
10806,1
10807,0.47872330117518136
10808,1
10809,1
10810,1
10811,1
10812,1
10813,1
10814,1
10815,0.7118922799440347
10816,1
10817,0.952238581019351
10818,0.837706143605134
10819,1
10820,1
10821,0.9169856474673964
10822,0.48894181961269545
10823,1
10824,0.9946592700131068
10825,0.8772719071794428
10826,0.9367537762839373
10827,1
10828,0.9968430762781008
10829,1
10830,0.9766884464735379
10831,1
10832,1
10833,1
10834,0.9475888878684422
10835,0.9424713473879602
10836,0.9424713473879602
10837,0.9131024994045092
10838,0.9946592700131068
10839,1
10840,1
10841,1
10842,0.9825559015549896
10843,0.8333991296779064
10844,1
10845,0.9770147563321826
10846,1
10847,0.944667081482042
10848,1
10849,0.8498610253784903
10850,1
10851,1
10852,0.8304898105926442
10853,0.8807548245543686
10854,1
10855,1
10856,1
10857,1
10858,1
10859,1
10860,0.8524957318666111
10861,0.937663348611949
10862,1
10863,1
10864,0.9730118975243602
10865,1
10866,0.9900744607435069
10867,1
10868,0.9414328083717136
10869,0.9915023462912075
10870,1
10871,0.8323222425563308
10872,1
10873,1
10874,1
10875,1
10876,1
10877,1
10878,1
10879,0.9314725274111361
10880,1
10881,0.962172654394791
10882,1
10883,0.9989614609837535
10884,1
10885,0.5107198662522675
10886,1
10887,0.8772719071794428
10888,0.9573170700270499
10889,0.9002571508472601
10890,1
10891,1
10892,1
10893,1
10894,1
10895,1
10896,0.9565116537184474
10897,0.2906278264047498
10898,1
10899,1
10900,1
10901,1
10902,1
10903,0.8521689944314813
10904,1
10905,0.9825559015549896
10906,0.9876612416190321
10907,1
10908,1
10909,1
10910,0.9913664331214527
10911,0.9709361642796265
10912,0.9185250521480686
10913,1
10914,1
10915,1
10916,1
10917,0.9196865189560567
10918,1
10919,0.9924049721376991
10920,1
10921,0.9851578980626085
10922,0.8452042579392905
10923,1
10924,0.9565116537184474
10925,1
10926,1
10927,0.9989614609837535
10928,0.9924049721376991
10929,0.8758105888378835
10930,0.9302326597453842
10931,1
10932,1
10933,1
10934,0.964174901191159
10935,0.8478460387157022
10936,1
10937,0.8696817004588547
10938,0.9511709237315541
10939,0.8792251236718974
10940,1
10941,1
10942,1
10943,1
10944,1
10945,1
10946,1
10947,1
10948,0.8527992858015914
10949,0.9740504365406069
10950,1
10951,1
10952,1
10953,1
10954,0.9475888878684422
10955,1
10956,1
10957,0.960473993748949
10958,0.9553135667688916
10959,1
10960,1
10961,0.5739215416112607
10962,1
10963,0.9825559015549896
10964,0.9989614609837535
10965,0.9291781694492045
10966,0.9041005415868895
10967,1
10968,0.9475888878684422
10969,1
10970,1
10971,1
10972,1
10973,1
10974,1
10975,1
10976,1
10977,1
10978,1
10979,0.9823205116321391
10980,0.9302326597453842
10981,0.8096189483597905
10982,0.6848190180722276
10983,1
10984,1
10985,1
10986,0.8856851857812205
10987,0.8758105888378835
10988,1
10989,1
10990,1
10991,0.8228237769034674
10992,1
10993,1
10994,0.960473993748949
10995,0.952238581019351
10996,0.7793354306219147
10997,0.7664824365064414
10998,0.9126410867997141
10999,1
11000,1
11001,0.979845370195437
11002,0.9490816572974519
11003,1
11004,0.9373964790819593
11005,1
11006,1
11007,1
11008,1
11009,1
11010,1
11011,1
11012,0.7008064475582944
11013,1
11014,1
11015,0.9770147563321826
11016,1
11017,0.9170538670778072
11018,0.2426719729727812
11019,0.9968430762781008
11020,1
11021,0.9777357023625389
11022,1
11023,0.8458214911799193
11024,0.39106635148455415
11025,1
11026,1
11027,1
11028,1
11029,0.8718648417547228
11030,1
11031,0.9385884894294859
11032,1
11033,1
11034,1
11035,0.9968430762781008
11036,0.8816196020278996
11037,1
11038,1
11039,1
11040,0.9968430762781008
11041,1
11042,1
11043,1
11044,1
11045,1
11046,0.9367537762839373
11047,0.14402390492519107
11048,1
11049,1
11050,0.960473993748949
11051,0.9766884464735379
11052,1
11053,1
11054,0.9936207309968602
11055,1
11056,1
11057,1
11058,1
11059,0.4785260385559045
11060,1
11061,1
11062,0.7815895991035492
11063,1
11064,0.9187175180226488
11065,0.9851578980626085
11066,0.9002571508472601
11067,1
11068,1
11069,0.6008942177343333
11070,1
11071,0.9225666260562072
11072,1
11073,1
11074,1
11075,1
11076,0.8297016458838836
11077,1
11078,1
11079,0.8166501243236343
11080,0.9740504365406069
11081,0.9915023462912075
11082,0.9770147563321826
11083,0.8663516566305742
11084,1
11085,0.9851578980626085
11086,1
11087,0.8452042579392905
11088,1
11089,1
11090,1
11091,1
11092,0.952238581019351
11093,1
11094,1
11095,1
11096,1
11097,1
11098,0.9553135667688916
11099,0.9968430762781008
11100,0.9225666260562072
11101,1
11102,0.9302326597453842
11103,1
11104,1
11105,0.5705817079620602
11106,1
11107,1
11108,1
11109,0.12446401795831219
11110,0.952238581019351
11111,0.9424713473879602
11112,1
11113,1
11114,0.5531219613520983
11115,1
11116,0.49709019350504585
11117,1
11118,1
11119,1
11120,0.8042632477528149
11121,1
11122,1
11123,1
11124,0.6188228369963772
11125,0.979845370195437
11126,1
11127,0.7093512617701213
11128,0.9424713473879602
11129,1
11130,0.8356691254607166
11131,1
11132,1
11133,0.8879183924662923
11134,1
11135,0.9989614609837535
11136,0.6546482483180747
11137,1
11138,0.9825559015549896
11139,0.3844760711065315
11140,1
11141,0.8300601286331774
11142,0.8536727480080925
11143,0.9851578980626085
11144,1
11145,0.9380368639492566
11146,0.9708935128187075
11147,1
11148,1
11149,1
11150,0.8711933151268865
11151,0.9302326597453842
11152,0.8527992858015914
11153,1
11154,0.862469293539203
11155,1
11156,1
11157,0.64435734592913
11158,1
11159,0.43808511397962363
11160,1
11161,0.9318272263410183
11162,0.960473993748949
11163,0.7232999507167849
11164,0.2906278264047498
11165,1
11166,0.8834845790300859
11167,1
11168,1
11169,1
11170,0.9968430762781008
11171,1
11172,0.9968430762781008
11173,0.9041952259640388
11174,1
11175,0.9989614609837535
11176,1
11177,0.9511709237315541
11178,0.9469345872711269
11179,1
11180,1
11181,0.5268707041992922
11182,1
11183,1
11184,0.9270757360234848
11185,1
11186,1
11187,0.9002571508472601
11188,1
11189,0.8643830217345058
11190,1
11191,0.6997140390793916
11192,0.960473993748949
11193,1
11194,0.9403193639443862
11195,0.9002571508472601
11196,0.8574403311935436
11197,1
11198,0.9442675797146287
11199,1
11200,0.8758105888378835
11201,0.9648764131871289
11202,1
11203,1
11204,1
11205,1
11206,0.964174901191159
11207,1
11208,0.9041952259640388
11209,1
11210,0.9339736936791678
11211,1
11212,1
11213,1
11214,1
11215,1
11216,1
11217,0.6194028988350369
11218,0.8174446931601566
11219,1
11220,1
11221,0.9320839512147882
11222,0.9002571508472601
11223,1
11224,0.9676523251498593
11225,0.9131024994045092
11226,1
11227,0.9851578980626085
11228,1
11229,0.9414328083717136
11230,0.9403193639443862
11231,1
11232,1
11233,1
11234,0.952238581019351
11235,1
11236,1
11237,0.9900744607435069
11238,1
11239,1
11240,0.8561640419337133
11241,0.9226376318830833
11242,1
11243,0.9394160280826096
11244,0.9565116537184474
11245,1
11246,1
11247,1
11248,1
11249,0.9302326597453842
11250,0.9120639603882625
11251,1
11252,1
11253,1
11254,1
11255,0.7008064475582944
11256,0.9958045372618541
11257,1
11258,0.7108997178680785
11259,0.8758105888378835
11260,1
11261,1
11262,0.9126389259700927
11263,1
11264,1
11265,1
11266,1
11267,0.9770147563321826
11268,1
11269,1
11270,0.8703398544001748
11271,0.9946592700131068
11272,1
11273,1
11274,1
11275,0.5408522935351273
11276,1
11277,0.9924049721376991
11278,0.5460267353708053
11279,1
11280,1
11281,0.8060432485832676
11282,1
11283,0.39558309155135485
11284,0.952238581019351
11285,0.7967402660952321
11286,1
11287,1
11288,0.7468244840071132
11289,1
11290,1
11291,1
11292,0.8765438738424991
11293,0.9924049721376991
11294,0.9924049721376991
11295,1
11296,1
11297,0.9900744607435069
11298,0.6638149940170507
11299,1
11300,1
11301,0.9225666260562072
11302,0.3876021803368593
11303,1
11304,1
11305,0.8635700957754375
11306,0.9475888878684422
11307,0.9490816572974519
11308,1
11309,1
11310,0.7979915110564277
11311,1
11312,0.9770147563321826
11313,0.8527992858015914
11314,0.9475888878684422
11315,1
11316,0.9824794328812061
11317,1
11318,1
11319,1
11320,0.8634718304569158
11321,0.7317353704420497
11322,0.9247332952387735
11323,1
11324,1
11325,0.9131024994045092
11326,1
11327,0.904283096285991
11328,1
11329,1
11330,0.8870049159510519
11331,1
11332,1
11333,0.9281263188988084
11334,0.8536727480080925
11335,0.9676523251498593
11336,1
11337,1
11338,1
11339,0.9225666260562072
11340,1
11341,1
11342,1
11343,1
11344,1
11345,0.9968430762781008
11346,0.8696486878279939
11347,1
11348,1
11349,0.9655954342927333
11350,1
11351,1
11352,0.9946592700131068
11353,0.9770147563321826
11354,0.9890359217272603
11355,1
11356,1
11357,1
11358,1
11359,1
11360,0.8947099284073113
11361,0.7588091522319065
11362,0.9637614054970985
11363,1
11364,0.9968430762781008
11365,1
11366,1
11367,1
11368,1
11369,1
11370,0.952238581019351
11371,0.9027633906206448
11372,1
11373,0.979845370195437
11374,1
11375,1
11376,0.9385884894294859
11377,1
11378,0.9728191396816405
11379,1
11380,1
11381,1
11382,1
11383,1
11384,0.5737293649284516
11385,1
11386,0.275401117416931
11387,0.849085026898348
11388,0.7223928502581837
11389,1
11390,1
11391,0.9637614054970985
11392,0.9876612416190321
11393,0.9900744607435069
11394,1
11395,0.8328029589787271
11396,0.9553750412366303
11397,1
11398,1
11399,1
11400,1
11401,1
11402,1
11403,1
11404,0.952238581019351
11405,1
11406,1
11407,0.8278179982073569
11408,0.8758105888378835
11409,0.730935528439882
11410,1
11411,0.8854150489098684
11412,1
11413,1
11414,0.8606913872729514
11415,1
11416,0.7568998273884808
11417,1
11418,0.9740504365406069
11419,1
11420,0.9424713473879602
11421,0.9989614609837535
11422,1
11423,0.9851578980626085
11424,1
11425,1
11426,0.960473993748949
11427,0.7916353309694295
11428,0.955133263762056
11429,1
11430,1
11431,0.6996241697049912
11432,0.9051410752309912
11433,1
11434,0.8166501243236343
11435,1
11436,1
11437,1
11438,1
11439,1
11440,1
11441,1
11442,1
11443,1
11444,0.9565116537184474
11445,1
11446,0.8424575322254177
11447,1
11448,0.9968430762781008
11449,1
11450,1
11451,1
11452,1
11453,0.9424713473879602
11454,1
11455,1
11456,0.38682546958185154
11457,0.9946592700131068
11458,1
11459,1
11460,1
11461,1
11462,1
11463,0.6849615545722176
11464,1
11465,1
11466,0.9475888878684422
11467,0.8031630247653243
11468,1
11469,1
11470,1
11471,0.84165789521845
11472,0.9675066118144694
11473,1
11474,1
11475,1
11476,0.9676523251498593
11477,0.9825559015549896
11478,0.9740504365406069
11479,0.9198392302015785
11480,1
11481,0.9225666260562072
11482,1
11483,1
11484,0.7324721248848217
11485,1
11486,0.7117847265616775
11487,1
11488,1
11489,1
11490,1
11491,0.9793989778330905
11492,1
11493,1
11494,0.9120639603882625
11495,1
11496,0.8399854900290427
11497,1
11498,1
11499,0.9573170700270499
11500,0.9002571508472601
11501,0.8758105888378835
11502,0.6058817818189177
11503,0.8826130883001485
11504,1
11505,0.9507976037939446
11506,0.979845370195437
11507,0.7780786984610863
11508,1
11509,1
11510,0.910021935256429
11511,1
11512,1
11513,1
11514,1
11515,0.9101236725378196
11516,1
11517,0.9225666260562072
11518,0.6144591078728968
11519,0.9770147563321826
11520,0.9825559015549896
11521,1
11522,1
11523,0.9024086916907628
11524,1
11525,0.9219016870845251
11526,1
11527,0.9595706578871724
11528,1
11529,0.9268282370274441
11530,0.964174901191159
11531,1
11532,1
11533,1
11534,1
11535,1
11536,1
11537,1
11538,0.9946592700131068
11539,1
11540,1
11541,1
11542,0.937612696643262
11543,1
11544,1
11545,0.8669864360293214
11546,1
11547,1
11548,0.9411896575233417
11549,0.9968430762781008
11550,0.7979915110564277
11551,0.960473993748949
11552,1
11553,1
11554,1
11555,1
11556,1
11557,1
11558,0.9087587688567452
11559,1
11560,1
11561,0.8673033184036306
11562,1
11563,0.9475888878684422
11564,1
11565,1
11566,0.9424713473879602
11567,1
11568,1
11569,1
11570,1
11571,0.9968430762781008
11572,1
11573,0.9946592700131068
11574,1
11575,0.7045739866555321
11576,1
11577,1
11578,1
11579,0.8491227489352772
11580,1
11581,0.8674194584609034
11582,1
11583,0.9709361642796265
11584,0.9084424809057878
11585,1
11586,1
11587,0.7447969519565787
11588,1
11589,1
11590,1
11591,1
11592,1
11593,1
11594,0.960473993748949
11595,0.9507815344750637
11596,1
11597,1
11598,0.9225666260562072
11599,0.8014303769714292
11600,1
11601,0.9393144236660609
11602,1
11603,0.8452042579392905
11604,1
11605,1
11606,1
11607,1
11608,1
11609,1
11610,1
11611,1
11612,1
11613,1
11614,0.979845370195437
11615,0.9281263188988084
11616,1
11617,0.5130978593428562
11618,1
11619,1
11620,0.9367537762839373
11621,1
11622,1
11623,1
11624,1
11625,0.9876612416190321
11626,1
11627,0.9946592700131068
11628,1
11629,1
11630,1
11631,1
11632,1
11633,0.8522586174454677
11634,1
11635,0.8238772109478946
11636,0.4193073846796688
11637,1
11638,1
11639,0.7922754635563131
11640,0.2741091217441696
11641,0.9002571508472601
11642,1
11643,1
11644,0.9565116537184474
11645,1
11646,1
11647,1
11648,0.9989614609837535
11649,1
11650,1
11651,0.9169856474673964
11652,1
11653,1
11654,1
11655,1
11656,0.9565116537184474
11657,1
11658,1
11659,1
11660,1
11661,0.9968430762781008
11662,0.960473993748949
11663,1
11664,1
11665,0.9302326597453842
11666,0.9019066860906737
11667,1
11668,0.8365812451717305
11669,0.7991870677246063
11670,1
11671,0.9924049721376991
11672,0.9968430762781008
11673,1
11674,0.7528186950762438
11675,0.862469293539203
11676,1
11677,1
11678,0.8758105888378835
11679,0.7398465677894628
11680,0.2546889839946581
11681,1
11682,1
11683,0.8225413915840324
11684,1
11685,0.7983772148940907
11686,0.8889923573032882
11687,0.8166501243236343
11688,0.952238581019351
11689,0.8083393271748717
11690,0.9164134822105101
11691,0.952238581019351
11692,1
11693,0.8174830469165744
11694,1
11695,1
11696,1
11697,0.813125537818656
11698,0.950335142112717
11699,0.9554404821767595
11700,0.8661951685220027
11701,1
11702,1
11703,1
11704,1
11705,1
11706,1
11707,1
11708,1
11709,1
11710,1
11711,1
11712,1
11713,0.6521264315759671
11714,0.9465861144619542
11715,1
11716,0.9002571508472601
11717,0.9183711633180615
11718,1
11719,0.9989614609837535
11720,0.9475888878684422
11721,0.9675066118144694
11722,0.9225666260562072
11723,0.9594354547327026
11724,1
11725,0.9989614609837535
11726,0.9301325890069925
11727,0.960473993748949
11728,0.9825559015549896
11729,0.937663348611949
11730,0.6616223525226653
11731,1
11732,0.9367537762839373
11733,1
11734,0.9900744607435069
11735,0.9687097065537137
11736,0.6421456291440939
11737,1
11738,0.8758105888378835
11739,1
11740,1
11741,0.9293888844095677
11742,1
11743,0.7083544942939625
11744,0.8233994767063256
11745,1
11746,1
11747,1
11748,0.9946592700131068
11749,1
11750,0.9560940623422349
11751,0.7475370874972985
11752,0.8758105888378835
11753,1
11754,1
11755,1
11756,1
11757,0.7491664399255956
11758,0.9676523251498593
11759,1
11760,1
11761,0.7898335861809971
11762,1
11763,1
11764,0.9770147563321826
11765,0.9302326597453842
11766,1
11767,1
11768,0.7118922799440347
11769,0.9637614054970985
11770,0.962172654394791
11771,0.9740504365406069
11772,0.4120131562914017
11773,0.7231206299513329
11774,1
11775,0.9131024994045092
11776,0.8879183924662923
11777,1
11778,1
11779,0.9900744607435069
11780,0.40172318233149845
11781,1
11782,1
11783,1
11784,0.6316415864776129
11785,1
11786,1
11787,1
11788,0.9002571508472601
11789,0.9900744607435069
11790,1
11791,0.8645745353358385
11792,0.9815173625387432
11793,1
11794,0.9475888878684422
11795,1
11796,0.9900744607435069
11797,1
11798,0.8947099284073113
11799,1
11800,0.8094251798408851
11801,1
11802,0.8990624831784348
11803,1
11804,1
11805,0.8297016458838836
11806,0.979845370195437
11807,1
11808,1
11809,1
11810,0.9740504365406069
11811,1
11812,0.7312285596431632
11813,1
11814,0.9009286774750964
11815,1
11816,1
11817,1
11818,1
11819,0.964174901191159
11820,0.9968430762781008
11821,1
11822,1
11823,1
11824,1
11825,0.9628936004251474
11826,1
11827,1
11828,0.9475888878684422
11829,1
11830,1
11831,1
11832,1
11833,0.9709361642796265
11834,0.9198392302015785
11835,1
11836,0.9770147563321826
11837,1
11838,0.8830406198051564
11839,0.952238581019351
11840,0.9131024994045092
11841,0.9087502347377983
11842,0.9825559015549896
11843,0.9002571508472601
11844,1
11845,0.9740504365406069
11846,1
11847,1
11848,0.9664554086783061
11849,1
11850,0.9475888878684422
11851,1
11852,1
11853,1
11854,0.9320839512147882
11855,1
11856,1
11857,0.8225413915840324
11858,1
11859,0.8299101960274038
11860,0.7835351129566991
11861,1
11862,1
11863,1
11864,0.9709361642796265
11865,1
11866,1
11867,0.9876612416190321
11868,0.9302326597453842
11869,0.9290150578840396
11870,0.8772774005956683
11871,1
11872,1
11873,0.9851578980626085
11874,0.8779928532097991
11875,1
11876,1
11877,1
11878,1
11879,0.9989614609837535
11880,1
11881,1
11882,1
11883,1
11884,1
11885,1
11886,1
11887,0.9989614609837535
11888,1
11889,1
11890,1
11891,0.9002571508472601
11892,0.9825559015549896
11893,1
11894,0.9352501294874744
11895,0.9445213681466521
11896,1
11897,1
11898,1
11899,1
11900,1
11901,1
11902,0.9740504365406069
11903,0.9989614609837535
11904,0.9770147563321826
11905,1
11906,1
11907,1
11908,0.9002571508472601
11909,0.9770147563321826
11910,1
11911,0.9352501294874744
11912,1
11913,1
11914,1
11915,1
11916,1
11917,0.7269925381007677
11918,1
11919,1
11920,1
11921,0.8452042579392905
11922,0.549567528551373
11923,1
11924,1
11925,0.8543121182698116
11926,0.8843426641523794
11927,0.9876612416190321
11928,1
11929,1
11930,0.9066462485791192
11931,1
11932,1
11933,0.40987534658270874
11934,1
11935,1
11936,0.9788068311791907
11937,1
11938,0.9002571508472601
11939,1
11940,1
11941,1
11942,1
11943,0.8634718304569158
11944,0.9367537762839373
11945,0.8225413915840324
11946,0.9215481318859035
11947,1
11948,0.8758105888378835
11949,1
11950,1
11951,0.9740504365406069
11952,1
11953,0.5092378707794198
11954,1
11955,0.9924049721376991
11956,0.9449866008202333
11957,0.979845370195437
11958,1
11959,1
11960,1
11961,1
11962,1
11963,1
11964,0.5930419266778941
11965,0.9270757360234848
11966,0.544372451193094
11967,1
11968,0.9475888878684422
11969,1
11970,1
11971,1
11972,1
11973,1
11974,0.9798171680757152
11975,1
11976,1
11977,1
11978,1
11979,1
11980,1
11981,1
11982,1
11983,0.8826130883001485
11984,1
11985,0.964174901191159
11986,0.924648894940108
11987,1
11988,0.9189311411722398
11989,1
11990,0.7608333877417857
11991,1
11992,1
11993,0.1478345244404042
11994,0.9676523251498593
11995,0.622594679176766
11996,0.9788068311791907
11997,0.855691064988938
11998,1
11999,1
12000,0.979845370195437
12001,1
12002,1
12003,1
12004,1
12005,0.9367537762839373
12006,0.9740504365406069
12007,0.9900744607435069
12008,1
12009,1
12010,0.9800662137567313
12011,1
12012,1
12013,1
12014,0.8542351364475613
12015,0.9825559015549896
12016,0.8097195620013233
12017,1
12018,1
12019,1
12020,0.934718013900557
12021,1
12022,0.9164134822105101
12023,0.275401117416931
12024,1
12025,1
12026,1
12027,1
12028,1
12029,0.9740504365406069
12030,1
12031,1
12032,0.9900744607435069
12033,1
12034,1
12035,0.5456567706850077
12036,0.9099455756826098
12037,1
12038,1
12039,1
12040,1
12041,1
12042,0.9946592700131068
12043,0.9770147563321826
12044,1
12045,1
12046,1
12047,0.678311084755087
12048,1
12049,0.9709361642796265
12050,0.9709361642796265
12051,1
12052,1
12053,1
12054,1
12055,1
12056,1
12057,1
12058,1
12059,1
12060,1
12061,1
12062,1
12063,1
12064,1
12065,1
12066,1
12067,0.9847337307566136
12068,1
12069,0.9225666260562072
12070,1
12071,1
12072,1
12073,1
12074,1
12075,0.40987534658270874
12076,1
12077,1
12078,1
12079,0.9553750412366303
12080,0.7269925381007677
12081,1
12082,1
12083,1
12084,0.8395171669045822
12085,1
12086,0.9946592700131068
12087,1
12088,0.8801025210426973
12089,0.850930972838607
12090,0.9002571508472601
12091,1
12092,1
12093,0.9414866294351508
12094,0.7981421357425035
12095,1
12096,0.9676523251498593
12097,0.8102464478065217
12098,1
12099,1
12100,1
12101,0.9936207309968602
12102,1
12103,1
12104,0.9301447894234319
12105,1
12106,0.9225666260562072
12107,0.9595706578871724
12108,0.9740504365406069
12109,0.979845370195437
12110,0.9610106250231334
12111,0.9131024994045092
12112,0.9666137861336129
12113,1
12114,1
12115,0.9225666260562072
12116,1
12117,1
12118,0.8713341564061835
12119,0.6635480818795269
12120,1
12121,0.9946592700131068
12122,0.9370720536197412
12123,1
12124,0.5126655426209563
12125,0.9851578980626085
12126,0.21526087821524637
12127,0.7951202666768105
12128,1
12129,0.9424713473879602
12130,1
12131,1
12132,1
12133,1
12134,1
12135,0.9740504365406069
12136,1
12137,0.9474976953452965
12138,0.9740504365406069
12139,0.9968430762781008
12140,1
12141,0.8758105888378835
12142,1
12143,1
12144,0.7880894240369752
12145,0.979845370195437
12146,1
12147,0.8843079445256937
12148,0.8166501243236343
12149,1
12150,1
12151,0.9726303622984966
12152,0.8723555643057914
12153,0.9573170700270499
12154,1
12155,1
12156,1
12157,0.9475888878684422
12158,0.9194097023343079
12159,0.9302326597453842
12160,1
12161,1
12162,1
12163,0.9565116537184474
12164,0.8669864360293214
12165,0.7536659786756843
12166,1
12167,0.979845370195437
12168,1
12169,1
12170,0.7376499984583492
12171,1
12172,1
12173,1
12174,1
12175,1
12176,1
12177,1
12178,1
12179,0.9876612416190321
12180,1
12181,1
12182,1
12183,1
12184,0.8758105888378835
12185,0.9044061014337967
12186,1
12187,1
12188,0.7114797142986
12189,1
12190,1
12191,0.9467308027461487
12192,1
12193,0.9302326597453842
12194,1
12195,0.9087502347377983
12196,0.9302326597453842
12197,0.9946592700131068
12198,0.8722377828085504
12199,1
12200,1
12201,1
12202,1
12203,0.9225666260562072
12204,0.6141881182661234
12205,1
12206,0.9841193590463618
12207,1
12208,1
12209,1
12210,1
12211,1
12212,1
12213,1
12214,1
12215,1
12216,1
12217,0.964174901191159
12218,0.9367537762839373
12219,1
12220,1
12221,1
12222,0.9131024994045092
12223,1
12224,1
12225,1
12226,0.964174901191159
12227,1
12228,0.8323222425563308
12229,0.574301770037044
12230,1
12231,1
12232,1
12233,0.6421456291440939
12234,1
12235,1
12236,1
12237,1
12238,1
12239,1
12240,0.9989614609837535
12241,1
12242,1
12243,1
12244,1
12245,0.9321615611757386
12246,1
12247,1
12248,0.8900602352564023
12249,0.9876612416190321
12250,0.9676523251498593
12251,1
12252,0.9385884894294859
12253,0.8903316115907669
12254,0.9002571508472601
12255,1
12256,1
12257,1
12258,1
12259,1
12260,0.9441728953374794
12261,0.9675066118144694
12262,1
12263,0.9002571508472601
12264,0.9120639603882625
12265,1
12266,0.6780457817008168
12267,1
12268,0.8650379734441676
12269,0.7070344222491528
12270,0.9913664331214527
12271,1
12272,0.9841193590463618
12273,0.9151017096864568
12274,0.9676523251498593
12275,0.964174901191159
12276,0.9825559015549896
12277,0.8589394481925254
12278,0.979845370195437
12279,1
12280,0.9565116537184474
12281,1
12282,0.9900744607435069
12283,1
12284,1
12285,0.8798874929141096
12286,1
12287,1
12288,1
12289,1
12290,1
12291,0.9414328083717136
12292,0.9510651928727897
12293,1
12294,1
12295,0.7035743644139342
12296,1
12297,0.8758105888378835
12298,1
12299,0.9510651928727897
12300,1
12301,0.8093522815579132
12302,1
12303,1
12304,0.9900744607435069
12305,0.9924049721376991
12306,1
12307,1
12308,1
12309,1
12310,0.8801025210426973
12311,1
12312,0.9178939013644162
12313,1
12314,0.5422698904933984
12315,0.6683121724441046
12316,1
12317,1
12318,1
12319,0.6199686806008506
12320,1
12321,1
12322,0.9399938600061414
12323,1
12324,1
12325,0.9709361642796265
12326,0.9825559015549896
12327,0.9924049721376991
12328,0.9484563830190151
12329,1
12330,1
12331,0.9851578980626085
12332,0.9676523251498593
12333,1
12334,0.8467041016565909
12335,1
12336,0.8641676922772987
12337,1
12338,1
12339,0.9055074715422085
12340,1
12341,0.9090851335215729
12342,1
12343,0.910804212824544
12344,0.9989614609837535
12345,1
12346,0.9394160280826096
12347,1
12348,0.9225666260562072
12349,0.9968430762781008
12350,0.9417027616904663
12351,1
12352,0.9851578980626085
12353,0.6467952096482485
12354,0.9268282370274441
12355,1
12356,0.8974608360880186
12357,1
12358,0.7811755366509912
12359,0.8663516566305742
12360,1
12361,0.9989614609837535
12362,1
12363,1
12364,1
12365,1
12366,1
12367,0.7503827073772644
12368,1
12369,1
12370,0.9554731147022008
12371,1
12372,1
12373,1
12374,0.275401117416931
12375,1
12376,0.9412745027466114
12377,1
12378,1
12379,1
12380,1
12381,1
12382,1
12383,0.9367537762839373
12384,1
12385,0.9946592700131068
12386,1
12387,1
12388,0.7889130882423926
12389,1
12390,1
12391,0.9475888878684422
12392,1
12393,0.9924049721376991
12394,1
12395,1
12396,1
12397,0.9002571508472601
12398,0.9180930527255295
12399,1
12400,1
12401,1
12402,0.7979915110564277
12403,1
12404,1
12405,1
12406,0.9120639603882625
12407,1
12408,0.9292533373515337
12409,1
12410,1
12411,1
12412,0.9528572677197975
12413,1
12414,1
12415,0.9002571508472601
12416,0.960473993748949
12417,0.952238581019351
12418,0.9825559015549896
12419,0.8524957318666111
12420,0.894908657696599
12421,0.8545353077762228
12422,0.9512000420031044
12423,0.9740504365406069
12424,1
12425,0.7786804789122529
12426,0.9002571508472601
12427,1
12428,0.5495377600018384
12429,1
12430,1
12431,0.9475888878684422
12432,1
12433,1
12434,1
12435,0.76614079121072165
12436,0.14402390492519107
12437,1
12438,0.9968430762781008
12439,1
12440,1
12441,1
12442,1
12443,1
12444,1
12445,1
12446,1
12447,0.7008064475582944
12448,1
12449,0.9382758846498143
12450,0.8642063534245519
12451,1
12452,1
12453,0.9876612416190321
12454,1
12455,1
12456,1
12457,1
12458,1
12459,1
12460,0.8758105888378835
12461,0.9215149219764929
12462,1
12463,0.9989614609837535
12464,0.9417027616904663
12465,1
12466,1
12467,1
12468,1
12469,0.952238581019351
12470,1
12471,0.952238581019351
12472,1
12473,1
12474,1
12475,1
12476,1
12477,1
12478,0.9946592700131068
12479,0.9900744607435069
12480,0.48746600726563455
12481,1
12482,1
12483,1
12484,1
12485,0.5865955798156085
12486,0.8839459117823266
12487,0.9989614609837535
12488,1
12489,1
12490,1
12491,0.9825559015549896
12492,0.9958045372618541
12493,1
12494,1
12495,1
12496,1
12497,0.9475888878684422
12498,1
12499,0.9131843221611755
12500,1
12501,1
12502,1
12503,1
12504,0.8571367659744915
12505,1
12506,0.8384426262051297
12507,0.9989614609837535
12508,0.9851578980626085
12509,0.9131024994045092
12510,0.9573170700270499
12511,1
12512,0.8503893674785232
12513,1
12514,0.9302326597453842
12515,1
12516,0.9770147563321826
12517,1
12518,1
12519,0.9709361642796265
12520,1
12521,1
12522,1
12523,1
12524,0.8758105888378835
12525,1
12526,1
12527,1
12528,1
12529,1
12530,1
12531,0.932545808131467
12532,1
12533,1
12534,1
12535,0.9467308027461487
12536,0.8555738467924694
12537,0.9268816789723421
12538,1
12539,1
12540,0.9246036442006249
12541,1
12542,1
12543,1
12544,1
12545,1
12546,0.9946592700131068
12547,1
12548,1
12549,0.9302326597453842
12550,1
12551,0.9002571508472601
12552,1
12553,1
12554,1
12555,1
12556,1
12557,1
12558,1
12559,0.9568601265276199
12560,1
12561,1
12562,1
12563,1
12564,1
12565,1
12566,1
12567,0.9244150179029693
12568,1
12569,1
12570,1
12571,1
12572,1
12573,1
12574,1
12575,1
12576,0.9740504365406069
12577,0.36211362823990395
12578,1
12579,0.9441728953374794
12580,1
12581,1
12582,1
12583,0.9131024994045092
12584,1
12585,1
12586,1
12587,1
12588,1
12589,0.8758105888378835
12590,1
12591,0.9594354547327026
12592,1
12593,1
12594,1
12595,1
12596,0.532514615995751
12597,1
12598,1
12599,0.17531456448319846
12600,1
12601,1
12602,0.960473993748949
12603,1
12604,0.9302326597453842
12605,0.9465861144619542
12606,1
12607,1
12608,0.7545096253416547
12609,0.9260694280416824
12610,1
12611,0.9424713473879602
12612,1
12613,0.9900744607435069
12614,1
12615,0.9585974058986586
12616,0.7541013365743318
12617,1
12618,0.8834845790300859
12619,0.9946592700131068
12620,1
12621,1
12622,1
12623,1
12624,0.9424713473879602
12625,1
12626,1
12627,0.9825559015549896
12628,1
12629,0.8758105888378835
12630,0.895626808057481
12631,1
12632,1
12633,1
12634,0.9455475754457076
12635,0.862469293539203
12636,0.8560930361068373
12637,0.952238581019351
12638,1
12639,0.9441728953374794
12640,1
12641,1
12642,1
12643,0.9989614609837535
12644,1
12645,1
12646,1
12647,1
12648,1
12649,1
12650,0.9475888878684422
12651,1
12652,0.6301070019315487
12653,1
12654,1
12655,1
12656,1
12657,0.955133263762056
12658,1
12659,1
12660,0.960473993748949
12661,0.9424713473879602
12662,0.9413136040854719
12663,0.9156032457616685
12664,1
12665,1
12666,0.958834171204266
12667,1
12668,0.9417027616904663
12669,0.9021767554394154
12670,0.9156032457616685
12671,1
12672,1
12673,0.9793989778330905
12674,1
12675,0.7166671878905722
12676,1
12677,1
12678,0.43816051274383166
12679,1
12680,0.9989614609837535
12681,0.960473993748949
12682,1
12683,0.9968430762781008
12684,0.9430298953039388
12685,1
12686,1
12687,0.9900744607435069
12688,0.9740504365406069
12689,1
12690,0.964174901191159
12691,0.8891993133045023
12692,1
12693,1
12694,0.7117847265616775
12695,0.979845370195437
12696,1
12697,1
12698,1
12699,1
12700,1
12701,0.9080628816173912
12702,0.9752323588061153
12703,1
12704,0.9274478179980737
12705,0.7614348743621632
12706,0.5508138003244023
12707,1
12708,0.7979915110564277
12709,0.9876612416190321
12710,1
12711,0.9475888878684422
12712,0.8758105888378835
12713,1
12714,0.9851578980626085
12715,1
12716,0.9367537762839373
12717,1
12718,1
12719,1
12720,0.9946592700131068
12721,1
12722,1
12723,1
12724,1
12725,0.8905191379073103
12726,1
12727,0.9900744607435069
12728,1
12729,0.9900744607435069
12730,0.7008064475582944
12731,0.8581311004700226
12732,1
12733,1
12734,0.41266434240359834
12735,1
12736,1
12737,1
12738,1
12739,0.17531456448319846
12740,1
12741,0.275401117416931
12742,1
12743,0.9924049721376991
12744,1
12745,1
12746,0.9740504365406069
12747,1
12748,1
12749,1
12750,0.7274906053146748
12751,1
12752,1
12753,0.9468978510324579
12754,1
12755,1
12756,1
12757,1
12758,0.9989614609837535
12759,0.8536727480080925
12760,1
12761,0.8323222425563308
12762,1
12763,0.7776573161857367
12764,0.9152412130183015
12765,1
12766,1
12767,1
12768,0.9900744607435069
12769,0.9217350060365915
12770,1
12771,1
12772,1
12773,0.9050934626996813
12774,1
12775,1
12776,1
12777,0.9131024994045092
12778,1
12779,1
12780,1
12781,0.8316740106705356
12782,1
12783,0.9709361642796265
12784,1
12785,1
12786,0.952238581019351
12787,0.9475888878684422
12788,0.7057470058944042
12789,1
12790,1
12791,1
12792,1
12793,0.9968430762781008
12794,1
12795,1
12796,1
12797,1
12798,0.9475888878684422
12799,0.8542029358188437
12800,1
12801,1
12802,0.9641248972841138
12803,0.8701555139246495
12804,1
12805,0.9302326597453842
12806,1
12807,1
12808,0.9968430762781008
12809,0.8900602352564023
12810,0.8758105888378835
12811,0.934524430289556
12812,0.964174901191159
12813,0.9851578980626085
12814,1
12815,0.9335946296610409
12816,0.9709361642796265
12817,1
12818,0.9307386834177265
12819,0.9373964790819593
12820,1
12821,0.964174901191159
12822,0.9120639603882625
12823,1
12824,1
12825,1
12826,1
12827,1
12828,1
12829,0.9851578980626085
12830,1
12831,0.9876612416190321
12832,1
12833,1
12834,0.8189414589604984
12835,0.8645745353358385
12836,0.8807135172698642
12837,1
12838,1
12839,0.9709361642796265
12840,0.8685219879492048
12841,1
12842,0.9178939013644162
12843,0.9900744607435069
12844,0.9225666260562072
12845,1
12846,1
12847,1
12848,1
12849,1
12850,0.8613931433692843
12851,0.8870046254104617
12852,1
12853,0.9565116537184474
12854,0.9968430762781008
12855,0.7608333877417857
12856,1
12857,0.9869175370216076
12858,0.8708157520633314
12859,1
12860,0.964174901191159
12861,0.7358186778899525
12862,0.882471240764735
12863,1
12864,0.655899524271714
12865,1
12866,1
12867,1
12868,1
12869,0.9740504365406069
12870,1
12871,0.9876612416190321
12872,0.7929703258744287
12873,1
12874,0.7310971078263304
12875,1
12876,0.6611681881852661
12877,1
12878,1
12879,0.2426719729727812
12880,1
12881,0.915043855920416
12882,0.9076899405635637
12883,1
12884,1
12885,1
12886,1
12887,1
12888,1
12889,1
12890,1
12891,0.960473993748949
12892,0.9825559015549896
12893,1
12894,1
12895,0.9187175180226488
12896,1
12897,1
12898,1
12899,1
12900,1
12901,0.964675997951215
12902,0.9900744607435069
12903,1
12904,1
12905,1
12906,1
12907,1
12908,0.6689780745021044
12909,1
12910,0.275401117416931
12911,0.563386706086247
12912,0.9002571508472601
12913,1
12914,0.7930559314622375
12915,1
12916,1
12917,0.45668427535044265
12918,1
12919,1
12920,0.9825559015549896
12921,1
12922,1
12923,1
12924,0.3820032932571202
12925,1
12926,1
12927,1
12928,1
12929,0.9709361642796265
12930,1
12931,1
12932,1
12933,1
12934,0.9164134822105101
12935,0.934524430289556
12936,1
12937,1
12938,1
12939,0.5019080756187181
12940,1
12941,1
12942,1
12943,1
12944,1
12945,1
12946,0.9946592700131068
12947,0.843462913987743
12948,1
12949,0.9676523251498593
12950,0.898396797075383
12951,0.7691707032174173
12952,1
12953,0.9051410752309912
12954,1
12955,1
12956,0.9178939013644162
12957,1
12958,0.9302326597453842
12959,1
12960,1
12961,1
12962,1
12963,0.905122527611197
12964,0.964174901191159
12965,1
12966,1
12967,0.920873135330299
12968,1
12969,1
12970,0.6795196709983342
12971,0.9424713473879602
12972,0.9475888878684422
12973,1
12974,1
12975,1
12976,0.9507976037939446
12977,0.8512522764986227
12978,0.9352501294874744
12979,0.9302326597453842
12980,1
12981,0.9825559015549896
12982,0.9946592700131068
12983,1
12984,1
12985,1
12986,0.9002571508472601
12987,1
12988,1
12989,0.9698976252633799
12990,1
12991,1
12992,1
12993,1
12994,0.9155304119897592
12995,1
12996,0.9676523251498593
12997,0.7760677396851436
12998,0.952238581019351
12999,1
13000,1
13001,1
13002,1
13003,1
13004,1
13005,1
13006,0.8433351591498933
13007,0.9676523251498593
13008,1
13009,0.8937487387794938
13010,1
13011,0.9198392302015785
13012,1
13013,1
13014,1
13015,0.9989614609837535
13016,1
13017,1
13018,1
13019,0.9946592700131068
13020,0.8167727108893967
13021,0.7979915110564277
13022,1
13023,1
13024,1
13025,0.9958045372618541
13026,0.8727040071333443
13027,1
13028,1
13029,0.9215149219764929
13030,0.9002571508472601
13031,1
13032,0.8923012200899675
13033,0.9675066118144694
13034,1
13035,0.9770147563321826
13036,1
13037,1
13038,0.9709361642796265
13039,0.9225666260562072
13040,1
13041,1
13042,1
13043,1
13044,1
13045,0.8031630247653243
13046,1
13047,1
13048,1
13049,0.8964889607326496
13050,1
13051,1
13052,1
13053,0.9131024994045092
13054,1
13055,1
13056,1
13057,0.7173758270493569
13058,1
13059,1
13060,1
13061,1
13062,0.952238581019351
13063,1
13064,1
13065,0.9664554086783061
13066,0.7494617869306864
13067,1
13068,1
13069,1
13070,1
13071,1
13072,1
13073,0.894319690614591
13074,1
13075,1
13076,1
13077,0.8234980897477686
13078,0.979845370195437
13079,0.9641248972841138
13080,0.8767323566288926
13081,0.6542139681225959
13082,1
13083,0.9475888878684422
13084,0.7114797142986
13085,0.9226376318830833
13086,0.9475888878684422
13087,0.8844723151905279
13088,1
13089,0.9924049721376991
13090,0.855259908688334
13091,0.964174901191159
13092,1
13093,0.4018847339501073
13094,1
13095,0.9225666260562072
13096,0.5843818398381908
13097,0.9809624353244625
13098,0.7655991202704738
13099,1
13100,0.8486357886942472
13101,1
13102,1
13103,0.9131024994045092
13104,1
13105,1
13106,0.9368072182288353
13107,1
13108,0.9989614609837535
13109,1
13110,1
13111,1
13112,1
13113,0.9876612416190321
13114,1
13115,1
13116,1
13117,1
13118,0.8536727480080925
13119,0.9490816572974519
13120,1
13121,1
13122,1
13123,0.9924049721376991
13124,1
13125,1
13126,0.1478345244404042
13127,1
13128,1
13129,1
13130,1
13131,1
13132,1
13133,1
13134,1
13135,1
13136,0.9946592700131068
13137,0.9131024994045092
13138,0.9002571508472601
13139,0.14402390492519107
13140,0.9740504365406069
13141,0.9989614609837535
13142,0.9770147563321826
13143,1
13144,1
13145,1
13146,0.8196304784783438
13147,1
13148,1
13149,1
13150,1
13151,1
13152,0.9900744607435069
13153,0.9740504365406069
13154,1
13155,1
13156,1
13157,1
13158,0.8718994253099747
13159,1
13160,1
13161,1
13162,1
13163,1
13164,0.9264314846573913
13165,1
13166,0.6199686806008506
13167,0.7983772148940907
13168,1
13169,0.9367428989164839
13170,0.8573436143523997
13171,1
13172,0.47288261190851066
13173,1
13174,0.9479509206118093
13175,0.6486387358605843
13176,0.8758105888378835
13177,1
13178,0.9770147563321826
13179,1
13180,0.9041952259640388
13181,0.8879538182870418
13182,1
13183,0.9565116537184474
13184,1
13185,1
13186,1
13187,0.8483526288919835
13188,0.9117637890596012
13189,0.960473993748949
13190,0.6584511101279265
13191,1
13192,1
13193,1
13194,1
13195,0.890117255736692
13196,1
13197,1
13198,0.8036068796451299
13199,0.9968430762781008
13200,0.8121964415391332
13201,1
13202,1
13203,1
13204,1
13205,0.952238581019351
13206,1
13207,1
13208,1
13209,1
13210,1
13211,1
13212,1
13213,1
13214,1
13215,1
13216,0.9770147563321826
13217,0.9900744607435069
13218,0.9740504365406069
13219,0.964174901191159
13220,1
13221,1
13222,1
13223,1
13224,1
13225,1
13226,0.952238581019351
13227,0.6496442328386018
13228,0.7907821870317899
13229,1
13230,1
13231,1
13232,0.9709361642796265
13233,0.964174901191159
13234,0.8758105888378835
13235,1
13236,1
13237,0.9676523251498593
13238,0.9900744607435069
13239,1
13240,0.9825559015549896
13241,1
13242,1
13243,1
13244,1
13245,0.9144894786464763
13246,1
13247,0.9467308027461487
13248,1
13249,0.9900744607435069
13250,0.13753355130540937
13251,0.964675997951215
13252,1
13253,0.9568601265276199
13254,1
13255,1
13256,1
13257,0.932545808131467
13258,0.7778265347445414
13259,1
13260,1
13261,1
13262,1
13263,1
13264,1
13265,0.8738843936850044
13266,0.9424713473879602
13267,0.9924049721376991
13268,0.8536727480080925
13269,1
13270,1
13271,1
13272,1
13273,1
13274,1
13275,1
13276,0.952238581019351
13277,1
13278,1
13279,0.6689780745021044
13280,1
13281,1
13282,0.9876612416190321
13283,0.9709361642796265
13284,0.6679736834626917
13285,1
13286,0.9924049721376991
13287,1
13288,1
13289,0.9367537762839373
13290,0.9800662137567313
13291,1
13292,0.7044877334756767
13293,1
13294,1
13295,1
13296,1
13297,0.6657969060235218
13298,0.9510651928727897
13299,1
13300,0.7740238189065719
13301,0.960473993748949
13302,1
13303,0.8701555139246495
13304,1
13305,0.9475888878684422
13306,1
13307,0.9102278676752396
13308,0.9164134822105101
13309,0.8452042579392905
13310,0.9675066118144694
13311,0.8166501243236343
13312,0.9946592700131068
13313,1
13314,1
13315,1
13316,0.8536727480080925
13317,0.9528102232124677
13318,1
13319,0.9153905578079925
13320,1
13321,1
13322,1
13323,1
13324,0.9770147563321826
13325,0.9770147563321826
13326,1
13327,0.9367537762839373
13328,0.8782697446559555
13329,0.9989614609837535
13330,0.9709361642796265
13331,1
13332,1
13333,1
13334,1
13335,0.98286877941266
13336,1
13337,0.6458177994912093
13338,1
13339,1
13340,1
13341,0.6654798392130272
13342,1
13343,0.9924049721376991
13344,1
13345,1
13346,1
13347,1
13348,1
13349,0.9698976252633799
13350,1
13351,0.84896234510384
13352,1
13353,1
13354,0.9002571508472601
13355,1
13356,0.8089915590924875
13357,1
13358,1
13359,0.9709361642796265
13360,1
13361,1
13362,0.9900744607435069
13363,1
13364,1
13365,1
13366,0.6783869372800956
13367,0.9367537762839373
13368,1
13369,0.7835351129566991
13370,1
13371,0.9675066118144694
13372,1
13373,0.7468244840071132
13374,0.8778215476138262
13375,1
13376,0.4844438480770324
13377,0.8758105888378835
13378,1
13379,1
13380,1
13381,1
13382,0.9599794384530133
13383,1
13384,0.9475888878684422
13385,1
13386,0.9900744607435069
13387,0.7977222631844291
13388,0.9876612416190321
13389,0.8827365837284661
13390,1
13391,0.9677137996175981
13392,1
13393,0.8562398800040801
13394,1
13395,1
13396,1
13397,0.7578853353322107
13398,0.9924049721376991
13399,1
13400,0.979845370195437
13401,0.9137487886406535
13402,0.9553750412366303
13403,0.9131024994045092
13404,0.7031919802664371
13405,0.9446435531570502
13406,0.964174901191159
13407,1
13408,1
13409,1
13410,1
13411,1
13412,1
13413,1
13414,1
13415,0.9131024994045092
13416,0.9815173625387432
13417,1
13418,0.8727040071333443
13419,1
13420,1
13421,0.8810005770709346
13422,0.9002571508472601
13423,0.9968430762781008
13424,0.9320839512147882
13425,1
13426,1
13427,0.9302326597453842
13428,1
13429,1
13430,1
13431,1
13432,1
13433,0.8798874929141096
13434,0.9442411149478904
13435,1
13436,0.8701555139246495
13437,1
13438,0.9876612416190321
13439,0.9851578980626085
13440,0.9475888878684422
13441,0.979845370195437
13442,1
13443,0.9740504365406069
13444,1
13445,1
13446,1
13447,0.9302326597453842
13448,1
13449,0.9788068311791907
13450,0.9709361642796265
13451,0.5889520367139567
13452,1
13453,1
13454,1
13455,0.9989614609837535
13456,1
13457,0.915043855920416
13458,0.8304898105926442
13459,1
13460,0.9900744607435069
13461,0.9002571508472601
13462,0.8830406198051564
13463,0.937663348611949
13464,1
13465,1
13466,0.8527992858015914
13467,0.9892480484157999
13468,1
13469,1
13470,0.6138191340297608
13471,1
13472,1
13473,1
13474,1
13475,0.9825559015549896
13476,1
13477,1
13478,1
13479,0.9044844249354965
13480,0.9596625382711524
13481,1
13482,1
13483,1
13484,0.924648894940108
13485,0.13837615211786689
13486,1
13487,1
13488,1
13489,1
13490,1
13491,0.850074811180474
13492,0.8467467531175099
13493,1
13494,0.8979464593629823
13495,1
13496,1
13497,1
13498,1
13499,0.9367537762839373
13500,1
13501,1
13502,1
13503,0.952238581019351
13504,1
13505,1
13506,1
13507,1
13508,0.7760677396851436
13509,0.7348000029727626
13510,1
13511,1
13512,0.9825559015549896
13513,1
13514,1
13515,1
13516,1
13517,0.9367537762839373
13518,1
13519,1
13520,1
13521,1
13522,0.8990624831784348
13523,1
13524,1
13525,0.8143990782673693
13526,1
13527,0.7262307791310313
13528,0.9565798733288582
13529,1
13530,1
13531,0.5223337726126471
13532,0.9890359217272603
13533,1
13534,1
13535,1
13536,0.774410709657967
13537,0.9851578980626085
13538,1
13539,1
13540,1
13541,1
13542,0.859275909118572
13543,0.9900744607435069
13544,0.9652241118193398
13545,1
13546,1
13547,0.9628936004251474
13548,1
13549,0.8167727108893967
13550,0.8395309883401231
13551,0.8839509195720151
13552,1
13553,1
13554,1
13555,0.8334485633155726
13556,0.9302326597453842
13557,0.9989614609837535
13558,1
13559,1
13560,0.979845370195437
13561,0.7158882949272881
13562,0.9770147563321826
13563,1
13564,1
13565,0.88952265037091
13566,1
13567,1
13568,0.964174901191159
13569,0.2855042298331188
13570,1
13571,1
13572,1
13573,1
13574,1
13575,0.9002571508472601
13576,0.9596625382711524
13577,1
13578,0.7496837445762397
13579,0.6780457817008168
13580,0.39558309155135485
13581,1
13582,1
13583,1
13584,1
13585,0.8880633730971982
13586,0.9606044817751992
13587,1
13588,0.8303387702833663
13589,0.7760677396851436
13590,1
13591,0.933596852562038
13592,1
13593,1
13594,0.9740504365406069
13595,0.7437996590077358
13596,0.960473993748949
13597,0.8292128746353264
13598,0.9851578980626085
13599,0.9738578326102835
13600,1
13601,1
13602,0.915043855920416
13603,0.9709361642796265
13604,1
13605,1
13606,1
13607,1
13608,0.960473993748949
13609,0.8900602352564023
13610,0.9178939013644162
13611,1
13612,1
13613,0.8905191379073103
13614,1
13615,0.9002571508472601
13616,0.8891993133045023
13617,0.9722503423331362
13618,1
13619,1
13620,1
13621,1
13622,1
13623,1
13624,1
13625,0.9770147563321826
13626,1
13627,1
13628,0.9225666260562072
13629,1
13630,0.8659533169283362
13631,1
13632,0.9876612416190321
13633,1
13634,1
13635,1
13636,0.8920673430528288
13637,1
13638,0.979845370195437
13639,1
13640,1
13641,0.9851578980626085
13642,1
13643,1
13644,1
13645,1
13646,1
13647,1
13648,0.8158044488440248
13649,0.9989614609837535
13650,1
13651,0.9268282370274441
13652,1
13653,1
13654,1
13655,0.9351110654707856
13656,1
13657,0.3844760711065315
13658,1
13659,0.8713341564061835
13660,1
13661,0.8758105888378835
13662,1
13663,0.8994293147388439
13664,1
13665,1
13666,0.6999484441775486
13667,0.6509548040861303
13668,1
13669,0.9170538670778072
13670,0.9740504365406069
13671,0.8304898105926442
13672,0.9367537762839373
13673,0.7760677396851436
13674,0.960473993748949
13675,1
13676,1
13677,0.9824794328812061
13678,1
13679,0.9131024994045092
13680,0.6696043945678606
13681,0.952238581019351
13682,0.9825559015549896
13683,1
13684,0.9225666260562072
13685,1
13686,1
13687,1
13688,1
13689,1
13690,0.9475888878684422
13691,1
13692,0.863338939296873
13693,0.964174901191159
13694,1
13695,0.9394160280826096
13696,0.9946592700131068
13697,0.960473993748949
13698,1
13699,1
13700,1
13701,0.6483044964094132
13702,0.7983772148940907
13703,0.275401117416931
13704,1
13705,1
13706,1
13707,0.7568998273884808
13708,1
13709,1
13710,1
13711,1
13712,0.9825559015549896
13713,1
13714,0.8917617832059217
13715,0.9475888878684422
13716,0.9851578980626085
13717,1
13718,1
13719,0.9553135667688916
13720,0.9424713473879602
13721,0.47012996583884614
13722,1
13723,0.9001895016311602
13724,0.6266180176886657
13725,1
13726,1
13727,0.9475888878684422
13728,0.8870049159510519
13729,1
13730,1
13731,0.8955879474882031
13732,1
13733,1
13734,1
13735,1
13736,0.9824794328812061
13737,0.9740504365406069
13738,0.9187547506246463
13739,0.9131024994045092
13740,0.8748052070755583
13741,1
13742,0.9225666260562072
13743,1
13744,1
13745,1
13746,1
13747,1
13748,1
13749,0.9002571508472601
13750,1
13751,0.9293307934000877
13752,0.8513223437200496
13753,0.960473993748949
13754,0.7718722769469977
13755,1
13756,0.7567247123199395
13757,0.6539510616865601
13758,1
13759,1
13760,0.9550555233259883
13761,1
13762,1
13763,0.693653603672418
13764,0.9479082691508903
13765,1
13766,0.9709361642796265
13767,1
13768,1
13769,1
13770,0.8840386636841356
13771,1
13772,1
13773,1
13774,1
13775,0.9424713473879602
13776,1
13777,1
13778,1
13779,0.8757220175169658
13780,1
13781,0.6521264315759671
13782,0.952238581019351
13783,0.7817060762730276
13784,0.4156108837578656
13785,1
13786,0.9709361642796265
13787,1
13788,0.8607311445962091
13789,1
13790,1
13791,0.8514824124865539
13792,1
13793,1
13794,1
13795,0.8994293147388439
13796,1
13797,0.8003881736700336
13798,1
13799,1
13800,0.8758105888378835
13801,0.920307120488891
13802,0.9002571508472601
13803,1
13804,1
13805,1
13806,0.9740504365406069
13807,0.9244150179029693
13808,1
13809,0.40987534658270874
13810,1
13811,1
13812,0.3966812799050349
13813,1
13814,0.8772774005956683
13815,0.8225413915840324
13816,1
13817,1
13818,1
13819,1
13820,1
13821,1
13822,0.9475888878684422
13823,0.9650032682580457
13824,0.9051410752309912
13825,1
13826,0.9968430762781008
13827,1
13828,0.8323222425563308
13829,1
13830,1
13831,0.9565116537184474
13832,0.8010514548277659
13833,1
13834,1
13835,1
13836,1
13837,1
13838,1
13839,1
13840,1
13841,1
13842,1
13843,1
13844,0.820349915482076
13845,0.9268282370274441
13846,1
13847,1
13848,0.9302326597453842
13849,0.275401117416931
13850,1
13851,0.979845370195437
13852,0.9244150179029693
13853,1
13854,1
13855,0.9611341153785447
13856,0.9021706459459967
13857,1
13858,0.9847337307566136
13859,1
13860,0.9080628816173912
13861,0.9565116537184474
13862,1
13863,1
13864,1
13865,0.9131024994045092
13866,1
13867,1
13868,1
13869,1
13870,1
13871,0.9968430762781008
13872,0.933596852562038
13873,1
13874,0.979845370195437
13875,1
13876,0.6199686806008506
13877,1
13878,1
13879,0.9851578980626085
13880,0.9490816572974519
13881,1
13882,1
13883,0.9367428989164839
13884,1
13885,0.747684142572181
13886,0.8297016458838836
13887,1
13888,1
13889,0.960473993748949
13890,1
13891,1
13892,1
13893,0.8304898105926442
13894,1
13895,1
13896,1
13897,1
13898,0.9475888878684422
13899,1
13900,1
13901,0.8702265197515254
13902,0.9394072599972744
13903,0.5460267353708053
13904,1
13905,1
13906,1
13907,1
13908,1
13909,1
13910,0.5930419266778941
13911,1
13912,1
13913,0.9417027616904663
13914,1
13915,1
13916,0.9270877798825617
13917,1
13918,1
13919,1
13920,0.9424713473879602
13921,1
13922,1
13923,1
13924,0.2426719729727812
13925,1
13926,0.8692242284867473
13927,1
13928,0.9445213681466521
13929,0.9676523251498593
13930,1
13931,1
13932,0.9825559015549896
13933,0.9225666260562072
13934,1
13935,1
13936,1
13937,1
13938,1
13939,0.9628936004251474
13940,1
13941,1
13942,1
13943,0.9698976252633799
13944,1
13945,0.7346954184363538
13946,0.9770147563321826
13947,1
13948,1
13949,1
13950,0.9770147563321826
13951,1
13952,0.9002571508472601
13953,1
13954,1
13955,1
13956,1
13957,0.8651661015866698
13958,1
13959,1
13960,1
13961,1
13962,0.7979915110564277
13963,1
13964,0.9352501294874744
13965,1
13966,0.9869175370216076
13967,1
13968,1
13969,1
13970,1
13971,0.8323222425563308
13972,0.964174901191159
13973,0.9225666260562072
13974,0.7232999507167849
13975,1
13976,0.7312285596431632
13977,1
13978,0.8716654681170977
13979,0.8663064058910911
13980,1
13981,1
13982,1
13983,0.9825559015549896
13984,1
13985,0.8166501243236343
13986,1
13987,1
13988,1
13989,0.9231747452989774
13990,1
13991,1
13992,0.9367537762839373
13993,0.8248310769924782
13994,0.8701555139246495
13995,0.8528253451700663
13996,1
13997,0.7263057493145607
13998,0.9276292454505686
13999,0.5865955798156085
14000,1
14001,0.9411896575233417
14002,1
14003,1
14004,1
14005,1
14006,0.9002571508472601
14007,1
14008,0.960473993748949
14009,1
14010,1
14011,1
14012,1
14013,1
14014,0.5704063215374928
14015,0.7998385332356501
14016,0.9824794328812061
14017,1
14018,1
14019,1
14020,1
14021,1
14022,1
14023,0.9206865549096062
14024,0.9468291209737763
14025,0.8758105888378835
14026,0.9002571508472601
14027,0.9851578980626085
14028,1
14029,1
14030,0.9126239317640477
14031,1
14032,1
14033,1
14034,1
14035,1
14036,1
14037,1
14038,0.9860257031345594
14039,1
14040,0.92502724894295
14041,0.5700469432404963
14042,0.9900744607435069
14043,0.9851578980626085
14044,1
14045,0.9677792405577272
14046,0.9946592700131068
14047,0.8287979428355737
14048,1
14049,1
14050,0.8710985661394335
14051,1
14052,1
14053,0.6329278152107289
14054,1
14055,1
14056,1
14057,1
14058,0.8758105888378835
14059,0.8234980897477686
14060,1
14061,0.8727040071333443
14062,0.9968430762781008
14063,0.9475888878684422
14064,1
14065,1
14066,1
14067,0.8116955758747076
14068,1
14069,1
14070,0.1478345244404042
14071,1
14072,1
14073,1
14074,0.8528253451700663
14075,0.8031630247653243
14076,1
14077,0.8990624831784348
14078,1
14079,1
14080,0.9740504365406069
14081,0.9770147563321826
14082,1
14083,1
14084,1
14085,1
14086,0.9439920692668743
14087,1
14088,1
14089,1
14090,1
14091,1
14092,1
14093,1
14094,0.9924049721376991
14095,0.937663348611949
14096,0.28309067779551816
14097,1
14098,0.9270757360234848
14099,1
14100,0.987064242150806
14101,1
14102,0.1478345244404042
14103,1
14104,0.9305620902590541
14105,1
14106,0.822258507999676
14107,0.8998274688877933
14108,1
14109,1
14110,1
14111,1
14112,0.931413046297044
14113,0.9225666260562072
14114,0.6546482483180747
14115,1
14116,0.952238581019351
14117,0.9825559015549896
14118,0.979845370195437
14119,1
14120,1
14121,1
14122,1
14123,1
14124,1
14125,0.960473993748949
14126,1
14127,0.680221416584701
14128,0.9475888878684422
14129,1
14130,0.7163819392500455
14131,1
14132,0.33506242378142176
14133,1
14134,0.9946592700131068
14135,0.932545808131467
14136,0.3198088959383692
14137,0.8908270704488368
14138,1
14139,1
14140,0.9072474160775669
14141,1
14142,1
14143,1
14144,1
14145,0.5003969847316663
14146,1
14147,0.9968430762781008
14148,0.8645745353358385
14149,0.7225602828217906
14150,1
14151,1
14152,0.979845370195437
14153,0.7595775531874046
14154,1
14155,0.48894181961269545
14156,1
14157,0.9876612416190321
14158,0.8609684869004919
14159,0.944667081482042
14160,1
14161,0.9968430762781008
14162,1
14163,1
14164,1
14165,1
14166,0.8679094759971194
14167,1
14168,1
14169,0.9446435531570502
14170,0.9002571508472601
14171,0.9198392302015785
14172,1
14173,1
14174,1
14175,0.9120336373277153
14176,0.9573170700270499
14177,0.9131024994045092
14178,1
14179,1
14180,1
14181,0.841406023130617
14182,1
14183,0.974504640208544
14184,0.9924049721376991
14185,1
14186,0.9194097023343079
14187,1
14188,1
14189,0.9739817791724135
14190,0.6144591078728968
14191,1
14192,0.3300486258972631
14193,0.8854150489098684
14194,1
14195,0.9815173625387432
14196,0.7861359370515234
14197,1
14198,0.8738843936850044
14199,0.9276292454505686
14200,1
14201,1
14202,0.9320508429710392
14203,0.8017917497281047
14204,0.979845370195437
14205,0.9989614609837535
14206,0.9989614609837535
14207,0.9024119962516445
14208,1
14209,1
14210,0.952238581019351
14211,0.7324721248848217
14212,1
14213,0.9565116537184474
14214,1
14215,1
14216,0.9475888878684422
14217,0.8610534200163183
14218,1
14219,1
14220,0.9900744607435069
14221,1
14222,0.8323222425563308
14223,1
14224,0.9131024994045092
14225,1
14226,1
14227,0.8058491915321249
14228,0.8498562756884463
14229,1
14230,0.8171864879994597
14231,1
14232,0.9851578980626085
14233,0.9424713473879602
14234,0.8440873589931134
14235,0.952238581019351
14236,0.9900744607435069
14237,1
14238,0.9820009743407091
14239,1
14240,0.5865955798156085
14241,1
14242,1
14243,0.46194002523318745
14244,0.7606222188922314
14245,0.9876612416190321
14246,0.47872330117518136
14247,1
14248,1
14249,0.9554404821767595
14250,1
14251,0.9766884464735379
14252,0.8634718304569158
14253,0.6521264315759671
14254,0.9468159130600992
14255,0.9709361642796265
14256,1
14257,1
14258,1
14259,1
14260,0.8635700957754375
14261,1
14262,0.41958931740157485
14263,0.936223090935398
14264,0.9502082267048491
14265,0.9475888878684422
14266,0.952238581019351
14267,1
14268,0.9511709237315541
14269,1
14270,1
14271,0.9002571508472601
14272,1
14273,1
14274,1
14275,0.9851578980626085
14276,0.9777357023625389
14277,1
14278,0.8395171669045822
14279,1
14280,1
14281,1
14282,0.7698713039702165
14283,0.9677137996175981
14284,1
14285,0.9148788251779304
14286,0.9327467859310505
14287,0.9770147563321826
14288,1
14289,1
14290,1
14291,1
14292,1
14293,0.4824328564741608
14294,1
14295,0.7754528856896543
14296,1
14297,1
14298,0.915043855920416
14299,0.920307120488891
14300,1
14301,1
14302,1
14303,0.6758673522247576
14304,0.8663516566305742
14305,1
14306,0.9504808575244802
14307,0.9131024994045092
14308,0.9968430762781008
14309,1
14310,1
14311,0.9120336373277153
14312,1
14313,1
14314,1
14315,0.8673033184036306
14316,1
14317,1
14318,1
14319,1
14320,0.9390675552734369
14321,1
14322,1
14323,0.7364148675955965
14324,0.8049942891405464
14325,0.7714956000974954
14326,1
14327,1
14328,1
14329,0.9989614609837535
14330,0.9676523251498593
14331,1
14332,0.3110726597395941
14333,0.8669864360293214
14334,1
14335,0.9740504365406069
14336,1
14337,0.740848562282051
14338,1
14339,0.9484990344799341
14340,0.6267468322852641
14341,1
14342,1
14343,1
14344,0.9676523251498593
14345,1
14346,0.9238151301662748
14347,1
14348,1
14349,0.9989614609837535
14350,1
14351,0.911993390289676
14352,0.9002571508472601
14353,1
14354,0.9475888878684422
14355,1
14356,0.8498610253784903
14357,0.9187175180226488
14358,1
14359,0.8955879474882031
14360,0.8784592193944567
14361,1
14362,1
14363,0.9740504365406069
14364,1
14365,1
14366,0.960473993748949
14367,1
14368,0.9051410752309912
14369,1
14370,0.6417123740439841
14371,0.9075060378464315
14372,0.9475888878684422
14373,0.9824794328812061
14374,0.8758105888378835
14375,1
14376,1
14377,1
14378,1
14379,0.8758105888378835
14380,1
14381,0.9628936004251474
14382,0.6527968020869602
14383,0.9924049721376991
14384,1
14385,0.9876612416190321
14386,0.9393144236660609
14387,1
14388,0.5704063215374928
14389,0.8596972434572744
14390,1
14391,0.9043802298602983
14392,1
14393,1
14394,1
14395,1
14396,1
14397,0.9770147563321826
14398,1
14399,1
14400,1
14401,0.9924049721376991
14402,1
14403,0.7760677396851436
14404,0.8362845825868327
14405,0.910804212824544
14406,1
14407,0.4640752148165054
14408,1
14409,0.8452042579392905
14410,0.9924049721376991
14411,0.9553135667688916
14412,1
14413,0.9676523251498593
14414,1
14415,1
14416,0.9538958067360441
14417,1
14418,1
14419,1
14420,1
14421,1
14422,0.9946592700131068
14423,1
14424,0.9302326597453842
14425,1
14426,1
14427,1
14428,0.9357152372676907
14429,1
14430,1
14431,0.9399938600061414
14432,0.9187175180226488
14433,0.9367537762839373
14434,1
14435,1
14436,1
14437,0.9851578980626085
14438,0.9077617694176161
14439,1
14440,1
14441,1
14442,1
14443,1
14444,1
14445,0.9367537762839373
14446,1
14447,1
14448,1
14449,0.9226376318830833
14450,0.9915023462912075
14451,0.952238581019351
14452,0.9676523251498593
14453,1
14454,1
14455,1
14456,1
14457,1
14458,1
14459,1
14460,1
14461,0.9357152372676907
14462,1
14463,1
14464,1
14465,0.9565116537184474
14466,1
14467,1
14468,0.8758105888378835
14469,1
14470,1
14471,0.7398465677894628
14472,1
14473,0.9968430762781008
14474,0.964174901191159
14475,1
14476,0.9946592700131068
14477,1
14478,1
14479,1
14480,1
14481,0.9851578980626085
14482,1
14483,1
14484,0.9002571508472601
14485,1
14486,0.9320839512147882
14487,1
14488,1
14489,1
14490,1
14491,0.1478345244404042
14492,0.8758105888378835
14493,1
14494,0.9740504365406069
14495,0.7704126647719095
14496,1
14497,1
14498,1
14499,1
14500,1
14501,1
14502,0.9403193639443862
14503,1
14504,1
14505,0.5865955798156085
14506,1
14507,0.9328846077448727
14508,1
14509,0.8452042579392905
14510,0.964174901191159
14511,0.6542139681225959
14512,0.8536727480080925
14513,1
14514,0.8215089923553052
14515,0.8431752227546003
14516,1
14517,0.979845370195437
14518,1
14519,1
14520,1
14521,1
14522,1
14523,1
14524,0.9958045372618541
14525,0.9770147563321826
14526,1
14527,1
14528,1
14529,1
14530,0.9510651928727897
14531,1
14532,1
14533,1
14534,0.4703928748149642
14535,0.8622423005724144
14536,1
14537,0.6801724496321412
14538,1
14539,1
14540,1
14541,1
14542,0.38544972590180404
14543,1
14544,1
14545,0.5508138003244023
14546,1
14547,0.9740504365406069
14548,1
14549,1
14550,0.9701406745002382
14551,1
14552,1
14553,1
14554,0.9770147563321826
14555,0.9025286446755189
14556,1
14557,1
14558,1
14559,0.9475888878684422
14560,0.8955879474882031
14561,0.9752323588061153
14562,1
14563,0.8994293147388439
14564,1
14565,1
14566,1
14567,0.9387264344918217
14568,1
14569,1
14570,0.48561349566709644
14571,1
14572,1
14573,1
14574,0.9968430762781008
14575,1
14576,1
14577,1
14578,1
14579,1
14580,1
14581,0.9676523251498593
14582,1
14583,1
14584,0.960473993748949
14585,0.275401117416931
14586,1
14587,0.9782839701430601
14588,0.8581311004700226
14589,1
14590,1
14591,0.9968430762781008
14592,1
14593,0.859040298393966
14594,0.9740504365406069
14595,0.8132088294715751
14596,0.9709361642796265
14597,0.8900602352564023
14598,0.45668427535044265
14599,0.6144591078728968
14600,1
14601,0.933596852562038
14602,1
14603,0.9989614609837535
14604,0.9131024994045092
14605,1
14606,1
14607,1
14608,1
14609,1
14610,0.9502006043257185
14611,0.9553750412366303
14612,0.9610179774692599
14613,1
14614,0.8900602352564023
14615,0.9153905578079925
14616,1
14617,1
14618,0.8994293147388439
14619,0.9946592700131068
14620,0.8525493773287814
14621,1
14622,0.9968430762781008
14623,1
14624,1
14625,1
14626,1
14627,1
14628,1
14629,1
14630,0.9475888878684422
14631,1
14632,1
14633,1
14634,0.9131024994045092
14635,1
14636,0.9528789658866482
14637,1
14638,1
14639,1
14640,1
14641,1
14642,0.9475888878684422
14643,0.8537886010168091
14644,1
14645,1
14646,1
14647,0.813125537818656
14648,0.9851578980626085
14649,0.9740504365406069
14650,1
14651,0.9367537762839373
14652,1
14653,1
14654,0.3171809537676361
14655,1
14656,1
14657,1
14658,1
14659,0.8573436143523997
14660,1
14661,0.8758105888378835
14662,1
14663,0.9077617694176161
14664,1
14665,1
14666,0.6029127123372978
14667,0.9441728953374794
14668,1
14669,1
14670,0.5003969847316663
14671,1
14672,1
14673,0.952238581019351
14674,0.9475888878684422
14675,0.9814408938649595
14676,1
14677,1
14678,1
14679,1
14680,1
14681,1
14682,1
14683,0.9851578980626085
14684,0.8830406198051564
14685,1
14686,0.8135557543021374
14687,0.9225666260562072
14688,1
14689,1
14690,1
14691,1
14692,0.8537394237513336
14693,1
14694,1
14695,1
14696,1
14697,1
14698,1
14699,0.7908213790806792
14700,0.846843265309214
14701,1
14702,1
14703,1
14704,0.8827478248327708
14705,1
14706,0.9946592700131068
14707,1
14708,1
14709,1
14710,0.9367537762839373
14711,0.8660364525723384
14712,1
14713,0.9655954342927333
14714,1
14715,1
14716,1
14717,1
14718,0.5107198662522675
14719,1
14720,0.9225666260562072
14721,0.9566063380955967
14722,1
14723,1
14724,0.9924049721376991
14725,1
14726,0.9958045372618541
14727,1
14728,0.5616812510338451
14729,1
14730,1
14731,1
14732,0.9225666260562072
14733,1
14734,0.5345109551432957
14735,0.8433351591498933
14736,1
14737,1
14738,0.964174901191159
14739,1
14740,0.8913879732441067
14741,1
14742,1
14743,1
14744,1
14745,1
14746,1
14747,1
14748,1
14749,0.979845370195437
14750,1
14751,0.8644320520384191
14752,0.964174901191159
14753,0.9225666260562072
14754,0.9968430762781008
14755,1
14756,1
14757,1
14758,1
14759,1
14760,1
14761,1
14762,1
14763,1
14764,1
14765,0.9676523251498593
14766,1
14767,0.9565116537184474
14768,0.979845370195437
14769,0.9422311037904992
14770,1
14771,0.6150601322051663
14772,1
14773,0.7501181762257504
14774,0.9900744607435069
14775,0.9565116537184474
14776,0.9219016870845251
14777,1
14778,1
14779,1
14780,1
14781,0.8304898105926442
14782,1
14783,1
14784,1
14785,0.7808984370234506
14786,1
14787,1
14788,1
14789,0.9305068221667988
14790,1
14791,0.979845370195437
14792,1
14793,1
14794,1
14795,1
14796,1
14797,0.9281263188988084
14798,1
14799,1
14800,1
14801,0.8001481189659893
14802,0.952238581019351
14803,1
14804,1
14805,1
14806,1
14807,1
14808,1
14809,0.915043855920416
14810,1
14811,0.9946592700131068
14812,0.9131024994045092
14813,1
14814,0.745100505891559
14815,1
14816,1
14817,0.9100780299408213
14818,0.953354729996548
14819,0.5091292789569503
14820,1
14821,1
14822,1
14823,1
14824,0.9002571508472601
14825,1
14826,1
14827,0.7236995194020857
14828,1
14829,1
14830,1
14831,1
14832,1
14833,0.9367537762839373
14834,0.9362591043607102
14835,1
14836,1
14837,1
14838,0.9367537762839373
14839,1
14840,0.9475888878684422
14841,1
14842,1
14843,0.7435923099971533
14844,0.9178939013644162
14845,1
14846,0.9237463874920943
14847,1
14848,0.796145382362361
14849,1
14850,1
14851,1
14852,0.8672101792132575
14853,0.9989614609837535
14854,0.8133596502517693
14855,0.8297016458838836
14856,0.9131024994045092
14857,0.5541587946307637
14858,0.915043855920416
14859,0.5268707041992922
14860,0.9302326597453842
14861,1
14862,1
14863,0.960473993748949
14864,1
14865,1
14866,1
14867,1
14868,0.9215280870399606
14869,1
14870,0.9989614609837535
14871,0.8593204023401445
14872,1
14873,1
14874,1
14875,1
14876,1
14877,0.791277070171216
14878,0.9142026740020549
14879,0.699979294019211
14880,0.960473993748949
14881,1
14882,1
14883,1
14884,1
14885,1
14886,1
14887,0.8323222425563308
14888,1
14889,0.964174901191159
14890,1
14891,1
14892,0.6959027486287803
14893,1
14894,1
14895,0.8758105888378835
14896,0.9946592700131068
14897,0.7310726084999751
14898,1
14899,0.9740504365406069
14900,0.9594354547327026
14901,0.9002571508472601
14902,0.954249361934666
14903,0.964174901191159
14904,0.9314101580285756
14905,0.8701555139246495
14906,1
14907,1
14908,1
14909,0.5473481788428238
14910,1
14911,0.9968430762781008
14912,1
14913,1
14914,1
14915,1
14916,1
14917,0.9900744607435069
14918,0.9424713473879602
14919,0.9989614609837535
14920,1
14921,0.6875550831891523
14922,0.2225404209280478
14923,0.9989614609837535
14924,1
14925,1
14926,0.8424575322254177
14927,0.9080628816173912
14928,1
14929,0.4454245475300076
14930,0.960473993748949
14931,0.9841193590463618
14932,1
14933,1
14934,0.9989614609837535
14935,1
14936,1
14937,0.9924049721376991
14938,1
14939,1
14940,0.6248405249257003
14941,1
14942,1
14943,1
14944,1
14945,1
14946,0.9505484544924561
14947,1
14948,0.8096189483597905
14949,0.9770147563321826
14950,1
14951,1
14952,1
14953,1
14954,1
14955,1
14956,0.7312285596431632
14957,0.14402390492519107
14958,0.92502724894295
14959,1
14960,0.9709361642796265
14961,1
14962,1
14963,0.9968430762781008
14964,0.9936207309968602
14965,0.7117847265616775
14966,0.14402390492519107
14967,0.9793989778330905
14968,0.9178939013644162
14969,1
14970,1
14971,1
14972,0.544372451193094
14973,1
14974,1
14975,0.5552912231097396
14976,1
14977,1
14978,1
14979,1
14980,1
14981,1
14982,1
14983,0.9900744607435069
14984,1
14985,0.7035743644139342
14986,1
14987,0.6368619595961764
14988,1
14989,0.9131024994045092
14990,1
14991,1
14992,1
14993,1
14994,1
14995,0.6248806134935584
14996,1
14997,0.7393797424113968
14998,1
14999,0.9968430762781008
15000,0.9424713473879602
15001,0.7693133791737172
15002,0.8096189483597905
15003,0.8036360514400813
15004,0.9709361642796265
15005,1
15006,0.960473993748949
15007,1
15008,0.9002571508472601
15009,1
15010,0.9302326597453842
15011,0.813125537818656
15012,1
15013,0.9936207309968602
15014,1
15015,0.7114797142986
15016,1
15017,1
15018,1
15019,0.9206865549096062
15020,0.88118574043048
15021,1
15022,1
15023,1
15024,1
15025,0.9502082267048491
15026,1
15027,0.8994293147388439
15028,1
15029,0.9424713473879602
15030,0.9924049721376991
15031,1
15032,0.9900744607435069
15033,1
15034,0.857534463551052
15035,1
15036,0.960473993748949
15037,1
15038,0.9475888878684422
15039,1
15040,1
15041,1
15042,0.9565116537184474
15043,0.9565116537184474
15044,1
15045,0.960473993748949
15046,1
15047,0.9676523251498593
15048,1
15049,0.8650379734441676
15050,1
15051,0.8424975455650413
15052,1
15053,1
15054,1
15055,0.8399854900290427
15056,0.9131024994045092
15057,1
15058,0.9225666260562072
15059,1
15060,0.4179345748581042
15061,1
15062,1
15063,1
15064,1
15065,0.964174901191159
15066,1
15067,0.9968430762781008
15068,0.9528102232124677
15069,0.8808162990221073
15070,0.3204647928974031
15071,0.862469293539203
15072,0.9445213681466521
15073,0.9968430762781008
15074,1
15075,1
15076,0.5236203799078905
15077,1
15078,1
15079,1
15080,1
15081,1
15082,0.6105446094328404
15083,0.563386706086247
15084,1
15085,0.9770147563321826
15086,0.9876612416190321
15087,0.9362591043607102
15088,0.5794305538850907
15089,1
15090,1
15091,0.9414328083717136
15092,1
15093,1
15094,1
15095,0.9968430762781008
15096,1
15097,1
15098,1
15099,0.9989614609837535
15100,1
15101,0.8334485633155726
15102,0.9770147563321826
15103,1
15104,1
15105,0.7977222631844291
15106,1
15107,1
15108,1
15109,1
15110,1
15111,0.7858065065378534
15112,0.9541166502973382
15113,1
15114,1
15115,1
15116,0.9989614609837535
15117,0.839571574513321
15118,1
15119,0.9958045372618541
15120,1
15121,0.8679094759971194
15122,1
15123,0.9851578980626085
15124,0.8362845825868327
15125,0.9851578980626085
15126,0.9565116537184474
15127,1
15128,1
15129,1
15130,1
15131,0.13753355130540937
15132,1
15133,1
15134,0.9825559015549896
15135,0.6368549537830729
15136,1
15137,0.9434701650104886
15138,1
15139,1
15140,1
15141,0.9904638072749609
15142,1
15143,0.9511709237315541
15144,1
15145,0.960473993748949
15146,0.9968430762781008
15147,0.9475888878684422
15148,0.9131024994045092
15149,0.7991870677246063
15150,1
15151,1
15152,0.9131024994045092
15153,1
15154,0.9851578980626085
15155,1
15156,1
15157,1
15158,0.9876612416190321
15159,1
15160,0.937612696643262
15161,0.9900744607435069
15162,1
15163,0.6475459355262189
15164,1
15165,1
15166,0.9225666260562072
15167,0.9946592700131068
15168,0.9915023462912075
15169,0.7615937956112302
15170,1
15171,1
15172,1
15173,0.9592083346032153
15174,0.9151017096864568
15175,0.8758105888378835
15176,1
15177,0.8981373423608981
15178,1
15179,0.275401117416931
15180,0.8879594456387504
15181,0.960473993748949
15182,0.9468978510324579
15183,0.9989614609837535
15184,1
15185,1
15186,1
15187,1
15188,0.9131024994045092
15189,0.9185250521480686
15190,1
15191,1
15192,1
15193,1
15194,1
15195,1
15196,1
15197,1
15198,0.8576804777434578
15199,1
15200,1
15201,1
15202,1
15203,0.9716740263452897
15204,1
15205,1
15206,0.9824794328812061
15207,1
15208,1
15209,0.9421419711523584
15210,1
15211,1
15212,1
15213,0.9900744607435069
15214,1
15215,0.9302326597453842
15216,1
15217,0.9989614609837535
15218,1
15219,1
15220,1
15221,1
15222,0.9900744607435069
15223,1
15224,1
15225,1
15226,1
15227,0.9131024994045092
15228,1
15229,0.9367537762839373
15230,1
15231,1
15232,1
15233,1
15234,1
15235,1
15236,0.9900744607435069
15237,1
15238,1
15239,1
15240,0.952238581019351
15241,1
15242,1
15243,1
15244,1
15245,1
15246,1
15247,0.6344608403781297
15248,1
15249,1
15250,1
15251,1
15252,1
15253,0.9968430762781008
15254,1
15255,1
15256,1
15257,0.932545808131467
15258,0.9770147563321826
15259,0.7146150951479311
15260,1
15261,1
15262,1
15263,1
15264,0.9793989778330905
15265,1
15266,1
15267,0.9424713473879602
15268,1
15269,1
15270,0.7074759224410618
15271,0.9876612416190321
15272,1
15273,0.9126467372756831
15274,1
15275,0.9924049721376991
15276,1
15277,1
15278,0.8970712662647514
15279,1
15280,0.9989614609837535
15281,0.9475888878684422
15282,1
15283,0.9447285559497808
15284,1
15285,0.9825559015549896
15286,0.8758105888378835
15287,0.952238581019351
15288,1
15289,1
15290,0.9644954014279602
15291,0.7114797142986
15292,1
15293,0.9851578980626085
15294,1
15295,1
15296,1
15297,1
15298,1
15299,1
15300,1
15301,1
15302,1
15303,1
15304,1
15305,0.9770147563321826
15306,0.8936713893910647
15307,1
15308,1
15309,1
15310,1
15311,0.9353661247674574
15312,0.9301447894234319
15313,1
15314,1
15315,0.9131024994045092
15316,0.8867443134638314
15317,0.9600572972875585
15318,1
15319,1
15320,1
15321,1
15322,0.9770147563321826
15323,1
15324,0.9131024994045092
15325,1
15326,1
15327,1
15328,1
15329,1
15330,0.7301327422381391
15331,0.5472681567552908
15332,0.9740504365406069
15333,0.859275909118572
15334,1
15335,1
15336,0.838946951012796
15337,1
15338,1
15339,0.8424575322254177
15340,0.9601842126954264
15341,0.92997428338189
15342,1
15343,1
15344,0.8955879474882031
15345,1
15346,1
15347,0.7541013365743318
15348,1
15349,0.952238581019351
15350,1
15351,0.10993976474359775
15352,1
15353,0.9565116537184474
15354,0.9592083346032153
15355,0.9851578980626085
15356,1
15357,1
15358,0.8758105888378835
15359,1
15360,1
15361,0.9475888878684422
15362,0.6150601322051663
15363,1
15364,1
15365,1
15366,0.8696141531229564
15367,0.9968430762781008
15368,1
15369,1
15370,1
15371,1
15372,1
15373,0.9553135667688916
15374,1
15375,1
15376,1
15377,1
15378,0.20876749732542937
15379,0.9968430762781008
15380,0.9770147563321826
15381,1
15382,0.9851578980626085
15383,1
15384,1
15385,0.9968430762781008
15386,1
15387,0.9876612416190321
15388,0.7390410705733232
15389,1
15390,0.9924049721376991
15391,1
15392,0.9281263188988084
15393,1
15394,0.7981421357425035
15395,0.9958045372618541
15396,1
15397,0.979845370195437
15398,1
15399,0.9968430762781008
15400,0.960473993748949
15401,1
15402,0.9841193590463618
15403,1
15404,0.9989614609837535
15405,0.9676523251498593
15406,1
15407,0.9024479490113668
15408,0.9677792405577272
15409,0.9489193035597069
15410,1
15411,1
15412,0.8498562756884463
15413,1
15414,0.9131024994045092
15415,1
15416,0.9968430762781008
15417,1
15418,1
15419,1
15420,0.952238581019351
15421,1
15422,1
15423,0.6723862908731463
15424,1
15425,1
15426,1
15427,0.9475888878684422
15428,1
15429,1
15430,1
15431,1
15432,1
15433,1
15434,1
15435,1
15436,0.8621841567019609
15437,0.6105446094328404
15438,0.9694197284698819
15439,1
15440,0.9876612416190321
15441,1
15442,1
15443,1
15444,1
15445,1
15446,1
15447,0.7129349554230175
15448,0.9484563830190151
15449,1
15450,1
15451,0.8840386636841356
15452,0.9824794328812061
15453,1
15454,0.979845370195437
15455,0.7406427352858365
15456,0.9565116537184474
15457,0.12446401795831219
15458,0.7644795501343689
15459,0.7935041661637716
15460,1
15461,0.7614348743621632
15462,0.6356436931669066
15463,0.9825559015549896
15464,1
15465,0.5532820433897044
15466,1
15467,1
15468,1
15469,1
15470,1
15471,1
15472,1
15473,0.952238581019351
15474,0.9698976252633799
15475,1
15476,0.9225666260562072
15477,1
15478,1
15479,1
15480,0.8801025210426973
15481,0.924648894940108
15482,1
15483,0.7856512508029162
15484,0.952238581019351
15485,0.8701555139246495
15486,0.952238581019351
15487,1
15488,0.9740504365406069
15489,0.9782839701430601
15490,0.9770147563321826
15491,1
15492,0.7383290454286784
15493,0.9475888878684422
15494,1
15495,1
15496,0.7983772148940907
15497,1
15498,1
15499,1
15500,0.9574082403957447
15501,1
15502,1
15503,0.9770147563321826
15504,0.532514615995751
15505,1
15506,1
15507,0.9989614609837535
15508,0.9077617694176161
15509,0.9740504365406069
15510,1
15511,0.855691064988938
15512,1
15513,1
15514,1
15515,0.9989614609837535
15516,0.38875026501001847
15517,1
15518,0.6189472055194983
15519,0.9946592700131068
15520,1
15521,0.9924049721376991
15522,1
15523,1
15524,0.869676879317142
15525,0.9305620902590541
15526,1
15527,1
15528,0.9002571508472601
15529,0.8990624831784348
15530,1
15531,0.9726303622984966
15532,0.9709361642796265
15533,1
15534,0.960473993748949
15535,0.8395171669045822
15536,0.9825559015549896
15537,0.8635063751067392
15538,1
15539,0.8902189512060666
15540,1
15541,0.6825079737945635
15542,0.9528789658866482
15543,0.5865955798156085
15544,0.8424575322254177
15545,1
15546,1
15547,0.9968430762781008
15548,1
15549,0.742287609469048
15550,1
15551,0.964174901191159
15552,1
15553,0.9493327992537673
15554,1
15555,0.8379571838641998
15556,1
15557,1
15558,1
15559,1
15560,1
15561,1
15562,1
15563,1
15564,1
15565,0.9740504365406069
15566,0.5031150452680295
15567,1
15568,1
15569,0.9302326597453842
15570,1
15571,1
15572,1
15573,1
15574,0.9424713473879602
15575,0.9475888878684422
15576,1
15577,0.9989614609837535
15578,0.894319690614591
15579,0.9968430762781008
15580,0.9900744607435069
15581,0.9568601265276199
15582,1
15583,1
15584,0.9770147563321826
15585,0.9367537762839373
15586,0.8424575322254177
15587,1
15588,0.5552114508571884
15589,1
15590,0.6029127123372978
15591,0.9851578980626085
15592,0.8699191653860339
15593,0.9624012717504269
15594,0.9900744607435069
15595,1
15596,1
15597,1
15598,1
15599,0.9876612416190321
15600,1
15601,0.23070457138705053
15602,1
15603,1
15604,0.9424713473879602
15605,0.9989614609837535
15606,1
15607,1
15608,0.7535630268251329
15609,0.38544972590180404
15610,1
15611,1
15612,0.8903316115907669
15613,0.8758105888378835
15614,0.9676523251498593
15615,0.9301447894234319
15616,1
15617,1
15618,0.9946592700131068
15619,1
15620,1
15621,1
15622,1
15623,1
15624,1
15625,1
15626,0.9239122412529196
15627,0.9490816572974519
15628,0.9968430762781008
15629,0.9989614609837535
15630,0.9534920658346163
15631,0.894000403799579
15632,0.9373964790819593
15633,1
15634,0.9302326597453842
15635,0.8486357886942472
15636,1
15637,0.9475888878684422
15638,1
15639,0.8514280745788142
15640,0.9367537762839373
15641,0.8304898105926442
15642,1
15643,0.9565116537184474
15644,0.7535668926391268
15645,1
15646,1
15647,0.9185250521480686
15648,0.9876612416190321
15649,1
15650,0.7312285596431632
15651,0.9759762173159362
15652,0.5704063215374928
15653,0.91376853261612
15654,1
15655,1
15656,0.9080628816173912
15657,1
15658,0.9989614609837535
15659,1
15660,1
15661,1
15662,1
15663,1
15664,1
15665,1
15666,0.9946592700131068
15667,1
15668,1
15669,0.7372439248945006
15670,1
15671,1
15672,0.944667081482042
15673,0.8802951731148432
15674,0.7815895991035492
15675,1
15676,0.8206016168820559
15677,0.8567688045657073
15678,1
15679,1
15680,0.9367537762839373
15681,1
15682,0.9900744607435069
15683,1
15684,1
15685,0.7578853353322107
15686,0.9002571508472601
15687,1
15688,0.9900744607435069
15689,1
15690,1
15691,0.9676523251498593
15692,1
15693,0.9824794328812061
15694,0.9475888878684422
15695,1
15696,0.883734636755479
15697,1
15698,0.9989614609837535
15699,1
15700,0.960473993748949
15701,0.9565116537184474
15702,0.9924049721376991
15703,0.2773007293692748
15704,1
15705,1
15706,0.7158882949272881
15707,0.7008064475582944
15708,1
15709,0.9565116537184474
15710,0.7983772148940907
15711,1
15712,1
15713,1
15714,1
15715,0.960473993748949
15716,1
15717,1
15718,1
15719,0.9528789658866482
15720,1
15721,0.9414328083717136
15722,0.8470790777336866
15723,1
15724,0.9989614609837535
15725,0.8758105888378835
15726,1
15727,0.9726303622984966
15728,0.35804276392698076
15729,0.17636810395348448
15730,0.7898335861809971
15731,1
15732,0.8742529311319804
15733,1
15734,0.9475888878684422
15735,1
15736,0.9302326597453842
15737,0.7834843812084511
15738,1
15739,1
15740,1
15741,0.9373964790819593
15742,1
15743,1
15744,1
15745,0.960473993748949
15746,1
15747,1
15748,0.7768010246897592
15749,1
15750,0.7778395637060058
15751,1
15752,1
15753,1
15754,0.9851578980626085
15755,0.9467308027461487
15756,1
15757,0.960473993748949
15758,0.9770147563321826
15759,1
15760,1
15761,1
15762,1
15763,1
15764,0.7181208410990415
15765,1
15766,0.9770147563321826
15767,0.8701555139246495
15768,0.9924049721376991
15769,1
15770,0.9002571508472601
15771,1
15772,0.954249361934666
15773,1
15774,0.598036966324184
15775,1
15776,0.9002571508472601
15777,0.9989614609837535
15778,1
15779,0.5535873070774334
15780,0.952238581019351
15781,0.9504808575244802
15782,0.1478345244404042
15783,0.9449866008202333
15784,0.8171864879994597
15785,0.9490816572974519
15786,0.9825559015549896
15787,1
15788,1
15789,0.9709361642796265
15790,1
15791,0.979845370195437
15792,1
15793,0.9740504365406069
15794,1
15795,0.9577267858933664
15796,0.7439217405108233
15797,0.9131024994045092
15798,1
15799,1
15800,1
15801,1
15802,1
15803,1
15804,1
15805,0.9565116537184474
15806,1
15807,0.9770147563321826
15808,1
15809,0.9475888878684422
15810,0.8613931433692843
15811,1
15812,1
15813,1
15814,0.9417377713914665
15815,1
15816,0.9568601265276199
15817,1
15818,1
15819,1
15820,0.9968430762781008
15821,1
15822,1
15823,0.9847337307566136
15824,1
15825,1
15826,0.9676523251498593
15827,1
15828,1
15829,0.8840386636841356
15830,0.9876612416190321
15831,1
15832,1
15833,1
15834,1
15835,0.9876612416190321
15836,1
15837,0.941829677098334
15838,0.8089876792752357
15839,0.964174901191159
15840,0.9946592700131068
15841,1
15842,0.9968430762781008
15843,0.891467455316134
15844,1
15845,1
15846,1
15847,0.8536727480080925
15848,0.813125537818656
15849,1
15850,0.9475888878684422
15851,0.964174901191159
15852,0.8856851857812205
15853,0.8758105888378835
15854,1
15855,1
15856,1
15857,0.7578853353322107
15858,1
15859,1
15860,1
15861,0.952238581019351
15862,0.8221171115980752
15863,0.9148788251779304
15864,0.42370255303163984
15865,0.6324019076935351
15866,1
15867,1
15868,0.9851578980626085
15869,0.9676523251498593
15870,1
15871,0.9475888878684422
15872,1
15873,1
15874,1
15875,1
15876,1
15877,1
15878,1
15879,0.40172318233149845
15880,1
15881,0.862469293539203
15882,1
15883,0.9709361642796265
15884,0.9373964790819593
15885,1
15886,1
15887,1
15888,1
15889,0.7267671619193559
15890,0.7234833227895888
15891,1
15892,1
15893,0.8807135172698642
15894,1
15895,1
15896,0.9675066118144694
15897,1
15898,0.9327467859310505
15899,1
15900,1
15901,0.9676523251498593
15902,1
15903,0.9002571508472601
15904,0.8998274688877933
15905,1
15906,1
15907,1
15908,1
15909,0.9274342580638794
15910,0.8583664903928733
15911,1
15912,1
15913,0.838946951012796
15914,1
15915,0.9770147563321826
15916,1
15917,1
15918,0.3844760711065315
15919,1
15920,0.9184338596249231
15921,1
15922,1
15923,1
15924,1
15925,1
15926,1
15927,0.9770147563321826
15928,1
15929,1
15930,1
15931,1
15932,0.9851578980626085
15933,1
15934,0.9592083346032153
15935,0.7364088711514388
15936,1
15937,0.962172654394791
15938,0.9131024994045092
15939,1
15940,1
15941,0.903242456464596
15942,1
15943,1
15944,0.7468244840071132
15945,1
15946,1
15947,0.8987598115999962
15948,0.9770147563321826
15949,0.45512487992995804
15950,0.27487104714123684
15951,1
15952,1
15953,1
15954,0.7744652283991531
15955,0.8134442193944257
15956,1
15957,1
15958,1
15959,1
15960,1
15961,0.9236103559238614
15962,1
15963,1
15964,1
15965,0.6334149813980159
15966,0.6894278502017673
15967,1
15968,1
15969,1
15970,1
15971,0.9740504365406069
15972,1
15973,1
15974,0.8758105888378835
15975,0.9305068221667988
15976,0.8682155609755827
15977,0.9824794328812061
15978,1
15979,1
15980,0.9740504365406069
15981,1
15982,1
15983,1
15984,1
15985,0.9474976953452965
15986,0.9876612416190321
15987,0.9302326597453842
15988,1
15989,1
15990,1
15991,0.1478345244404042
15992,1
15993,0.9793225091593067
15994,0.964174901191159
15995,0.9051410752309912
15996,1
15997,0.9475888878684422
15998,1
15999,1
16000,0.8132088294715751
16001,1
16002,1
16003,1
16004,0.863956698815463
16005,1
16006,1
16007,1
16008,1
16009,0.915043855920416
16010,1
16011,1
16012,0.8304898105926442
16013,0.9924049721376991
16014,0.9851578980626085
16015,1
16016,0.8356691254607166
16017,1
16018,1
16019,1
16020,1
16021,1
16022,1
16023,0.5425466666197956
16024,1
16025,0.7983772148940907
16026,0.7230562856224312
16027,0.8879247000154913
16028,0.8876205081121972
16029,1
16030,1
16031,1
16032,1
16033,0.8189414589604984
16034,0.275401117416931
16035,0.9740504365406069
16036,1
16037,0.9475888878684422
16038,1
16039,1
16040,1
16041,0.7398465677894628
16042,1
16043,1
16044,1
16045,0.9946592700131068
16046,1
16047,0.743388995916979
16048,1
16049,1
16050,0.9270772697016418
16051,0.9726303622984966
16052,1
16053,1
16054,0.8810005770709346
16055,1
16056,0.9215149219764929
16057,0.869795870679864
16058,0.8596972434572744
16059,0.7586236412401334
16060,0.8653410804238603
16061,1
16062,1
16063,1
16064,0.9399938600061414
16065,0.9424713473879602
16066,0.979845370195437
16067,1
16068,1
16069,1
16070,1
16071,1
16072,1
16073,1
16074,0.9708935128187075
16075,0.9302326597453842
16076,0.8869620029887862
16077,1
16078,1
16079,1
16080,0.13753355130540937
16081,0.7849964312982585
16082,1
16083,1
16084,0.5893012619124263
16085,0.7760677396851436
16086,0.5404867619377121
16087,1
16088,1
16089,0.7790525925596906
16090,1
16091,1
16092,1
16093,0.8879218117470229
16094,1
16095,1
16096,1
16097,1
16098,1
16099,0.8036360514400813
16100,1
16101,1
16102,0.7202520542019583
16103,1
16104,0.3183757769741806
16105,1
16106,0.9467308027461487
16107,1
16108,0.7859125347082226
16109,0.8696486878279939
16110,0.8482711508569148
16111,0.9225666260562072
16112,1
16113,0.6770616995674936
16114,1
16115,0.8907066534943333
16116,1
16117,1
16118,1
16119,1
16120,0.8824753509013652
16121,0.9565116537184474
16122,0.9740504365406069
16123,1
16124,0.960473993748949
16125,0.8079291789170285
16126,1
16127,1
16128,0.9989614609837535
16129,0.9989614609837535
16130,1
16131,1
16132,0.8218527341423075
16133,1
16134,0.9424713473879602
16135,1
16136,0.91376853261612
16137,0.5807799293174211
16138,1
16139,1
16140,1
16141,1
16142,1
16143,1
16144,1
16145,0.9900744607435069
16146,1
16147,1
16148,0.791277070171216
16149,0.9989614609837535
16150,1
16151,1
16152,1
16153,0.954249361934666
16154,0.8042632477528149
16155,0.9740504365406069
16156,0.9709361642796265
16157,1
16158,0.6705164672961496
16159,0.7494617869306864
16160,0.9946592700131068
16161,1
16162,0.91376853261612
16163,0.9565116537184474
16164,0.9946592700131068
16165,1
16166,0.8626403556347354
16167,1
16168,0.9573170700270499
16169,1
16170,1
16171,1
16172,0.9568601265276199
16173,0.5349366109135466
16174,1
16175,1
16176,0.4193073846796688
16177,1
16178,0.9968430762781008
16179,1
16180,1
16181,1
16182,1
16183,1
16184,0.9041005415868895
16185,1
16186,0.9968430762781008
16187,0.9198909061692103
16188,1
16189,1
16190,1
16191,0.9517939502087364
16192,1
16193,1
16194,0.9504808575244802
16195,1
16196,1
16197,0.2426719729727812
16198,0.8019255052223156
16199,0.7718722769469977
16200,0.7608333877417857
16201,0.9131024994045092
16202,0.6483044964094132
16203,0.9302326597453842
16204,1
16205,0.9676523251498593
16206,0.9565116537184474
16207,0.9968430762781008
16208,1
16209,1
16210,0.9851578980626085
16211,0.9989614609837535
16212,1
16213,0.9989614609837535
16214,1
16215,0.7359262763079766
16216,0.9357063525550644
16217,1
16218,0.9403193639443862
16219,1
16220,1
16221,1
16222,1
16223,0.8234883536712077
16224,1
16225,1
16226,1
16227,1
16228,1
16229,1
16230,0.6421456291440939
16231,0.7163819392500455
16232,0.9024119962516445
16233,0.9565116537184474
16234,1
16235,0.275401117416931
16236,1
16237,1
16238,0.6527968020869602
16239,1
16240,1
16241,0.1478345244404042
16242,1
16243,1
16244,0.9439480618039867
16245,1
16246,1
16247,1
16248,1
16249,1
16250,1
16251,1
16252,0.9936207309968602
16253,1
16254,0.9740504365406069
16255,1
16256,1
16257,1
16258,1
16259,0.8694644770886653
16260,1
16261,1
16262,0.4197580247072754
16263,0.8989693837654998
16264,1
16265,0.8581311004700226
16266,0.9565116537184474
16267,0.9709361642796265
16268,1
16269,1
16270,0.9131024994045092
16271,0.7494609587944551
16272,1
16273,0.9178939013644162
16274,1
16275,1
16276,0.8631921336301107
16277,1
16278,1
16279,1
16280,0.6999484441775486
16281,0.9876612416190321
16282,1
16283,0.9968430762781008
16284,0.9740504365406069
16285,0.9752323588061153
16286,0.5508138003244023
16287,1
16288,1
16289,1
16290,0.979845370195437
16291,0.9573170700270499
16292,1
16293,1
16294,1
16295,1
16296,0.9860257031345594
16297,1
16298,1
16299,1
16300,0.8891993133045023
16301,1
16302,1
16303,1
16304,1
16305,1
16306,1
16307,0.6417123740439841
16308,0.9687097065537137
16309,1
16310,0.8427284982352203
16311,0.14402390492519107
16312,0.9701406745002382
16313,1
16314,0.8827365837284661
16315,1
16316,1
16317,1
16318,1
16319,1
16320,1
16321,0.881059836817446
16322,0.9182007796423152
16323,0.9709361642796265
16324,0.9002571508472601
16325,1
16326,0.8758105888378835
16327,1
16328,1
16329,0.898396797075383
16330,1
16331,0.9565116537184474
16332,0.9709361642796265
16333,1
16334,0.8572846399567644
16335,0.9131024994045092
16336,0.9989614609837535
16337,1
16338,1
16339,1
16340,0.9131024994045092
16341,1
16342,0.8308102274474259
16343,0.882471240764735
16344,0.9565116537184474
16345,1
16346,0.8758105888378835
16347,0.87146808938467
16348,1
16349,1
16350,0.937663348611949
16351,1
16352,1
16353,0.3593211505527713
16354,1
16355,0.6328612356122745
16356,0.8536727480080925
16357,1
16358,0.9225666260562072
16359,1
16360,0.9581293403384974
16361,0.9019066860906737
16362,1
16363,1
16364,1
16365,1
16366,1
16367,1
16368,1
16369,1
16370,1
16371,0.275401117416931
16372,1
16373,1
16374,1
16375,0.979845370195437
16376,1
16377,1
16378,1
16379,1
16380,1
16381,0.960473993748949
16382,1
16383,1
16384,1
16385,1
16386,0.9293888844095677
16387,0.9825559015549896
16388,0.9876612416190321
16389,1
16390,0.9131024994045092
16391,0.40987534658270874
16392,1
16393,0.7889130882423926
16394,1
16395,1
16396,1
16397,1
16398,0.9417027616904663
16399,0.9847337307566136
16400,1
16401,1
16402,0.883734636755479
16403,0.8719642004539844
16404,0.9131024994045092
16405,0.7246614827640048
16406,0.8322268604856979
16407,0.964174901191159
16408,1
16409,0.9403193639443862
16410,0.931413046297044
16411,1
16412,1
16413,1
16414,1
16415,1
16416,1
16417,0.9968430762781008
16418,0.9553750412366303
16419,0.8772774005956683
16420,1
16421,0.9709361642796265
16422,1
16423,1
16424,0.7718722769469977
16425,1
16426,0.9708935128187075
16427,1
16428,1
16429,0.9225666260562072
16430,1
16431,0.8083563969693505
16432,1
16433,1
16434,1
16435,0.8758105888378835
16436,0.9709361642796265
16437,0.9900744607435069
16438,1
16439,0.9152904870696008
16440,1
16441,1
16442,1
16443,0.7753865594659731
16444,0.9479509206118093
16445,0.9876612416190321
16446,1
16447,1
16448,1
16449,0.9367537762839373
16450,0.9749608736926888
16451,1
16452,0.9989614609837535
16453,0.8998274688877933
16454,0.9592083346032153
16455,1
16456,1
16457,0.9713477164866448
16458,0.9225666260562072
16459,1
16460,1
16461,1
16462,1
16463,1
16464,0.8603694127268005
16465,0.9270757360234848
16466,0.9989614609837535
16467,1
16468,1
16469,0.9900744607435069
16470,1
16471,0.9924049721376991
16472,1
16473,1
16474,0.9565116537184474
16475,0.8764624327922512
16476,0.9170538670778072
16477,1
16478,0.9876612416190321
16479,1
16480,1
16481,0.9694197284698819
16482,1
16483,0.9708935128187075
16484,1
16485,1
16486,0.9002571508472601
16487,1
16488,1
16489,0.8758105888378835
16490,1
16491,1
16492,0.9824794328812061
16493,1
16494,1
16495,1
16496,1
16497,0.9367537762839373
16498,1
16499,1
16500,0.8403059902658436
16501,1
16502,0.47937348104260163
16503,0.6179055997345697
16504,1
16505,1
16506,1
16507,0.9772151715680966
16508,1
16509,1
16510,0.9728191396816405
16511,1
16512,1
16513,1
16514,1
16515,1
16516,0.4179345748581042
16517,1
16518,0.8199051667406198
16519,1
16520,1
16521,1
16522,0.870727469963105
16523,1
16524,1
16525,0.9025286446755189
16526,1
16527,1
16528,0.9771387028943128
16529,1
16530,0.856132394708448
16531,1
16532,0.9968430762781008
16533,0.960473993748949
16534,1
16535,1
16536,0.9565116537184474
16537,1
16538,1
16539,0.9367537762839373
16540,1
16541,1
16542,0.9596625382711524
16543,1
16544,0.9770147563321826
16545,0.9248919297584909
16546,0.872417425720497
16547,1
16548,1
16549,1
16550,0.9414328083717136
16551,0.954249361934666
16552,1
16553,0.8536727480080925
16554,1
16555,0.9475888878684422
16556,0.9633411364173258
16557,0.952238581019351
16558,0.8935737961627098
16559,0.9385884894294859
16560,1
16561,1
16562,0.9367537762839373
16563,1
16564,0.894319690614591
16565,1
16566,0.9770147563321826
16567,1
16568,0.8758105888378835
16569,0.9968430762781008
16570,1
16571,1
16572,0.9424713473879602
16573,1
16574,1
16575,0.9946592700131068
16576,0.8923012200899675
16577,0.979845370195437
16578,0.8157104114762669
16579,1
16580,1
16581,1
16582,0.8668709369808728
16583,1
16584,1
16585,1
16586,0.979845370195437
16587,1
16588,0.9594354547327026
16589,0.8089915590924875
16590,0.9565116537184474
16591,1
16592,1
16593,0.8989830011064075
16594,0.9367537762839373
16595,1
16596,0.9623115951629663
16597,0.9825559015549896
16598,0.9968430762781008
16599,1
16600,1
16601,1
16602,1
16603,0.922001357152416
16604,0.960473993748949
16605,1
16606,1
16607,1
16608,0.9624012717504269
16609,0.9823205116321391
16610,1
16611,0.8354872873875746
16612,1
16613,0.9475888878684422
16614,1
16615,1
16616,0.7622937272157656
16617,1
16618,1
16619,1
16620,1
16621,1
16622,1
16623,1
16624,0.9676523251498593
16625,1
16626,1
16627,1
16628,1
16629,0.9924049721376991
16630,1
16631,0.9367537762839373
16632,1
16633,0.9225666260562072
16634,0.9335264100506299
16635,1
16636,1
16637,1
16638,0.3557190788526975
16639,0.9825559015549896
16640,1
16641,0.7982212091410763
16642,0.964174901191159
16643,0.952238581019351
16644,0.30391622947317853
16645,0.9876612416190321
16646,0.6019360598463789
16647,0.9002571508472601
16648,1
16649,1
16650,1
16651,0.7964971437474898
16652,0.9439480618039867
16653,0.9637614054970985
16654,1
16655,0.9946592700131068
16656,1
16657,0.45668427535044265
16658,1
16659,1
16660,1
16661,1
16662,1
16663,0.8215496271626148
16664,1
16665,1
16666,0.944667081482042
16667,0.9367537762839373
16668,0.21434819338525982
16669,1
16670,0.9841193590463618
16671,0.954249361934666
16672,0.9770147563321826
16673,1
16674,1
16675,0.9339736936791678
16676,0.9002571508472601
16677,1
16678,1
16679,1
16680,0.8867415272473663
16681,1
16682,0.9274478179980737
16683,0.9538958067360441
16684,1
16685,0.9825559015549896
16686,0.7435923099971533
16687,0.933596852562038
16688,0.9900744607435069
16689,1
16690,1
16691,0.7760677396851436
16692,0.5652959962438696
16693,0.9989614609837535
16694,0.9475888878684422
16695,1
16696,1
16697,1
16698,1
16699,0.9131024994045092
16700,1
16701,1
16702,1
16703,0.6307834638786876
16704,0.7457310236109457
16705,1
16706,1
16707,1
16708,1
16709,0.8833346950526572
16710,0.9740504365406069
16711,1
16712,1
16713,0.8935027903358337
16714,1
16715,0.5010021958424691
16716,0.960473993748949
16717,1
16718,0.9946592700131068
16719,1
16720,1
16721,0.7008064475582944
16722,0.9989614609837535
16723,1
16724,1
16725,0.9900744607435069
16726,0.9573170700270499
16727,0.9740504365406069
16728,1
16729,1
16730,0.952238581019351
16731,1
16732,1
16733,1
16734,0.9709361642796265
16735,1
16736,0.9475888878684422
16737,1
16738,0.9424713473879602
16739,1
16740,1
16741,1
16742,1
16743,0.9709361642796265
16744,1
16745,1
16746,0.9312277681971551
16747,1
16748,0.8478460387157022
16749,0.9302326597453842
16750,1
16751,1
16752,1
16753,1
16754,1
16755,0.8870049159510519
16756,1
16757,1
16758,1
16759,0.8944867389009
16760,0.75450940332041
16761,0.952238581019351
16762,0.4336566139483016
16763,0.9892480484157999
16764,0.9989614609837535
16765,0.7468244840071132
16766,0.7375550504144335
16767,1
16768,1
16769,1
16770,1
16771,1
16772,0.9424713473879602
16773,0.9424713473879602
16774,1
16775,1
16776,1
16777,0.934524430289556
16778,1
16779,1
16780,0.9367537762839373
16781,0.9936207309968602
16782,0.881059836817446
16783,0.9051410752309912
16784,1
16785,1
16786,1
16787,0.2426719729727812
16788,1
16789,0.9825559015549896
16790,1
16791,0.33506242378142176
16792,0.8899019296313001
16793,0.9051410752309912
16794,1
16795,1
16796,1
16797,0.4761577386493327
16798,0.7835351129566991
16799,1
16800,0.8472183072127805
16801,0.9149715981939065
16802,0.8328745158189798
16803,0.9740504365406069
16804,0.8943074901981514
16805,0.9740504365406069
16806,0.7988888331118752
16807,0.952238581019351
16808,1
16809,1
16810,0.9770147563321826
16811,0.9770147563321826
16812,1
16813,0.9770147563321826
16814,1
16815,0.9900744607435069
16816,0.964174901191159
16817,0.8926621229849593
16818,0.8908270704488368
16819,1
16820,1
16821,0.7031914725618558
16822,1
16823,1
16824,1
16825,1
16826,1
16827,0.8701555139246495
16828,0.9465503488521956
16829,1
16830,1
16831,0.17531456448319846
16832,0.862469293539203
16833,1
16834,1
16835,0.8536727480080925
16836,1
16837,1
16838,1
16839,1
16840,1
16841,1
16842,1
16843,1
16844,0.9924049721376991
16845,1
16846,0.9502082267048491
16847,0.9225666260562072
16848,1
16849,0.9507815344750637
16850,1
16851,1
16852,1
16853,0.8782757780265893
16854,0.8096189483597905
16855,1
16856,0.8801025210426973
16857,0.5257418940892613
16858,1
16859,1
16860,1
16861,1
16862,1
16863,1
16864,1
16865,0.9424713473879602
16866,0.9510651928727897
16867,1
16868,1
16869,1
16870,0.952238581019351
16871,1
16872,1
16873,1
16874,1
16875,0.9924049721376991
16876,1
16877,0.979845370195437
16878,0.9676523251498593
16879,0.8486357886942472
16880,1
16881,0.952238581019351
16882,1
16883,1
16884,0.9968430762781008
16885,1
16886,0.9475888878684422
16887,1
16888,1
16889,0.6542139681225959
16890,0.9823205116321391
16891,1
16892,1
16893,1
16894,0.964174901191159
16895,0.9740504365406069
16896,1
16897,1
16898,0.7559131098805808
16899,1
16900,1
16901,0.979845370195437
16902,1
16903,0.8304898105926442
16904,0.9740504365406069
16905,0.9475888878684422
16906,0.9002571508472601
16907,0.9225666260562072
16908,0.9475888878684422
16909,0.7262139338290676
16910,1
16911,1
16912,0.8393214496621468
16913,0.979845370195437
16914,1
16915,0.8150337816312075
16916,1
16917,1
16918,0.8467467531175099
16919,1
16920,0.9274342580638794
16921,1
16922,1
16923,0.7225602828217906
16924,1
16925,1
16926,1
16927,0.9295235512428075
16928,1
16929,0.9825559015549896
16930,0.9989614609837535
16931,1
16932,0.8758105888378835
16933,0.9131024994045092
16934,1
16935,1
16936,0.6185714240128564
16937,1
16938,0.9876612416190321
16939,0.9292533373515337
16940,0.7468244840071132
16941,1
16942,0.931413046297044
16943,0.9900744607435069
16944,1
16945,1
16946,1
16947,0.9002571508472601
16948,0.8527992858015914
16949,1
16950,1
16951,0.8000846197350532
16952,0.8478460387157022
16953,1
16954,1
16955,1
16956,1
16957,0.9301325890069925
16958,1
16959,0.9989614609837535
16960,0.6744302206306682
16961,1
16962,1
16963,1
16964,0.961711678159639
16965,0.9825559015549896
16966,0.8994293147388439
16967,1
16968,1
16969,0.9281263188988084
16970,1
16971,1
16972,0.8199312886794721
16973,1
16974,0.9216393244090489
16975,1
16976,0.9373964790819593
16977,0.275401117416931
16978,1
16979,0.9740504365406069
16980,1
16981,1
16982,1
16983,0.9851578980626085
16984,0.7468244840071132
16985,1
16986,1
16987,1
16988,0.8735764931534583
16989,1
16990,0.9968430762781008
16991,1
16992,1
16993,1
16994,0.8265921233129472
16995,0.960473993748949
16996,0.5535873070774334
16997,1
16998,0.43469570294933463
16999,0.8874579482081935
17000,1
17001,0.9676523251498593
17002,1
17003,1
17004,1
17005,1
17006,0.8669864360293214
17007,1
17008,1
17009,1
17010,1
17011,1
17012,1
17013,0.788821606235062
17014,1
17015,1
17016,0.9424713473879602
17017,1
17018,1
17019,0.9631363621749126
17020,0.9770147563321826
17021,1
17022,0.9424713473879602
17023,1
17024,0.8443204389757211
17025,1
17026,1
17027,1
17028,0.7372582185655
17029,1
17030,1
17031,1
17032,1
17033,0.9709361642796265
17034,1
17035,1
17036,0.8926621229849593
17037,1
17038,1
17039,1
17040,0.5092378707794198
17041,1
17042,1
17043,1
17044,1
17045,0.726858142800876
17046,0.9325583135457913
17047,1
17048,0.8998274688877933
17049,1
17050,1
17051,0.962172654394791
17052,0.9504808575244802
17053,0.9318272263410183
17054,1
17055,0.9553750412366303
17056,1
17057,1
17058,0.9565116537184474
17059,1
17060,1
17061,0.5823753253997646
17062,0.45668427535044265
17063,1
17064,0.964174901191159
17065,0.7437996590077358
17066,0.960473993748949
17067,0.9169856474673964
17068,1
17069,0.9367537762839373
17070,0.9633411364173258
17071,1
17072,0.9568601265276199
17073,0.9367537762839373
17074,0.9475888878684422
17075,1
17076,0.8166501243236343
17077,0.9709361642796265
17078,1
17079,0.979845370195437
17080,0.8622423005724144
17081,1
17082,1
17083,0.9900744607435069
17084,1
17085,1
17086,1
17087,0.9676523251498593
17088,0.9946592700131068
17089,0.8287212375757125
17090,1
17091,0.9876612416190321
17092,1
17093,0.960473993748949
17094,1
17095,0.9876612416190321
17096,1
17097,0.8376536299292195
17098,1
17099,1
17100,0.9749608736926888
17101,0.7967402660952321
17102,1
17103,0.8982603974671176
17104,1
17105,1
17106,1
17107,1
17108,0.9291656949031566
17109,0.9577267858933664
17110,1
17111,1
17112,0.9475888878684422
17113,1
17114,1
17115,0.8091820118692014
17116,1
17117,0.9851578980626085
17118,0.932545808131467
17119,0.9424713473879602
17120,0.9968430762781008
17121,1
17122,1
17123,0.7212832972844169
17124,0.8811605486585553
17125,1
17126,0.9131024994045092
17127,1
17128,0.7231206299513329
17129,1
17130,0.960473993748949
17131,1
17132,0.9924049721376991
17133,0.7545096253416547
17134,1
17135,1
17136,1
17137,0.7387357787355955
17138,1
17139,0.8895262904533958
17140,0.9968430762781008
17141,0.9225666260562072
17142,1
17143,1
17144,0.9644954014279602
17145,1
17146,1
17147,1
17148,0.9051410752309912
17149,1
17150,0.9825559015549896
17151,1
17152,0.8166501243236343
17153,1
17154,0.9002571508472601
17155,0.7686486180626632
17156,0.862469293539203
17157,0.7686486180626632
17158,1
17159,1
17160,1
17161,1
17162,1
17163,1
17164,0.45200953893060786
17165,0.6775612445337801
17166,0.275401117416931
17167,0.9900744607435069
17168,1
17169,1
17170,1
17171,0.9876612416190321
17172,1
17173,0.9467308027461487
17174,1
17175,0.9876612416190321
17176,0.8758105888378835
17177,0.6836095132490173
17178,1
17179,0.927205078144574
17180,1
17181,1
17182,0.9851578980626085
17183,0.7845608235756818
17184,1
17185,1
17186,0.8096483693472962
17187,0.9290150578840396
17188,1
17189,1
17190,0.8298140421337742
17191,1
17192,0.9411896575233417
17193,1
17194,0.9677137996175981
17195,1
17196,1
17197,1
17198,1
17199,1
17200,0.9131024994045092
17201,0.7059669553202
17202,0.7969921151930537
17203,0.8634668020384637
17204,1
17205,1
17206,1
17207,0.960473993748949
17208,0.9170538670778072
17209,0.952238581019351
17210,0.4712498998701139
17211,1
17212,0.6150601322051663
17213,1
17214,0.987064242150806
17215,0.6228298587537797
17216,0.9534920658346163
17217,1
17218,0.8990624831784348
17219,0.9989614609837535
17220,1
17221,1
17222,1
17223,0.7263057493145607
17224,0.8435165696694992
17225,1
17226,1
17227,0.9722503423331362
17228,1
17229,1
17230,1
17231,1
17232,0.952238581019351
17233,0.9351110654707856
17234,0.6356436931669066
17235,1
17236,0.9424713473879602
17237,0.42028034953025767
17238,1
17239,0.8638840338795728
17240,1
17241,1
17242,1
17243,0.6368619595961764
17244,0.5252451086017895
17245,0.9302326597453842
17246,1
17247,0.7754528856896543
17248,1
17249,1
17250,1
17251,1
17252,1
17253,0.9968430762781008
17254,1
17255,0.7656816918440168
17256,1
17257,1
17258,0.9001294962565148
17259,1
17260,1
17261,1
17262,1
17263,1
17264,1
17265,0.9989614609837535
17266,0.9225666260562072
17267,0.9475888878684422
17268,0.9968430762781008
17269,1
17270,0.9740504365406069
17271,0.9318272263410183
17272,1
17273,1
17274,1
17275,0.9709361642796265
17276,0.8486357886942472
17277,1
17278,1
17279,0.9215990928668367
17280,1
17281,0.9367537762839373
17282,1
17283,0.960473993748949
17284,0.7158882949272881
17285,1
17286,0.9011688240250106
17287,1
17288,0.8003881736700336
17289,0.9337559435580941
17290,1
17291,1
17292,1
17293,1
17294,1
17295,0.850074811180474
17296,0.9095567025828479
17297,0.9968430762781008
17298,1
17299,1
17300,1
17301,0.874770244401767
17302,1
17303,1
17304,1
17305,1
17306,0.9225666260562072
17307,0.8685219879492048
17308,0.933596852562038
17309,1
17310,1
17311,0.954249361934666
17312,1
17313,1
17314,0.8644320520384191
17315,1
17316,0.9946592700131068
17317,0.915043855920416
17318,0.6194028988350369
17319,1
17320,1
17321,0.7705205172451948
17322,0.9475888878684422
17323,1
17324,0.952238581019351
17325,1
17326,0.9302326597453842
17327,0.9775628702003074
17328,1
17329,0.9538958067360441
17330,1
17331,1
17332,0.8536727480080925
17333,1
17334,0.6521264315759671
17335,1
17336,1
17337,0.5547940578133539
17338,0.960473993748949
17339,1
17340,1
17341,1
17342,1
17343,1
17344,0.9722503423331362
17345,1
17346,1
17347,1
17348,0.9215149219764929
17349,1
17350,0.9664554086783061
17351,1
17352,1
17353,1
17354,0.960473993748949
17355,0.9989614609837535
17356,0.9989614609837535
17357,0.8727040071333443
17358,0.953354729996548
17359,1
17360,0.8033214506105759
17361,1
17362,0.9709361642796265
17363,0.9510651928727897
17364,1
17365,1
17366,0.937663348611949
17367,0.9900744607435069
17368,0.8758105888378835
17369,1
17370,1
17371,0.9225666260562072
17372,1
17373,0.979845370195437
17374,0.9968430762781008
17375,1
17376,1
17377,0.960473993748949
17378,0.9475888878684422
17379,1
17380,0.7705205172451948
17381,0.8994293147388439
17382,1
17383,0.8758105888378835
17384,1
17385,1
17386,1
17387,1
17388,1
17389,0.8096342618905096
17390,0.9553135667688916
17391,1
17392,1
17393,0.9709361642796265
17394,0.9507815344750637
17395,1
17396,0.9851578980626085
17397,1
17398,1
17399,1
17400,1
17401,0.9770147563321826
17402,1
17403,1
17404,1
17405,0.9740504365406069
17406,0.9312277681971551
17407,0.9989614609837535
17408,0.9770147563321826
17409,1
17410,1
17411,0.9851578980626085
17412,1
17413,0.9225666260562072
17414,0.9178939013644162
17415,0.6899818415290115
17416,0.9851578980626085
17417,1
17418,1
17419,0.9475888878684422
17420,0.9851578980626085
17421,1
17422,1
17423,1
17424,0.9424713473879602
17425,0.9968430762781008
17426,1
17427,0.952238581019351
17428,1
17429,1
17430,0.8778651986190539
17431,0.6508105197811982
17432,0.34460487704408893
17433,1
17434,1
17435,1
17436,1
17437,0.745100505891559
17438,0.9825559015549896
17439,1
17440,0.9924049721376991
17441,0.9565116537184474
17442,0.9367537762839373
17443,1
17444,0.979845370195437
17445,1
17446,1
17447,1
17448,1
17449,1
17450,1
17451,1
17452,0.776982388660722
17453,1
17454,0.9825559015549896
17455,0.960473993748949
17456,1
17457,1
17458,1
17459,1
17460,1
17461,0.7627168304395874
17462,0.5402137518806734
17463,1
17464,0.9676523251498593
17465,0.9424713473879602
17466,0.9323283231010743
17467,1
17468,1
17469,1
17470,0.8589236499700917
17471,0.9709361642796265
17472,1
17473,0.9034819724110935
17474,1
17475,0.9892480484157999
17476,1
17477,1
17478,0.4238688884968166
17479,1
17480,1
17481,1
17482,0.5730207117253248
17483,0.9900744607435069
17484,1
17485,0.9456922637299021
17486,1
17487,0.8168131163551896
17488,0.9946592700131068
17489,1
17490,1
17491,0.9475888878684422
17492,1
17493,0.952238581019351
17494,0.8121964415391332
17495,1
17496,1
17497,1
17498,0.7786804789122529
17499,1
17500,1
17501,1
17502,0.8900602352564023
17503,0.8758105888378835
17504,0.9302326597453842
17505,1
17506,1
17507,0.9002571508472601
17508,1
17509,1
17510,0.927205078144574
17511,1
17512,0.6748208051256551
17513,1
17514,0.809594610000628
17515,0.4193073846796688
17516,1
17517,1
17518,0.8536727480080925
17519,1
17520,0.9002571508472601
17521,1
17522,1
17523,1
17524,1
17525,1
17526,1
17527,0.4042519003610609
17528,0.8758105888378835
17529,0.7699922893464315
17530,0.9946592700131068
17531,0.9924049721376991
17532,0.8985615478493931
17533,1
17534,0.8168131163551896
17535,0.979845370195437
17536,1
17537,0.8536727480080925
17538,1
17539,0.898396797075383
17540,0.9968430762781008
17541,1
17542,1
17543,0.8036360514400813
17544,0.937663348611949
17545,0.9573170700270499
17546,0.8994293147388439
17547,1
17548,0.9241639788683065
17549,1
17550,1
17551,1
17552,1
17553,1
17554,1
17555,1
17556,0.8406105333512288
17557,1
17558,0.9424713473879602
17559,0.9302326597453842
17560,0.4084303123008832
17561,1
17562,0.9851578980626085
17563,1
17564,0.9709361642796265
17565,1
17566,0.6147217180204071
17567,1
17568,0.952238581019351
17569,0.9606044817751992
17570,0.9367537762839373
17571,0.9740504365406069
17572,1
17573,1
17574,0.5870423472606542
17575,0.9946592700131068
17576,1
17577,1
17578,1
17579,0.9825559015549896
17580,1
17581,1
17582,1
17583,0.6825079737945635
17584,1
17585,1
17586,1
17587,0.9876612416190321
17588,0.9046440017827514
17589,0.9302326597453842
17590,1
17591,0.8452042579392905
17592,1
17593,1
17594,0.9354315657075866
17595,0.9624012717504269
17596,0.909098707546971
17597,0.9375423086533208
17598,0.9225666260562072
17599,0.6303959008345124
17600,0.6801724496321412
17601,0.9169856474673964
17602,1
17603,0.6414088201090038
17604,1
17605,0.30156658814891063
17606,1
17607,1
17608,1
17609,1
17610,0.9968430762781008
17611,0.8758105888378835
17612,1
17613,0.8399854900290427
17614,1
17615,1
17616,1
17617,0.9424713473879602
17618,1
17619,0.8758105888378835
17620,1
17621,1
17622,1
17623,1
17624,0.9709361642796265
17625,1
17626,1
17627,0.964675997951215
17628,0.964174901191159
17629,1
17630,1
17631,1
17632,0.9841193590463618
17633,1
17634,0.8982165335134987
17635,0.9220935280769861
17636,0.36847510459188615
17637,1
17638,1
17639,1
17640,1
17641,1
17642,1
17643,0.9225666260562072
17644,1
17645,1
17646,0.9592083346032153
17647,1
17648,0.9481352353679813
17649,1
17650,0.9989614609837535
17651,0.9417377713914665
17652,1
17653,0.9740504365406069
17654,1
17655,1
17656,1
17657,1
17658,0.6623823711895079
17659,0.9900744607435069
17660,1
17661,1
17662,1
17663,1
17664,0.8581311004700226
17665,0.8758105888378835
17666,1
17667,1
17668,0.8597179072667903
17669,1
17670,0.9471554308324209
17671,0.9675066118144694
17672,0.964174901191159
17673,0.9080628816173912
17674,1
17675,1
17676,1
17677,1
17678,0.8126838817928993
17679,0.8166501243236343
17680,0.944667081482042
17681,1
17682,1
17683,0.9740504365406069
17684,1
17685,1
17686,0.952238581019351
17687,1
17688,1
17689,1
17690,1
17691,1
17692,1
17693,0.9946592700131068
17694,0.7437996590077358
17695,0.8854150489098684
17696,0.8752751537993003
17697,0.8811152979190722
17698,0.9510651928727897
17699,1
17700,1
17701,1
17702,1
17703,1
17704,0.7817060762730276
17705,0.6476978354947401
17706,0.747684142572181
17707,1
17708,1
17709,0.9770147563321826
17710,1
17711,1
17712,0.9676523251498593
17713,1
17714,1
17715,1
17716,0.8890677443632415
17717,0.8389864815560427
17718,0.9384145739743739
17719,1
17720,0.9946592700131068
17721,0.9002571508472601
17722,0.7508372454731774
17723,0.40172318233149845
17724,1
17725,1
17726,0.8233994767063256
17727,1
17728,1
17729,1
17730,0.8758105888378835
17731,1
17732,1
17733,1
17734,1
17735,0.8797781469528275
17736,0.9002571508472601
17737,1
17738,1
17739,0.9198909061692103
17740,0.98286877941266
17741,1
17742,0.5009182610549585
17743,0.8146278976194234
17744,0.9968430762781008
17745,1
17746,1
17747,1
17748,0.9900744607435069
17749,1
17750,1
17751,1
17752,1
17753,0.9318272263410183
17754,0.9968430762781008
17755,0.7586236412401334
17756,1
17757,0.9709361642796265
17758,1
17759,1
17760,1
17761,0.5652959962438696
17762,1
17763,1
17764,0.9475888878684422
17765,1
17766,1
17767,0.922001357152416
17768,1
17769,1
17770,0.9709361642796265
17771,1
17772,0.8801025210426973
17773,0.8536727480080925
17774,0.941910603553698
17775,0.9709361642796265
17776,0.6328612356122745
17777,1
17778,0.9215280870399606
17779,1
17780,1
17781,1
17782,1
17783,0.9002571508472601
17784,1
17785,1
17786,1
17787,1
17788,1
17789,1
17790,1
17791,0.9882095093995533
17792,0.9900744607435069
17793,0.952238581019351
17794,1
17795,1
17796,0.9595706578871724
17797,0.9676523251498593
17798,1
17799,1
17800,0.9968430762781008
17801,1
17802,1
17803,1
17804,0.7094160595148137
17805,0.9411896575233417
17806,0.9770147563321826
17807,1
17808,1
17809,1
17810,0.21434819338525982
17811,1
17812,0.730935528439882
17813,0.9131024994045092
17814,1
17815,1
17816,1
17817,1
17818,0.9390675552734369
17819,0.8758105888378835
17820,1
17821,1
17822,0.34925651446940253
17823,0.9225666260562072
17824,1
17825,1
17826,1
17827,1
17828,1
17829,0.9946592700131068
17830,0.9178939013644162
17831,0.6137478239218028
17832,0.8133596502517693
17833,0.9676523251498593
17834,0.9131024994045092
17835,0.9900744607435069
17836,1
17837,1
17838,0.9968430762781008
17839,1
17840,0.8789375742289532
17841,0.9373964790819593
17842,1
17843,1
17844,1
17845,1
17846,0.9475888878684422
17847,1
17848,1
17849,1
17850,0.9740504365406069
17851,1
17852,1
17853,0.9502082267048491
17854,1
17855,0.8356691254607166
17856,1
17857,1
17858,1
17859,1
17860,1
17861,1
17862,1
17863,1
17864,0.9770147563321826
17865,1
17866,0.9989614609837535
17867,1
17868,1
17869,1
17870,0.9740504365406069
17871,0.9735402396243932
17872,1
17873,1
17874,0.9156032457616685
17875,0.9900744607435069
17876,0.9302326597453842
17877,1
17878,0.8969056625013931
17879,1
17880,1
17881,1
17882,1
17883,1
17884,1
17885,1
17886,0.9225666260562072
17887,0.275401117416931
17888,1
17889,0.6340501953776366
17890,1
17891,1
17892,1
17893,1
17894,0.6925218743976107
17895,1
17896,0.8955879474882031
17897,1
17898,1
17899,1
17900,1
17901,1
17902,0.964174901191159
17903,1
17904,1
17905,0.9825559015549896
17906,1
17907,1
17908,0.532514615995751
17909,1
17910,1
17911,0.9051410752309912
17912,0.8189414589604984
17913,1
17914,1
17915,0.9770147563321826
17916,1
17917,0.44656440683518556
17918,1
17919,0.6215775316024404
17920,1
17921,1
17922,1
17923,1
17924,0.960473993748949
17925,0.8536727480080925
17926,1
17927,1
17928,1
17929,1
17930,0.9677137996175981
17931,1
17932,0.9900744607435069
17933,1
17934,0.927205078144574
17935,1
17936,0.6637182953179509
17937,1
17938,1
17939,0.9002571508472601
17940,0.53710393082096
17941,1
17942,1
17943,0.2906278264047498
17944,0.9924049721376991
17945,1
17946,1
17947,0.9825559015549896
17948,1
17949,1
17950,0.8617017719051074
17951,1
17952,1
17953,0.964174901191159
17954,1
17955,1
17956,1
17957,0.8961892310166398
17958,0.8741149834575435
17959,1
17960,1
17961,1
17962,1
17963,0.9851578980626085
17964,1
17965,1
17966,1
17967,1
17968,1
17969,0.9320839512147882
17970,1
17971,0.8888045542880962
17972,1
17973,1
17974,1
17975,1
17976,1
17977,1
17978,1
17979,0.8758105888378835
17980,1
17981,0.9178939013644162
17982,0.9077116957215516
17983,1
17984,0.9367537762839373
17985,1
17986,0.8778215476138262
17987,0.9924049721376991
17988,1
17989,1
17990,1
17991,1
17992,1
17993,0.8135557543021374
17994,0.8968310176628337
17995,0.979845370195437
17996,0.8411254281291919
17997,1
17998,1
17999,1
18000,1
18001,1
18002,1
18003,1
18004,0.8798874929141096
18005,1
18006,1
18007,0.964174901191159
18008,1
18009,0.9664632199838965
18010,0.9577267858933664
18011,1
18012,0.964174901191159
18013,1
18014,1
18015,0.9352501294874744
18016,0.21434819338525982
18017,0.9900744607435069
18018,0.9170538670778072
18019,1
18020,0.9574082403957447
18021,1
18022,1
18023,1
18024,0.9373964790819593
18025,0.979845370195437
18026,1
18027,0.8010514548277659
18028,1
18029,1
18030,1
18031,0.9302326597453842
18032,1
18033,0.468958809120965
18034,1
18035,0.8536727480080925
18036,1
18037,1
18038,1
18039,1
18040,1
18041,1
18042,1
18043,0.9131024994045092
18044,1
18045,0.7559489437219912
18046,1
18047,0.7817060762730276
18048,1
18049,0.960473993748949
18050,0.9989614609837535
18051,1
18052,0.8758105888378835
18053,0.862469293539203
18054,1
18055,0.9709361642796265
18056,0.7506208998970404
18057,1
18058,1
18059,0.9900744607435069
18060,1
18061,1
18062,0.5107198662522675
18063,0.9666137861336129
18064,1
18065,1
18066,1
18067,0.960473993748949
18068,1
18069,0.9565116537184474
18070,1
18071,0.9958045372618541
18072,1
18073,1
18074,0.9676523251498593
18075,1
18076,1
18077,1
18078,1
18079,0.8424575322254177
18080,0.9824794328812061
18081,1
18082,0.9677137996175981
18083,1
18084,0.9655954342927333
18085,1
18086,0.788821606235062
18087,0.9554404821767595
18088,1
18089,0.9225666260562072
18090,1
18091,0.5865955798156085
18092,0.8673129351290911
18093,0.9131024994045092
18094,0.9505484544924561
18095,1
18096,0.9268282370274441
18097,1
18098,0.8990624831784348
18099,1
18100,1
18101,0.9385458379685669
18102,1
18103,0.898396797075383
18104,0.9169856474673964
18105,0.8866564431418792
18106,0.9740504365406069
18107,1
18108,0.5739215416112607
18109,0.7604146745720142
18110,0.979845370195437
18111,1
18112,1
18113,1
18114,1
18115,1
18116,0.9676523251498593
18117,1
18118,1
18119,0.9740504365406069
18120,0.9900744607435069
18121,1
18122,0.8916410350765628
18123,0.9215280870399606
18124,1
18125,1
18126,0.9302326597453842
18127,0.9565116537184474
18128,1
18129,1
18130,1
18131,0.8225413915840324
18132,1
18133,0.9749608736926888
18134,1
18135,1
18136,0.9227723070898176
18137,0.7979915110564277
18138,1
18139,1
18140,1
18141,0.9375423086533208
18142,0.9716740263452897
18143,0.7263057493145607
18144,1
18145,1
18146,1
18147,0.9924049721376991
18148,0.934718013900557
18149,1
18150,0.9709361642796265
18151,0.960473993748949
18152,0.8552095666709739
18153,1
18154,1
18155,0.8758105888378835
18156,0.9825559015549896
18157,0.8908270704488368
18158,0.4169113155030434
18159,1
18160,0.2546889839946581
18161,1
18162,0.9367537762839373
18163,1
18164,0.9424713473879602
18165,0.941910603553698
18166,1
18167,0.14402390492519107
18168,0.39558309155135485
18169,1
18170,1
18171,0.9900744607435069
18172,0.9152412130183015
18173,1
18174,0.9709361642796265
18175,0.960473993748949
18176,1
18177,1
18178,0.9924049721376991
18179,1
18180,1
18181,0.5535873070774334
18182,0.6202689404603559
18183,0.8362845825868327
18184,0.9740504365406069
18185,0.9084424809057878
18186,1
18187,1
18188,0.6441073451867333
18189,1
18190,0.9302326597453842
18191,0.9002571508472601
18192,1
18193,1
18194,0.9824794328812061
18195,1
18196,1
18197,0.7569633077681465
18198,1
18199,0.979845370195437
18200,0.9624012717504269
18201,1
18202,0.8790668180467952
18203,0.9602916039175288
18204,1
18205,1
18206,0.7546575606225919
18207,0.9825559015549896
18208,1
18209,0.9518361428101912
18210,1
18211,1
18212,1
18213,0.9851578980626085
18214,0.9740504365406069
18215,0.960473993748949
18216,0.9131024994045092
18217,0.9169856474673964
18218,1
18219,1
18220,1
18221,1
18222,0.952238581019351
18223,0.9131024994045092
18224,0.960473993748949
18225,0.974504640208544
18226,1
18227,1
18228,1
18229,0.8536727480080925
18230,1
18231,1
18232,0.9528102232124677
18233,0.47872330117518136
18234,1
18235,1
18236,0.9699198309389441
18237,1
18238,0.891467455316134
18239,1
18240,0.9172258960693142
18241,1
18242,0.5644024381173008
18243,1
18244,1
18245,1
18246,0.9225666260562072
18247,1
18248,1
18249,1
18250,0.8478460387157022
18251,1
18252,0.960473993748949
18253,1
18254,1
18255,1
18256,1
18257,0.5930419266778941
18258,1
18259,1
18260,0.9367537762839373
18261,1
18262,1
18263,1
18264,1
18265,0.8133596502517693
18266,1
18267,1
18268,1
18269,1
18270,1
18271,0.919309677838927
18272,1
18273,1
18274,0.8807548245543686
18275,0.9403193639443862
18276,0.9989614609837535
18277,1
18278,0.891467455316134
18279,1
18280,0.9900744607435069
18281,1
18282,1
18283,1
18284,0.9924049721376991
18285,1
18286,1
18287,1
18288,1
18289,1
18290,0.9475888878684422
18291,1
18292,1
18293,0.9051410752309912
18294,0.9318272263410183
18295,0.962172654394791
18296,0.9876612416190321
18297,0.7857561645204932
18298,0.9823205116321391
18299,0.7659017852061006
18300,1
18301,1
18302,0.9198392302015785
18303,1
18304,1
18305,1
18306,0.854546675848951
18307,0.7003507387814191
18308,0.924648894940108
18309,0.9215481318859035
18310,1
18311,1
18312,0.891467455316134
18313,0.9382758846498143
18314,0.9752323588061153
18315,1
18316,1
18317,1
18318,1
18319,1
18320,0.7648373624904259
18321,0.8903316115907669
18322,0.886326722087619
18323,1
18324,0.9770147563321826
18325,1
18326,0.9022114178013496
18327,0.34693300539948346
18328,1
18329,0.9738578326102835
18330,1
18331,0.9900744607435069
18332,0.5841837214319443
18333,0.9311094810779921
18334,1
18335,1
18336,0.9709361642796265
18337,1
18338,1
18339,0.8304898105926442
18340,0.9968430762781008
18341,1
18342,1
18343,0.9565116537184474
18344,1
18345,0.749925572295427
18346,0.21479446271491576
18347,1
18348,1
18349,0.8729251359289573
18350,1
18351,1
18352,0.862469293539203
18353,0.8522910009652875
18354,0.9382758846498143
18355,1
18356,0.9968430762781008
18357,1
18358,0.8702265197515254
18359,1
18360,0.9505484544924561
18361,0.6144591078728968
18362,0.8982603974671176
18363,1
18364,1
18365,0.7324721248848217
18366,0.979845370195437
18367,0.8513223437200496
18368,0.9270757360234848
18369,1
18370,1
18371,1
18372,0.9989614609837535
18373,1
18374,0.7181201478331275
18375,1
18376,1
18377,0.40172318233149845
18378,1
18379,0.8728408337166909
18380,0.9385884894294859
18381,0.6517044401729414
18382,0.8527148163782422
18383,1
18384,1
18385,0.6598100619063684
18386,1
18387,0.9594354547327026
18388,1
18389,1
18390,0.9770147563321826
18391,1
18392,0.4815351638672422
18393,1
18394,1
18395,0.9900744607435069
18396,1
18397,0.9268282370274441
18398,1
18399,0.8310204716813349
18400,0.960473993748949
18401,1
18402,1
18403,1
18404,0.7895791214540034
18405,1
18406,1
18407,1
18408,0.9900744607435069
18409,0.6668249692649714
18410,1
18411,0.964174901191159
18412,1
18413,1
18414,0.850074811180474
18415,1
18416,1
18417,1
18418,0.8955879474882031
18419,0.8593204023401445
18420,1
18421,1
18422,1
18423,1
18424,1
18425,0.938225337731766
18426,1
18427,0.9676523251498593
18428,1
18429,1
18430,1
18431,1
18432,1
18433,0.8432219190918466
18434,0.9215149219764929
18435,1
18436,0.8135557543021374
18437,1
18438,0.17531456448319846
18439,1
18440,1
18441,1
18442,1
18443,1
18444,1
18445,1
18446,1
18447,1
18448,0.9302326597453842
18449,0.8758105888378835
18450,0.9770147563321826
18451,0.9946592700131068
18452,0.9294986696860057
18453,1
18454,0.4156108837578656
18455,1
18456,0.964174901191159
18457,0.9041005415868895
18458,1
18459,0.45668427535044265
18460,0.9414328083717136
18461,1
18462,0.952238581019351
18463,1
18464,1
18465,1
18466,1
18467,0.9900744607435069
18468,0.9565116537184474
18469,1
18470,0.9534920658346163
18471,1
18472,0.5107198662522675
18473,1
18474,0.8452042579392905
18475,0.7496837445762397
18476,0.960473993748949
18477,1
18478,0.745100505891559
18479,1
18480,1
18481,1
18482,1
18483,0.9131024994045092
18484,0.8169729628667067
18485,0.6683121724441046
18486,0.9841193590463618
18487,0.9474976953452965
18488,0.9475888878684422
18489,0.622720993507187
18490,0.9825559015549896
18491,0.9565116537184474
18492,1
18493,1
18494,1
18495,1
18496,1
18497,1
18498,1
18499,0.9206865549096062
18500,1
18501,0.9936207309968602
18502,1
18503,1
18504,1
18505,1
18506,0.14402390492519107
18507,1
18508,1
18509,1
18510,1
18511,0.34460487704408893
18512,0.4197580247072754
18513,0.9770147563321826
18514,0.8994293147388439
18515,0.964174901191159
18516,0.9777357023625389
18517,1
18518,1
18519,1
18520,1
18521,1
18522,1
18523,1
18524,0.9968430762781008
18525,1
18526,0.9087502347377983
18527,1
18528,1
18529,1
18530,0.7530824960173264
18531,1
18532,1
18533,0.960473993748949
18534,0.9215149219764929
18535,1
18536,1
18537,0.8323222425563308
18538,1
18539,0.7838739353721549
18540,0.8102027265298699
18541,1
18542,1
18543,0.8536727480080925
18544,1
18545,1
18546,1
18547,1
18548,0.9380368639492566
18549,0.7719593283102372
18550,0.9399938600061414
18551,1
18552,1
18553,0.9740504365406069
18554,1
18555,1
18556,0.9117637890596012
18557,0.9968430762781008
18558,0.9225666260562072
18559,1
18560,0.979845370195437
18561,1
18562,0.8666083815043443
18563,1
18564,0.9825559015549896
18565,1
18566,0.7530824960173264
18567,0.9165991464793745
18568,1
18569,1
18570,0.960473993748949
18571,1
18572,0.9946592700131068
18573,0.9357152372676907
18574,1
18575,0.9610106250231334
18576,1
18577,1
18578,0.5652959962438696
18579,0.9399938600061414
18580,0.9924049721376991
18581,1
18582,1
18583,1
18584,0.952238581019351
18585,1
18586,0.9002571508472601
18587,0.682772625902395
18588,1
18589,1
18590,0.964174901191159
18591,1
18592,0.9633411364173258
18593,1
18594,1
18595,0.9900744607435069
18596,0.568754641398735
18597,0.9847337307566136
18598,0.587840582501521
18599,0.8905191379073103
18600,1
18601,0.9351110654707856
18602,1
18603,1
18604,0.7863961383636292
18605,0.4156108837578656
18606,1
18607,0.6553919140268433
18608,1
18609,1
18610,1
18611,1
18612,1
18613,1
18614,0.9241639788683065
18615,1
18616,1
18617,0.9573170700270499
18618,0.9424713473879602
18619,0.9637614054970985
18620,1
18621,1
18622,0.9225666260562072
18623,0.6868411092985489
18624,1
18625,1
18626,0.9924049721376991
18627,1
18628,1
18629,1
18630,1
18631,1
18632,0.9507976037939446
18633,1
18634,1
18635,1
18636,1
18637,1
18638,1
18639,1
18640,1
18641,0.7786804789122529
18642,0.9215481318859035
18643,1
18644,1
18645,0.9475888878684422
18646,0.8139405444990165
18647,0.9002571508472601
18648,0.937663348611949
18649,1
18650,1
18651,1
18652,0.9187175180226488
18653,0.8758105888378835
18654,1
18655,0.9876612416190321
18656,0.9475888878684422
18657,0.9367537762839373
18658,0.9946592700131068
18659,1
18660,1
18661,1
18662,1
18663,0.8743321090963372
18664,0.42632256748289976
18665,0.9676523251498593
18666,0.8135557543021374
18667,0.9131024994045092
18668,1
18669,0.9446435531570502
18670,1
18671,0.9876612416190321
18672,0.952238581019351
18673,0.275401117416931
18674,1
18675,1
18676,0.9434701650104886
18677,0.9424713473879602
18678,1
18679,1
18680,0.8393214496621468
18681,1
18682,0.9676523251498593
18683,0.8758105888378835
18684,1
18685,0.9968430762781008
18686,1
18687,1
18688,1
18689,0.900234880561392
18690,1
18691,1
18692,1
18693,1
18694,1
18695,0.7959948086750112
18696,1
18697,0.8902189512060666
18698,1
18699,1
18700,1
18701,1
18702,1
18703,1
18704,0.5310641100899492
18705,1
18706,1
18707,1
18708,0.8498610253784903
18709,1
18710,1
18711,1
18712,1
18713,1
18714,0.9475888878684422
18715,1
18716,1
18717,0.9676523251498593
18718,1
18719,1
18720,1
18721,1
18722,1
18723,1
18724,0.9475888878684422
18725,1
18726,0.9989614609837535
18727,0.9215149219764929
18728,1
18729,1
18730,0.9709361642796265
18731,0.9053145548074556
18732,0.8632373843695939
18733,0.9924049721376991
18734,1
18735,1
18736,0.9302326597453842
18737,0.9851578980626085
18738,1
18739,1
18740,0.964174901191159
18741,1
18742,1
18743,0.9475888878684422
18744,1
18745,0.960473993748949
18746,0.9676523251498593
18747,0.9367537762839373
18748,0.9573170700270499
18749,0.6570321481929895
18750,1
18751,1
18752,1
18753,1
18754,1
18755,1
18756,0.7118522540966995
18757,1
18758,1
18759,0.9675066118144694
18760,0.955133263762056
18761,0.9770147563321826
18762,0.7409344771356887
18763,0.9924049721376991
18764,0.952238581019351
18765,1
18766,1
18767,0.8323732770192602
18768,1
18769,1
18770,1
18771,1
18772,1
18773,1
18774,0.9475888878684422
18775,0.979845370195437
18776,0.8167727108893967
18777,1
18778,1
18779,1
18780,1
18781,1
18782,1
18783,1
18784,1
18785,1
18786,0.962172654394791
18787,0.8304898105926442
18788,1
18789,1
18790,1
18791,1
18792,1
18793,1
18794,1
18795,1
18796,1
18797,0.9302326597453842
18798,0.8994293147388439
18799,0.6326912622989329
18800,1
18801,0.8692242284867473
18802,1
18803,1
18804,0.9740504365406069
18805,1
18806,1
18807,0.5252451086017895
18808,0.6950915653028108
18809,1
18810,0.8827365837284661
18811,0.9989614609837535
18812,0.8704698588509905
18813,0.9225666260562072
18814,1
18815,0.7340802514146505
18816,1
18817,0.960473993748949
18818,1
18819,0.9367537762839373
18820,1
18821,0.741658414781875
18822,0.9573170700270499
18823,0.1478345244404042
18824,0.8256444848517069
18825,1
18826,0.7835222845594352
18827,0.9225666260562072
18828,1
18829,0.9434701650104886
18830,1
18831,1
18832,0.9424713473879602
18833,1
18834,1
18835,1
18836,1
18837,1
18838,1
18839,1
18840,1
18841,1
18842,0.9728191396816405
18843,1
18844,0.9424713473879602
18845,1
18846,1
18847,1
18848,0.8758105888378835
18849,1
18850,1
18851,0.9573170700270499
18852,0.9968430762781008
18853,1
18854,1
18855,1
18856,1
18857,0.600238763855129
18858,1
18859,0.9676523251498593
18860,1
18861,1
18862,1
18863,0.5930419266778941
18864,1
18865,1
18866,1
18867,0.9968430762781008
18868,1
18869,0.8060401408279737
18870,1
18871,0.9314101580285756
18872,0.9946592700131068
18873,0.8717246847394938
18874,1
18875,1
18876,0.9968430762781008
18877,1
18878,1
18879,0.9120639603882625
18880,0.39558309155135485
18881,1
18882,0.9809624353244625
18883,1
18884,0.962172654394791
18885,1
18886,1
18887,0.4042519003610609
18888,1
18889,0.7908213790806792
18890,0.9327467859310505
18891,1
18892,1
18893,1
18894,1
18895,0.8551102733580528
18896,0.9314101580285756
18897,0.8166501243236343
18898,0.24452838630835583
18899,1
18900,0.9946592700131068
18901,0.6144591078728968
18902,0.7008064475582944
18903,1
18904,0.9900744607435069
18905,1
18906,1
18907,1
18908,1
18909,1
18910,1
18911,1
18912,0.9002571508472601
18913,1
18914,0.961711678159639
18915,0.21526087821524637
18916,0.8758105888378835
18917,1
18918,0.8895262904533958
18919,0.8304898105926442
18920,1
18921,0.9824794328812061
18922,1
18923,1
18924,1
18925,0.9002571508472601
18926,1
18927,0.8197487479836283
18928,1
18929,1
18930,1
18931,0.9002571508472601
18932,0.979845370195437
18933,1
18934,1
18935,0.6483044964094132
18936,1
18937,0.9738578326102835
18938,1
18939,1
18940,0.979845370195437
18941,1
18942,1
18943,0.9270757360234848
18944,1
18945,1
18946,1
18947,0.6635328812134172
18948,1
18949,1
18950,1
18951,0.9573170700270499
18952,1
18953,0.8017194469751298
18954,0.9968430762781008
18955,0.9538958067360441
18956,0.9698976252633799
18957,1
18958,1
18959,1
18960,1
18961,1
18962,0.8241697582119009
18963,0.8923012200899675
18964,0.7202520542019583
18965,0.952238581019351
18966,0.8225413915840324
18967,0.9302326597453842
18968,0.98286877941266
18969,1
18970,1
18971,0.5508138003244023
18972,1
18973,0.9924049721376991
18974,0.8031630247653243
18975,1
18976,1
18977,0.9709361642796265
18978,1
18979,1
18980,0.9946592700131068
18981,1
18982,0.9302326597453842
18983,1
18984,1
18985,1
18986,1
18987,1
18988,0.843317200652353
18989,1
18990,1
18991,0.7848349096459396
18992,0.9687097065537137
18993,0.9044844249354965
18994,1
18995,1
18996,0.8021088362316202
18997,0.8513223437200496
18998,1
18999,0.9740504365406069
19000,1
19001,0.8331649049178467
19002,1
19003,1
19004,1
19005,1
19006,1
19007,0.9364517082910339
19008,0.8994293147388439
19009,0.9225666260562072
19010,0.5652959962438696
19011,1
19012,0.9424713473879602
19013,0.8479756897538508
19014,1
19015,0.9439480618039867
19016,0.960473993748949
19017,1
19018,1
19019,1
19020,1
19021,1
19022,0.8135557543021374
19023,1
19024,0.9876612416190321
19025,1
19026,1
19027,1
19028,0.7468244840071132
19029,1
19030,0.9367537762839373
19031,1
19032,0.9675066118144694
19033,1
19034,1
19035,0.693653603672418
19036,1
19037,0.960473993748949
19038,1
19039,0.822258507999676
19040,1
19041,1
19042,0.987064242150806
19043,1
19044,1
19045,0.42631218904362356
19046,1
19047,1
19048,1
19049,0.8399854900290427
19050,0.9968430762781008
19051,1
19052,1
19053,1
19054,0.8297016458838836
19055,0.7893434617781449
19056,0.9968430762781008
19057,0.9968430762781008
19058,0.8626851584722665
19059,0.9968430762781008
19060,0.8345493779715165
19061,1
19062,0.9502082267048491
19063,0.952238581019351
19064,1
19065,1
19066,0.9002571508472601
19067,1
19068,0.8874971213772586
19069,1
19070,0.49709019350504585
19071,1
19072,1
19073,0.9989614609837535
19074,1
19075,1
19076,1
19077,0.8855012426918991
19078,0.9709361642796265
19079,1
19080,0.9770147563321826
19081,0.8225413915840324
19082,0.5111851089466366
19083,1
19084,0.952238581019351
19085,1
19086,0.9876612416190321
19087,1
19088,0.9815173625387432
19089,1
19090,0.9424713473879602
19091,0.9611341153785447
19092,0.952238581019351
19093,0.9989614609837535
19094,1
19095,0.9058776628816252
19096,0.8802951731148432
19097,0.905122527611197
19098,1
19099,0.9740504365406069
19100,0.9946592700131068
19101,0.9968430762781008
19102,0.12446401795831219
19103,1
19104,1
19105,1
19106,1
19107,1
19108,1
19109,0.9302326597453842
19110,0.5535873070774334
19111,1
19112,1
19113,1
19114,1
19115,1
19116,1
19117,0.8807548245543686
19118,0.9131024994045092
19119,0.9302326597453842
19120,0.6801724496321412
19121,1
19122,0.952238581019351
19123,1
19124,0.9325583135457913
19125,1
19126,1
19127,1
19128,0.9044844249354965
19129,1
19130,1
19131,0.9924049721376991
19132,1
19133,1
19134,1
19135,0.9302326597453842
19136,0.8900602352564023
19137,0.922001357152416
19138,0.8677214098265158
19139,0.9676523251498593
19140,1
19141,1
19142,0.9475888878684422
19143,1
19144,1
19145,0.92502724894295
19146,0.9946592700131068
19147,1
19148,1
19149,1
19150,1
19151,0.9565116537184474
19152,1
19153,1
19154,0.8673033184036306
19155,0.9968430762781008
19156,0.8758105888378835
19157,0.9216393244090489
19158,1
19159,0.7648373624904259
19160,1
19161,0.9087502347377983
19162,1
19163,0.4504519555326235
19164,0.9131024994045092
19165,0.9302326597453842
19166,1
19167,1
19168,1
19169,1
19170,1
19171,0.47872330117518136
19172,0.9131024994045092
19173,0.9699198309389441
19174,1
19175,1
19176,1
19177,1
19178,1
19179,0.964174901191159
19180,1
19181,0.919308164953215
19182,0.9227078484758476
19183,0.924648894940108
19184,1
19185,1
19186,1
19187,1
19188,1
19189,0.9709361642796265
19190,0.5552114508571884
19191,0.74831808201828
19192,1
19193,1
19194,0.8498610253784903
19195,0.9730118975243602
19196,1
19197,0.9740504365406069
19198,0.9676523251498593
19199,1
19200,1
19201,1
19202,1
19203,0.9081925326555399
19204,1
19205,0.9269294024272552
19206,0.9225666260562072
19207,0.9367537762839373
19208,0.9740504365406069
19209,1
19210,0.9968430762781008
19211,1
19212,1
19213,1
19214,0.8514280745788142
19215,1
19216,0.9968430762781008
19217,1
19218,1
19219,0.9594354547327026
19220,0.9825559015549896
19221,1
19222,1
19223,1
19224,0.9637614054970985
19225,0.9367537762839373
19226,0.9120639603882625
19227,1
19228,1
19229,0.9740504365406069
19230,1
19231,1
19232,1
19233,1
19234,0.9411896575233417
19235,0.931413046297044
19236,1
19237,1
19238,0.9666137861336129
19239,0.8869620029887862
19240,1
19241,1
19242,1
19243,1
19244,1
19245,0.9490816572974519
19246,1
19247,0.7760677396851436
19248,0.9367537762839373
19249,1
19250,1
19251,0.8353551873565812
19252,1
19253,0.7935041661637716
19254,1
19255,0.894319690614591
19256,1
19257,1
19258,0.7977222631844291
19259,1
19260,0.7468244840071132
19261,0.9726303622984966
19262,0.8257909899664913
19263,1
19264,0.9475888878684422
19265,1
19266,1
19267,0.9876612416190321
19268,0.21434819338525982
19269,1
19270,1
19271,1
19272,0.9475888878684422
19273,0.9709361642796265
19274,1
19275,1
19276,1
19277,1
19278,0.9740504365406069
19279,0.9876612416190321
19280,1
19281,1
19282,1
19283,0.9771387028943128
19284,0.9149715981939065
19285,0.8412602772595068
19286,1
19287,0.7908778864010731
19288,1
19289,0.9946592700131068
19290,0.9565116537184474
19291,0.7923094996940439
19292,0.8862266513492273
19293,0.952238581019351
19294,0.8998274688877933
19295,0.9131024994045092
19296,1
19297,0.7250579903253247
19298,0.9131024994045092
19299,1
19300,0.949265098665319
19301,0.9364517082910339
19302,0.9676523251498593
19303,0.9565116537184474
19304,0.5789595083362525
19305,0.8934859258407576
19306,0.952238581019351
19307,1
19308,1
19309,0.275401117416931
19310,1
19311,0.8998274688877933
19312,1
19313,1
19314,1
19315,1
19316,1
19317,0.9696201437057959
19318,1
19319,1
19320,0.952238581019351
19321,1
19322,0.964174901191159
19323,0.9475888878684422
19324,1
19325,1
19326,0.39558309155135485
19327,0.10993976474359775
19328,1
19329,1
19330,0.979845370195437
19331,1
19332,1
19333,1
19334,1
19335,1
19336,0.9127125747683001
19337,0.9368072182288353
19338,0.6584511101279265
19339,0.9565116537184474
19340,0.9851578980626085
19341,0.9573170700270499
19342,1
19343,1
19344,0.8356232756147176
19345,1
19346,1
19347,1
19348,1
19349,0.9825559015549896
19350,0.3557190788526975
19351,1
19352,0.8748052070755583
19353,0.9824794328812061
19354,1
19355,1
19356,1
19357,0.9573170700270499
19358,0.8234883536712077
19359,1
19360,0.14402390492519107
19361,0.21526087821524637
19362,1
19363,0.9302326597453842
19364,0.960473993748949
19365,1
19366,1
19367,1
19368,0.5010021958424691
19369,1
19370,1
19371,1
19372,1
19373,0.7546575606225919
19374,0.979845370195437
19375,0.9565116537184474
19376,0.8900602352564023
19377,0.7435923099971533
19378,1
19379,1
19380,1
19381,0.9876612416190321
19382,1
19383,1
19384,0.26958326032735097
19385,0.9968430762781008
19386,0.9002571508472601
19387,1
19388,1
19389,1
19390,0.9716740263452897
19391,0.9367537762839373
19392,0.9565116537184474
19393,0.9002571508472601
19394,1
19395,1
19396,1
19397,0.936362031703573
19398,1
19399,0.9367537762839373
19400,1
19401,1
19402,1
19403,0.9676523251498593
19404,0.69600895162231
19405,1
19406,1
19407,1
19408,0.9924049721376991
19409,0.9851578980626085
19410,1
19411,0.937663348611949
19412,0.8169729628667067
19413,1
19414,0.9900744607435069
19415,0.7988888331118752
19416,0.9825559015549896
19417,1
19418,1
19419,1
19420,0.3607136193611962
19421,1
19422,1
19423,1
19424,0.9256050723296844
19425,0.5596779099149907
19426,0.7547090235732855
19427,0.952238581019351
19428,1
19429,0.8758105888378835
19430,1
19431,1
19432,0.9946592700131068
19433,0.9225666260562072
19434,0.8715482588582779
19435,1
19436,0.8148781441113205
19437,1
19438,0.9770147563321826
19439,0.9002571508472601
19440,1
19441,0.9946592700131068
19442,1
19443,1
19444,0.8264172591702867
19445,1
19446,1
19447,0.8727040071333443
19448,1
19449,0.9178939013644162
19450,1
19451,0.8377513943446174
19452,0.9946592700131068
19453,1
19454,1
19455,0.8696486878279939
19456,0.9936207309968602
19457,1
19458,1
19459,1
19460,0.9077617694176161
19461,0.9363570239138845
19462,0.8943699469920491
19463,0.9002571508472601
19464,1
19465,0.9241639788683065
19466,0.9475888878684422
19467,0.8234980897477686
19468,1
19469,1
19470,0.9851578980626085
19471,1
19472,1
19473,0.9770147563321826
19474,1
19475,0.960473993748949
19476,1
19477,0.979845370195437
19478,0.8758105888378835
19479,1
19480,0.9989614609837535
19481,1
19482,0.7988888331118752
19483,1
19484,0.960473993748949
19485,1
19486,0.9740504365406069
19487,0.8818284432285023
19488,1
19489,1
19490,1
19491,0.8758105888378835
19492,0.9676523251498593
19493,1
19494,0.9148788251779304
19495,1
19496,0.9225666260562072
19497,0.8748052070755583
19498,1
19499,1
19500,1
19501,1
19502,1
19503,1
19504,0.9131024994045092
19505,0.6241033534706368
19506,1
19507,1
19508,1
19509,0.9989614609837535
19510,0.9302326597453842
19511,1
19512,0.979845370195437
19513,0.9644954014279602
19514,0.9380884607531618
19515,0.9565116537184474
19516,1
19517,1
19518,0.960473993748949
19519,1
19520,1
19521,0.9628936004251474
19522,1
19523,0.9225666260562072
19524,1
19525,1
19526,0.8524957318666111
19527,1
19528,0.9327467859310505
19529,0.8918870400459932
19530,1
19531,1
19532,1
19533,1
19534,0.8395309883401231
19535,1
19536,0.8014303769714292
19537,1
19538,0.7406427352858365
19539,0.9851578980626085
19540,0.9305620902590541
19541,0.5453549956978454
19542,1
19543,1
19544,0.9847337307566136
19545,1
19546,0.9740504365406069
19547,1
19548,0.6354238393110564
19549,0.45668427535044265
19550,1
19551,1
19552,0.9924049721376991
19553,1
19554,1
19555,1
19556,1
19557,0.9968430762781008
19558,1
19559,1
19560,0.964174901191159
19561,1
19562,1
19563,1
19564,1
19565,1
19566,0.5914142190950157
19567,1
19568,0.9712118033168898
19569,1
19570,0.9002571508472601
19571,1
19572,0.952238581019351
19573,0.36211362823990395
19574,1
19575,0.7744945787734875
19576,1
19577,0.9647999445133452
19578,1
19579,1
19580,0.960473993748949
19581,1
19582,1
19583,1
19584,0.8479756897538508
19585,1
19586,1
19587,1
19588,0.9302326597453842
19589,1
19590,0.9900744607435069
19591,0.9022259483644541
19592,1
19593,0.9676523251498593
19594,0.979845370195437
19595,0.6179055997345697
19596,1
19597,0.12446401795831219
19598,1
19599,1
19600,1
19601,0.9367537762839373
19602,0.9002571508472601
19603,1
19604,1
19605,0.8003881736700336
19606,1
19607,0.9320508429710392
19608,0.5865955798156085
19609,1
19610,0.9770147563321826
19611,0.6635480818795269
19612,1
19613,1
19614,0.9302326597453842
19615,1
19616,1
19617,1
19618,1
19619,0.8824753509013652
19620,0.8071023801403188
19621,1
19622,1
19623,1
19624,1
19625,0.9770147563321826
19626,1
19627,1
19628,1
19629,1
19630,0.7916426539516063
19631,1
19632,0.92502724894295
19633,1
19634,0.8436401714129708
19635,1
19636,0.9178939013644162
19637,0.8621841567019609
19638,1
19639,0.6241033534706368
19640,1
19641,1
19642,1
19643,1
19644,0.6106983261296134
19645,0.916521783928567
19646,1
19647,0.7573799216383655
19648,0.9793989778330905
19649,0.9505484544924561
19650,1
19651,1
19652,1
19653,1
19654,0.8014303769714292
19655,0.964174901191159
19656,1
19657,1
19658,0.9770147563321826
19659,1
19660,0.9293888844095677
19661,0.9989614609837535
19662,0.960473993748949
19663,0.9740504365406069
19664,1
19665,0.2741091217441696
19666,1
19667,0.9709361642796265
19668,1
19669,1
19670,1
19671,1
19672,1
19673,1
19674,1
19675,1
19676,1
19677,1
19678,0.9198909061692103
19679,1
19680,0.9225666260562072
19681,1
19682,0.9475888878684422
19683,0.8356691254607166
19684,1
19685,0.8347608088937423
19686,0.9989614609837535
19687,0.9347944825743407
19688,1
19689,0.7269925381007677
19690,0.9869175370216076
19691,0.8225413915840324
19692,1
19693,1
19694,0.9219116743465456
19695,0.43808511397962363
19696,1
19697,0.7607959557882851
19698,1
19699,1
19700,0.9946592700131068
19701,0.8790782797746545
19702,1
19703,0.9424713473879602
19704,1
19705,0.8541710276547273
19706,0.8673518613391751
19707,1
19708,0.8985428433721434
19709,0.9223167175833974
19710,0.9677137996175981
19711,1
19712,0.9424713473879602
19713,0.8132088294715751
19714,0.8778651986190539
19715,1
19716,0.6801724496321412
19717,1
19718,0.7568998273884808
19719,0.9958045372618541
19720,0.9394160280826096
19721,1
19722,0.9225666260562072
19723,0.9851578980626085
19724,0.9302326597453842
19725,0.8665896836592686
19726,1
19727,0.9968430762781008
19728,1
19729,0.916521783928567
19730,0.8702801863345673
19731,0.6248806134935584
19732,1
19733,0.9424713473879602
19734,1
19735,1
19736,0.275401117416931
19737,0.9989614609837535
19738,1
19739,1
19740,1
19741,0.9946592700131068
19742,1
19743,1
19744,1
19745,1
19746,0.9825559015549896
19747,0.9002571508472601
19748,1
19749,0.9851578980626085
19750,1
19751,0.9565116537184474
19752,0.6542139681225959
19753,0.962172654394791
19754,1
19755,0.45668427535044265
19756,0.8049942891405464
19757,0.780311511273469
19758,1
19759,1
19760,1
19761,0.9510651928727897
19762,0.9740504365406069
19763,0.9834657788808864
19764,1
19765,0.9924049721376991
19766,1
19767,1
19768,1
19769,0.6307827173769477
19770,0.8758105888378835
19771,0.8635700957754375
19772,0.9367428989164839
19773,1
19774,0.8536727480080925
19775,1
19776,0.8389864815560427
19777,1
19778,1
19779,0.9367537762839373
19780,1
19781,1
19782,0.7983772148940907
19783,1
19784,1
19785,1
19786,1
19787,0.9946592700131068
19788,0.934524430289556
19789,0.5616812510338451
19790,0.9475888878684422
19791,0.9989614609837535
19792,1
19793,0.952238581019351
19794,1
19795,0.9424713473879602
19796,1
19797,0.9777357023625389
19798,0.22330085720963658
19799,0.44800278166178265
19800,0.9968430762781008
19801,1
19802,0.9946592700131068
19803,0.8959276818010569
19804,0.979845370195437
19805,1
19806,0.5019080756187181
19807,1
19808,0.7780786984610863
19809,0.9676523251498593
19810,1
19811,1
19812,0.5256980431495686
19813,0.9302326597453842
19814,1
19815,0.9606044817751992
19816,1
19817,0.8908270704488368
19818,1
19819,1
19820,0.9825559015549896
19821,1
19822,1
19823,1
19824,0.47872330117518136
19825,1
19826,0.9851578980626085
19827,1
19828,0.8636042159300029
19829,1
19830,1
19831,1
19832,0.6113372698895977
19833,1
19834,1
19835,0.979845370195437
19836,0.791277070171216
19837,1
19838,0.9676523251498593
19839,1
19840,1
19841,1
19842,0.952238581019351
19843,1
19844,1
19845,1
19846,1
19847,0.647299114647088
19848,1
19849,0.952238581019351
19850,0.8959712788171694
19851,0.960473993748949
19852,0.932545808131467
19853,0.9180930527255295
19854,0.9770147563321826
19855,1
19856,0.4705808670079857
19857,1
19858,0.9169856474673964
19859,0.9367537762839373
19860,1
19861,0.9194097023343079
19862,1
19863,1
19864,0.8651089792710435
19865,1
19866,1
19867,0.9770147563321826
19868,0.91376853261612
19869,0.9643214859728482
19870,1
19871,1
19872,1
19873,1
19874,1
19875,1
19876,0.9915023462912075
19877,1
19878,0.952238581019351
19879,1
19880,1
19881,0.9002571508472601
19882,0.9093809597342034
19883,0.9445213681466521
19884,1
19885,0.9471554308324209
19886,1
19887,0.8871524175829997
19888,1
19889,0.9475888878684422
19890,0.5453840597252579
19891,1
19892,1
19893,1
19894,1
19895,0.8452042579392905
19896,0.987064242150806
19897,0.9766884464735379
19898,1
19899,1
19900,1
19901,0.9225666260562072
19902,1
19903,1
19904,0.8824753509013652
19905,1
19906,1
19907,1
19908,1
19909,1
19910,0.9565116537184474
19911,0.14402390492519107
19912,0.8389864815560427
19913,0.9565116537184474
19914,1
19915,0.952238581019351
19916,1
19917,1
19918,0.9131024994045092
19919,0.45668427535044265
19920,0.7835351129566991
19921,1
19922,0.9825559015549896
19923,0.9968430762781008
19924,1
19925,0.941910603553698
19926,1
19927,1
19928,0.9989614609837535
19929,0.9968430762781008
19930,0.8386176919050244
19931,0.9924049721376991
19932,1
19933,0.952238581019351
19934,1
19935,1
19936,1
19937,1
19938,1
19939,0.9900744607435069
19940,1
19941,0.9475888878684422
19942,0.862469293539203
19943,0.9002571508472601
19944,1
19945,1
19946,1
19947,0.8603641322077988
19948,0.9449866008202333
19949,0.9002571508472601
19950,0.6334149813980159
19951,0.9958045372618541
19952,0.825006886826599
19953,0.8228947827303433
19954,0.9475888878684422
19955,1
19956,0.9002571508472601
19957,1
19958,0.8524957318666111
19959,0.9475888878684422
19960,0.9675066118144694
19961,0.952238581019351
19962,1
19963,1
19964,1
19965,1
19966,1
19967,1
19968,1
19969,1
19970,0.9876612416190321
19971,1
19972,0.9825559015549896
19973,0.9002571508472601
19974,0.9770147563321826
19975,0.9424713473879602
19976,1
19977,0.8660071136354709
19978,1
19979,0.40987534658270874
19980,0.5453840597252579
19981,0.9825559015549896
19982,0.9740504365406069
19983,0.4084303123008832
19984,1
19985,1
19986,1
19987,1
19988,1
19989,1
19990,0.7022588091199851
19991,1
19992,0.9924049721376991
19993,1
19994,0.7273123247450837
19995,0.9936207309968602
19996,0.8900602352564023
19997,1
19998,1
19999,0.9900744607435069
20000,1
20001,1
20002,0.964174901191159
20003,1
20004,0.9793989778330905
20005,1
20006,1
20007,0.9441728953374794
20008,0.8923012200899675
20009,1
20010,1
20011,1
20012,1
20013,1
20014,0.9231747452989774
20015,1
20016,0.5843818398381908
20017,0.9851578980626085
20018,1
20019,1
20020,1
20021,1
20022,1
20023,0.9676523251498593
20024,1
20025,0.7834843812084511
20026,0.9302326597453842
20027,1
20028,0.9573170700270499
20029,0.8555738467924694
20030,1
20031,1
20032,1
20033,0.9131024994045092
20034,1
20035,1
20036,1
20037,1
20038,1
20039,1
20040,1
20041,0.6527968020869602
20042,0.8452042579392905
20043,1
20044,1
20045,1
20046,1
20047,0.7114797142986
20048,1
20049,1
20050,0.8738843936850044
20051,1
20052,1
20053,0.9440202713865962
20054,0.9851578980626085
20055,1
20056,1
20057,0.6189839595950606
20058,0.8916235839687127
20059,1
20060,0.9565116537184474
20061,0.9471554308324209
20062,0.9131024994045092
20063,1
20064,0.5092378707794198
20065,1
20066,1
20067,1
20068,1
20069,1
20070,1
20071,0.9677137996175981
20072,1
20073,1
20074,1
20075,0.891276332609921
20076,0.9302326597453842
20077,1
20078,0.862469293539203
20079,1
20080,1
20081,0.8056467543128596
20082,0.8735764931534583
20083,1
20084,0.924648894940108
20085,1
20086,1
20087,1
20088,0.9002571508472601
20089,1
20090,1
20091,1
20092,1
20093,0.9274478179980737
20094,1
20095,0.6200271460665295
20096,1
20097,1
20098,0.8758105888378835
20099,0.9490816572974519
20100,1
20101,0.979845370195437
20102,1
20103,0.9851578980626085
20104,0.9002571508472601
20105,1
20106,1
20107,0.979845370195437
20108,1
20109,1
20110,1
20111,1
20112,1
20113,0.962172654394791
20114,0.8292180276035244
20115,0.9164897199280433
20116,1
20117,1
20118,0.9770147563321826
20119,0.9771387028943128
20120,0.9968430762781008
20121,1
20122,1
20123,0.9034819724110935
20124,0.9002571508472601
20125,1
20126,0.924648894940108
20127,0.9548062438881261
20128,1
20129,1
20130,1
20131,0.9050934626996813
20132,0.9825559015549896
20133,1
20134,0.47012996583884614
20135,0.7578853353322107
20136,1
20137,1
20138,1
20139,1
20140,1
20141,0.8555738467924694
20142,1
20143,1
20144,1
20145,1
20146,0.8091820118692014
20147,1
20148,1
20149,0.9002571508472601
20150,0.7346954184363538
20151,1
20152,1
20153,0.8154983638655616
20154,1
20155,1
20156,0.8297016458838836
20157,1
20158,0.904283096285991
20159,0.8737462045546917
20160,1
20161,1
20162,1
20163,0.43745795889359534
20164,1
20165,1
20166,1
20167,1
20168,1
20169,1
20170,0.8734648089551452
20171,1
20172,1
20173,1
20174,1
20175,0.9011688240250106
20176,1
20177,1
20178,1
20179,0.8758105888378835
20180,1
20181,0.955133263762056
20182,0.8870049159510519
20183,1
20184,1
20185,1
20186,1
20187,0.9367537762839373
20188,0.9565116537184474
20189,1
20190,1
20191,0.9467308027461487
20192,1
20193,1
20194,0.9573170700270499
20195,0.7652951242914275
20196,0.8504295636838304
20197,1
20198,0.9352501294874744
20199,1
20200,1
20201,0.8581311004700226
20202,0.9510651928727897
20203,0.9568601265276199
20204,0.9367537762839373
20205,1
20206,1
20207,1
20208,1
20209,1
20210,1
20211,0.9131024994045092
20212,0.8554155411673671
20213,1
20214,1
20215,1
20216,0.6103995215207348
20217,1
20218,1
20219,0.9676523251498593
20220,0.7981273064212808
20221,1
20222,0.8527992858015914
20223,0.9424713473879602
20224,0.9924049721376991
20225,0.9670892170756897
20226,1
20227,1
20228,1
20229,1
20230,0.9101236725378196
20231,0.9900744607435069
20232,0.9968430762781008
20233,0.8402703322502828
20234,1
20235,1
20236,1
20237,0.9851578980626085
20238,1
20239,1
20240,0.7301558643616166
20241,1
20242,0.9740504365406069
20243,0.9968430762781008
20244,1
20245,1
20246,1
20247,1
20248,0.26918957863715537
20249,1
20250,0.9851578980626085
20251,1
20252,1
20253,1
20254,1
20255,1
20256,1
20257,0.9601187717552973
20258,1
20259,1
20260,0.9164134822105101
20261,0.8452042579392905
20262,0.9825559015549896
20263,0.9924049721376991
20264,0.5019080756187181
20265,1
20266,0.40962868676094516
20267,1
20268,0.9989614609837535
20269,0.9225666260562072
20270,1
20271,0.8758105888378835
20272,1
20273,0.9002571508472601
20274,1
20275,1
20276,0.7008064475582944
20277,0.9900744607435069
20278,0.8543938523972258
20279,1
20280,1
20281,0.9300683207496482
20282,1
20283,0.9367537762839373
20284,0.9770147563321826
20285,1
20286,1
20287,1
20288,0.6797506898958204
20289,1
20290,1
20291,0.915043855920416
20292,1
20293,1
20294,1
20295,0.9310122845740049
20296,0.8356691254607166
20297,1
20298,0.9788068311791907
20299,0.9851578980626085
20300,1
20301,0.891276332609921
20302,0.9989614609837535
20303,1
20304,0.924648894940108
20305,1
20306,0.8676675452141867
20307,1
20308,1
20309,1
20310,1
20311,1
20312,1
20313,1
20314,1
20315,1
20316,1
20317,1
20318,1
20319,0.8816966216966076
20320,0.5790976232513759
20321,0.4207464235873262
20322,0.838946951012796
20323,1
20324,1
20325,0.9475888878684422
20326,0.7786804789122529
20327,1
20328,0.9367537762839373
20329,0.9475888878684422
20330,1
20331,0.9225666260562072
20332,0.7619624467828419
20333,1
20334,1
20335,0.9475888878684422
20336,0.979845370195437
20337,0.7801777810975071
20338,1
20339,1
20340,0.9424713473879602
20341,0.8758105888378835
20342,0.8606913872729514
20343,0.9924049721376991
20344,1
20345,1
20346,0.6227856919380776
20347,1
20348,0.9676523251498593
20349,0.9664554086783061
20350,1
20351,1
20352,1
20353,1
20354,1
20355,0.9002571508472601
20356,1
20357,1
20358,0.8201283507066479
20359,0.9676523251498593
20360,0.9968430762781008
20361,1
20362,0.9841193590463618
20363,1
20364,1
20365,1
20366,0.8758105888378835
20367,1
20368,0.9440202713865962
20369,0.952238581019351
20370,1
20371,0.9131024994045092
20372,0.9302326597453842
20373,0.9676523251498593
20374,0.9225666260562072
20375,1
20376,1
20377,1
20378,1
20379,0.8225413915840324
20380,1
20381,1
20382,1
20383,1
20384,0.952238581019351
20385,0.9505484544924561
20386,0.9225666260562072
20387,1
20388,1
20389,0.9825559015549896
20390,1
20391,0.9270757360234848
20392,1
20393,1
20394,0.781301017272274
20395,1
20396,1
20397,0.5809649968524019
20398,0.9475888878684422
20399,1
20400,0.952238581019351
20401,0.747684142572181
20402,1
20403,0.8429452345136842
20404,1
20405,1
20406,0.7003507387814191
20407,1
20408,1
20409,0.9968430762781008
20410,1
20411,0.7967402660952321
20412,1
20413,1
20414,1
20415,1
20416,0.9159768453082691
20417,0.9222885154636753
20418,0.952238581019351
20419,1
20420,1
20421,0.7267671619193559
20422,0.6891702390896527
20423,1
20424,0.9475888878684422
20425,0.47872330117518136
20426,1
20427,1
20428,1
20429,1
20430,0.9475888878684422
20431,0.9367537762839373
20432,1
20433,1
20434,0.9676523251498593
20435,1
20436,1
20437,1
20438,1
20439,1
20440,0.964174901191159
20441,0.9002571508472601
20442,0.8123211112355226
20443,1
20444,1
20445,1
20446,0.9169856474673964
20447,0.9325583135457913
20448,0.8079816749660758
20449,1
20450,0.8399854900290427
20451,0.8659478970130747
20452,0.952238581019351
20453,1
20454,1
20455,0.9989614609837535
20456,0.9825559015549896
20457,1
20458,1
20459,0.9851578980626085
20460,1
20461,1
20462,0.8356691254607166
20463,0.9770147563321826
20464,1
20465,1
20466,0.9876612416190321
20467,0.6833206491789358
20468,1
20469,1
20470,0.7099918280435451
20471,1
20472,0.9900744607435069
20473,1
20474,1
20475,1
20476,1
20477,1
20478,0.6924379300264238
20479,1
20480,1
20481,1
20482,1
20483,0.9225666260562072
20484,0.9225666260562072
20485,0.9825559015549896
20486,0.9946592700131068
20487,1
20488,1
20489,0.960473993748949
20490,1
20491,0.9131024994045092
20492,0.9502082267048491
20493,0.861371829538673
20494,1
20495,1
20496,1
20497,1
20498,1
20499,0.9900744607435069
20500,0.9968430762781008
20501,0.9631363621749126
20502,0.2741091217441696
20503,1
20504,1
20505,0.7468244840071132
20506,0.8632373843695939
20507,0.9225666260562072
20508,1
20509,1
20510,1
20511,0.9924049721376991
20512,0.9924049721376991
20513,0.8650379734441676
20514,0.7887126964467981
20515,0.9302326597453842
20516,1
20517,0.9002571508472601
20518,1
20519,1
20520,0.9566063380955967
20521,1
20522,1
20523,1
20524,0.8673129351290911
20525,1
20526,1
20527,1
20528,1
20529,1
20530,0.9367537762839373
20531,0.9989614609837535
20532,1
20533,0.9075768465912368
20534,1
20535,1
20536,0.9403193639443862
20537,1
20538,1
20539,1
20540,0.7822592316361698
20541,1
20542,0.898396797075383
20543,1
20544,1
20545,1
20546,1
20547,1
20548,0.9131024994045092
20549,0.9968430762781008
20550,1
20551,0.2906278264047498
20552,1
20553,1
20554,1
20555,0.895626808057481
20556,0.9541166502973382
20557,1
20558,1
20559,1
20560,1
20561,0.949265098665319
20562,0.9900744607435069
20563,0.9120639603882625
20564,1
20565,0.9453880275123984
20566,1
20567,0.4156108837578656
20568,0.9676523251498593
20569,1
20570,1
20571,0.979845370195437
20572,0.9367537762839373
20573,0.8016869250824122
20574,0.9002571508472601
20575,1
20576,1
20577,1
20578,1
20579,0.9002571508472601
20580,1
20581,0.9698976252633799
20582,0.9446435531570502
20583,1
20584,0.7760677396851436
20585,1
20586,0.9511709237315541
20587,1
20588,1
20589,0.6905225102553156
20590,1
20591,1
20592,0.8297016458838836
20593,1
20594,0.8790782797746545
20595,1
20596,1
20597,1
20598,0.964174901191159
20599,1
20600,0.9740504365406069
20601,1
20602,1
20603,1
20604,0.8263915752028689
20605,1
20606,1
20607,0.922001357152416
20608,1
20609,1
20610,1
20611,1
20612,0.7847465228254485
20613,0.891467455316134
20614,0.8399854900290427
20615,1
20616,1
20617,1
20618,1
20619,1
20620,0.9565116537184474
20621,0.8758105888378835
20622,0.48894181961269545
20623,0.774070986305001
20624,0.8758105888378835
20625,0.9709361642796265
20626,1
20627,0.9900744607435069
20628,1
20629,0.931413046297044
20630,0.4197580247072754
20631,1
20632,0.9676523251498593
20633,1
20634,1
20635,0.9367537762839373
20636,1
20637,0.9637614054970985
20638,0.1478345244404042
20639,0.8292128746353264
20640,1
20641,0.9825559015549896
20642,0.9825559015549896
20643,1
20644,1
20645,0.6150601322051663
20646,1
20647,1
20648,0.9352501294874744
20649,1
20650,0.9131024994045092
20651,1
20652,1
20653,1
20654,0.8929478695999464
20655,1
20656,0.6354710179633959
20657,1
20658,1
20659,1
20660,0.9424713473879602
20661,1
20662,1
20663,0.7409344771356887
20664,1
20665,1
20666,1
20667,0.9489193035597069
20668,1
20669,0.905122527611197
20670,0.9851578980626085
20671,1
20672,0.9770147563321826
20673,1
20674,1
20675,0.850074811180474
20676,1
20677,0.8548052610949753
20678,1
20679,0.9565116537184474
20680,1
20681,1
20682,1
20683,0.9565116537184474
20684,0.647739564912986
20685,1
20686,0.927205078144574
20687,0.9815173625387432
20688,0.9424713473879602
20689,1
20690,1
20691,1
20692,1
20693,1
20694,1
20695,1
20696,0.43091829232750273
20697,0.9968430762781008
20698,1
20699,0.7831145719991829
20700,1
20701,1
20702,0.9815173625387432
20703,0.9825559015549896
20704,1
20705,0.8135557543021374
20706,1
20707,1
20708,0.781418298400756
20709,1
20710,1
20711,0.7786804789122529
20712,1
20713,0.9770147563321826
20714,0.9475888878684422
20715,1
20716,0.7981256539644328
20717,1
20718,0.6546482483180747
20719,1
20720,0.9367537762839373
20721,0.9022114178013496
20722,1
20723,0.6496377884438069
20724,0.574301770037044
20725,1
20726,0.9225666260562072
20727,1
20728,0.7398465677894628
20729,0.9876612416190321
20730,0.7008064475582944
20731,0.43469570294933463
20732,0.8856851857812205
20733,0.9968430762781008
20734,0.6677562888654599
20735,1
20736,0.9434701650104886
20737,1
20738,1
20739,1
20740,0.6215775316024404
20741,0.9676523251498593
20742,0.8758105888378835
20743,0.9968430762781008
20744,0.9676523251498593
20745,1
20746,1
20747,0.9002571508472601
20748,1
20749,0.729226007791984
20750,1
20751,1
20752,1
20753,1
20754,0.9709361642796265
20755,0.9180930527255295
20756,0.9709361642796265
20757,0.9033055354438727
20758,0.7946240029339746
20759,0.8757220175169658
20760,0.9839073184289067
20761,0.9178939013644162
20762,0.7983772148940907
20763,1
20764,0.9565116537184474
20765,1
20766,1
20767,1
20768,1
20769,0.8870049159510519
20770,1
20771,0.960473993748949
20772,1
20773,1
20774,1
20775,1
20776,1
20777,1
20778,1
20779,0.6638149940170507
20780,1
20781,0.9851578980626085
20782,1
20783,0.9565116537184474
20784,1
20785,0.9770147563321826
20786,0.8018285311203786
20787,1
20788,1
20789,1
20790,1
20791,1
20792,0.8867443134638314
20793,1
20794,1
20795,1
20796,0.979845370195437
20797,0.9968430762781008
20798,0.8678418267810195
20799,1
20800,1
20801,1
20802,1
20803,1
20804,1
20805,1
20806,0.7263057493145607
20807,1
20808,0.9946592700131068
20809,1
20810,1
20811,0.38544972590180404
20812,0.960473993748949
20813,0.9002571508472601
20814,0.9851578980626085
20815,0.46718467465128244
20816,1
20817,1
20818,0.9424713473879602
20819,0.9709361642796265
20820,0.9989614609837535
20821,0.8225413915840324
20822,1
20823,1
20824,0.9815768070347143
20825,0.8704698588509905
20826,1
20827,1
20828,1
20829,1
20830,0.9475888878684422
20831,0.8758105888378835
20832,1
20833,1
20834,0.5739215416112607
20835,0.9225666260562072
20836,0.8609684869004919
20837,0.9424713473879602
20838,1
20839,0.9628936004251474
20840,1
20841,1
20842,0.7979915110564277
20843,1
20844,1
20845,0.9676523251498593
20846,1
20847,1
20848,1
20849,1
20850,1
20851,0.932545808131467
20852,0.275401117416931
20853,1
20854,1
20855,1
20856,1
20857,1
20858,1
20859,1
20860,1
20861,0.8211320357864024
20862,1
20863,0.8692242284867473
20864,1
20865,0.12446401795831219
20866,1
20867,1
20868,0.9900744607435069
20869,1
20870,1
20871,0.5832555245489736
20872,1
20873,0.9504808575244802
20874,1
20875,1
20876,0.9876612416190321
20877,1
20878,0.8944075609365433
20879,1
20880,1
20881,0.9655954342927333
20882,1
20883,1
20884,0.9225666260562072
20885,1
20886,0.8778215476138262
20887,1
20888,1
20889,1
20890,1
20891,1
20892,0.9825559015549896
20893,1
20894,0.9709361642796265
20895,0.9076899405635637
20896,0.9770147563321826
20897,0.1478345244404042
20898,0.9968430762781008
20899,1
20900,0.894319690614591
20901,1
20902,1
20903,1
20904,0.6891702390896527
20905,1
20906,0.8867443134638314
20907,0.9709361642796265
20908,0.9424713473879602
20909,1
20910,1
20911,1
20912,0.9112555282240128
20913,0.17531456448319846
20914,1
20915,1
20916,1
20917,1
20918,0.9066462485791192
20919,0.9131024994045092
20920,1
20921,1
20922,1
20923,1
20924,1
20925,0.6362823925527004
20926,0.9206865549096062
20927,1
20928,1
20929,1
20930,1
20931,1
20932,1
20933,1
20934,0.9824794328812061
20935,1
20936,1
20937,0.9538958067360441
20938,1
20939,1
20940,1
20941,1
20942,1
20943,1
20944,1
20945,0.924648894940108
20946,1
20947,1
20948,1
20949,0.9475888878684422
20950,1
20951,1
20952,1
20953,0.4906811054085299
20954,1
20955,1
20956,1
20957,0.7445509347056397
20958,1
20959,1
20960,0.9876612416190321
20961,0.6458177994912093
20962,1
20963,0.937663348611949
20964,0.8556559590333207
20965,1
20966,1
20967,1
20968,0.8869620029887862
20969,1
20970,0.7983772148940907
20971,1
20972,1
20973,1
20974,0.979845370195437
20975,1
20976,1
20977,1
20978,1
20979,0.9424713473879602
20980,0.8043256340866408
20981,1
20982,1
20983,0.9900744607435069
20984,1
20985,0.9989614609837535
20986,1
20987,0.9770147563321826
20988,1
20989,0.9946592700131068
20990,0.979845370195437
20991,0.9900744607435069
20992,0.8031120826922246
20993,0.8758105888378835
20994,1
20995,0.8159939816846391
20996,1
20997,1
20998,1
20999,0.9131024994045092
21000,1
21001,1
21002,0.9367537762839373
21003,1
21004,0.8758105888378835
21005,1
21006,1
21007,1
21008,1
21009,1
21010,1
21011,0.9183711633180615
21012,1
21013,1
21014,1
21015,1
21016,1
21017,1
21018,1
21019,1
21020,0.5919472110489461
21021,1
21022,1
21023,0.9002571508472601
21024,1
21025,1
21026,1
21027,0.9900744607435069
21028,1
21029,1
21030,1
21031,0.8701555139246495
21032,1
21033,0.9798171680757152
21034,0.8827478248327708
21035,0.9892480484157999
21036,0.9002571508472601
21037,0.9740504365406069
21038,1
21039,0.9989614609837535
21040,1
21041,1
21042,0.952238581019351
21043,0.9900744607435069
21044,1
21045,1
21046,1
21047,0.9655954342927333
21048,0.9800662137567313
21049,0.9946592700131068
21050,0.8636042159300029
21051,0.9554404821767595
21052,0.9770147563321826
21053,0.8174073476142516
21054,1
21055,0.33042177942258155
21056,0.9709361642796265
21057,1
21058,0.8381954706243837
21059,0.944667081482042
21060,0.8474585558146983
21061,1
21062,0.8304898105926442
21063,1
21064,1
21065,0.9373964790819593
21066,0.7835351129566991
21067,0.9475888878684422
21068,1
21069,1
21070,1
21071,1
21072,1
21073,0.9924049721376991
21074,0.9825559015549896
21075,0.7878468532804339
21076,1
21077,0.9225666260562072
21078,1
21079,1
21080,0.9553750412366303
21081,0.9989614609837535
21082,0.9225666260562072
21083,1
21084,0.7231206299513329
21085,0.9505484544924561
21086,0.9740504365406069
21087,1
21088,1
21089,0.8298140421337742
21090,1
21091,1
21092,1
21093,0.9847337307566136
21094,1
21095,0.5865955798156085
21096,1
21097,0.9825559015549896
21098,0.8323222425563308
21099,0.9178939013644162
21100,0.7979915110564277
21101,1
21102,1
21103,1
21104,1
21105,1
21106,0.9424713473879602
21107,1
21108,1
21109,0.7979915110564277
21110,0.9851578980626085
21111,0.8199051667406198
21112,1
21113,0.9131024994045092
21114,1
21115,1
21116,1
21117,1
21118,0.9924049721376991
21119,1
21120,1
21121,0.5876267230446393
21122,1
21123,0.8122935578788008
21124,0.9300683207496482
21125,0.9740504365406069
21126,0.6334101006147522
21127,0.9302326597453842
21128,1
21129,1
21130,0.9892480484157999
21131,0.7898335861809971
21132,1
21133,0.8699191653860339
21134,1
21135,1
21136,1
21137,0.9968430762781008
21138,1
21139,0.7678239745986395
21140,0.9302326597453842
21141,0.979845370195437
21142,1
21143,1
21144,0.9225666260562072
21145,1
21146,1
21147,1
21148,0.6689780745021044
21149,0.8758105888378835
21150,0.7468244840071132
21151,1
21152,1
21153,0.952238581019351
21154,1
21155,1
21156,0.7798150589300753
21157,0.960473993748949
21158,0.9946592700131068
21159,0.9403193639443862
21160,1
21161,1
21162,0.9421569653584034
21163,1
21164,0.979845370195437
21165,0.275401117416931
21166,0.9825559015549896
21167,0.8440873589931134
21168,1
21169,1
21170,1
21171,1
21172,1
21173,1
21174,0.8772719071794428
21175,0.979845370195437
21176,1
21177,1
21178,0.8801025210426973
21179,0.6879412143904957
21180,0.9565116537184474
21181,0.9770147563321826
21182,0.9825559015549896
21183,1
21184,1
21185,1
21186,0.8653410804238603
21187,0.39558309155135485
21188,1
21189,1
21190,0.8696761843534302
21191,0.9637614054970985
21192,1
21193,1
21194,1
21195,0.5874743051968969
21196,1
21197,0.9490816572974519
21198,0.9825559015549896
21199,0.979845370195437
21200,0.9876612416190321
21201,0.8498562756884463
21202,1
21203,1
21204,1
21205,0.9014297742351521
21206,1
21207,0.5469308941351461
21208,0.9424713473879602
21209,0.958834171204266
21210,1
21211,0.9713477164866448
21212,0.870727469963105
21213,0.960473993748949
21214,0.9968430762781008
21215,1
21216,1
21217,0.9946592700131068
21218,1
21219,1
21220,1
21221,1
21222,1
21223,1
21224,0.9475888878684422
21225,0.5176127925689767
21226,1
21227,0.964174901191159
21228,1
21229,1
21230,0.9565116537184474
21231,0.964174901191159
21232,1
21233,1
21234,1
21235,1
21236,0.9946592700131068
21237,1
21238,1
21239,1
21240,1
21241,1
21242,1
21243,0.6368549537830729
21244,1
21245,0.5535873070774334
21246,1
21247,0.9226376318830833
21248,1
21249,1
21250,0.4018847339501073
21251,0.8000846197350532
21252,1
21253,1
21254,1
21255,1
21256,0.9752323588061153
21257,0.4237697933136636
21258,1
21259,0.9676523251498593
21260,0.9414328083717136
21261,1
21262,1
21263,1
21264,0.9225666260562072
21265,0.9851578980626085
21266,1
21267,1
21268,1
21269,1
21270,1
21271,1
21272,1
21273,1
21274,1
21275,1
21276,1
21277,1
21278,1
21279,1
21280,1
21281,1
21282,1
21283,1
21284,1
21285,1
21286,0.8278179982073569
21287,0.9900744607435069
21288,1
21289,1
21290,0.8133596502517693
21291,0.9851578980626085
21292,1
21293,1
21294,1
21295,1
21296,0.9946592700131068
21297,0.9946592700131068
21298,0.960473993748949
21299,1
21300,1
21301,1
21302,0.7960854633352574
21303,0.48894181961269545
21304,0.9968430762781008
21305,1
21306,0.952238581019351
21307,0.9989614609837535
21308,0.9676523251498593
21309,0.9577267858933664
21310,0.9002571508472601
21311,1
21312,0.979845370195437
21313,1
21314,0.952238581019351
21315,1
21316,1
21317,0.7979915110564277
21318,1
21319,1
21320,1
21321,1
21322,1
21323,0.7983772148940907
21324,0.6750707717767446
21325,1
21326,0.9502082267048491
21327,0.9373964790819593
21328,1
21329,1
21330,1
21331,0.9302326597453842
21332,0.8536727480080925
21333,1
21334,1
21335,1
21336,0.6103995215207348
21337,0.9002571508472601
21338,1
21339,0.960473993748949
21340,1
21341,1
21342,1
21343,1
21344,0.9823205116321391
21345,0.8524138566936132
21346,1
21347,1
21348,1
21349,1
21350,0.9989614609837535
21351,1
21352,1
21353,1
21354,1
21355,0.7800936851238744
21356,1
21357,1
21358,0.9946592700131068
21359,0.9465503488521956
21360,0.9989614609837535
21361,1
21362,0.955133263762056
21363,1
21364,0.7988888331118752
21365,1
21366,1
21367,0.9766884464735379
21368,1
21369,0.8427284982352203
21370,0.8955879474882031
21371,1
21372,1
21373,1
21374,1
21375,0.9072047964950979
21376,1
21377,0.9851578980626085
21378,0.7997232346983515
21379,0.9770147563321826
21380,0.38544972590180404
21381,0.964174901191159
21382,0.9631363621749126
21383,0.8961892310166398
21384,0.6162602932902169
21385,0.9475888878684422
21386,0.9565116537184474
21387,1
21388,1
21389,1
21390,0.8573436143523997
21391,1
21392,1
21393,1
21394,1
21395,1
21396,1
21397,1
21398,1
21399,1
21400,0.8271760442837066
21401,1
21402,0.8593204023401445
21403,0.5268707041992922
21404,0.4785260385559045
21405,1
21406,1
21407,1
21408,1
21409,1
21410,1
21411,0.952238581019351
21412,0.8091820118692014
21413,1
21414,1
21415,1
21416,1
21417,1
21418,1
21419,1
21420,1
21421,1
21422,1
21423,0.9946592700131068
21424,0.962172654394791
21425,1
21426,0.8384286239812901
21427,0.9077617694176161
21428,0.9565116537184474
21429,0.8536727480080925
21430,0.46072856505865367
21431,1
21432,1
21433,0.9002571508472601
21434,0.5453840597252579
21435,1
21436,0.9946592700131068
21437,1
21438,1
21439,1
21440,1
21441,1
21442,1
21443,0.7541013365743318
21444,0.5422271360033586
21445,1
21446,1
21447,0.9610106250231334
21448,1
21449,1
21450,1
21451,1
21452,0.922001357152416
21453,0.9740504365406069
21454,1
21455,0.7269925381007677
21456,1
21457,1
21458,1
21459,1
21460,1
21461,1
21462,0.9573170700270499
21463,1
21464,0.8323222425563308
21465,0.9475888878684422
21466,0.9882095093995533
21467,0.8998274688877933
21468,1
21469,1
21470,0.960473993748949
21471,1
21472,0.9027739438341014
21473,0.9031769601480161
21474,0.9565116537184474
21475,1
21476,1
21477,1
21478,0.9709361642796265
21479,1
21480,1
21481,0.6521264315759671
21482,1
21483,0.5091292789569503
21484,1
21485,1
21486,0.964174901191159
21487,0.9475888878684422
21488,1
21489,0.9946592700131068
21490,0.556156675118974
21491,1
21492,0.9946592700131068
21493,1
21494,0.9300683207496482
21495,1
21496,1
21497,1
21498,0.9577267858933664
21499,1
21500,0.8234980897477686
21501,1
21502,0.8166501243236343
21503,0.8693903114644997
21504,0.9924049721376991
21505,1
21506,1
21507,1
21508,0.9740504365406069
21509,1
21510,1
21511,1
21512,1
21513,1
21514,0.9851578980626085
21515,0.9435758958692533
21516,1
21517,1
21518,1
21519,0.979845370195437
21520,0.8699191653860339
21521,1
21522,0.40987534658270874
21523,0.7817060762730276
21524,0.9302326597453842
21525,1
21526,1
21527,1
21528,1
21529,1
21530,1
21531,0.9740504365406069
21532,0.7760677396851436
21533,1
21534,1
21535,1
21536,1
21537,0.9198909061692103
21538,0.4844438480770324
21539,1
21540,1
21541,1
21542,0.9374887500811317
21543,0.9367537762839373
21544,1
21545,1
21546,1
21547,1
21548,0.9851578980626085
21549,1
21550,1
21551,1
21552,0.9924049721376991
21553,1
21554,1
21555,0.7983772148940907
21556,1
21557,0.23066528464163705
21558,0.8567688045657073
21559,0.9825559015549896
21560,1
21561,1
21562,0.9318272263410183
21563,1
21564,1
21565,0.8133596502517693
21566,0.9989614609837535
21567,0.8125643651218207
21568,1
21569,1
21570,0.8758105888378835
21571,1
21572,1
21573,1
21574,0.615533050991824
21575,1
21576,1
21577,1
21578,0.9120639603882625
21579,0.8407317448550778
21580,0.7577000964291267
21581,1
21582,0.7674341728065962
21583,0.5653409587633447
21584,1
21585,0.9475888878684422
21586,1
21587,1
21588,1
21589,1
21590,1
21591,1
21592,0.9441728953374794
21593,1
21594,0.924648894940108
21595,0.9989614609837535
21596,1
21597,1
21598,0.9851578980626085
21599,0.9825559015549896
21600,0.9851578980626085
21601,0.9009286774750964
21602,0.910021935256429
21603,0.9968430762781008
21604,0.9424713473879602
21605,0.5804640916207114
21606,1
21607,1
21608,1
21609,1
21610,1
21611,0.275401117416931
21612,1
21613,1
21614,1
21615,1
21616,1
21617,1
21618,0.964174901191159
21619,1
21620,1
21621,0.9131024994045092
21622,1
21623,0.8758105888378835
21624,1
21625,1
21626,0.9676523251498593
21627,0.9946592700131068
21628,0.9709361642796265
21629,1
21630,0.9475888878684422
21631,1
21632,1
21633,1
21634,1
21635,1
21636,0.8297016458838836
21637,1
21638,0.9989614609837535
21639,0.944667081482042
21640,1
21641,1
21642,0.9131024994045092
21643,0.7935041661637716
21644,1
21645,0.9946592700131068
21646,1
21647,0.8758105888378835
21648,1
21649,0.9924049721376991
21650,0.9002571508472601
21651,0.8536727480080925
21652,1
21653,0.9475888878684422
21654,1
21655,1
21656,0.9302326597453842
21657,0.5936338977276683
21658,0.9051410752309912
21659,1
21660,1
21661,1
21662,1
21663,0.9077245241188157
21664,0.9565116537184474
21665,1
21666,0.9123888323817873
21667,0.9156032457616685
21668,1
21669,0.7586236412401334
21670,0.9417027616904663
21671,0.9475591698130352
21672,1
21673,0.9924049721376991
21674,0.7770365497680803
21675,0.8827365837284661
21676,1
21677,0.9241639788683065
21678,1
21679,0.7273742580832206
21680,1
21681,1
21682,1
21683,1
21684,1
21685,1
21686,0.8645745353358385
21687,0.7324721248848217
21688,1
21689,1
21690,1
21691,1
21692,1
21693,1
21694,1
21695,1
21696,0.9851578980626085
21697,1
21698,1
21699,1
21700,1
21701,0.9002571508472601
21702,1
21703,0.9086068653377019
21704,0.9709361642796265
21705,0.9876612416190321
21706,1
21707,1
21708,0.7629635247829994
21709,0.9215481318859035
21710,1
21711,1
21712,0.9740504365406069
21713,1
21714,0.9565116537184474
21715,0.8527992858015914
21716,1
21717,1
21718,1
21719,1
21720,0.9553750412366303
21721,0.9824794328812061
21722,0.8513223437200496
21723,1
21724,1
21725,0.8801220096423087
21726,0.9131024994045092
21727,1
21728,0.9633411364173258
21729,1
21730,0.9595706578871724
21731,1
21732,1
21733,0.9633411364173258
21734,0.8737666680593117
21735,1
21736,1
21737,1
21738,1
21739,0.9793989778330905
21740,1
21741,0.8228947827303433
21742,1
21743,0.8304898105926442
21744,0.8304898105926442
21745,1
21746,1
21747,0.9876612416190321
21748,1
21749,0.9900744607435069
21750,0.8548870838516417
21751,0.9989614609837535
21752,1
21753,1
21754,0.9676523251498593
21755,0.9373964790819593
21756,1
21757,0.34460487704408893
21758,1
21759,0.8758105888378835
21760,0.9002571508472601
21761,0.8085386521528083
21762,1
21763,1
21764,1
21765,0.4279085615517507
21766,1
21767,1
21768,0.9302326597453842
21769,0.9548062438881261
21770,0.9612730561467197
21771,1
21772,0.9989614609837535
21773,0.5014660314842384
21774,1
21775,0.964675997951215
21776,0.952238581019351
21777,1
21778,0.9131024994045092
21779,0.8356691254607166
21780,0.9946592700131068
21781,1
21782,0.9968430762781008
21783,1
21784,0.9553750412366303
21785,1
21786,1
21787,1
21788,1
21789,1
21790,1
21791,1
21792,1
21793,0.9475888878684422
21794,0.275401117416931
21795,0.9637614054970985
21796,1
21797,1
21798,1
21799,1
21800,1
21801,1
21802,0.7760677396851436
21803,1
21804,1
21805,0.8677214098265158
21806,1
21807,0.8758105888378835
21808,0.8089777923170136
21809,1
21810,0.8902189512060666
21811,1
21812,0.960473993748949
21813,1
21814,1
21815,0.960473993748949
21816,0.9131024994045092
21817,1
21818,0.7263057493145607
21819,1
21820,0.8955879474882031
21821,0.9946592700131068
21822,1
21823,0.944667081482042
21824,1
21825,1
21826,1
21827,1
21828,1
21829,1
21830,1
21831,0.7607959557882851
21832,0.9424713473879602
21833,0.8370109271311973
21834,0.9424713473879602
21835,0.901889135215514
21836,1
21837,1
21838,1
21839,1
21840,1
21841,0.9958045372618541
21842,1
21843,0.6637462086007039
21844,1
21845,1
21846,1
21847,0.987064242150806
21848,1
21849,1
21850,0.9709361642796265
21851,1
21852,0.924648894940108
21853,1
21854,1
21855,0.7129349554230175
21856,0.960473993748949
21857,1
21858,1
21859,0.9423130417628578
21860,1
21861,1
21862,1
21863,1
21864,1
21865,0.9002571508472601
21866,1
21867,1
21868,1
21869,1
21870,1
21871,1
21872,0.9565116537184474
21873,0.9126410867997141
21874,0.8225413915840324
21875,0.8807151680372506
21876,1
21877,1
21878,1
21879,0.9851578980626085
21880,0.9301325890069925
21881,1
21882,0.8758105888378835
21883,1
21884,0.9446435531570502
21885,1
21886,0.9151017096864568
21887,1
21888,0.47872330117518136
21889,0.9502006043257185
21890,1
21891,1
21892,1
21893,0.9989614609837535
21894,1
21895,1
21896,0.952238581019351
21897,0.9120639603882625
21898,1
21899,0.9368072182288353
21900,0.9770147563321826
21901,0.8536727480080925
21902,0.21526087821524637
21903,0.9489086319477728
21904,0.8396116725722155
21905,0.6003796061077367
21906,1
21907,0.9131024994045092
21908,0.5552114508571884
21909,1
21910,0.9022259483644541
21911,1
21912,1
21913,0.9178939013644162
21914,0.8668863652909297
21915,0.962172654394791
21916,1
21917,0.9728191396816405
21918,1
21919,1
21920,1
21921,0.9002571508472601
21922,1
21923,0.8166501243236343
21924,0.882471240764735
21925,1
21926,1
21927,1
21928,0.9090851335215729
21929,1
21930,1
21931,1
21932,0.9900744607435069
21933,0.8354872873875746
21934,0.9709361642796265
21935,0.9475888878684422
21936,0.9367537762839373
21937,1
21938,0.9475888878684422
21939,0.8828130524022498
21940,0.9327467859310505
21941,1
21942,1
21943,0.9399938600061414
21944,1
21945,1
21946,1
21947,0.9924049721376991
21948,1
21949,0.9968430762781008
21950,0.5422271360033586
21951,1
21952,0.9424713473879602
21953,0.8955879474882031
21954,1
21955,0.8121964415391332
21956,1
21957,0.9968430762781008
21958,1
21959,1
21960,1
21961,0.9281263188988084
21962,1
21963,0.9740504365406069
21964,0.8998274688877933
21965,1
21966,1
21967,1
21968,1
21969,0.9876612416190321
21970,1
21971,0.9347944825743407
21972,0.8915194059474907
21973,1
21974,1
21975,1
21976,0.964174901191159
21977,0.8790668180467952
21978,0.9924049721376991
21979,1
21980,1
21981,0.2426719729727812
21982,0.6891702390896527
21983,1
21984,0.9900744607435069
21985,0.8486357886942472
21986,1
21987,1
21988,0.9178939013644162
21989,0.9504808575244802
21990,0.8567688045657073
21991,0.9248919297584909
21992,0.88118574043048
21993,1
21994,1
21995,0.9876612416190321
21996,0.8926621229849593
21997,0.7856512508029162
21998,0.8679094759971194
21999,0.9106116088942207
22000,1
22001,0.8166706330577702
22002,0.730935528439882
22003,1
22004,1
22005,0.8632373843695939
22006,1
22007,0.9528102232124677
22008,1
22009,0.9958045372618541
22010,1
22011,1
22012,0.9565116537184474
22013,1
22014,1
22015,1
22016,1
22017,1
22018,0.9098067930027165
22019,0.9565116537184474
22020,1
22021,1
22022,1
22023,1
22024,1
22025,0.9924049721376991
22026,1
22027,1
22028,1
22029,0.9641248972841138
22030,1
22031,0.9101236725378196
22032,0.730935528439882
22033,1
22034,1
22035,1
22036,0.9475888878684422
22037,1
22038,1
22039,0.9900744607435069
22040,1
22041,1
22042,1
22043,1
22044,0.9215990928668367
22045,0.9595706578871724
22046,0.9131024994045092
22047,0.9759762173159362
22048,1
22049,0.964174901191159
22050,0.7336165232019086
22051,1
22052,0.9989614609837535
22053,1
22054,0.964174901191159
22055,1
22056,1
22057,1
22058,1
22059,0.9194097023343079
22060,0.8758105888378835
22061,1
22062,0.9946592700131068
22063,1
22064,0.8399854900290427
22065,0.5092378707794198
22066,1
22067,0.7815895991035492
22068,1
22069,1
22070,0.882471240764735
22071,1
22072,1
22073,1
22074,0.964174901191159
22075,1
22076,1
22077,1
22078,0.9900744607435069
22079,0.14402390492519107
22080,1
22081,1
22082,1
22083,1
22084,0.9989614609837535
22085,0.5252451086017895
22086,0.952238581019351
22087,0.7129253892077942
22088,0.9225666260562072
22089,1
22090,1
22091,1
22092,1
22093,0.8424575322254177
22094,0.9869175370216076
22095,0.9002571508472601
22096,1
22097,1
22098,0.9124227937147774
22099,0.9391357748838479
22100,1
22101,1
22102,0.9490816572974519
22103,1
22104,1
22105,1
22106,0.9225666260562072
22107,0.9475888878684422
22108,0.9825559015549896
22109,1
22110,1
22111,1
22112,0.9825559015549896
22113,0.964174901191159
22114,1
22115,1
22116,1
22117,1
22118,1
22119,1
22120,0.9225666260562072
22121,1
22122,1
22123,1
22124,0.9505484544924561
22125,0.275401117416931
22126,1
22127,1
22128,1
22129,1
22130,1
22131,0.960473993748949
22132,0.952238581019351
22133,0.9225666260562072
22134,1
22135,1
22136,0.9475888878684422
22137,1
22138,1
22139,0.5774276113116747
22140,1
22141,1
22142,1
22143,1
22144,0.949265098665319
22145,1
22146,1
22147,1
22148,1
22149,0.7834843812084511
22150,1
22151,1
22152,0.9565116537184474
22153,1
22154,1
22155,1
22156,1
22157,0.9225666260562072
22158,1
22159,1
22160,1
22161,1
22162,1
22163,1
22164,0.9565116537184474
22165,0.9367537762839373
22166,1
22167,1
22168,0.9851578980626085
22169,1
22170,0.9825559015549896
22171,1
22172,1
22173,1
22174,0.8696141531229564
22175,0.5874743051968969
22176,0.9198909061692103
22177,1
22178,1
22179,1
22180,1
22181,1
22182,1
22183,0.9302326597453842
22184,1
22185,1
22186,1
22187,0.9740504365406069
22188,1
22189,1
22190,0.9708935128187075
22191,0.9596625382711524
22192,0.9424713473879602
22193,1
22194,1
22195,1
22196,1
22197,1
22198,1
22199,0.8998274688877933
22200,1
22201,1
22202,1
22203,1
22204,0.8849804608263746
22205,1
22206,1
22207,0.8797781469528275
22208,0.9900744607435069
22209,0.9876612416190321
22210,0.8467467531175099
22211,0.9770147563321826
22212,0.8452042579392905
22213,1
22214,0.9303636299133442
22215,1
22216,1
22217,1
22218,0.9447285559497808
22219,1
22220,1
22221,0.9225666260562072
22222,1
22223,0.9031769601480161
22224,1
22225,0.9327467859310505
22226,1
22227,1
22228,1
22229,0.9989614609837535
22230,0.9241639788683065
22231,1
22232,0.9825559015549896
22233,0.9131024994045092
22234,0.9924049721376991
22235,0.8726536651159842
22236,1
22237,0.7399522217467074
22238,1
22239,0.9475888878684422
22240,0.9968430762781008
22241,1
22242,0.9740504365406069
22243,0.8299730462466616
22244,1
22245,1
22246,1
22247,0.8758105888378835
22248,1
22249,1
22250,1
22251,0.9507815344750637
22252,1
22253,0.9131024994045092
22254,1
22255,0.8132088294715751
22256,0.40987534658270874
22257,1
22258,1
22259,1
22260,1
22261,0.7501181762257504
22262,0.9968430762781008
22263,1
22264,0.9093809597342034
22265,1
22266,1
22267,1
22268,0.9367537762839373
22269,1
22270,1
22271,0.8581753049907381
22272,1
22273,1
22274,0.9467308027461487
22275,0.9510651928727897
22276,0.9851578980626085
22277,1
22278,0.8727040071333443
22279,0.7152047505946599
22280,1
22281,1
22282,1
22283,1
22284,1
22285,1
22286,1
22287,0.9924049721376991
22288,0.9178939013644162
22289,0.33506242378142176
22290,1
22291,0.9989614609837535
22292,1
22293,1
22294,1
22295,1
22296,1
22297,0.6780457817008168
22298,1
22299,1
22300,1
22301,0.9565116537184474
22302,0.954249361934666
22303,0.9825559015549896
22304,1
22305,0.629870482259983
22306,1
22307,0.9143295894099226
22308,1
22309,0.9300683207496482
22310,1
22311,1
22312,0.8857029882311197
22313,1
22314,1
22315,0.8662743961128445
22316,1
22317,1
22318,0.8424575322254177
22319,0.8869620029887862
22320,1
22321,1
22322,1
22323,1
22324,0.9131024994045092
22325,1
22326,0.9851578980626085
22327,0.6607856205535565
22328,1
22329,1
22330,1
22331,0.9053145548074556
22332,0.9475888878684422
22333,0.8395389220625701
22334,1
22335,0.9565116537184474
22336,1
22337,0.9851578980626085
22338,0.9989614609837535
22339,0.9225666260562072
22340,1
22341,1
22342,1
22343,1
22344,1
22345,0.964174901191159
22346,0.9825559015549896
22347,0.9474976953452965
22348,0.9825559015549896
22349,1
22350,1
22351,0.9740504365406069
22352,1
22353,1
22354,0.8758105888378835
22355,1
22356,0.9876612416190321
22357,1
22358,0.9594354547327026
22359,0.9565116537184474
22360,0.9424713473879602
22361,0.9102278676752396
22362,0.9900744607435069
22363,1
22364,1
22365,0.9900744607435069
22366,1
22367,0.952238581019351
22368,0.7031919802664371
22369,0.9968430762781008
22370,0.9989614609837535
22371,0.6670806593172299
22372,0.7554969878553083
22373,1
22374,1
22375,1
22376,0.6058817818189177
22377,1
22378,1
22379,0.9318272263410183
22380,1
22381,0.8530963594106505
22382,0.5481767033256619
22383,0.9628936004251474
22384,0.9077617694176161
22385,1
22386,1
22387,0.8853528417376456
22388,0.9900744607435069
22389,1
22390,1
22391,0.9512000420031044
22392,1
22393,1
22394,0.7825888536547584
22395,0.9274478179980737
22396,1
22397,0.8640649230227178
22398,1
22399,1
22400,1
22401,1
22402,0.9900744607435069
22403,1
22404,1
22405,0.9424713473879602
22406,1
22407,1
22408,0.9565116537184474
22409,0.9851578980626085
22410,1
22411,0.9131024994045092
22412,1
22413,0.9302326597453842
22414,1
22415,1
22416,1
22417,0.8982603974671176
22418,1
22419,1
22420,0.9851578980626085
22421,0.10993976474359775
22422,1
22423,0.9637614054970985
22424,1
22425,0.98286877941266
22426,1
22427,0.9709361642796265
22428,0.9924049721376991
22429,1
22430,1
22431,0.9924049721376991
22432,1
22433,1
22434,0.7726815442118451
22435,0.5552114508571884
22436,0.9566063380955967
22437,0.9989614609837535
22438,1
22439,0.9131024994045092
22440,1
22441,1
22442,1
22443,1
22444,1
22445,0.8628859900005935
22446,1
22447,0.6252777636687803
22448,0.9968430762781008
22449,0.8955879474882031
22450,0.9924049721376991
22451,1
22452,1
22453,0.5843818398381908
22454,1
22455,1
22456,1
22457,1
22458,0.9013373414136462
22459,1
22460,0.9825559015549896
22461,1
22462,0.9302326597453842
22463,0.9709361642796265
22464,0.9770147563321826
22465,1
22466,0.702597904909761
22467,0.9709361642796265
22468,1
22469,1
22470,1
22471,1
22472,0.6520649513707651
22473,1
22474,1
22475,0.9131024994045092
22476,0.8840386636841356
22477,0.8778215476138262
22478,1
22479,0.9424713473879602
22480,1
22481,1
22482,1
22483,1
22484,0.9424713473879602
22485,1
22486,0.9740504365406069
22487,1
22488,0.5934800256960293
22489,0.7791781512554335
22490,1
22491,1
22492,0.9170538670778072
22493,1
22494,1
22495,0.8376536299292195
22496,1
22497,0.7383290454286784
22498,1
22499,0.9738578326102835
22500,1
22501,0.9002571508472601
22502,1
22503,1
22504,1
22505,1
22506,1
22507,0.9467308027461487
22508,1
22509,1
22510,0.9709361642796265
22511,1
22512,0.791277070171216
22513,0.9924049721376991
22514,1
22515,1
22516,1
22517,0.9851578980626085
22518,1
22519,0.9775628702003074
22520,0.78418066415297
22521,1
22522,0.9825559015549896
22523,0.9475888878684422
22524,1
22525,0.9585974058986586
22526,0.9825559015549896
22527,0.9568601265276199
22528,0.9915023462912075
22529,1
22530,1
22531,0.9044844249354965
22532,0.9824794328812061
22533,1
22534,0.9320839512147882
22535,1
22536,0.9131024994045092
22537,1
22538,1
22539,0.9367537762839373
22540,1
22541,0.8758105888378835
22542,1
22543,1
22544,1
22545,1
22546,0.1478345244404042
22547,0.9475888878684422
22548,0.8879218117470229
22549,0.9373915729579325
22550,0.9196196674281288
22551,1
22552,1
22553,1
22554,1
22555,0.8138161420664602
22556,1
22557,1
22558,0.9845043178971328
22559,1
22560,1
22561,1
22562,0.960473993748949
22563,0.6421456291440939
22564,0.9900744607435069
22565,1
22566,1
22567,1
22568,1
22569,1
22570,1
22571,1
22572,0.952238581019351
22573,0.6780457817008168
22574,0.8696141531229564
22575,1
22576,0.8696141531229564
22577,0.9002571508472601
22578,1
22579,1
22580,0.8731150805486632
22581,1
22582,1
22583,0.9946592700131068
22584,1
22585,0.7817060762730276
22586,1
22587,0.9367537762839373
22588,1
22589,1
22590,0.9475888878684422
22591,0.741658414781875
22592,1
22593,1
22594,0.8798874929141096
22595,1
22596,0.9320508429710392
22597,0.9900744607435069
22598,1
22599,0.964174901191159
22600,1
22601,1
22602,1
22603,0.9989614609837535
22604,0.8181236306007414
22605,0.9698976252633799
22606,1
22607,1
22608,0.9465503488521956
22609,1
22610,1
22611,1
22612,1
22613,0.9851578980626085
22614,0.5832555245489736
22615,0.5862214190765876
22616,1
22617,0.8036360514400813
22618,1
22619,1
22620,1
22621,1
22622,1
22623,1
22624,0.964174901191159
22625,1
22626,1
22627,0.9198909061692103
22628,1
22629,1
22630,0.8758105888378835
22631,1
22632,1
22633,0.9770147563321826
22634,0.979845370195437
22635,1
22636,0.9876612416190321
22637,0.9424713473879602
22638,1
22639,0.964174901191159
22640,0.5268707041992922
22641,1
22642,1
22643,0.8498610253784903
22644,0.9046048456957169
22645,1
22646,0.9475888878684422
22647,1
22648,1
22649,1
22650,1
22651,1
22652,1
22653,1
22654,1
22655,1
22656,0.6144591078728968
22657,1
22658,1
22659,1
22660,1
22661,1
22662,0.9225666260562072
22663,0.7786804789122529
22664,1
22665,0.6542139681225959
22666,1
22667,1
22668,1
22669,0.9676523251498593
22670,1
22671,1
22672,1
22673,1
22674,1
22675,1
22676,0.944667081482042
22677,1
22678,1
22679,0.9241639788683065
22680,1
22681,0.9225666260562072
22682,1
22683,1
22684,1
22685,0.8834995194199798
22686,0.8955879474882031
22687,1
22688,0.9628936004251474
22689,0.9793989778330905
22690,0.9148788251779304
22691,1
22692,0.9777357023625389
22693,1
22694,1
22695,1
22696,0.9225666260562072
22697,0.9270772697016418
22698,0.7163819392500455
22699,1
22700,1
22701,0.9968430762781008
22702,1
22703,1
22704,0.9759762173159362
22705,0.9825559015549896
22706,0.8650379734441676
22707,0.9851578980626085
22708,1
22709,0.8721114575101863
22710,0.47012996583884614
22711,1
22712,0.9573170700270499
22713,0.9002571508472601
22714,0.9968430762781008
22715,1
22716,0.8304898105926442
22717,1
22718,0.9676523251498593
22719,0.3876021803368593
22720,0.9968430762781008
22721,1
22722,1
22723,1
22724,0.9709361642796265
22725,0.7607959557882851
22726,0.9302326597453842
22727,1
22728,0.9475888878684422
22729,0.9367537762839373
22730,0.9016836126142515
22731,1
22732,1
22733,0.979845370195437
22734,0.9770147563321826
22735,1
22736,0.8019255052223156
22737,1
22738,1
22739,1
22740,0.9900744607435069
22741,0.9968430762781008
22742,1
22743,0.9876612416190321
22744,0.6833206491789358
22745,0.9496451186306792
22746,1
22747,1
22748,0.9424713473879602
22749,0.8677214098265158
22750,1
22751,1
22752,1
22753,0.952238581019351
22754,1
22755,0.9825559015549896
22756,0.9989614609837535
22757,0.9924049721376991
22758,0.894916420860367
22759,1
22760,0.9565116537184474
22761,1
22762,1
22763,1
22764,1
22765,0.48894181961269545
22766,0.9475888878684422
22767,1
22768,0.895658400959499
22769,0.9946592700131068
22770,1
22771,1
22772,0.8094074413999214
22773,1
22774,0.9815173625387432
22775,1
22776,1
22777,1
22778,1
22779,0.9798171680757152
22780,1
22781,1
22782,1
22783,1
22784,1
22785,1
22786,1
22787,1
22788,1
22789,0.960473993748949
22790,1
22791,0.9225666260562072
22792,0.9900744607435069
22793,0.9131024994045092
22794,1
22795,0.9825559015549896
22796,0.92997428338189
22797,0.9851578980626085
22798,1
22799,1
22800,0.6483044964094132
22801,1
22802,1
22803,0.8900602352564023
22804,1
22805,0.9565116537184474
22806,0.9770147563321826
22807,0.9414328083717136
22808,0.9178939013644162
22809,0.964174901191159
22810,0.8992186118310135
22811,1
22812,1
22813,0.9127885613003739
22814,1
22815,1
22816,1
22817,1
22818,1
22819,0.9376990714966712
22820,0.979845370195437
22821,1
22822,1
22823,0.9709361642796265
22824,0.9475888878684422
22825,0.6542139681225959
22826,1
22827,0.9131024994045092
22828,0.76911730677996
22829,0.9319541417488862
22830,1
22831,1
22832,0.8696141531229564
22833,1
22834,0.8802951731148432
22835,1
22836,1
22837,1
22838,1
22839,1
22840,0.8696141531229564
22841,1
22842,1
22843,1
22844,1
22845,1
22846,1
22847,1
22848,0.8905191379073103
22849,1
22850,0.9825559015549896
22851,0.952238581019351
22852,1
22853,1
22854,0.9749608736926888
22855,0.9002571508472601
22856,0.9320839512147882
22857,1
22858,1
22859,1
22860,0.9073435699711965
22861,0.4207464235873262
22862,1
22863,1
22864,1
22865,1
22866,1
22867,1
22868,1
22869,1
22870,1
22871,1
22872,0.35804276392698076
22873,0.9565116537184474
22874,1
22875,0.8900602352564023
22876,1
22877,0.8758105888378835
22878,0.8168131163551896
22879,1
22880,0.9131024994045092
22881,1
22882,0.9637614054970985
22883,1
22884,1
22885,0.6137441652348707
22886,0.9824794328812061
22887,1
22888,1
22889,0.7158882949272881
22890,1
22891,1
22892,1
22893,1
22894,1
22895,1
22896,0.8181064345364587
22897,1
22898,0.7256728338922941
22899,0.9445213681466521
22900,0.9424713473879602
22901,1
22902,0.9680548795949906
22903,1
22904,1
22905,1
22906,0.5010021958424691
22907,1
22908,1
22909,1
22910,0.952238581019351
22911,1
22912,1
22913,1
22914,1
22915,1
22916,1
22917,1
22918,0.944667081482042
22919,0.9676523251498593
22920,1
22921,1
22922,0.8955879474882031
22923,1
22924,1
22925,1
22926,0.9740504365406069
22927,0.9538958067360441
22928,0.8582589079058008
22929,0.9876612416190321
22930,1
22931,1
22932,0.8926621229849593
22933,0.9475888878684422
22934,1
22935,0.5532820433897044
22936,0.9730118975243602
22937,0.8405774610788167
22938,1
22939,1
22940,1
22941,1
22942,0.9302326597453842
22943,1
22944,1
22945,1
22946,1
22947,1
22948,1
22949,0.9740504365406069
22950,0.9422481578815489
22951,1
22952,0.9528102232124677
22953,0.9968430762781008
22954,0.30156658814891063
22955,1
22956,0.7435923099971533
22957,1
22958,0.9565116537184474
22959,1
22960,1
22961,1
22962,0.23461007433624495
22963,0.8935027903358337
22964,0.8638411288028187
22965,0.4955006714286256
22966,0.924648894940108
22967,0.8182819362258437
22968,0.4237697933136636
22969,0.979845370195437
22970,1
22971,0.9475888878684422
22972,0.92502724894295
22973,0.9565116537184474
22974,1
22975,0.6764068921063947
22976,1
22977,0.9002571508472601
22978,0.7117847265616775
22979,0.9851578980626085
22980,0.6248806134935584
22981,1
22982,0.9131024994045092
22983,0.8748052070755583
22984,1
22985,1
22986,1
22987,1
22988,1
22989,1
22990,1
22991,0.8669864360293214
22992,1
22993,1
22994,1
22995,1
22996,1
22997,1
22998,0.9002571508472601
22999,0.275401117416931
23000,0.9305620902590541
23001,1
23002,0.6329278152107289
23003,1
23004,1
23005,1
23006,0.9740504365406069
23007,1
23008,0.960473993748949
23009,0.964174901191159
23010,1
23011,0.6517044401729414
23012,0.9709361642796265
23013,0.9002571508472601
23014,1
23015,1
23016,1
23017,1
23018,1
23019,1
23020,0.9225666260562072
23021,0.9080628816173912
23022,1
23023,1
23024,0.915043855920416
23025,0.8452042579392905
23026,1
23027,1
23028,0.952238581019351
23029,0.944667081482042
23030,1
23031,0.702898182175619
23032,0.8110607183253579
23033,1
23034,1
23035,1
23036,1
23037,0.8716654681170977
23038,1
23039,1
23040,0.9424392833874364
23041,0.5508138003244023
23042,1
23043,0.9302326597453842
23044,0.9709361642796265
23045,1
23046,0.8399854900290427
23047,1
23048,1
23049,0.8758105888378835
23050,0.747684142572181
23051,1
23052,1
23053,1
23054,1
23055,1
23056,1
23057,1
23058,1
23059,1
23060,1
23061,0.7768010246897592
23062,1
23063,1
23064,0.964174901191159
23065,1
23066,0.2773007293692748
23067,0.8583664903928733
23068,0.930371619012329
23069,0.8536727480080925
23070,0.952238581019351
23071,1
23072,0.960473993748949
23073,1
23074,1
23075,1
23076,1
23077,1
23078,1
23079,0.9474976953452965
23080,1
23081,1
23082,0.952238581019351
23083,0.9876612416190321
23084,1
23085,0.8727040071333443
23086,1
23087,1
23088,1
23089,1
23090,1
23091,1
23092,1
23093,1
23094,0.8758105888378835
23095,0.9662628047479825
23096,0.7979915110564277
23097,1
23098,1
23099,0.979845370195437
23100,1
23101,1
23102,1
23103,0.9002571508472601
23104,1
23105,0.5550483017264031
23106,1
23107,1
23108,1
23109,0.5472681567552908
23110,1
23111,0.6539510616865601
23112,1
23113,1
23114,1
23115,1
23116,1
23117,0.9989614609837535
23118,1
23119,1
23120,1
23121,0.964174901191159
23122,0.4955006714286256
23123,0.6414088201090038
23124,1
23125,0.9504808575244802
23126,1
23127,1
23128,0.9446435531570502
23129,1
23130,1
23131,1
23132,1
23133,1
23134,0.8527114154796392
23135,1
23136,1
23137,0.8650379734441676
23138,1
23139,1
23140,1
23141,0.9924049721376991
23142,1
23143,1
23144,0.9924049721376991
23145,0.869795870679864
23146,1
23147,0.8758105888378835
23148,0.8879538182870418
23149,0.9034819724110935
23150,1
23151,1
23152,1
23153,0.9002571508472601
23154,1
23155,1
23156,0.14402390492519107
23157,0.9851578980626085
23158,1
23159,0.9538958067360441
23160,1
23161,0.9244150179029693
23162,0.9825559015549896
23163,0.7610163342984023
23164,0.9117637890596012
23165,0.916521783928567
23166,1
23167,1
23168,1
23169,0.6190650757240667
23170,1
23171,1
23172,1
23173,0.47872330117518136
23174,1
23175,1
23176,0.9968430762781008
23177,1
23178,1
23179,0.950193232498804
23180,0.6853480586132203
23181,0.9002571508472601
23182,1
23183,1
23184,1
23185,1
23186,1
23187,0.2741091217441696
23188,1
23189,0.3893241126177769
23190,1
23191,1
23192,1
23193,1
23194,0.9565116537184474
23195,1
23196,0.9198994402881572
23197,0.9770147563321826
23198,0.7610163342984023
23199,1
23200,0.9465861144619542
23201,1
23202,1
23203,1
23204,1
23205,1
23206,1
23207,0.7811838224686768
23208,1
23209,1
23210,1
23211,0.8166501243236343
23212,1
23213,1
23214,1
23215,1
23216,1
23217,0.979845370195437
23218,1
23219,1
23220,1
23221,0.9511709237315541
23222,1
23223,1
23224,1
23225,0.979845370195437
23226,1
23227,1
23228,1
23229,1
23230,1
23231,1
23232,1
23233,1
23234,0.8757152067672507
23235,0.979845370195437
23236,1
23237,0.9924049721376991
23238,1
23239,1
23240,0.7518166362794911
23241,0.9825559015549896
23242,1
23243,1
23244,0.9178939013644162
23245,0.9968430762781008
23246,1
23247,1
23248,0.5531219613520983
23249,1
23250,1
23251,1
23252,0.7499267881886948
23253,1
23254,0.9968430762781008
23255,1
23256,0.8486357886942472
23257,1
23258,1
23259,1
23260,1
23261,0.9740504365406069
23262,0.960473993748949
23263,0.9709361642796265
23264,1
23265,1
23266,0.7705205172451948
23267,1
23268,0.7923276230764066
23269,1
23270,0.9441728953374794
23271,0.8758105888378835
23272,1
23273,1
23274,1
23275,1
23276,0.960473993748949
23277,0.9825559015549896
23278,1
23279,0.7898335861809971
23280,1
23281,1
23282,1
23283,0.9694197284698819
23284,1
23285,0.9102278676752396
23286,0.7372582185655
23287,0.7285808097279591
23288,1
23289,0.9766884464735379
23290,1
23291,0.9553750412366303
23292,0.9002571508472601
23293,0.979845370195437
23294,0.45668427535044265
23295,1
23296,0.9385884894294859
23297,1
23298,1
23299,0.9709361642796265
23300,0.960473993748949
23301,1
23302,0.13208758475338306
23303,0.8758105888378835
23304,0.9475888878684422
23305,1
23306,1
23307,1
23308,0.8758105888378835
23309,1
23310,0.9594354547327026
23311,1
23312,0.8669602707404477
23313,1
23314,1
23315,0.6509548040861303
23316,1
23317,0.9367537762839373
23318,1
23319,1
23320,1
23321,1
23322,1
23323,1
23324,0.7780786984610863
23325,0.8478163206602953
23326,0.8673033184036306
23327,1
23328,1
23329,0.9958045372618541
23330,1
23331,0.952238581019351
23332,1
23333,1
23334,0.9989614609837535
23335,0.952238581019351
23336,0.9007637410235415
23337,0.979845370195437
23338,1
23339,1
23340,0.8932836326989317
23341,1
23342,0.8334485633155726
23343,0.7983772148940907
23344,0.9968430762781008
23345,0.8634718304569158
23346,1
23347,1
23348,0.6477663650561627
23349,1
23350,1
23351,0.5092378707794198
23352,1
23353,1
23354,1
23355,0.8299730462466616
23356,0.9676523251498593
23357,1
23358,1
23359,0.3876021803368593
23360,1
23361,1
23362,1
23363,1
23364,1
23365,1
23366,1
23367,0.9479509206118093
23368,1
23369,1
23370,0.8796561286803505
23371,1
23372,0.8223406459231449
23373,1
23374,1
23375,0.5224118607567367
23376,0.9740504365406069
23377,0.9876612416190321
23378,1
23379,1
23380,0.8130305448073242
23381,0.7158882949272881
23382,1
23383,1
23384,1
23385,0.891467455316134
23386,0.9876612416190321
23387,1
23388,1
23389,0.944667081482042
23390,1
23391,1
23392,1
23393,0.9435758958692533
23394,0.9851578980626085
23395,0.5876267230446393
23396,0.9594354547327026
23397,1
23398,0.39737628507518435
23399,1
23400,1
23401,1
23402,1
23403,0.38682546958185154
23404,0.964174901191159
23405,1
23406,0.8998274688877933
23407,0.6882595852283051
23408,1
23409,0.8907066534943333
23410,1
23411,0.9676523251498593
23412,1
23413,0.20372770222977124
23414,0.979845370195437
23415,1
23416,0.6509548040861303
23417,0.9989614609837535
23418,0.7123127794239457
23419,1
23420,0.9184338596249231
23421,1
23422,1
23423,0.9028727365819269
23424,1
23425,0.9900744607435069
23426,0.9924049721376991
23427,0.9475888878684422
23428,0.6343886226174553
23429,0.6793205555338976
23430,1
23431,0.9740504365406069
23432,1
23433,1
23434,1
23435,1
23436,1
23437,1
23438,1
23439,1
23440,0.8792251236718974
23441,0.9989614609837535
23442,1
23443,1
23444,1
23445,1
23446,0.9206865549096062
23447,1
23448,1
23449,1
23450,0.9876612416190321
23451,0.6458177994912093
23452,1
23453,0.9876612416190321
23454,0.9968430762781008
23455,0.9839073184289067
23456,1
23457,0.8650379734441676
23458,0.964174901191159
23459,0.9560940623422349
23460,0.8599285215829148
23461,1
23462,1
23463,1
23464,1
23465,1
23466,1
23467,1
23468,0.8636042159300029
23469,0.894319690614591
23470,0.9740504365406069
23471,1
23472,1
23473,1
23474,0.9414328083717136
23475,1
23476,1
23477,1
23478,0.9475888878684422
23479,0.8758105888378835
23480,0.5552114508571884
23481,1
23482,1
23483,1
23484,1
23485,0.952238581019351
23486,0.9170538670778072
23487,0.9709361642796265
23488,1
23489,1
23490,0.9740504365406069
23491,0.9002571508472601
23492,0.41701368319339405
23493,1
23494,1
23495,1
23496,1
23497,1
23498,0.7382683067154715
23499,1
23500,1
23501,0.9131024994045092
23502,1
23503,1
23504,0.9573170700270499
23505,1
23506,0.7845608235756818
23507,1
23508,1
23509,1
23510,1
23511,0.9675066118144694
23512,0.9467308027461487
23513,0.7983772148940907
23514,0.8124353984335858
23515,1
23516,0.9876612416190321
23517,0.6773466152023756
23518,1
23519,0.5268707041992922
23520,1
23521,1
23522,1
23523,1
23524,0.8879538182870418
23525,0.9770147563321826
23526,1
23527,1
23528,1
23529,1
23530,0.9869175370216076
23531,1
23532,0.9709361642796265
23533,0.8527992858015914
23534,1
23535,0.5899069992714027
23536,1
23537,0.9417377713914665
23538,1
23539,0.9924049721376991
23540,0.7494617869306864
23541,1
23542,1
23543,1
23544,1
23545,0.9424713473879602
23546,1
23547,0.7501181762257504
23548,1
23549,1
23550,1
23551,0.9475888878684422
23552,1
23553,1
23554,1
23555,0.9055074715422085
23556,0.9825559015549896
23557,0.6801724496321412
23558,1
23559,0.8727040071333443
23560,0.9610179774692599
23561,0.9989614609837535
23562,1
23563,1
23564,0.8294121461671564
23565,0.275401117416931
23566,0.937663348611949
23567,0.7747935899442909
23568,1
23569,1
23570,1
23571,0.9301447894234319
23572,0.9225666260562072
23573,0.8376536299292195
23574,1
23575,0.8169729628667067
23576,1
23577,1
23578,1
23579,0.9677137996175981
23580,1
23581,1
23582,0.960473993748949
23583,0.7983772148940907
23584,0.6476978354947401
23585,0.8868121190113575
23586,0.960473993748949
23587,1
23588,1
23589,1
23590,0.7754528856896543
23591,1
23592,1
23593,1
23594,0.7705840579318589
23595,1
23596,1
23597,0.9740504365406069
23598,1
23599,1
23600,1
23601,0.979845370195437
23602,0.8593204023401445
23603,1
23604,0.6248806134935584
23605,0.8679094759971194
23606,1
23607,1
23608,1
23609,0.5737293649284516
23610,0.48277520315290234
23611,1
23612,0.8323222425563308
23613,0.9968430762781008
23614,1
23615,0.960473993748949
23616,0.9384145739743739
23617,1
23618,0.9565116537184474
23619,0.9624012717504269
23620,0.8122935578788008
23621,0.9171501967669916
23622,0.9624012717504269
23623,1
23624,1
23625,1
23626,1
23627,0.787749280634816
23628,0.7970656016414195
23629,1
23630,1
23631,1
23632,1
23633,0.9367537762839373
23634,0.9565116537184474
23635,1
23636,0.9565116537184474
23637,0.5439818689919684
23638,1
23639,1
23640,1
23641,0.556156675118974
23642,0.8702265197515254
23643,0.9105083049986864
23644,1
23645,1
23646,1
23647,0.807637815178902
23648,1
23649,0.9740504365406069
23650,0.9367537762839373
23651,1
23652,1
23653,0.9900744607435069
23654,1
23655,1
23656,1
23657,0.5019080756187181
23658,1
23659,1
23660,1
23661,0.556156675118974
23662,1
23663,0.5508138003244023
23664,1
23665,0.9851578980626085
23666,0.9126239317640477
23667,1
23668,0.45668427535044265
23669,0.9740504365406069
23670,1
23671,1
23672,0.9300683207496482
23673,1
23674,1
23675,1
23676,1
23677,1
23678,0.275401117416931
23679,1
23680,0.9946592700131068
23681,1
23682,1
23683,0.8758105888378835
23684,1
23685,0.9565116537184474
23686,1
23687,1
23688,0.8836610049113021
23689,1
23690,0.8362845825868327
23691,1
23692,1
23693,1
23694,1
23695,1
23696,0.5252451086017895
23697,0.9946592700131068
23698,0.623283260681459
23699,0.9676523251498593
23700,1
23701,0.745100505891559
23702,1
23703,1
23704,0.9274478179980737
23705,0.7967402660952321
23706,0.5453840597252579
23707,0.9851578980626085
23708,1
23709,1
23710,1
23711,0.952238581019351
23712,0.964174901191159
23713,1
23714,0.9573170700270499
23715,0.7616963644366326
23716,1
23717,1
23718,1
23719,0.8543121182698116
23720,0.979845370195437
23721,1
23722,1
23723,1
23724,1
23725,1
23726,1
23727,1
23728,1
23729,1
23730,1
23731,1
23732,0.7394066525229926
23733,0.7754528856896543
23734,0.9043802298602983
23735,1
23736,1
23737,0.9302326597453842
23738,0.6758673522247576
23739,0.9252948721755743
23740,1
23741,0.5453840597252579
23742,1
23743,1
23744,1
23745,1
23746,0.9740504365406069
23747,0.4949879342564883
23748,1
23749,1
23750,0.9594354547327026
23751,0.9475888878684422
23752,1
23753,1
23754,1
23755,1
23756,0.84800930450795
23757,0.9823205116321391
23758,1
23759,1
23760,1
23761,1
23762,1
23763,1
23764,1
23765,1
23766,1
23767,1
23768,1
23769,1
23770,0.8555738467924694
23771,1
23772,0.9989614609837535
23773,0.9281263188988084
23774,1
23775,1
23776,1
23777,1
23778,1
23779,0.9675066118144694
23780,1
23781,1
23782,1
23783,0.7983772148940907
23784,1
23785,1
23786,0.532514615995751
23787,1
23788,0.9770147563321826
23789,1
23790,0.2773007293692748
23791,1
23792,0.862469293539203
23793,0.9215481318859035
23794,1
23795,0.8225413915840324
23796,1
23797,1
23798,0.9565116537184474
23799,0.9565116537184474
23800,1
23801,0.9225666260562072
23802,0.5709800295725973
23803,1
23804,0.831347583206347
23805,1
23806,1
23807,1
23808,1
23809,1
23810,1
23811,1
23812,0.952238581019351
23813,0.979845370195437
23814,1
23815,1
23816,1
23817,1
23818,1
23819,1
23820,1
23821,0.952238581019351
23822,0.3198088959383692
23823,1
23824,0.5419695248912441
23825,1
23826,1
23827,1
23828,0.9709361642796265
23829,0.9002571508472601
23830,1
23831,1
23832,0.8669864360293214
23833,0.9367537762839373
23834,1
23835,0.9770147563321826
23836,0.8624332914406692
23837,1
23838,1
23839,0.960473993748949
23840,1
23841,0.9302326597453842
23842,0.979845370195437
23843,0.884074864543086
23844,0.9080667816806935
23845,0.952238581019351
23846,1
23847,1
23848,0.8000846197350532
23849,1
23850,1
23851,0.9740504365406069
23852,1
23853,1
23854,0.9946592700131068
23855,1
23856,1
23857,0.9841193590463618
23858,1
23859,1
23860,0.8334485633155726
23861,0.9709361642796265
23862,1
23863,0.8758105888378835
23864,0.9637614054970985
23865,0.9302326597453842
23866,0.9924049721376991
23867,0.8961892310166398
23868,1
23869,0.9126389259700927
23870,1
23871,1
23872,1
23873,0.7615937956112302
23874,0.9968430762781008
23875,1
23876,0.9740504365406069
23877,1
23878,1
23879,1
23880,1
23881,0.4522236588643086
23882,1
23883,0.5865955798156085
23884,0.9800662137567313
23885,1
23886,1
23887,0.9475888878684422
23888,1
23889,1
23890,0.9677137996175981
23891,0.9770147563321826
23892,1
23893,1
23894,1
23895,0.8650312524563549
23896,0.9876612416190321
23897,0.9367428989164839
23898,1
23899,1
23900,1
23901,0.9320839512147882
23902,1
23903,1
23904,0.8536727480080925
23905,1
23906,1
23907,0.9900744607435069
23908,0.600238763855129
23909,0.9851578980626085
23910,0.7615495205393897
23911,1
23912,0.8758105888378835
23913,0.960473993748949
23914,0.964174901191159
23915,1
23916,0.960473993748949
23917,0.964174901191159
23918,1
23919,1
23920,1
23921,1
23922,1
23923,1
23924,1
23925,1
23926,1
23927,1
23928,1
23929,1
23930,1
23931,1
23932,0.5115487163486778
23933,0.9164134822105101
23934,1
23935,1
23936,1
23937,0.979845370195437
23938,0.9120639603882625
23939,1
23940,0.9946592700131068
23941,0.9900744607435069
23942,1
23943,0.9268282370274441
23944,0.7158882949272881
23945,1
23946,1
23947,1
23948,0.9968430762781008
23949,1
23950,1
23951,0.9367537762839373
23952,1
23953,1
23954,1
23955,0.6780457817008168
23956,0.8778651986190539
23957,0.6421456291440939
23958,0.9788068311791907
23959,0.8713341564061835
23960,1
23961,1
23962,1
23963,0.8518619669930557
23964,1
23965,1
23966,0.9936207309968602
23967,1
23968,1
23969,0.9968430762781008
23970,1
23971,1
23972,1
23973,1
23974,1
23975,1
23976,1
23977,1
23978,1
23979,1
23980,1
23981,0.9770147563321826
23982,0.7396025728407133
23983,1
23984,0.9968430762781008
23985,0.5034455969352593
23986,1
23987,0.9357989236294032
23988,0.8747720498216369
23989,1
23990,1
23991,1
23992,0.9924049721376991
23993,1
23994,0.4482994721633644
23995,1
23996,0.9152412130183015
23997,0.8260188155427327
23998,1
23999,1
24000,1
24001,1
24002,0.9552985725628466
24003,1
24004,0.7780786984610863
24005,1
24006,0.4844438480770324
24007,1
24008,1
24009,0.7468244840071132
24010,1
24011,0.9573170700270499
24012,0.9219116743465456
24013,0.9924049721376991
24014,0.6412607893180416
24015,1
24016,1
24017,0.9302326597453842
24018,0.9709361642796265
24019,1
24020,0.8498610253784903
24021,1
24022,1
24023,1
24024,0.8116955758747076
24025,0.9595706578871724
24026,0.9851578980626085
24027,0.7114797142986
24028,0.9568601265276199
24029,1
24030,1
24031,1
24032,1
24033,1
24034,0.9770147563321826
24035,1
24036,1
24037,1
24038,0.9946592700131068
24039,1
24040,1
24041,1
24042,0.8381131862389626
24043,1
24044,0.9876612416190321
24045,1
24046,1
24047,0.5535873070774334
24048,1
24049,1
24050,1
24051,1
24052,1
24053,1
24054,1
24055,1
24056,1
24057,0.8758105888378835
24058,1
24059,0.8498610253784903
24060,1
24061,1
24062,0.9367537762839373
24063,0.9424713473879602
24064,0.9876612416190321
24065,1
24066,1
24067,1
24068,0.9301447894234319
24069,1
24070,0.9314101580285756
24071,0.8452042579392905
24072,1
24073,1
24074,1
24075,1
24076,1
24077,1
24078,0.964174901191159
24079,1
24080,1
24081,1
24082,0.9709361642796265
24083,1
24084,0.8389828944831825
24085,1
24086,0.9131024994045092
24087,1
24088,1
24089,1
24090,1
24091,0.9117637890596012
24092,0.970217143174022
24093,1
24094,1
24095,0.9825559015549896
24096,0.9187175180226488
24097,1
24098,1
24099,0.8758105888378835
24100,1
24101,1
24102,0.8790668180467952
24103,1
24104,1
24105,0.9946592700131068
24106,1
24107,1
24108,0.7263057493145607
24109,0.857441358591656
24110,0.9101236725378196
24111,1
24112,0.9876612416190321
24113,1
24114,1
24115,1
24116,1
24117,1
24118,1
24119,0.9553750412366303
24120,0.40987534658270874
24121,1
24122,0.8135557543021374
24123,0.8536727480080925
24124,1
24125,1
24126,1
24127,0.687337059132623
24128,0.9924049721376991
24129,0.9709361642796265
24130,1
24131,0.8879218117470229
24132,0.8743075873878668
24133,0.275401117416931
24134,1
24135,1
24136,1
24137,0.8792251236718974
24138,0.9424713473879602
24139,1
24140,0.887152935945116
24141,0.4279085615517507
24142,1
24143,1
24144,0.8863131049381058
24145,1
24146,1
24147,0.9600572972875585
24148,0.8536727480080925
24149,1
24150,1
24151,1
24152,1
24153,1
24154,0.7983772148940907
24155,0.9225666260562072
24156,1
24157,0.8903796165388504
24158,1
24159,1
24160,0.9900744607435069
24161,1
24162,1
24163,1
24164,1
24165,1
24166,1
24167,1
24168,1
24169,0.915043855920416
24170,1
24171,0.9002571508472601
24172,1
24173,0.8943074901981514
24174,1
24175,1
24176,0.9367537762839373
24177,1
24178,1
24179,0.9002571508472601
24180,1
24181,1
24182,0.9968430762781008
24183,1
24184,0.960473993748949
24185,1
24186,0.6508105197811982
24187,0.9825559015549896
24188,1
24189,1
24190,1
24191,0.857534463551052
24192,1
24193,1
24194,0.5508138003244023
24195,0.979845370195437
24196,1
24197,0.8133596502517693
24198,1
24199,1
24200,1
24201,0.8630427938438952
24202,0.9373964790819593
24203,1
24204,0.9946592700131068
24205,1
24206,1
24207,0.597365489897349
24208,0.9565116537184474
24209,1
24210,1
24211,0.9825559015549896
24212,1
24213,0.960473993748949
24214,1
24215,1
24216,0.7435923099971533
24217,0.42632256748289976
24218,1
24219,0.8828130524022498
24220,1
24221,1
24222,0.9946592700131068
24223,0.8758105888378835
24224,0.916521783928567
24225,0.9770147563321826
24226,1
24227,1
24228,0.5865955798156085
24229,0.8059550877207251
24230,0.7092852523050746
24231,0.6403667099118251
24232,0.9777357023625389
24233,1
24234,0.9676523251498593
24235,0.8399854900290427
24236,0.7674341728065962
24237,1
24238,1
24239,0.9876612416190321
24240,0.9876612416190321
24241,1
24242,1
24243,1
24244,1
24245,1
24246,1
24247,1
24248,0.9989614609837535
24249,1
24250,1
24251,1
24252,1
24253,0.9677137996175981
24254,0.8935311447017908
24255,0.8376536299292195
24256,0.944667081482042
24257,1
24258,0.952238581019351
24259,1
24260,0.9080628816173912
24261,1
24262,1
24263,1
24264,0.9553750412366303
24265,0.979845370195437
24266,0.7230562856224312
24267,1
24268,0.9302326597453842
24269,0.9946592700131068
24270,0.5180144220237547
24271,0.5865955798156085
24272,0.9946592700131068
24273,0.7983879576135815
24274,1
24275,0.9851578980626085
24276,0.5508138003244023
24277,1
24278,0.6584511101279265
24279,1
24280,1
24281,1
24282,0.9002571508472601
24283,0.9164134822105101
24284,1
24285,1
24286,1
24287,0.9002571508472601
24288,1
24289,0.9664554086783061
24290,1
24291,1
24292,1
24293,0.9770147563321826
24294,1
24295,1
24296,0.8772774005956683
24297,1
24298,1
24299,0.9876612416190321
24300,1
24301,1
24302,1
24303,1
24304,1
24305,0.9002571508472601
24306,1
24307,1
24308,1
24309,0.8795482816650254
24310,0.9382758846498143
24311,1
24312,0.40987534658270874
24313,1
24314,0.8929196674802246
24315,1
24316,0.9876612416190321
24317,1
24318,0.8971002271253607
24319,1
24320,1
24321,1
24322,1
24323,1
24324,0.7393797424113968
24325,0.9274342580638794
24326,0.8174322315900836
24327,0.7468244840071132
24328,1
24329,0.8758105888378835
24330,1
24331,1
24332,1
24333,1
24334,0.9676523251498593
24335,1
24336,1
24337,0.9946592700131068
24338,1
24339,1
24340,1
24341,1
24342,1
24343,0.629870482259983
24344,1
24345,1
24346,1
24347,0.9904638072749609
24348,1
24349,1
24350,1
24351,1
24352,1
24353,1
24354,0.8608761764793986
24355,1
24356,0.9770147563321826
24357,1
24358,0.9989614609837535
24359,1
24360,1
24361,0.9989614609837535
24362,1
24363,1
24364,1
24365,1
24366,0.964174901191159
24367,1
24368,1
24369,0.8972277700328865
24370,1
24371,0.9851578980626085
24372,1
24373,0.9367537762839373
24374,1
24375,1
24376,0.9722503423331362
24377,0.8632373843695939
24378,1
24379,0.8042632477528149
24380,1
24381,0.9363570239138845
24382,0.9002571508472601
24383,1
24384,0.9740504365406069
24385,0.9624012717504269
24386,1
24387,1
24388,0.9002571508472601
24389,0.9403193639443862
24390,0.6301070019315487
24391,1
24392,1
24393,1
24394,1
24395,0.6693687177207132
24396,1
24397,1
24398,1
24399,1
24400,1
24401,0.9080628816173912
24402,0.8382073387577771
24403,1
24404,1
24405,0.9876612416190321
24406,1
24407,1
24408,0.931413046297044
24409,1
24410,0.9900744607435069
24411,0.275401117416931
24412,1
24413,0.8395309883401231
24414,0.8936422711195142
24415,1
24416,1
24417,1
24418,0.9624012717504269
24419,0.9002571508472601
24420,1
24421,1
24422,1
24423,0.9565116537184474
24424,1
24425,1
24426,0.9475888878684422
24427,1
24428,1
24429,0.9825559015549896
24430,1
24431,1
24432,1
24433,1
24434,1
24435,1
24436,1
24437,1
24438,0.8858142256002081
24439,1
24440,0.952238581019351
24441,0.9900744607435069
24442,0.9946592700131068
24443,1
24444,1
24445,1
24446,1
24447,1
24448,1
24449,0.9002571508472601
24450,1
24451,1
24452,1
24453,1
24454,1
24455,0.6833206491789358
24456,1
24457,1
24458,1
24459,1
24460,0.9968430762781008
24461,0.9325583135457913
24462,1
24463,1
24464,1
24465,0.9151017096864568
24466,1
24467,1
24468,0.9823205116321391
24469,1
24470,1
24471,1
24472,1
24473,1
24474,1
24475,0.8404605274206237
24476,1
24477,0.9367537762839373
24478,0.9698976252633799
24479,1
24480,0.9876612416190321
24481,1
24482,0.8303387702833663
24483,1
24484,1
24485,1
24486,1
24487,1
24488,1
24489,1
24490,0.6598100619063684
24491,1
24492,0.7889130882423926
24493,0.7485434105178042
24494,1
24495,0.8879218117470229
24496,1
24497,1
24498,0.964174901191159
24499,0.2362499142558897
24500,1
24501,1
24502,1
24503,0.9309105630682268
24504,1
24505,0.9131024994045092
24506,0.9002571508472601
24507,0.9770147563321826
24508,0.8758105888378835
24509,0.9178939013644162
24510,0.9490816572974519
24511,0.2566497720913108
24512,0.8568825828021023
24513,0.8400575501760777
24514,1
24515,0.9182920103479613
24516,1
24517,0.791277070171216
24518,0.9364517082910339
24519,1
24520,1
24521,1
24522,0.944667081482042
24523,1
24524,1
24525,0.275401117416931
24526,1
24527,0.9424713473879602
24528,0.9770147563321826
24529,1
24530,1
24531,1
24532,1
24533,1
24534,0.10295613268424586
24535,1
24536,1
24537,1
24538,1
24539,1
24540,0.4640752148165054
24541,1
24542,1
24543,1
24544,0.934524430289556
24545,1
24546,1
24547,0.574301770037044
24548,0.7979915110564277
24549,0.8133596502517693
24550,1
24551,1
24552,1
24553,1
24554,0.934718013900557
24555,0.964174901191159
24556,1
24557,1
24558,0.75450940332041
24559,0.9851578980626085
24560,1
24561,1
24562,0.8985615478493931
24563,0.5608003348992493
24564,0.2426719729727812
24565,0.9302326597453842
24566,0.8217852378872208
24567,0.38682546958185154
24568,0.8513223437200496
24569,0.14402390492519107
24570,1
24571,0.12446401795831219
24572,0.8249512233588545
24573,1
24574,0.7702181497744267
24575,0.9924049721376991
24576,1
24577,1
24578,1
24579,0.9876612416190321
24580,1
24581,0.9740504365406069
24582,0.9225666260562072
24583,0.7312285596431632
24584,0.7759047083984107
24585,0.8758105888378835
24586,1
24587,1
24588,0.964174901191159
24589,0.9900744607435069
24590,1
24591,1
24592,0.9510651928727897
24593,0.9302326597453842
24594,0.7114797142986
24595,1
24596,1
24597,1
24598,0.9825559015549896
24599,0.9152114949628947
24600,0.8102464478065217
24601,1
24602,1
24603,1
24604,1
24605,0.979845370195437
24606,0.7468244840071132
24607,1
24608,1
24609,0.9770147563321826
24610,0.7948605955688555
24611,0.5091292789569503
24612,0.33506242378142176
24613,1
24614,0.9441728953374794
24615,0.9225666260562072
24616,0.8133596502517693
24617,1
24618,0.9475888878684422
24619,1
24620,0.9596625382711524
24621,0.8696141531229564
24622,0.9740504365406069
24623,1
24624,0.954249361934666
24625,1
24626,0.9876612416190321
24627,1
24628,0.952238581019351
24629,1
24630,0.7798150589300753
24631,0.6211806136381063
24632,1
24633,1
24634,0.8134442193944257
24635,0.9876612416190321
24636,1
24637,1
24638,0.9900744607435069
24639,1
24640,1
24641,0.8472155209963155
24642,1
24643,1
24644,1
24645,0.979845370195437
24646,0.9749608736926888
24647,1
24648,1
24649,1
24650,1
24651,0.9474976953452965
24652,0.9087502347377983
24653,0.9321615611757386
24654,0.6144591078728968
24655,0.9924049721376991
24656,0.9968430762781008
24657,0.17531456448319846
24658,0.6808369387379587
24659,1
24660,1
24661,0.6245406934242708
24662,1
24663,1
24664,0.9770147563321826
24665,0.9709361642796265
24666,0.850074811180474
24667,1
24668,1
24669,1
24670,1
24671,0.7031914725618558
24672,0.9900744607435069
24673,1
24674,0.9770147563321826
24675,1
24676,1
24677,0.9435758958692533
24678,0.8133596502517693
24679,1
24680,0.9424713473879602
24681,0.9538958067360441
24682,1
24683,0.9946592700131068
24684,1
24685,0.9770147563321826
24686,0.9989614609837535
24687,0.40987534658270874
24688,1
24689,0.9475888878684422
24690,1
24691,1
24692,0.9946592700131068
24693,0.9650032682580457
24694,1
24695,1
24696,0.9676523251498593
24697,1
24698,0.9302326597453842
24699,1
24700,1
24701,0.9565116537184474
24702,0.9225666260562072
24703,1
24704,0.9044844249354965
24705,0.9989614609837535
24706,1
24707,0.9424713473879602
24708,0.869676879317142
24709,0.960473993748949
24710,1
24711,0.9989614609837535
24712,0.960473993748949
24713,1
24714,0.9968430762781008
24715,1
24716,1
24717,0.7983772148940907
24718,0.6194028988350369
24719,0.9538958067360441
24720,1
24721,1
24722,0.9900744607435069
24723,1
24724,0.9968430762781008
24725,0.8797781469528275
24726,0.9924049721376991
24727,0.9565116537184474
24728,1
24729,1
24730,1
24731,0.5453840597252579
24732,0.7659278445745754
24733,1
24734,1
24735,0.8636042159300029
24736,0.9002571508472601
24737,0.6801724496321412
24738,1
24739,1
24740,1
24741,0.9738578326102835
24742,1
24743,0.9740504365406069
24744,1
24745,0.9475888878684422
24746,1
24747,1
24748,1
24749,0.9373964790819593
24750,1
24751,1
24752,1
24753,0.9676523251498593
24754,1
24755,0.9770147563321826
24756,0.960473993748949
24757,1
24758,0.9825559015549896
24759,1
24760,0.9044844249354965
24761,1
24762,1
24763,1
24764,1
24765,0.7809880175463485
24766,1
24767,0.960473993748949
24768,0.98286877941266
24769,1
24770,0.8582589079058008
24771,1
24772,1
24773,1
24774,1
24775,1
24776,1
24777,0.9851578980626085
24778,0.8287212375757125
24779,0.9302326597453842
24780,1
24781,1
24782,1
24783,1
24784,1
24785,1
24786,0.9851578980626085
24787,0.8599285215829148
24788,0.8788283713018447
24789,1
24790,1
24791,0.8826130883001485
24792,1
24793,1
24794,1
24795,0.9851578980626085
24796,1
24797,0.8536727480080925
24798,0.9777357023625389
24799,1
24800,1
24801,0.9946592700131068
24802,1
24803,1
24804,0.8797781469528275
24805,1
24806,0.9900744607435069
24807,1
24808,1
24809,1
24810,0.8029787328292437
24811,0.9475888878684422
24812,1
24813,1
24814,1
24815,1
24816,1
24817,1
24818,1
24819,0.8801025210426973
24820,0.9770147563321826
24821,1
24822,1
24823,1
24824,1
24825,1
24826,0.7760677396851436
24827,0.9131024994045092
24828,1
24829,1
24830,0.9565116537184474
24831,1
24832,1
24833,0.7312285596431632
24834,1
24835,0.9435230761684448
24836,0.9968430762781008
24837,1
24838,1
24839,1
24840,0.952238581019351
24841,0.9709361642796265
24842,1
24843,0.9387264344918217
24844,1
24845,0.932545808131467
24846,0.952238581019351
24847,0.9424713473879602
24848,1
24849,1
24850,0.8994293147388439
24851,0.9424713473879602
24852,0.9968430762781008
24853,1
24854,0.9968430762781008
24855,1
24856,0.862469293539203
24857,0.6282909446344485
24858,0.9890359217272603
24859,1
24860,1
24861,1
24862,1
24863,1
24864,0.895658400959499
24865,1
24866,1
24867,0.9989614609837535
24868,0.9851578980626085
24869,1
24870,0.9367537762839373
24871,1
24872,1
24873,0.9475888878684422
24874,1
24875,1
24876,1
24877,0.8758105888378835
24878,1
24879,0.9798171680757152
24880,0.9924049721376991
24881,1
24882,0.8169729628667067
24883,1
24884,0.7901730514395306
24885,1
24886,1
24887,1
24888,1
24889,1
24890,0.24452838630835583
24891,0.5360930574079906
24892,0.9825559015549896
24893,1
24894,1
24895,1
24896,1
24897,1
24898,1
24899,0.9041005415868895
24900,1
24901,0.9317193958037601
24902,0.9644954014279602
24903,1
24904,0.7372582185655
24905,0.9565116537184474
24906,1
24907,1
24908,0.9403193639443862
24909,1
24910,1
24911,1
24912,1
24913,1
24914,0.8701555139246495
24915,1
24916,1
24917,1
24918,1
24919,0.9740504365406069
24920,0.867074991588585
24921,0.979845370195437
24922,1
24923,1
24924,1
24925,1
24926,0.8747720498216369
24927,1
24928,1
24929,1
24930,1
24931,1
24932,0.9041952259640388
24933,1
24934,0.9367537762839373
24935,0.9260694280416824
24936,0.8758105888378835
24937,1
24938,1
24939,1
24940,0.9825559015549896
24941,1
24942,1
24943,1
24944,0.952238581019351
24945,1
24946,0.8304898105926442
24947,1
24948,1
24949,1
24950,1
24951,1
24952,1
24953,1
24954,1
24955,0.934524430289556
24956,1
24957,0.9424713473879602
24958,0.7967402660952321
24959,1
24960,0.7332383718920663
24961,0.9740504365406069
24962,1
24963,1
24964,0.23390146192228592
24965,1
24966,1
24967,0.9087502347377983
24968,1
24969,0.9946592700131068
24970,1
24971,1
24972,1
24973,0.9709361642796265
24974,0.9131024994045092
24975,0.9475888878684422
24976,1
24977,0.8225413915840324
24978,1
24979,1
24980,0.9770147563321826
24981,1
24982,0.8926621229849593
24983,1
24984,1
24985,1
24986,1
24987,1
24988,1
24989,0.9424713473879602
24990,0.962373069630705
24991,1
24992,1
24993,1
24994,0.629870482259983
24995,0.7468244840071132
24996,0.8834845790300859
24997,0.8422966201336467
24998,1
24999,0.5019080756187181
25000,1
25001,1
25002,1
25003,0.9475888878684422
25004,1
25005,0.9851578980626085
25006,1
25007,0.9226376318830833
25008,1
25009,0.9825559015549896
25010,1
25011,0.9841193590463618
25012,1
25013,1
25014,0.9824794328812061
25015,1
25016,1
25017,1
25018,0.964174901191159
25019,0.979845370195437
25020,1
25021,0.9446435531570502
25022,1
25023,0.9244150179029693
25024,0.960473993748949
25025,1
25026,1
25027,1
25028,1
25029,1
25030,0.8194903600124033
25031,0.5644024381173008
25032,0.9740504365406069
25033,0.952238581019351
25034,1
25035,1
25036,1
25037,0.45668427535044265
25038,0.8971002271253607
25039,1
25040,1
25041,1
25042,1
25043,1
25044,1
25045,1
25046,1
25047,0.754888868612538
25048,0.9924049721376991
25049,0.8701769817862041
25050,0.9989614609837535
25051,0.574301770037044
25052,1
25053,1
25054,1
25055,1
25056,0.5252451086017895
25057,0.9900744607435069
25058,0.9694197284698819
25059,0.6144591078728968
25060,0.9876612416190321
25061,1
25062,1
25063,1
25064,0.21526087821524637
25065,1
25066,1
25067,0.9946592700131068
25068,1
25069,1
25070,0.9740504365406069
25071,1
25072,1
25073,1
25074,1
25075,1
25076,0.9770147563321826
25077,1
25078,1
25079,1
25080,1
25081,1
25082,0.9463007788737433
25083,0.9968430762781008
25084,0.952238581019351
25085,1
25086,0.9041005415868895
25087,0.8225413915840324
25088,0.8943699469920491
25089,1
25090,0.9002571508472601
25091,0.9002571508472601
25092,0.9713477164866448
25093,1
25094,1
25095,0.8593204023401445
25096,1
25097,0.9325419462506651
25098,0.9131024994045092
25099,1
25100,1
25101,0.9825559015549896
25102,1
25103,0.8758105888378835
25104,0.9225666260562072
25105,1
25106,1
25107,1
25108,1
25109,1
25110,0.8536727480080925
25111,0.9968430762781008
25112,0.8758105888378835
25113,1
25114,1
25115,1
25116,0.8376536299292195
25117,0.960473993748949
25118,1
25119,1
25120,1
25121,1
25122,1
25123,0.8536727480080925
25124,1
25125,0.9252213602721608
25126,1
25127,0.960473993748949
25128,0.6414088201090038
25129,1
25130,0.6282909446344485
25131,0.9002571508472601
25132,0.9798171680757152
25133,1
25134,1
25135,0.9152412130183015
25136,1
25137,1
25138,1
25139,1
25140,0.805850461863159
25141,0.9403193639443862
25142,0.9131024994045092
25143,0.8169729628667067
25144,0.8758105888378835
25145,0.8512215821257585
25146,1
25147,1
25148,0.6431864368910706
25149,0.964174901191159
25150,0.9002571508472601
25151,0.9876612416190321
25152,1
25153,0.9968430762781008
25154,1
25155,1
25156,0.9677137996175981
25157,0.7240562507206347
25158,1
25159,1
25160,1
25161,0.9709361642796265
25162,1
25163,0.952238581019351
25164,1
25165,0.9924049721376991
25166,1
25167,0.8758105888378835
25168,1
25169,1
25170,0.9676711675374671
25171,1
25172,1
25173,1
25174,0.944667081482042
25175,0.9225666260562072
25176,0.9131024994045092
25177,0.9367537762839373
25178,1
25179,0.9946592700131068
25180,0.9076899405635637
25181,0.9131024994045092
25182,0.898396797075383
25183,0.8807548245543686
25184,1
25185,1
25186,0.9740504365406069
25187,0.9565116537184474
25188,1
25189,1
25190,1
25191,0.952238581019351
25192,1
25193,1
25194,1
25195,0.8758105888378835
25196,0.9131024994045092
25197,0.887152935945116
25198,0.8225332822574596
25199,1
25200,1
25201,1
25202,0.8963671541240043
25203,1
25204,1
25205,0.91376853261612
25206,1
25207,0.9565116537184474
25208,0.9023505478203091
25209,1
25210,0.8299730462466616
25211,1
25212,0.791051801856185
25213,0.952238581019351
25214,0.8003881736700336
25215,1
25216,1
25217,1
25218,0.9387264344918217
25219,0.9876612416190321
25220,1
25221,0.9924049721376991
25222,1
25223,0.10993976474359775
25224,0.9851578980626085
25225,0.9502082267048491
25226,0.9302326597453842
25227,0.8354347093974412
25228,1
25229,0.9548062438881261
25230,0.9198392302015785
25231,0.6301070019315487
25232,1
25233,0.7372582185655
25234,0.9740504365406069
25235,0.9007637410235415
25236,1
25237,1
25238,0.9740504365406069
25239,1
25240,1
25241,0.8781738380622226
25242,1
25243,1
25244,0.7048030601832639
25245,0.28804162768873437
25246,0.8276595751727138
25247,0.9131024994045092
25248,1
25249,1
25250,0.5460267353708053
25251,1
25252,1
25253,1
25254,1
25255,0.9225666260562072
25256,1
25257,1
25258,1
25259,1
25260,1
25261,0.5182952894870908
25262,1
25263,0.8899019296313001
25264,1
25265,1
25266,1
25267,1
25268,0.9417027616904663
25269,0.9565116537184474
25270,0.7786804789122529
25271,0.8982603974671176
25272,0.9876612416190321
25273,0.9120639603882625
25274,1
25275,1
25276,1
25277,0.9164134822105101
25278,1
25279,1
25280,0.9565116537184474
25281,1
25282,1
25283,1
25284,0.9709361642796265
25285,0.9924049721376991
25286,0.8758105888378835
25287,1
25288,0.9876612416190321
25289,0.488526344772303
25290,1
25291,1
25292,0.9373964790819593
25293,1
25294,0.6791033076813575
25295,0.9676523251498593
25296,0.9385884894294859
25297,0.964174901191159
25298,1
25299,1
25300,0.9701406745002382
25301,1
25302,1
25303,0.9002571508472601
25304,1
25305,1
25306,0.9024119962516445
25307,0.9511709237315541
25308,1
25309,1
25310,1
25311,0.8758105888378835
25312,1
25313,1
25314,0.979845370195437
25315,1
25316,1
25317,1
25318,0.544372451193094
25319,0.9740504365406069
25320,0.890117255736692
25321,1
25322,1
25323,0.8792251236718974
25324,1
25325,1
25326,0.9777357023625389
25327,0.9565798733288582
25328,0.47754368074681497
25329,1
25330,1
25331,1
25332,0.5809649968524019
25333,1
25334,0.9676523251498593
25335,1
25336,1
25337,1
25338,1
25339,0.9134075116675866
25340,0.8150337816312075
25341,1
25342,1
25343,0.8003881736700336
25344,0.9417027616904663
25345,1
25346,1
25347,1
25348,1
25349,0.9131024994045092
25350,1
25351,0.9989614609837535
25352,1
25353,0.9417027616904663
25354,0.9274478179980737
25355,1
25356,1
25357,0.9989614609837535
25358,1
25359,0.9624012717504269
25360,1
25361,0.9424713473879602
25362,0.9892480484157999
25363,1
25364,1
25365,1
25366,0.9946592700131068
25367,1
25368,0.8140359265696494
25369,0.7158882949272881
25370,1
25371,1
25372,1
25373,0.952238581019351
25374,1
25375,1
25376,1
25377,1
25378,1
25379,1
25380,1
25381,1
25382,1
25383,0.6870604339397945
25384,1
25385,1
25386,1
25387,0.67403231875312
25388,1
25389,0.9475888878684422
25390,1
25391,1
25392,1
25393,1
25394,1
25395,1
25396,1
25397,1
25398,1
25399,1
25400,0.9740504365406069
25401,0.9475888878684422
25402,0.9709361642796265
25403,1
25404,0.9900744607435069
25405,1
25406,1
25407,1
25408,1
25409,1
25410,1
25411,0.5552114508571884
25412,1
25413,1
25414,0.9225666260562072
25415,1
25416,1
25417,1
25418,0.9002571508472601
25419,1
25420,1
25421,0.9002571508472601
25422,1
25423,1
25424,1
25425,1
25426,0.9989614609837535
25427,0.8133596502517693
25428,1
25429,0.2426719729727812
25430,1
25431,0.9968430762781008
25432,1
25433,1
25434,0.9305620902590541
25435,1
25436,0.9876612416190321
25437,1
25438,1
25439,1
25440,1
25441,0.9373964790819593
25442,0.9367537762839373
25443,1
25444,1
25445,1
25446,1
25447,1
25448,0.960473993748949
25449,1
25450,0.8801025210426973
25451,0.9475888878684422
25452,1
25453,1
25454,1
25455,1
25456,1
25457,0.2426719729727812
25458,0.9900744607435069
25459,1
25460,1
25461,0.38544972590180404
25462,1
25463,0.8758105888378835
25464,1
25465,0.8096189483597905
25466,0.9876612416190321
25467,0.9869175370216076
25468,1
25469,0.2566497720913108
25470,0.8194903600124033
25471,0.9946592700131068
25472,1
25473,1
25474,1
25475,0.5794305538850907
25476,1
25477,0.9553135667688916
25478,1
25479,0.9740504365406069
25480,1
25481,1
25482,1
25483,1
25484,1
25485,1
25486,1
25487,1
25488,1
25489,0.6986343657413508
25490,0.8593204023401445
25491,1
25492,0.7929217307340244
25493,1
25494,1
25495,1
25496,1
25497,0.9131024994045092
25498,0.49687444353883226
25499,1
25500,0.92997428338189
25501,0.7177372914661992
25502,0.952238581019351
25503,0.6458177994912093
25504,1
25505,0.8994293147388439
25506,1
25507,1
25508,1
25509,1
25510,0.9475888878684422
25511,1
25512,1
25513,1
25514,0.9565116537184474
25515,1
25516,1
25517,1
25518,1
25519,1
25520,1
25521,0.9946592700131068
25522,1
25523,0.9565116537184474
25524,1
25525,0.8319754889820319
25526,1
25527,1
25528,1
25529,0.9876612416190321
25530,0.964174901191159
25531,0.9424713473879602
25532,0.9305068221667988
25533,1
25534,0.848950177768033
25535,0.952238581019351
25536,1
25537,1
25538,0.8354347093974412
25539,0.5794305538850907
25540,1
25541,1
25542,1
25543,1
25544,0.8251490806057511
25545,1
25546,0.9825559015549896
25547,0.952238581019351
25548,1
25549,0.64008729109088
25550,0.45668427535044265
25551,0.964174901191159
25552,1
25553,1
25554,0.8206016168820559
25555,0.9131024994045092
25556,0.9676523251498593
25557,1
25558,1
25559,0.910804212824544
25560,0.7372582185655
25561,0.9424713473879602
25562,1
25563,1
25564,1
25565,0.9752323588061153
25566,1
25567,0.9225666260562072
25568,1
25569,1
25570,0.964174901191159
25571,1
25572,1
25573,0.9847337307566136
25574,1
25575,0.9475888878684422
25576,0.960473993748949
25577,1
25578,0.8797781469528275
25579,1
25580,1
25581,0.8843426641523794
25582,0.9131024994045092
25583,0.42717636588861463
25584,0.9367537762839373
25585,1
25586,1
25587,1
25588,1
25589,1
25590,0.9890359217272603
25591,0.9131024994045092
25592,1
25593,1
25594,1
25595,0.8663516566305742
25596,1
25597,1
25598,1
25599,1
25600,0.6169914022115389
25601,0.8297016458838836
25602,0.5470321442856053
25603,1
25604,1
25605,1
25606,0.6414088201090038
25607,0.9851578980626085
25608,1
25609,0.9424713473879602
25610,1
25611,1
25612,1
25613,0.7916426539516063
25614,1
25615,1
25616,0.9225666260562072
25617,1
25618,1
25619,0.7786804789122529
25620,1
25621,0.9924049721376991
25622,1
25623,0.549567528551373
25624,0.8651089792710435
25625,1
25626,1
25627,0.8304898105926442
25628,0.9825559015549896
25629,1
25630,1
25631,0.7406427352858365
25632,1
25633,0.9825559015549896
25634,1
25635,1
25636,1
25637,1
25638,0.7704126647719095
25639,0.964174901191159
25640,1
25641,0.9839073184289067
25642,0.9851578980626085
25643,1
25644,1
25645,1
25646,0.9924049721376991
25647,1
25648,1
25649,1
25650,0.9003023284187464
25651,1
25652,0.7035743644139342
25653,0.8650379734441676
25654,1
25655,1
25656,1
25657,0.9367537762839373
25658,0.8935027903358337
25659,0.9670892170756897
25660,1
25661,1
25662,1
25663,1
25664,1
25665,0.960473993748949
25666,1
25667,1
25668,1
25669,1
25670,1
25671,0.9170538670778072
25672,1
25673,1
25674,1
25675,1
25676,0.8125643651218207
25677,1
25678,0.9825559015549896
25679,1
25680,0.678264765346475
25681,1
25682,0.7269925381007677
25683,1
25684,1
25685,1
25686,1
25687,1
25688,0.7435923099971533
25689,1
25690,1
25691,1
25692,1
25693,0.9194097023343079
25694,0.8635700957754375
25695,0.9900744607435069
25696,1
25697,0.9475888878684422
25698,1
25699,1
25700,1
25701,0.7437996590077358
25702,1
25703,0.9851578980626085
25704,0.9770147563321826
25705,1
25706,0.8758105888378835
25707,0.8903316115907669
25708,0.9565116537184474
25709,0.7008064475582944
25710,0.9825559015549896
25711,1
25712,0.9989614609837535
25713,1
25714,1
25715,0.9770147563321826
25716,1
25717,0.9900744607435069
25718,0.9403193639443862
25719,0.5456567706850077
25720,1
25721,0.960473993748949
25722,0.24452838630835583
25723,1
25724,1
25725,0.932545808131467
25726,0.9637614054970985
25727,1
25728,1
25729,1
25730,1
25731,1
25732,1
25733,0.9989614609837535
25734,0.9198392302015785
25735,0.9502082267048491
25736,1
25737,0.9825559015549896
25738,1
25739,1
25740,1
25741,1
25742,1
25743,0.9553750412366303
25744,1
25745,1
25746,0.5951747967579115
25747,0.9968430762781008
25748,1
25749,1
25750,0.9131024994045092
25751,0.8701555139246495
25752,0.9424713473879602
25753,1
25754,0.964174901191159
25755,1
25756,1
25757,0.7964510197412116
25758,0.9131024994045092
25759,1
25760,1
25761,1
25762,1
25763,1
25764,1
25765,0.9740504365406069
25766,0.2426719729727812
25767,1
25768,0.9475888878684422
25769,1
25770,1
25771,0.9367537762839373
25772,0.9170538670778072
25773,1
25774,1
25775,1
25776,1
25777,0.9676373309438145
25778,1
25779,0.7118227980366714
25780,0.2426719729727812
25781,1
25782,0.9225666260562072
25783,1
25784,1
25785,0.8225413915840324
25786,0.8494595233183936
25787,1
25788,0.798069557102414
25789,1
25790,0.8669864360293214
25791,1
25792,1
25793,1
25794,1
25795,1
25796,0.9467308027461487
25797,1
25798,0.7856512508029162
25799,1
25800,1
25801,1
25802,0.9775628702003074
25803,0.7802795213638453
25804,1
25805,0.9565116537184474
25806,1
25807,1
25808,0.964174901191159
25809,0.6229856206570725
25810,0.9675066118144694
25811,1
25812,0.6248806134935584
25813,1
25814,0.9367537762839373
25815,1
25816,0.9740504365406069
25817,0.8345493779715165
25818,0.8902804256738054
25819,1
25820,0.8758105888378835
25821,1
25822,1
25823,1
25824,1
25825,1
25826,1
25827,0.9131024994045092
25828,1
25829,1
25830,0.9424713473879602
25831,1
25832,1
25833,0.9968430762781008
25834,1
25835,1
25836,1
25837,1
25838,0.9709361642796265
25839,0.9269640647891894
25840,0.2198175423374666
25841,1
25842,1
25843,0.9302326597453842
25844,0.9851578980626085
25845,0.8758105888378835
25846,1
25847,1
25848,0.8189414589604984
25849,1
25850,1
25851,1
25852,1
25853,0.9989614609837535
25854,1
25855,0.7809880175463485
25856,1
25857,1
25858,0.9869175370216076
25859,1
25860,0.9225666260562072
25861,0.9002571508472601
25862,1
25863,1
25864,1
25865,0.9048871376883465
25866,0.8158098198849318
25867,1
25868,0.7796870658449725
25869,1
25870,1
25871,0.9876612416190321
25872,1
25873,0.9989614609837535
25874,0.8704698588509905
25875,0.8498562756884463
25876,1
25877,1
25878,0.9305068221667988
25879,0.9989614609837535
25880,0.8900602352564023
25881,1
25882,0.9740504365406069
25883,1
25884,1
25885,1
25886,0.45668427535044265
25887,1
25888,1
25889,0.9989614609837535
25890,0.9740504365406069
25891,0.8173223338812657
25892,0.915043855920416
25893,1
25894,1
25895,0.9851578980626085
25896,1
25897,0.9573170700270499
25898,0.9002571508472601
25899,1
25900,1
25901,0.8366141747611445
25902,0.8074108037356341
25903,0.9565116537184474
25904,0.9424713473879602
25905,0.8711933151268865
25906,1
25907,1
25908,0.9989614609837535
25909,0.9770147563321826
25910,0.40320419586368345
25911,1
25912,1
25913,1
25914,0.7058707174710608
25915,1
25916,0.7166671878905722
25917,0.9475591698130352
25918,1
25919,0.7440360993922214
25920,1
25921,1
25922,1
25923,1
25924,1
25925,1
25926,0.8323732770192602
25927,0.9553135667688916
25928,1
25929,0.942567539163997
25930,1
25931,0.9876612416190321
25932,0.979845370195437
25933,0.9772151715680966
25934,0.7435923099971533
25935,0.9676523251498593
25936,1
25937,1
25938,1
25939,0.9302326597453842
25940,1
25941,0.9709361642796265
25942,1
25943,1
25944,0.9475888878684422
25945,0.9475888878684422
25946,0.960473993748949
25947,1
25948,0.9101236725378196
25949,0.9592083346032153
25950,0.9475888878684422
25951,0.9403259054085064
25952,1
25953,0.9900744607435069
25954,0.9740504365406069
25955,1
25956,1
25957,0.9565116537184474
25958,0.9709361642796265
25959,1
25960,0.9225666260562072
25961,1
25962,1
25963,1
25964,1
25965,1
25966,1
25967,1
25968,1
25969,1
25970,1
25971,0.8801025210426973
25972,1
25973,1
25974,0.9900744607435069
25975,0.9726303622984966
25976,1
25977,1
25978,0.9701406745002382
25979,1
25980,0.8148781441113205
25981,1
25982,0.960473993748949
25983,1
25984,1
25985,0.9164134822105101
25986,1
25987,0.9424713473879602
25988,0.7610163342984023
25989,1
25990,1
25991,0.979845370195437
25992,1
25993,0.5122001948462999
25994,0.9825559015549896
25995,1
25996,1
25997,1
25998,0.9740504365406069
25999,1
26000,1
26001,1
26002,0.9770147563321826
26003,1
26004,1
26005,0.7999235387479495
26006,0.9968430762781008
26007,1
26008,1
26009,0.9824794328812061
26010,0.9169856474673964
26011,0.7981256539644328
26012,1
26013,1
26014,1
26015,1
26016,1
26017,0.8758105888378835
26018,1
26019,0.9958045372618541
26020,1
26021,1
26022,1
26023,0.9709361642796265
26024,0.8304898105926442
26025,1
26026,0.8527992858015914
26027,0.9441728953374794
26028,1
26029,0.9989614609837535
26030,1
26031,0.819737859008444
26032,1
26033,1
26034,0.9444319641465428
26035,0.9740504365406069
26036,0.9968430762781008
26037,1
26038,0.748143269247968
26039,0.5865955798156085
26040,1
26041,1
26042,1
26043,1
26044,1
26045,1
26046,1
26047,1
26048,1
26049,0.9475888878684422
26050,1
26051,1
26052,1
26053,1
26054,1
26055,0.9573170700270499
26056,1
26057,0.9302326597453842
26058,0.8701555139246495
26059,0.8862266513492273
26060,0.9876612416190321
26061,1
26062,0.8528253451700663
26063,1
26064,0.9740504365406069
26065,1
26066,1
26067,1
26068,0.9347944825743407
26069,1
26070,1
26071,0.9900744607435069
26072,1
26073,1
26074,1
26075,1
26076,0.9770147563321826
26077,1
26078,1
26079,1
26080,1
26081,1
26082,1
26083,1
26084,1
26085,0.9479509206118093
26086,1
26087,0.9565116537184474
26088,1
26089,0.9475888878684422
26090,0.9946592700131068
26091,1
26092,1
26093,1
26094,1
26095,1
26096,1
26097,0.8838576884027873
26098,0.9403193639443862
26099,0.9225666260562072
26100,1
26101,0.9924049721376991
26102,1
26103,0.9517939502087364
26104,0.960473993748949
26105,0.7439217405108233
26106,1
26107,1
26108,1
26109,1
26110,1
26111,1
26112,0.9740504365406069
26113,0.9825559015549896
26114,1
26115,1
26116,1
26117,0.9876612416190321
26118,1
26119,1
26120,1
26121,1
26122,1
26123,0.9518361428101912
26124,1
26125,0.987064242150806
26126,1
26127,0.8376536299292195
26128,1
26129,0.9989614609837535
26130,1
26131,0.9002571508472601
26132,0.9225666260562072
26133,0.895351182182596
26134,0.9225666260562072
26135,1
26136,0.9367537762839373
26137,1
26138,1
26139,1
26140,1
26141,0.9292533373515337
26142,1
26143,1
26144,1
26145,1
26146,0.8154531808975469
26147,1
26148,0.8305494056583644
26149,0.6584511101279265
26150,1
26151,0.5564039466279022
26152,1
26153,1
26154,1
26155,0.9677792405577272
26156,1
26157,0.952238581019351
26158,0.9624012717504269
26159,1
26160,1
26161,1
26162,1
26163,0.4742471067546672
26164,0.9989614609837535
26165,1
26166,1
26167,0.821785664430796
26168,1
26169,1
26170,1
26171,0.9565116537184474
26172,1
26173,1
26174,1
26175,1
26176,1
26177,0.4844438480770324
26178,1
26179,1
26180,0.9759762173159362
26181,1
26182,1
26183,1
26184,1
26185,1
26186,1
26187,0.9225666260562072
26188,0.7406427352858365
26189,0.21434819338525982
26190,1
26191,1
26192,0.8603144481348186
26193,0.8867443134638314
26194,0.275401117416931
26195,1
26196,1
26197,0.9396458708333401
26198,1
26199,0.960473993748949
26200,0.8299730462466616
26201,0.9367537762839373
26202,1
26203,0.7324721248848217
26204,1
26205,0.8075045669248269
26206,1
26207,0.9825559015549896
26208,0.9367537762839373
26209,1
26210,0.8824652073941015
26211,0.9302326597453842
26212,1
26213,1
26214,1
26215,0.9318272263410183
26216,0.8463143407475869
26217,1
26218,0.9747254837698383
26219,0.680221416584701
26220,1
26221,1
26222,0.941910603553698
26223,1
26224,1
26225,0.9676523251498593
26226,0.9713477164866448
26227,0.8303387702833663
26228,1
26229,0.9198392302015785
26230,1
26231,1
26232,0.7435923099971533
26233,0.7790525925596906
26234,0.8735167595865019
26235,1
26236,0.1478345244404042
26237,0.28613240767520237
26238,1
26239,1
26240,1
26241,1
26242,0.9825559015549896
26243,1
26244,0.9367537762839373
26245,1
26246,0.6545690476118644
26247,0.7628349328029561
26248,0.7835351129566991
26249,0.9946592700131068
26250,0.7398465677894628
26251,0.9577267858933664
26252,1
26253,0.9206865549096062
26254,0.8047172149319768
26255,1
26256,1
26257,1
26258,1
26259,0.9594354547327026
26260,0.8880875085557998
26261,1
26262,1
26263,0.9183711633180615
26264,1
26265,1
26266,0.9170538670778072
26267,0.960473993748949
26268,1
26269,1
26270,1
26271,0.8313168607940056
26272,1
26273,1
26274,1
26275,0.9989614609837535
26276,0.8994293147388439
26277,0.9968430762781008
26278,1
26279,1
26280,0.9740504365406069
26281,1
26282,1
26283,0.9770147563321826
26284,0.9989614609837535
26285,1
26286,0.9968430762781008
26287,1
26288,0.6999484441775486
26289,0.8955879474882031
26290,0.9900744607435069
26291,1
26292,0.9637614054970985
26293,1
26294,1
26295,1
26296,1
26297,0.960473993748949
26298,1
26299,1
26300,0.14402390492519107
26301,1
26302,1
26303,0.6598100619063684
26304,0.9463007788737433
26305,1
26306,1
26307,0.9027739438341014
26308,0.13753355130540937
26309,1
26310,1
26311,1
26312,0.5552114508571884
26313,0.9637614054970985
26314,0.9793989778330905
26315,0.960473993748949
26316,1
26317,0.7096245249725969
26318,1
26319,0.8324121772434362
26320,0.8980461498377524
26321,0.9225666260562072
26322,1
26323,0.22210797003726138
26324,1
26325,0.9403193639443862
26326,0.9345619374961026
26327,1
26328,1
26329,1
26330,0.22591061498782916
26331,0.9367537762839373
26332,0.960473993748949
26333,1
26334,0.7988888331118752
26335,0.7117847265616775
26336,1
26337,1
26338,0.9017040949205841
26339,0.960473993748949
26340,1
26341,0.8834845790300859
26342,1
26343,1
26344,0.8304898105926442
26345,1
26346,1
26347,1
26348,0.8727040071333443
26349,1
26350,0.9968430762781008
26351,1
26352,1
26353,1
26354,1
26355,0.9946592700131068
26356,1
26357,1
26358,1
26359,1
26360,1
26361,1
26362,0.9169856474673964
26363,1
26364,1
26365,0.6215775316024404
26366,1
26367,0.9946592700131068
26368,1
26369,1
26370,0.8716151260997376
26371,1
26372,1
26373,1
26374,1
26375,1
26376,1
26377,1
26378,0.7435923099971533
26379,0.8512522764986227
26380,1
26381,0.9709361642796265
26382,1
26383,1
26384,1
26385,0.9759762173159362
26386,1
26387,0.9825559015549896
26388,1
26389,0.8061348066992495
26390,1
26391,0.9475888878684422
26392,1
26393,0.8621841567019609
26394,1
26395,1
26396,1
26397,1
26398,0.8001685575703518
26399,0.9241639788683065
26400,0.9274342580638794
26401,1
26402,1
26403,1
26404,0.9528789658866482
26405,0.7786804789122529
26406,0.7440273694893865
26407,1
26408,1
26409,1
26410,0.2906278264047498
26411,0.9553135667688916
26412,1
26413,0.9002571508472601
26414,1
26415,0.8990776854835568
26416,1
26417,1
26418,1
26419,1
26420,0.8843765098936218
26421,0.7781404728486767
26422,0.38544972590180404
26423,1
26424,0.9770147563321826
26425,0.9101236725378196
26426,1
26427,0.9274342580638794
26428,1
26429,1
26430,1
26431,1
26432,0.9215481318859035
26433,1
26434,1
26435,0.9989614609837535
26436,0.7496837445762397
26437,0.9876612416190321
26438,1
26439,0.8323222425563308
26440,0.39106635148455415
26441,0.7714256854427389
26442,1
26443,0.9924049721376991
26444,1
26445,1
26446,1
26447,1
26448,0.952238581019351
26449,0.8790782797746545
26450,1
26451,1
26452,1
26453,0.9777357023625389
26454,1
26455,1
26456,1
26457,1
26458,0.8758105888378835
26459,1
26460,1
26461,0.9424713473879602
26462,1
26463,1
26464,0.9968430762781008
26465,1
26466,1
26467,0.6467952096482485
26468,0.9219651356722314
26469,1
26470,1
26471,0.979845370195437
26472,0.9126245273025227
26473,1
26474,1
26475,1
26476,0.9946592700131068
26477,1
26478,0.9770147563321826
26479,1
26480,1
26481,1
26482,0.9958045372618541
26483,1
26484,0.9475888878684422
26485,0.9187547506246463
26486,1
26487,1
26488,1
26489,0.7390410705733232
26490,0.7969921151930537
26491,1
26492,1
26493,1
26494,0.7858773521655656
26495,0.952238581019351
26496,1
26497,0.9367537762839373
26498,0.9455475754457076
26499,1
26500,1
26501,1
26502,1
26503,1
26504,1
26505,0.9565116537184474
26506,1
26507,1
26508,1
26509,1
26510,0.9676523251498593
26511,1
26512,1
26513,1
26514,1
26515,0.713940333507974
26516,0.6113372698895977
26517,0.8299730462466616
26518,1
26519,1
26520,1
26521,0.9565116537184474
26522,0.9798171680757152
26523,1
26524,0.8169729628667067
26525,0.6517040615335681
26526,1
26527,0.9518361428101912
26528,0.8166501243236343
26529,0.9644954014279602
26530,1
26531,0.9770147563321826
26532,1
26533,0.8299101960274038
26534,0.8999374747508689
26535,1
26536,0.9441728953374794
26537,1
26538,1
26539,1
26540,1
26541,1
26542,0.9876612416190321
26543,1
26544,1
26545,1
26546,1
26547,1
26548,0.9302326597453842
26549,1
26550,0.8758105888378835
26551,0.8323732770192602
26552,1
26553,1
26554,1
26555,0.9968430762781008
26556,0.9698976252633799
26557,0.275401117416931
26558,0.8758105888378835
26559,1
26560,1
26561,1
26562,1
26563,0.9913664331214527
26564,1
26565,0.9087587688567452
26566,1
26567,0.8225413915840324
26568,1
26569,0.7753865594659731
26570,0.9424713473879602
26571,0.9475888878684422
26572,0.9968430762781008
26573,1
26574,1
26575,0.7699983128560622
26576,0.6950981020773448
26577,1
26578,0.8668863652909297
26579,1
26580,1
26581,1
26582,1
26583,1
26584,0.9424713473879602
26585,1
26586,0.9504808575244802
26587,1
26588,0.9475888878684422
26589,0.931413046297044
26590,0.9968430762781008
26591,0.17636810395348448
26592,1
26593,1
26594,1
26595,1
26596,1
26597,0.8929478695999464
26598,1
26599,0.9131024994045092
26600,0.678264765346475
26601,1
26602,0.9851578980626085
26603,0.8636042159300029
26604,1
26605,1
26606,0.9825559015549896
26607,1
26608,0.9168199900406685
26609,1
26610,1
26611,1
26612,1
26613,1
26614,0.9399938600061414
26615,1
26616,0.8334485633155726
26617,1
26618,0.943134356321233
26619,1
26620,0.7035743644139342
26621,1
26622,1
26623,1
26624,0.9676523251498593
26625,1
26626,1
26627,0.9946592700131068
26628,0.680221416584701
26629,1
26630,1
26631,1
26632,0.8955879474882031
26633,0.6891702390896527
26634,1
26635,1
26636,0.9924049721376991
26637,0.9770147563321826
26638,1
26639,1
26640,0.28613240767520237
26641,0.9431865066127629
26642,1
26643,1
26644,1
26645,1
26646,1
26647,0.8778651986190539
26648,1
26649,0.8393214496621468
26650,1
26651,0.9968430762781008
26652,1
26653,0.9226376318830833
26654,0.47688547071633325
26655,0.9740504365406069
26656,1
26657,1
26658,1
26659,0.8758105888378835
26660,1
26661,1
26662,1
26663,1
26664,0.5419695248912441
26665,1
26666,0.8121964415391332
26667,1
26668,0.9131024994045092
26669,1
26670,1
26671,1
26672,1
26673,1
26674,1
26675,1
26676,1
26677,1
26678,1
26679,1
26680,1
26681,1
26682,1
26683,1
26684,1
26685,0.952238581019351
26686,0.9740504365406069
26687,1
26688,1
26689,1
26690,0.30589150745483407
26691,0.9493327992537673
26692,0.7058707174710608
26693,1
26694,0.9566063380955967
26695,0.9770147563321826
26696,1
26697,1
26698,1
26699,1
26700,0.8424575322254177
26701,1
26702,0.9058444529722146
26703,0.960473993748949
26704,1
26705,0.9946592700131068
26706,1
26707,1
26708,1
26709,0.9051410752309912
26710,1
26711,1
26712,1
26713,1
26714,0.9178939013644162
26715,1
26716,1
26717,1
26718,0.9170538670778072
26719,1
26720,1
26721,0.979845370195437
26722,0.9080628816173912
26723,1
26724,1
26725,1
26726,1
26727,1
26728,1
26729,1
26730,0.6615518515631539
26731,0.9302326597453842
26732,0.9825559015549896
26733,1
26734,0.9215149219764929
26735,1
26736,0.353941434494192
26737,1
26738,1
26739,1
26740,0.9155304119897592
26741,1
26742,1
26743,1
26744,0.7760677396851436
26745,0.9749608736926888
26746,0.9553135667688916
26747,1
26748,1
26749,1
26750,0.9131024994045092
26751,0.979845370195437
26752,0.8167727108893967
26753,1
26754,0.9709361642796265
26755,0.9225666260562072
26756,1
26757,1
26758,1
26759,0.14402390492519107
26760,0.944667081482042
26761,1
26762,1
26763,1
26764,1
26765,1
26766,1
26767,1
26768,1
26769,0.8669864360293214
26770,1
26771,0.9302326597453842
26772,0.8903316115907669
26773,0.8758105888378835
26774,1
26775,0.6179055997345697
26776,0.9740504365406069
26777,1
26778,1
26779,0.9825559015549896
26780,1
26781,1
26782,1
26783,1
26784,1
26785,1
26786,0.9215280870399606
26787,1
26788,0.952238581019351
26789,1
26790,0.41718765821025483
26791,0.7614348743621632
26792,0.9153905578079925
26793,0.9302326597453842
26794,0.4713614089463637
26795,1
26796,1
26797,0.9782839701430601
26798,1
26799,0.922001357152416
26800,1
26801,1
26802,1
26803,0.7708101208242008
26804,1
26805,1
26806,1
26807,0.839161268457454
26808,0.924648894940108
26809,0.9325583135457913
26810,1
26811,1
26812,0.9798171680757152
26813,1
26814,1
26815,0.7983772148940907
26816,0.9131024994045092
26817,0.774070986305001
26818,1
26819,0.7977222631844291
26820,0.9825559015549896
26821,1
26822,0.45668427535044265
26823,1
26824,1
26825,1
26826,1
26827,1
26828,1
26829,1
26830,1
26831,1
26832,0.7257293607171188
26833,1
26834,0.9968430762781008
26835,1
26836,1
26837,0.9573170700270499
26838,1
26839,1
26840,1
26841,0.9709361642796265
26842,1
26843,1
26844,1
26845,0.88188737547057
26846,1
26847,1
26848,0.9474976953452965
26849,1
26850,0.9248319710156705
26851,0.8666083815043443
26852,1
26853,1
26854,1
26855,1
26856,0.979845370195437
26857,1
26858,0.9851578980626085
26859,0.9002571508472601
26860,0.952238581019351
26861,0.9475888878684422
26862,0.7983772148940907
26863,0.6368549537830729
26864,0.9002571508472601
26865,1
26866,1
26867,0.9989614609837535
26868,1
26869,1
26870,1
26871,0.9480431182812052
26872,1
26873,1
26874,0.9676523251498593
26875,1
26876,0.9900744607435069
26877,0.37407118432363884
26878,0.9302326597453842
26879,1
26880,1
26881,1
26882,0.7008064475582944
26883,0.6058872752351431
26884,1
26885,0.9225666260562072
26886,0.9348763195256594
26887,1
26888,1
26889,1
26890,1
26891,0.7815895991035492
26892,0.6458177994912093
26893,1
26894,1
26895,0.9002571508472601
26896,0.7468244840071132
26897,1
26898,1
26899,1
26900,1
26901,1
26902,0.9225666260562072
26903,0.8079291789170285
26904,0.9730118975243602
26905,1
26906,0.9357152372676907
26907,0.9989614609837535
26908,1
26909,1
26910,1
26911,1
26912,1
26913,0.9431865066127629
26914,0.960473993748949
26915,1
26916,1
26917,1
26918,1
26919,1
26920,1
26921,0.9414328083717136
26922,1
26923,1
26924,1
26925,1
26926,0.655899524271714
26927,0.952238581019351
26928,0.8606913872729514
26929,1
26930,1
26931,0.9825559015549896
26932,1
26933,1
26934,1
26935,1
26936,0.6780457817008168
26937,1
26938,0.9740504365406069
26939,1
26940,0.7760331768062746
26941,1
26942,1
26943,1
26944,1
26945,1
26946,1
26947,1
26948,0.5737293649284516
26949,1
26950,1
26951,0.9475888878684422
26952,0.9676523251498593
26953,1
26954,1
26955,1
26956,1
26957,0.8947099284073113
26958,0.7074623484156638
26959,1
26960,1
26961,0.8555738467924694
26962,1
26963,0.8169729628667067
26964,0.9394160280826096
26965,1
26966,1
26967,0.9740504365406069
26968,0.9367537762839373
26969,0.9637614054970985
26970,1
26971,1
26972,1
26973,1
26974,1
26975,1
26976,0.6517044401729414
26977,1
26978,1
26979,0.6301070019315487
26980,1
26981,1
26982,1
26983,1
26984,0.9553750412366303
26985,1
26986,0.5460267353708053
26987,1
26988,1
26989,1
26990,1
26991,0.9468695762222473
26992,1
26993,1
26994,1
26995,1
26996,1
26997,0.9968430762781008
26998,0.952238581019351
26999,0.9709361642796265
27000,0.8247564585989096
27001,1
27002,0.9825559015549896
27003,1
27004,1
27005,0.8696486878279939
27006,1
27007,1
27008,1
27009,1
27010,1
27011,1
27012,0.6717151682874388
27013,1
27014,1
27015,0.8198623935617146
27016,1
27017,1
27018,1
27019,1
27020,0.9242321984787175
27021,0.9225666260562072
27022,1
27023,0.964174901191159
27024,1
27025,0.9800662137567313
27026,0.9740504365406069
27027,1
27028,0.275401117416931
27029,1
27030,1
27031,1
27032,1
27033,0.9770147563321826
27034,1
27035,0.7375333329350493
27036,1
27037,1
27038,1
27039,1
27040,0.624359164930815
27041,1
27042,0.8695005622149877
27043,1
27044,0.9077617694176161
27045,0.623283260681459
27046,0.7834843812084511
27047,0.964174901191159
27048,0.9664554086783061
27049,1
27050,0.5019080756187181
27051,1
27052,1
27053,0.9568601265276199
27054,1
27055,1
27056,1
27057,0.9475888878684422
27058,0.8452042579392905
27059,0.6533826636064513
27060,1
27061,1
27062,0.8558942012550356
27063,1
27064,1
27065,1
27066,1
27067,0.9414328083717136
27068,1
27069,0.7835351129566991
27070,0.9740504365406069
27071,1
27072,1
27073,1
27074,1
27075,1
27076,0.9153749431942635
27077,0.9367537762839373
27078,0.5748699585800554
27079,1
27080,0.979845370195437
27081,1
27082,0.9424713473879602
27083,0.9900744607435069
27084,1
27085,0.920307120488891
27086,1
27087,1
27088,0.9687097065537137
27089,0.8376536299292195
27090,1
27091,1
27092,1
27093,0.8304898105926442
27094,1
27095,1
27096,0.9989614609837535
27097,0.9013055185922261
27098,1
27099,0.9722503423331362
27100,0.9430298953039388
27101,1
27102,0.960473993748949
27103,1
27104,1
27105,1
27106,0.046885079789750934
27107,1
27108,0.8467041016565909
27109,1
27110,1
27111,0.9946592700131068
27112,1
27113,0.8572846399567644
27114,0.9475888878684422
27115,1
27116,0.9131024994045092
27117,0.9777357023625389
27118,0.9824794328812061
27119,0.7614348743621632
27120,1
27121,1
27122,1
27123,0.556156675118974
27124,0.9002571508472601
27125,1
27126,0.5014660314842384
27127,1
27128,1
27129,0.952238581019351
27130,0.8727040071333443
27131,1
27132,1
27133,1
27134,1
27135,0.9300683207496482
27136,1
27137,0.9244150179029693
27138,0.9099455756826098
27139,0.9565116537184474
27140,1
27141,1
27142,1
27143,1
27144,0.7393797424113968
27145,1
27146,1
27147,1
27148,0.8400575501760777
27149,0.9851578980626085
27150,1
27151,1
27152,0.8659533169283362
27153,1
27154,0.9367537762839373
27155,1
27156,1
27157,1
27158,1
27159,0.9417027616904663
27160,0.952238581019351
27161,1
27162,0.9131024994045092
27163,0.9709361642796265
27164,0.624359164930815
27165,1
27166,1
27167,1
27168,1
27169,0.5535873070774334
27170,1
27171,1
27172,0.9475888878684422
27173,1
27174,1
27175,1
27176,1
27177,0.9698976252633799
27178,1
27179,0.9815173625387432
27180,1
27181,0.275401117416931
27182,0.5469308941351461
27183,1
27184,0.7269925381007677
27185,1
27186,0.9876612416190321
27187,1
27188,0.9793225091593067
27189,1
27190,1
27191,0.9946592700131068
27192,0.9553135667688916
27193,1
27194,1
27195,0.780311511273469
27196,1
27197,1
27198,0.7559489437219912
27199,0.9876612416190321
27200,1
27201,0.9989614609837535
27202,0.8539767840847828
27203,1
27204,0.9225666260562072
27205,1
27206,0.910804212824544
27207,0.9398998226383832
27208,1
27209,0.9002571508472601
27210,0.9475888878684422
27211,0.9936207309968602
27212,0.8729251359289573
27213,0.7652951242914275
27214,0.9946592700131068
27215,0.7312285596431632
27216,1
27217,0.9677137996175981
27218,0.7375508223656813
27219,1
27220,1
27221,1
27222,0.9900744607435069
27223,0.6113372698895977
27224,0.9775628702003074
27225,1
27226,0.872417425720497
27227,1
27228,1
27229,1
27230,0.937130617401067
27231,0.9417027616904663
27232,0.8299730462466616
27233,1
27234,1
27235,1
27236,0.2546889839946581
27237,0.5051058870661566
27238,0.4844438480770324
27239,1
27240,1
27241,1
27242,1
27243,0.9565116537184474
27244,1
27245,0.8827365837284661
27246,0.9946592700131068
27247,1
27248,0.629870482259983
27249,0.9633411364173258
27250,0.8365812451717305
27251,0.6301070019315487
27252,0.9403193639443862
27253,0.5481767033256619
27254,0.9728191396816405
27255,0.9664554086783061
27256,1
27257,1
27258,1
27259,1
27260,0.9989614609837535
27261,0.9900744607435069
27262,0.9087587688567452
27263,1
27264,1
27265,0.40987534658270874
27266,0.9936207309968602
27267,0.9946592700131068
27268,1
27269,0.979845370195437
27270,0.9788068311791907
27271,1
27272,0.7546575606225919
27273,1
27274,1
27275,1
27276,0.9989614609837535
27277,1
27278,1
27279,0.952238581019351
27280,1
27281,0.9475888878684422
27282,0.22330085720963658
27283,1
27284,1
27285,1
27286,0.9946592700131068
27287,0.7035743644139342
27288,1
27289,0.8900602352564023
27290,1
27291,1
27292,1
27293,0.9504808575244802
27294,1
27295,1
27296,1
27297,1
27298,1
27299,1
27300,1
27301,0.9424713473879602
27302,0.9709361642796265
27303,1
27304,1
27305,0.9740504365406069
27306,0.9475888878684422
27307,0.954249361934666
27308,1
27309,1
27310,1
27311,1
27312,1
27313,0.7369657043235766
27314,1
27315,0.979845370195437
27316,0.9825559015549896
27317,1
27318,1
27319,0.9666137861336129
27320,0.9367537762839373
27321,0.8827365837284661
27322,1
27323,0.8758105888378835
27324,0.9709361642796265
27325,0.9518361428101912
27326,0.4688255068351295
27327,1
27328,1
27329,1
27330,1
27331,1
27332,0.9825559015549896
27333,1
27334,1
27335,1
27336,1
27337,1
27338,1
27339,0.8955879474882031
27340,0.9225666260562072
27341,0.4856062449309567
27342,0.4949879342564883
27343,1
27344,1
27345,0.8169741869927505
27346,1
27347,1
27348,1
27349,0.8701555139246495
27350,1
27351,1
27352,1
27353,1
27354,1
27355,0.6216493120985673
27356,0.9968430762781008
27357,0.8807548245543686
27358,0.8479756897538508
27359,1
27360,1
27361,0.9002571508472601
27362,1
27363,1
27364,1
27365,1
27366,0.9424713473879602
27367,0.8135557543021374
27368,1
27369,0.8234883536712077
27370,0.8527148163782422
27371,1
27372,1
27373,1
27374,0.825006886826599
27375,0.9424713473879602
27376,1
27377,0.9156032457616685
27378,1
27379,0.8513223437200496
27380,0.9900744607435069
27381,1
27382,1
27383,1
27384,1
27385,0.9825559015549896
27386,1
27387,0.9709361642796265
27388,1
27389,1
27390,0.8395389220625701
27391,0.979845370195437
27392,1
27393,1
27394,1
27395,1
27396,1
27397,1
27398,0.952238581019351
27399,1
27400,1
27401,1
27402,1
27403,1
27404,0.7610163342984023
27405,1
27406,1
27407,0.9900744607435069
27408,0.6542139681225959
27409,0.9924049721376991
27410,1
27411,1
27412,0.964174901191159
27413,1
27414,1
27415,1
27416,1
27417,1
27418,1
27419,1
27420,0.8572846399567644
27421,1
27422,0.9592083346032153
27423,1
27424,0.9770147563321826
27425,1
27426,1
27427,1
27428,0.9851578980626085
27429,1
27430,0.9225666260562072
27431,1
27432,1
27433,0.9709361642796265
27434,0.894319690614591
27435,1
27436,1
27437,0.8227084398703414
27438,0.952238581019351
27439,1
27440,1
27441,1
27442,0.9882095093995533
27443,1
27444,1
27445,0.7231206299513329
27446,0.964675997951215
27447,1
27448,1
27449,1
27450,0.9825559015549896
27451,0.9989614609837535
27452,0.9989614609837535
27453,1
27454,1
27455,1
27456,1
27457,1
27458,1
27459,0.9510651928727897
27460,1
27461,1
27462,0.8748052070755583
27463,1
27464,1
27465,0.97159182328225
27466,1
27467,1
27468,0.9475888878684422
27469,0.8668709369808728
27470,1
27471,1
27472,1
27473,0.9367537762839373
27474,1
27475,1
27476,0.9565116537184474
27477,0.9989614609837535
27478,1
27479,0.8807548245543686
27480,1
27481,0.8609684869004919
27482,0.9183711633180615
27483,1
27484,0.931609303423019
27485,0.979845370195437
27486,0.9900744607435069
27487,0.9860257031345594
27488,1
27489,1
27490,1
27491,1
27492,0.952238581019351
27493,0.9417027616904663
27494,1
27495,1
27496,1
27497,0.9676523251498593
27498,1
27499,1
27500,1
27501,1
27502,0.9876612416190321
27503,1
27504,0.9373964790819593
27505,1
27506,0.9728191396816405
27507,0.9946592700131068
27508,0.7554013156802626
27509,0.9206610947128439
27510,1
27511,1
27512,1
27513,1
27514,0.9363570239138845
27515,0.5893012619124263
27516,1
27517,0.7468244840071132
27518,1
27519,1
27520,0.7177296194998171
27521,1
27522,1
27523,1
27524,1
27525,0.8990624831784348
27526,0.8906495830199813
27527,1
27528,0.9666137861336129
27529,1
27530,0.9900744607435069
27531,1
27532,1
27533,1
27534,0.9740504365406069
27535,1
27536,0.887601960492403
27537,0.964174901191159
27538,1
27539,0.8220499497255387
27540,1
27541,1
27542,0.8466289094551391
27543,0.8457413713551848
27544,1
27545,0.9573170700270499
27546,1
27547,0.9740504365406069
27548,0.9131024994045092
27549,0.960473993748949
27550,1
27551,1
27552,1
27553,1
27554,1
27555,0.4042519003610609
27556,1
27557,1
27558,0.8729251359289573
27559,0.9502082267048491
27560,1
27561,1
27562,1
27563,0.7075789537377289
27564,1
27565,0.4156108837578656
27566,1
27567,1
27568,0.8376536299292195
27569,0.9709361642796265
27570,0.9475888878684422
27571,1
27572,1
27573,1
27574,0.979845370195437
27575,1
27576,1
27577,1
27578,1
27579,0.8467467531175099
27580,0.9367537762839373
27581,1
27582,0.8807548245543686
27583,0.7786990207646555
27584,1
27585,1
27586,0.9505484544924561
27587,1
27588,0.9968430762781008
27589,1
27590,0.9924049721376991
27591,1
27592,0.8322268604856979
27593,0.9946592700131068
27594,0.8093522815579132
27595,0.9225666260562072
27596,1
27597,1
27598,1
27599,0.5456567706850077
27600,1
27601,1
27602,1
27603,0.9915023462912075
27604,1
27605,1
27606,1
27607,1
27608,0.8055466835744679
27609,1
27610,1
27611,1
27612,0.9475888878684422
27613,1
27614,1
27615,0.9002571508472601
27616,1
27617,1
27618,0.960473993748949
27619,1
27620,1
27621,1
27622,1
27623,1
27624,0.9709361642796265
27625,1
27626,0.6144591078728968
27627,0.7832580133291586
27628,1
27629,1
27630,1
27631,1
27632,0.9394160280826096
27633,1
27634,1
27635,1
27636,1
27637,1
27638,0.9565116537184474
27639,1
27640,0.9968430762781008
27641,1
27642,1
27643,1
27644,1
27645,1
27646,0.715339252134621
27647,0.9002571508472601
27648,0.8718221902938038
27649,0.9348763195256594
27650,1
27651,1
27652,0.813125537818656
27653,1
27654,1
27655,1
27656,1
27657,0.9946592700131068
27658,1
27659,1
27660,0.9989614609837535
27661,1
27662,1
27663,1
27664,1
27665,0.9676523251498593
27666,1
27667,0.8990776854835568
27668,1
27669,0.9851578980626085
27670,0.9233832357943743
27671,0.4752980317743943
27672,0.9876612416190321
27673,0.9676523251498593
27674,0.952238581019351
27675,1
27676,1
27677,0.9411896575233417
27678,1
27679,1
27680,1
27681,0.8696141531229564
27682,1
27683,0.9989614609837535
27684,0.9602916039175288
27685,0.9730118975243602
27686,0.8395309883401231
27687,0.8727040071333443
27688,1
27689,0.9851578980626085
27690,0.9301325890069925
27691,0.8827478248327708
27692,0.8772774005956683
27693,1
27694,0.8772719071794428
27695,1
27696,1
27697,0.8955879474882031
27698,1
27699,0.9051410752309912
27700,0.9325583135457913
27701,0.4742471067546672
27702,0.9924049721376991
27703,1
27704,0.9225666260562072
27705,1
27706,0.5453840597252579
27707,0.8175516986336787
27708,1
27709,0.9900744607435069
27710,1
27711,1
27712,1
27713,0.9845043178971328
27714,1
27715,1
27716,0.952238581019351
27717,0.8022710443223037
27718,0.9225666260562072
27719,1
27720,1
27721,1
27722,0.9676523251498593
27723,0.9002571508472601
27724,1
27725,1
27726,0.4713614089463637
27727,0.9924049721376991
27728,0.9002571508472601
27729,0.45668427535044265
27730,1
27731,0.9002571508472601
27732,1
27733,0.8777214768754346
27734,1
27735,1
27736,1
27737,1
27738,1
27739,1
27740,0.8370109271311973
27741,0.9825559015549896
27742,0.9367537762839373
27743,0.8685756141067098
27744,1
27745,1
27746,1
27747,1
27748,1
27749,0.9302326597453842
27750,1
27751,1
27752,0.5843818398381908
27753,0.746312623183389
27754,1
27755,1
27756,1
27757,1
27758,1
27759,1
27760,1
27761,0.9302326597453842
27762,0.9740504365406069
27763,0.9169856474673964
27764,0.5460267353708053
27765,1
27766,1
27767,0.964174901191159
27768,1
27769,0.9876612416190321
27770,0.9225666260562072
27771,1
27772,1
27773,1
27774,1
27775,1
27776,1
27777,0.9323047947760824
27778,0.960473993748949
27779,0.9989614609837535
27780,0.9274478179980737
27781,1
27782,1
27783,1
27784,0.8403059902658436
27785,0.9479509206118093
27786,1
27787,1
27788,0.9002571508472601
27789,0.8879183924662923
27790,1
27791,0.33506242378142176
27792,0.9851578980626085
27793,0.9968430762781008
27794,0.952238581019351
27795,1
27796,0.8746646238919269
27797,0.9131024994045092
27798,1
27799,1
27800,1
27801,1
27802,1
27803,1
27804,1
27805,0.664034847216157
27806,1
27807,1
27808,1
27809,0.7530824960173264
27810,1
27811,0.9876612416190321
27812,1
27813,1
27814,1
27815,0.6307827173769477
27816,0.9424713473879602
27817,0.960473993748949
27818,0.9475888878684422
27819,0.9164134822105101
27820,1
27821,1
27822,0.4726755453687731
27823,1
27824,0.9302326597453842
27825,1
27826,0.5535873070774334
27827,0.9225666260562072
27828,0.9373964790819593
27829,0.7728559241762358
27830,0.7008064475582944
27831,1
27832,1
27833,0.9946592700131068
27834,1
27835,1
27836,1
27837,1
27838,1
27839,0.7760677396851436
27840,1
27841,1
27842,0.960473993748949
27843,1
27844,0.9424713473879602
27845,1
27846,1
27847,0.8304898105926442
27848,0.9770147563321826
27849,1
27850,1
27851,1
27852,1
27853,1
27854,1
27855,1
27856,1
27857,1
27858,1
27859,0.8498610253784903
27860,0.8376536299292195
27861,0.9709361642796265
27862,1
27863,0.9424713473879602
27864,1
27865,1
27866,1
27867,1
27868,1
27869,1
27870,0.8758105888378835
27871,1
27872,1
27873,0.9968430762781008
27874,0.9424713473879602
27875,0.964174901191159
27876,1
27877,0.9198392302015785
27878,0.09592527617045765
27879,0.9002571508472601
27880,0.8900602352564023
27881,0.964174901191159
27882,0.9946592700131068
27883,1
27884,0.8443586871204765
27885,0.9194384640530051
27886,1
27887,0.9301447894234319
27888,1
27889,1
27890,1
27891,1
27892,0.8612426996364245
27893,0.9677137996175981
27894,1
27895,0.9510651928727897
27896,0.9043802298602983
27897,0.9031769601480161
27898,0.8135557543021374
27899,1
27900,0.6653793146473094
27901,1
27902,1
27903,1
27904,0.7878468532804339
27905,0.6087266877625149
27906,1
27907,0.9577267858933664
27908,1
27909,0.8606021460741148
27910,1
27911,0.7545096253416547
27912,1
27913,1
27914,0.8611816825101545
27915,1
27916,1
27917,1
27918,1
27919,1
27920,0.9825559015549896
27921,0.9740504365406069
27922,0.9876612416190321
27923,0.9041005415868895
27924,0.987064242150806
27925,1
27926,1
27927,1
27928,1
27929,0.8166501243236343
27930,0.808557374768934
27931,1
27932,0.9876612416190321
27933,0.4084303123008832
27934,0.8396116725722155
27935,1
27936,1
27937,1
27938,1
27939,1
27940,1
27941,0.7679124765405356
27942,0.7686486180626632
27943,1
27944,1
27945,0.9958045372618541
27946,0.7117847265616775
27947,0.9676523251498593
27948,0.8634718304569158
27949,1
27950,1
27951,1
27952,0.7760331768062746
27953,1
27954,1
27955,0.9825559015549896
27956,1
27957,1
27958,0.9423130417628578
27959,0.9002571508472601
27960,1
27961,1
27962,1
27963,1
27964,1
27965,1
27966,1
27967,1
27968,1
27969,0.9709361642796265
27970,0.910021935256429
27971,1
27972,1
27973,0.9424713473879602
27974,0.9302326597453842
27975,1
27976,1
27977,1
27978,0.964174901191159
27979,1
27980,0.8424575322254177
27981,0.9364517082910339
27982,0.9002571508472601
27983,0.931609303423019
27984,1
27985,1
27986,0.9839073184289067
27987,0.4785260385559045
27988,0.8758105888378835
27989,1
27990,0.9475888878684422
27991,1
27992,1
27993,1
27994,1
27995,1
27996,1
27997,1
27998,0.9968430762781008
27999,0.9291781694492045
28000,1
28001,0.7678239745986395
28002,1
28003,0.9490816572974519
28004,1
28005,1
28006,0.9367537762839373
28007,1
28008,0.9512000420031044
28009,1
28010,0.9468291209737763
28011,1
28012,0.8593204023401445
28013,1
28014,1
28015,0.9225666260562072
28016,1
28017,0.8990624831784348
28018,0.9367537762839373
28019,1
28020,0.9131024994045092
28021,1
28022,0.8830406198051564
28023,0.2954015740468363
28024,1
28025,0.9417237809097337
28026,1
28027,1
28028,1
28029,0.9876612416190321
28030,1
28031,0.9900744607435069
28032,1
28033,0.960473993748949
28034,1
28035,0.9568601265276199
28036,1
28037,1
28038,0.48291345772815875
28039,1
28040,1
28041,1
28042,1
28043,1
28044,1
28045,1
28046,0.9225666260562072
28047,0.9740504365406069
28048,0.9302326597453842
28049,1
28050,1
28051,0.8024842537927155
28052,1
28053,1
28054,1
28055,1
28056,1
28057,1
28058,1
28059,1
28060,0.944667081482042
28061,1
28062,1
28063,0.3198088959383692
28064,0.9676523251498593
28065,1
28066,1
28067,0.9676523251498593
28068,1
28069,0.9131024994045092
28070,1
28071,1
28072,1
28073,1
28074,1
28075,0.9989614609837535
28076,0.9538958067360441
28077,0.9048726191383872
28078,0.9876612416190321
28079,0.8221688251938056
28080,0.9169856474673964
28081,1
28082,0.8869603320147926
28083,1
28084,1
28085,0.9044061014337967
28086,1
28087,0.952238581019351
28088,1
28089,1
28090,0.6866276435801041
28091,0.9302326597453842
28092,0.9946592700131068
28093,1
28094,0.8194903600124033
28095,1
28096,0.9077617694176161
28097,1
28098,1
28099,0.9025286446755189
28100,0.952238581019351
28101,1
28102,1
28103,0.8214785785571656
28104,1
28105,1
28106,1
28107,1
28108,0.8452042579392905
28109,0.7693133791737172
28110,0.8352451622892176
28111,1
28112,1
28113,1
28114,0.7001011774991357
28115,1
28116,0.6334149813980159
28117,1
28118,0.8075100603410523
28119,1
28120,1
28121,1
28122,1
28123,1
28124,1
28125,0.8609684869004919
28126,1
28127,0.5865955798156085
28128,0.9367537762839373
28129,1
28130,0.9367537762839373
28131,0.979845370195437
28132,1
28133,1
28134,1
28135,1
28136,0.9424713473879602
28137,0.9198909061692103
28138,1
28139,0.953354729996548
28140,0.9178939013644162
28141,1
28142,0.9002571508472601
28143,0.275401117416931
28144,1
28145,0.8807458455508115
28146,0.5486832611458797
28147,1
28148,1
28149,0.5019080756187181
28150,0.979845370195437
28151,1
28152,0.9900744607435069
28153,0.9183711633180615
28154,1
28155,1
28156,1
28157,0.9302326597453842
28158,1
28159,0.755991738359142
28160,1
28161,1
28162,1
28163,0.8778651986190539
28164,1
28165,1
28166,1
28167,0.618338034842548
28168,0.804376881740647
28169,1
28170,1
28171,0.9876612416190321
28172,0.47288261190851066
28173,1
28174,1
28175,1
28176,1
28177,1
28178,1
28179,1
28180,0.9968430762781008
28181,1
28182,0.9367537762839373
28183,1
28184,1
28185,0.9851578980626085
28186,0.9565116537184474
28187,0.9770147563321826
28188,1
28189,1
28190,1
28191,1
28192,0.8758105888378835
28193,1
28194,0.8021124418900005
28195,1
28196,1
28197,0.9740504365406069
28198,1
28199,0.9528102232124677
28200,0.8607311445962091
28201,0.9268282370274441
28202,0.862469293539203
28203,0.9318272263410183
28204,0.9676523251498593
28205,1
28206,1
28207,0.960473993748949
28208,1
28209,0.9385884894294859
28210,0.9126239317640477
28211,1
28212,1
28213,1
28214,0.9851578980626085
28215,1
28216,1
28217,0.9394160280826096
28218,0.8772774005956683
28219,1
28220,1
28221,1
28222,0.8390884099847744
28223,1
28224,1
28225,1
28226,0.8812134267238553
28227,1
28228,0.9424713473879602
28229,1
28230,1
28231,0.9946592700131068
28232,0.9424713473879602
28233,0.9676523251498593
28234,1
28235,1
28236,1
28237,1
28238,1
28239,1
28240,0.7236180808839732
28241,0.9851578980626085
28242,0.9968430762781008
28243,0.9770147563321826
28244,1
28245,1
28246,1
28247,0.8801025210426973
28248,1
28249,0.9553750412366303
28250,1
28251,0.793601952689049
28252,1
28253,1
28254,0.6138191340297608
28255,1
28256,1
28257,0.8924931825839564
28258,0.9676523251498593
28259,1
28260,1
28261,1
28262,0.9002571508472601
28263,1
28264,1
28265,1
28266,0.9225666260562072
28267,1
28268,1
28269,1
28270,1
28271,1
28272,1
28273,1
28274,1
28275,1
28276,0.7979915110564277
28277,0.964174901191159
28278,0.8798874929141096
28279,1
28280,0.852953726902488
28281,1
28282,1
28283,1
28284,1
28285,1
28286,0.9968430762781008
28287,0.9367537762839373
28288,0.9825559015549896
28289,1
28290,0.9051410752309912
28291,0.9958045372618541
28292,1
28293,1
28294,1
28295,1
28296,1
28297,1
28298,1
28299,0.862469293539203
28300,1
28301,0.5040718358666121
28302,0.7008064475582944
28303,0.6758673522247576
28304,1
28305,1
28306,0.7008064475582944
28307,1
28308,0.8650379734441676
28309,1
28310,0.8426016323967241
28311,1
28312,0.8303387702833663
28313,1
28314,1
28315,0.9946592700131068
28316,1
28317,1
28318,1
28319,0.8533734590381911
28320,1
28321,1
28322,0.8452042579392905
28323,0.9958045372618541
28324,0.9709361642796265
28325,0.7223012731869127
28326,1
28327,0.979845370195437
28328,1
28329,1
28330,0.9475888878684422
28331,0.8900602352564023
28332,1
28333,0.8527992858015914
28334,1
28335,1
28336,1
28337,1
28338,1
28339,0.9676523251498593
28340,1
28341,1
28342,0.8489332535771155
28343,0.960473993748949
28344,0.6089332392434664
28345,0.9565116537184474
28346,0.8556559590333207
28347,1
28348,0.862469293539203
28349,1
28350,0.7468244840071132
28351,1
28352,0.9302326597453842
28353,0.9637614054970985
28354,1
28355,1
28356,1
28357,0.9968430762781008
28358,1
28359,0.9900744607435069
28360,1
28361,0.9059234957290863
28362,1
28363,0.9178939013644162
28364,1
28365,0.8874971213772586
28366,1
28367,0.8638411288028187
28368,1
28369,1
28370,0.9291781694492045
28371,1
28372,1
28373,0.9455475754457076
28374,1
28375,0.9824794328812061
28376,0.9300683207496482
28377,0.952238581019351
28378,0.979845370195437
28379,1
28380,0.7979915110564277
28381,0.35051838213699305
28382,1
28383,0.9041005415868895
28384,0.48277520315290234
28385,0.4989114741755304
28386,0.9989614609837535
28387,0.887601960492403
28388,0.952238581019351
28389,1
28390,1
28391,0.9120639603882625
28392,0.9946592700131068
28393,0.7083544942939625
28394,1
28395,0.9149715981939065
28396,1
28397,1
28398,1
28399,0.8524957318666111
28400,1
28401,0.8879183924662923
28402,0.2426719729727812
28403,1
28404,1
28405,0.61173686514586
28406,0.745100505891559
28407,0.979845370195437
28408,0.9825559015549896
28409,1
28410,1
28411,0.9281263188988084
28412,1
28413,0.9676523251498593
28414,1
28415,0.952238581019351
28416,0.275401117416931
28417,1
28418,1
28419,1
28420,1
28421,1
28422,0.8807548245543686
28423,0.560249573594455
28424,0.9851578980626085
28425,0.9676523251498593
28426,1
28427,1
28428,1
28429,0.8731117163496501
28430,0.5530983902942469
28431,1
28432,1
28433,0.9178939013644162
28434,0.668983047649937
28435,1
28436,1
28437,1
28438,1
28439,0.979845370195437
28440,1
28441,1
28442,0.9740504365406069
28443,1
28444,1
28445,1
28446,0.9131024994045092
28447,1
28448,1
28449,1
28450,1
28451,1
28452,1
28453,1
28454,1
28455,1
28456,1
28457,1
28458,1
28459,1
28460,1
28461,0.960473993748949
28462,1
28463,1
28464,1
28465,0.7408550392463675
28466,1
28467,0.964675997951215
28468,1
28469,1
28470,1
28471,1
28472,0.45668427535044265
28473,0.9851578980626085
28474,1
28475,1
28476,1
28477,0.7372582185655
28478,1
28479,0.26899999605500724
28480,0.9709361642796265
28481,1
28482,1
28483,0.9002571508472601
28484,0.8536727480080925
28485,0.964675997951215
28486,0.8900602352564023
28487,1
28488,1
28489,0.9946592700131068
28490,0.6368549537830729
28491,0.5766636732381408
28492,0.645126908877998
28493,1
28494,1
28495,0.9170803318445457
28496,0.964174901191159
28497,0.9730118975243602
28498,1
28499,1
28500,1
28501,1
28502,0.960473993748949
28503,1
28504,1
28505,1
28506,0.9968430762781008
28507,0.9876612416190321
28508,1
28509,1
28510,1
28511,1
28512,1
28513,1
28514,1
28515,1
28516,1
28517,1
28518,0.964174901191159
28519,1
28520,1
28521,1
28522,0.9740504365406069
28523,0.9302326597453842
28524,0.8036068796451299
28525,0.7981256539644328
28526,1
28527,0.3876021803368593
28528,1
28529,0.8972277700328865
28530,0.8452042579392905
28531,0.9314101580285756
28532,1
28533,1
28534,0.780311511273469
28535,1
28536,0.9841193590463618
28537,1
28538,1
28539,0.9600572972875585
28540,1
28541,1
28542,1
28543,0.8323222425563308
28544,1
28545,0.9924049721376991
28546,1
28547,1
28548,0.046885079789750934
28549,0.9770147563321826
28550,0.9770147563321826
28551,1
28552,1
28553,1
28554,0.7008064475582944
28555,0.5865955798156085
28556,1
28557,1
28558,1
28559,1
28560,1
28561,0.8297016458838836
28562,0.9417377713914665
28563,0.9677137996175981
28564,1
28565,1
28566,1
28567,0.8758105888378835
28568,0.979845370195437
28569,1
28570,0.9411896575233417
28571,0.960473993748949
28572,0.8696486878279939
28573,0.9231747452989774
28574,1
28575,0.9900744607435069
28576,0.9825559015549896
28577,1
28578,1
28579,1
28580,1
28581,0.8759977574385902
28582,1
28583,1
28584,1
28585,0.9989614609837535
28586,1
28587,1
28588,0.9116725965364556
28589,1
28590,0.23299374760113867
28591,1
28592,1
28593,1
28594,1
28595,1
28596,1
28597,0.9120639603882625
28598,1
28599,0.9455475754457076
28600,1
28601,0.9788068311791907
28602,1
28603,1
28604,0.952238581019351
28605,1
28606,1
28607,0.8233994767063256
28608,1
28609,1
28610,0.787446721238953
28611,1
28612,1
28613,1
28614,0.7340802514146505
28615,0.862469293539203
28616,1
28617,1
28618,0.9517939502087364
28619,1
28620,1
28621,0.8696141531229564
28622,0.8556559590333207
28623,0.9866227026027855
28624,1
28625,0.9740504365406069
28626,1
28627,0.9131024994045092
28628,1
28629,0.9924049721376991
28630,0.9738578326102835
28631,0.960473993748949
28632,0.9709361642796265
28633,1
28634,0.952238581019351
28635,0.9946592700131068
28636,1
28637,1
28638,1
28639,0.960473993748949
28640,0.8133596502517693
28641,0.960473993748949
28642,1
28643,1
28644,0.952238581019351
28645,1
28646,0.9002571508472601
28647,1
28648,0.943134356321233
28649,0.882471240764735
28650,1
28651,1
28652,1
28653,1
28654,0.964174901191159
28655,0.7263057493145607
28656,1
28657,0.9815173625387432
28658,0.9553135667688916
28659,0.9268282370274441
28660,1
28661,1
28662,0.9367537762839373
28663,1
28664,1
28665,0.41868302570739646
28666,0.8589236499700917
28667,0.934524430289556
28668,0.9876612416190321
28669,0.5652959962438696
28670,0.9424713473879602
28671,0.9131024994045092
28672,1
28673,1
28674,0.8313736382271896
28675,1
28676,1
28677,0.960473993748949
28678,0.8718994253099747
28679,0.930371619012329
28680,1
28681,1
28682,1
28683,0.7648373624904259
28684,0.9198392302015785
28685,0.8693903114644997
28686,1
28687,1
28688,0.37436228132141475
28689,1
28690,0.7082293008608821
28691,1
28692,0.9825559015549896
28693,1
28694,1
28695,1
28696,1
28697,0.38544972590180404
28698,1
28699,0.846754443673951
28700,1
28701,0.9825559015549896
28702,1
28703,1
28704,1
28705,1
28706,1
28707,0.9475888878684422
28708,0.964174901191159
28709,0.8873496464901365
28710,1
28711,0.9198909061692103
28712,1
28713,0.9825559015549896
28714,1
28715,1
28716,0.979845370195437
28717,0.8962984967558111
28718,0.9077116957215516
28719,1
28720,1
28721,1
28722,1
28723,0.8651089792710435
28724,1
28725,1
28726,0.5865955798156085
28727,1
28728,0.9989614609837535
28729,1
28730,1
28731,0.9900744607435069
28732,0.9709361642796265
28733,0.9900744607435069
28734,0.9800662137567313
28735,0.8536727480080925
28736,0.8758105888378835
28737,0.7731421801970033
28738,1
28739,0.9225666260562072
28740,0.9475888878684422
28741,0.9624012717504269
28742,1
28743,1
28744,1
28745,1
28746,1
28747,1
28748,0.9924049721376991
28749,1
28750,1
28751,0.964174901191159
28752,0.9612862640603967
28753,0.7144110924696739
28754,0.9126410867997141
28755,0.2426719729727812
28756,1
28757,1
28758,1
28759,1
28760,1
28761,0.9851578980626085
28762,1
28763,0.9989614609837535
28764,0.9968430762781008
28765,0.8169729628667067
28766,1
28767,1
28768,1
28769,1
28770,0.891384556817176
28771,1
28772,1
28773,1
28774,1
28775,1
28776,1
28777,1
28778,0.9510651928727897
28779,0.960473993748949
28780,0.9170538670778072
28781,0.9002571508472601
28782,1
28783,1
28784,0.9411896575233417
28785,1
28786,1
28787,1
28788,1
28789,0.9740504365406069
28790,0.9565116537184474
28791,1
28792,1
28793,1
28794,1
28795,1
28796,1
28797,0.4844438480770324
28798,1
28799,1
28800,0.4742471067546672
28801,0.922001357152416
28802,1
28803,1
28804,1
28805,0.8669864360293214
28806,1
28807,0.952238581019351
28808,1
28809,1
28810,1
28811,1
28812,0.8895262904533958
28813,1
28814,1
28815,1
28816,0.8854150489098684
28817,1
28818,1
28819,1
28820,1
28821,1
28822,1
28823,1
28824,1
28825,1
28826,1
28827,0.9637614054970985
28828,0.7150256877495622
28829,0.17531456448319846
28830,1
28831,0.9946592700131068
28832,1
28833,0.9594354547327026
28834,1
28835,1
28836,1
28837,1
28838,0.9475888878684422
28839,0.9178939013644162
28840,0.9968430762781008
28841,0.8233994767063256
28842,1
28843,1
28844,0.9456922637299021
28845,1
28846,1
28847,1
28848,1
28849,1
28850,1
28851,1
28852,1
28853,1
28854,0.9989614609837535
28855,1
28856,0.7935041661637716
28857,0.943134356321233
28858,1
28859,0.9770147563321826
28860,1
28861,1
28862,1
28863,1
28864,0.9624012717504269
28865,0.8096342618905096
28866,1
28867,1
28868,0.8701555139246495
28869,1
28870,0.9783604388168439
28871,0.9876612416190321
28872,1
28873,1
28874,0.9709361642796265
28875,0.9946592700131068
28876,0.8399854900290427
28877,1
28878,1
28879,1
28880,0.604652783226831
28881,1
28882,1
28883,0.362563008212507
28884,0.9876612416190321
28885,0.8702265197515254
28886,1
28887,1
28888,0.9480431182812052
28889,0.9946592700131068
28890,0.9770147563321826
28891,0.8955879474882031
28892,1
28893,0.9946592700131068
28894,0.9455475754457076
28895,1
28896,0.979845370195437
28897,0.6801724496321412
28898,1
28899,0.8304898105926442
28900,1
28901,1
28902,1
28903,0.6769994492890106
28904,1
28905,1
28906,0.9676523251498593
28907,0.9403193639443862
28908,1
28909,1
28910,0.7357640381619793
28911,0.687337059132623
28912,1
28913,1
28914,1
28915,0.9900744607435069
28916,0.9946592700131068
28917,0.9900744607435069
28918,0.9424713473879602
28919,1
28920,0.7346954184363538
28921,0.9676523251498593
28922,0.979845370195437
28923,0.4996395042493796
28924,1
28925,1
28926,1
28927,0.962172654394791
28928,1
28929,0.9770147563321826
28930,1
28931,1
28932,0.8826130883001485
28933,1
28934,0.8674393885718598
28935,0.9946592700131068
28936,0.8297016458838836
28937,1
28938,1
28939,0.8297016458838836
28940,1
28941,0.9002571508472601
28942,1
28943,0.6780457817008168
28944,1
28945,1
28946,0.9002571508472601
28947,0.9149715981939065
28948,1
28949,0.8679709504648582
28950,1
28951,0.960473993748949
28952,0.9170538670778072
28953,1
28954,1
28955,1
28956,1
28957,0.9709361642796265
28958,1
28959,1
28960,1
28961,0.9131024994045092
28962,0.9825559015549896
28963,1
28964,1
28965,1
28966,1
28967,1
28968,1
28969,0.9002571508472601
28970,1
28971,0.9215149219764929
28972,1
28973,0.9989614609837535
28974,1
28975,0.9244150179029693
28976,1
28977,1
28978,1
28979,0.8501612879515238
28980,0.7983772148940907
28981,0.964174901191159
28982,1
28983,1
28984,0.9120336373277153
28985,1
28986,1
28987,0.9002571508472601
28988,0.7016743265233142
28989,0.4844438480770324
28990,1
28991,0.9676523251498593
28992,1
28993,0.952238581019351
28994,0.952238581019351
28995,1
28996,0.7027346871469817
28997,1
28998,0.9900744607435069
28999,1
29000,1
29001,1
29002,1
29003,1
29004,0.8539767840847828
29005,0.6762311819478289
29006,0.5809649968524019
29007,0.7372425765962349
29008,0.8879183924662923
29009,0.6801724496321412
29010,1
29011,1
29012,1
29013,1
29014,0.9915023462912075
29015,1
29016,1
29017,0.49648258052748023
29018,1
29019,1
29020,0.9518361428101912
29021,1
29022,0.3198088959383692
29023,0.9958045372618541
29024,1
29025,0.9900744607435069
29026,1
29027,1
29028,1
29029,0.9740504365406069
29030,1
29031,0.854546675848951
29032,1
29033,1
29034,0.9900744607435069
29035,1
29036,1
29037,0.979845370195437
29038,0.952238581019351
29039,0.9770147563321826
29040,0.7790525925596906
29041,0.964174901191159
29042,1
29043,0.5832555245489736
29044,1
29045,1
29046,0.87146808938467
29047,1
29048,0.9131024994045092
29049,1
29050,0.9851578980626085
29051,0.9131024994045092
29052,1
29053,0.9131024994045092
29054,1
29055,1
29056,1
29057,1
29058,1
29059,1
29060,0.9565116537184474
29061,1
29062,0.9131024994045092
29063,1
29064,1
29065,1
29066,1
29067,0.952238581019351
29068,1
29069,0.9302326597453842
29070,1
29071,1
29072,1
29073,1
29074,1
29075,0.5019080756187181
29076,1
29077,0.952238581019351
29078,0.6199686806008506
29079,1
29080,1
29081,0.8758105888378835
29082,0.9676523251498593
29083,0.9538958067360441
29084,1
29085,0.8758105888378835
29086,1
29087,1
29088,0.9318272263410183
29089,0.6028522182147588
29090,0.8452042579392905
29091,1
29092,0.9676523251498593
29093,1
29094,0.645126908877998
29095,0.7262139338290676
29096,1
29097,1
29098,1
29099,0.8994293147388439
29100,0.8356691254607166
29101,1
29102,1
29103,1
29104,1
29105,0.9825559015549896
29106,1
29107,1
29108,0.6689780745021044
29109,0.9396458708333401
29110,0.9900744607435069
29111,1
29112,0.5478907347478346
29113,1
29114,0.9738578326102835
29115,1
29116,0.9302326597453842
29117,1
29118,0.7542618295384133
29119,1
29120,1
29121,1
29122,1
29123,1
29124,1
29125,0.9101236725378196
29126,1
29127,0.9851578980626085
29128,0.8624352986582766
29129,1
29130,1
29131,1
29132,1
29133,1
29134,1
29135,0.8651089792710435
29136,1
29137,0.9367537762839373
29138,0.7372582185655
29139,0.9989614609837535
29140,1
29141,0.768730256318108
29142,1
29143,0.0790753774639826
29144,0.9424713473879602
29145,1
29146,1
29147,0.9401369741129659
29148,1
29149,1
29150,1
29151,1
29152,1
29153,0.9457905819575296
29154,0.8297016458838836
29155,0.9839073184289067
29156,1
29157,1
29158,1
29159,0.9825559015549896
29160,0.8530257604059802
29161,1
29162,1
29163,0.9900744607435069
29164,1
29165,0.8060432485832676
29166,0.9528102232124677
29167,1
29168,0.9225666260562072
29169,0.9913664331214527
29170,1
29171,0.8929478695999464
29172,1
29173,0.9968430762781008
29174,0.9424713473879602
29175,1
29176,1
29177,1
29178,0.8637294415690303
29179,0.8826130883001485
29180,0.9367537762839373
29181,1
29182,0.9414328083717136
29183,1
29184,1
29185,1
29186,1
29187,1
29188,1
29189,0.7468244840071132
29190,1
29191,0.9072474160775669
29192,1
29193,1
29194,0.920307120488891
29195,0.9676523251498593
29196,1
29197,1
29198,0.9281263188988084
29199,0.8304898105926442
29200,1
29201,1
29202,1
29203,1
29204,0.9424713473879602
29205,0.9770147563321826
29206,0.9637614054970985
29207,0.9367537762839373
29208,1
29209,0.4785260385559045
29210,0.8651089792710435
29211,0.979845370195437
29212,1
29213,0.9740504365406069
29214,1
29215,0.9475888878684422
29216,0.39106635148455415
29217,1
29218,1
29219,1
29220,0.5419695248912441
29221,1
29222,1
29223,0.979845370195437
29224,1
29225,1
29226,0.9123911783269042
29227,0.960473993748949
29228,1
29229,1
29230,1
29231,0.960473993748949
29232,1
29233,0.8702265197515254
29234,0.9968430762781008
29235,0.9709361642796265
29236,1
29237,0.9809624353244625
29238,0.9677792405577272
29239,1
29240,0.781301017272274
29241,0.8966170625968141
29242,1
29243,1
29244,0.979845370195437
29245,1
29246,1
29247,1
29248,1
29249,1
29250,1
29251,0.9475888878684422
29252,1
29253,0.955133263762056
29254,0.964174901191159
29255,0.7859125347082226
29256,1
29257,1
29258,0.7231206299513329
29259,1
29260,1
29261,1
29262,1
29263,0.9131024994045092
29264,1
29265,0.7979915110564277
29266,0.881059836817446
29267,0.6414088201090038
29268,0.9565116537184474
29269,1
29270,1
29271,1
29272,0.7786804789122529
29273,1
29274,0.9968430762781008
29275,1
29276,0.9851578980626085
29277,1
29278,0.9946592700131068
29279,1
29280,1
29281,1
29282,0.9637614054970985
29283,1
29284,0.8638411288028187
29285,0.8807135172698642
29286,1
29287,1
29288,1
29289,0.9968430762781008
29290,0.5010021958424691
29291,1
29292,1
29293,1
29294,0.8536727480080925
29295,0.8929478695999464
29296,1
29297,0.7763060498075409
29298,1
29299,1
29300,0.960473993748949
29301,0.9573170700270499
29302,0.898396797075383
29303,1
29304,1
29305,1
29306,0.8323222425563308
29307,0.9050934626996813
29308,1
29309,0.6894278502017673
29310,0.847155001879718
29311,1
29312,1
29313,0.8651089792710435
29314,0.9475888878684422
29315,0.9475888878684422
29316,0.736616948880664
29317,1
29318,0.8879538182870418
29319,1
29320,1
29321,1
29322,1
29323,0.8694990524977126
29324,0.9647999445133452
29325,1
29326,1
29327,1
29328,1
29329,0.48894181961269545
29330,1
29331,1
29332,0.9946592700131068
29333,0.8692242284867473
29334,0.9424713473879602
29335,1
29336,1
29337,0.9424713473879602
29338,0.9347944825743407
29339,1
29340,0.9325583135457913
29341,0.7760677396851436
29342,0.9565116537184474
29343,0.7857460124153144
29344,1
29345,1
29346,1
29347,1
29348,1
29349,1
29350,1
29351,0.8897273311004829
29352,0.8166501243236343
29353,1
29354,0.9302326597453842
29355,1
29356,1
29357,1
29358,1
29359,1
29360,1
29361,0.9924049721376991
29362,1
29363,1
29364,0.8708582861489508
29365,1
29366,0.9321615611757386
29367,1
29368,1
29369,0.8319754889820319
29370,1
29371,1
29372,0.8758105888378835
29373,0.8801025210426973
29374,0.9825559015549896
29375,0.9131024994045092
29376,0.932545808131467
29377,0.9565116537184474
29378,0.9318272263410183
29379,0.9740504365406069
29380,1
29381,1
29382,0.9357152372676907
29383,1
29384,0.952238581019351
29385,0.5027401812250911
29386,1
29387,1
29388,0.862469293539203
29389,1
29390,0.9505484544924561
29391,0.987064242150806
29392,1
29393,1
29394,1
29395,1
29396,1
29397,1
29398,1
29399,0.7983772148940907
29400,1
29401,1
29402,1
29403,0.960473993748949
29404,1
29405,0.9511709237315541
29406,1
29407,0.6509548040861303
29408,1
29409,1
29410,0.4280991171708136
29411,0.960473993748949
29412,1
29413,1
29414,0.7578853353322107
29415,1
29416,1
29417,1
29418,0.9565116537184474
29419,1
29420,1
29421,1
29422,0.9456318918115574
29423,1
29424,1
29425,1
29426,0.8228237769034674
29427,1
29428,0.8650379734441676
29429,0.8003451234119315
29430,1
29431,1
29432,0.6476978354947401
29433,1
29434,0.9851578980626085
29435,1
29436,1
29437,0.46194002523318745
29438,1
29439,1
29440,1
29441,1
29442,1
29443,1
29444,1
29445,0.7082293008608821
29446,1
29447,1
29448,0.7833999182398313
29449,1
29450,0.839161268457454
29451,1
29452,1
29453,1
29454,0.9475888878684422
29455,0.7133053711993421
29456,0.9475888878684422
29457,1
29458,0.9131024994045092
29459,1
29460,0.7870690053303648
29461,1
29462,1
29463,0.9825559015549896
29464,1
29465,1
29466,1
29467,0.938225337731766
29468,1
29469,0.7953213355843822
29470,0.8536727480080925
29471,0.9847337307566136
29472,0.7435923099971533
29473,0.8830406198051564
29474,1
29475,1
29476,0.8758105888378835
29477,1
29478,0.9027739438341014
29479,0.9131024994045092
29480,1
29481,0.730003379081677
29482,1
29483,1
29484,0.8536727480080925
29485,1
29486,0.952238581019351
29487,0.9851578980626085
29488,0.9900744607435069
29489,1
29490,1
29491,1
29492,1
29493,0.7628349328029561
29494,1
29495,0.9770147563321826
29496,1
29497,1
29498,1
29499,1
29500,1
29501,1
29502,0.9120639603882625
29503,0.9946592700131068
29504,1
29505,0.960473993748949
29506,0.8150337816312075
29507,1
29508,1
29509,1
29510,1
29511,0.9390675552734369
29512,0.952238581019351
29513,0.8353551873565812
29514,0.6780457817008168
29515,0.9554404821767595
29516,1
29517,1
29518,0.9968430762781008
29519,1
29520,1
29521,1
29522,0.5727577862425257
29523,1
29524,1
29525,1
29526,0.8992186118310135
29527,0.9749608736926888
29528,1
29529,0.9900744607435069
29530,1
29531,0.9825559015549896
29532,0.9989614609837535
29533,1
29534,0.952238581019351
29535,0.9845043178971328
29536,1
29537,0.932545808131467
29538,1
29539,0.9367537762839373
29540,1
29541,1
29542,1
29543,0.9592083346032153
29544,1
29545,1
29546,1
29547,1
29548,0.7812881220492623
29549,1
29550,1
29551,0.9989614609837535
29552,0.9573170700270499
29553,1
29554,0.8731129197190418
29555,0.9924049721376991
29556,1
29557,1
29558,0.9320839512147882
29559,0.960473993748949
29560,0.9565116537184474
29561,0.931609303423019
29562,1
29563,1
29564,1
29565,0.7372582185655
29566,1
29567,0.6417123740439841
29568,1
29569,1
29570,1
29571,1
29572,0.8247564585989096
29573,1
29574,1
29575,0.9044844249354965
29576,0.9511709237315541
29577,1
29578,0.8193830739269864
29579,1
29580,0.9823205116321391
29581,1
29582,0.9031769601480161
29583,1
29584,0.8097195620013233
29585,1
29586,0.8593204023401445
29587,0.9565116537184474
29588,1
29589,0.960473993748949
29590,0.501853060636087
29591,1
29592,0.46559339729262417
29593,0.9131024994045092
29594,1
29595,0.9851578980626085
29596,0.960473993748949
29597,1
29598,1
29599,1
29600,0.8841408991690158
29601,1
29602,0.9936207309968602
29603,1
29604,0.9475888878684422
29605,1
29606,1
29607,1
29608,0.13753355130540937
29609,1
29610,1
29611,0.3240383368866812
29612,0.960473993748949
29613,1
29614,0.9851578980626085
29615,0.8389828944831825
29616,1
29617,1
29618,0.9504808575244802
29619,1
29620,0.952238581019351
29621,1
29622,0.9367537762839373
29623,0.9065134260181883
29624,0.8091820118692014
29625,1
29626,0.9225666260562072
29627,1
29628,0.9367537762839373
29629,1
29630,0.863956698815463
29631,0.8049942891405464
29632,0.9077617694176161
29633,0.9474976953452965
29634,0.9968430762781008
29635,0.9431865066127629
29636,1
29637,1
29638,1
29639,0.9475888878684422
29640,0.5453840597252579
29641,0.9968430762781008
29642,0.8452042579392905
29643,1
29644,1
29645,1
29646,0.9825559015549896
29647,0.9424713473879602
29648,0.9475888878684422
29649,1
29650,1
29651,1
29652,1
29653,0.9676523251498593
29654,1
29655,1
29656,1
29657,1
29658,1
29659,1
29660,0.8003881736700336
29661,0.8123211112355226
29662,0.9989614609837535
29663,1
29664,0.9131024994045092
29665,1
29666,1
29667,1
29668,1
29669,1
29670,1
29671,1
29672,1
29673,1
29674,1
29675,0.9364517082910339
29676,0.8376536299292195
29677,0.9204080275500828
29678,0.9876612416190321
29679,0.9367537762839373
29680,1
29681,0.8843426641523794
29682,1
29683,1
29684,1
29685,1
29686,1
29687,0.9968430762781008
29688,1
29689,1
29690,1
29691,1
29692,0.9002571508472601
29693,0.8299730462466616
29694,1
29695,1
29696,1
29697,1
29698,0.979845370195437
29699,0.7468244840071132
29700,1
29701,1
29702,1
29703,1
29704,1
29705,1
29706,1
29707,1
29708,1
29709,1
29710,1
29711,0.882471240764735
29712,1
29713,0.7285471873593838
29714,1
29715,1
29716,1
29717,1
29718,1
29719,0.960473993748949
29720,0.964675997951215
29721,0.960473993748949
29722,1
29723,1
29724,1
29725,0.8197943960890937
29726,0.9900744607435069
29727,1
29728,1
29729,0.9936207309968602
29730,1
29731,1
29732,0.9302326597453842
29733,1
29734,1
29735,0.9164134822105101
29736,1
29737,1
29738,1
29739,1
29740,1
29741,1
29742,1
29743,0.987064242150806
29744,0.9924049721376991
29745,1
29746,1
29747,0.9708935128187075
29748,1
29749,0.9968430762781008
29750,1
29751,1
29752,1
29753,0.9367537762839373
29754,0.88118574043048
29755,1
29756,1
29757,1
29758,1
29759,0.8727040071333443
29760,1
29761,0.9002571508472601
29762,0.8148781441113205
29763,1
29764,1
29765,0.9367537762839373
29766,0.964174901191159
29767,0.9367537762839373
29768,1
29769,0.878660688398442
29770,0.9946592700131068
29771,0.6058817818189177
29772,1
29773,1
29774,0.28804162768873437
29775,0.5865955798156085
29776,0.5257418940892613
29777,0.9913664331214527
29778,1
29779,1
29780,0.9225666260562072
29781,1
29782,1
29783,0.9900744607435069
29784,0.9876612416190321
29785,1
29786,1
29787,1
29788,1
29789,1
29790,0.9641248972841138
29791,1
29792,1
29793,0.9968430762781008
29794,0.9851578980626085
29795,1
29796,1
29797,0.9382758846498143
29798,0.7031914725618558
29799,0.9968430762781008
29800,1
29801,0.9131024994045092
29802,0.960473993748949
29803,1
29804,1
29805,1
29806,0.9568601265276199
29807,0.9989614609837535
29808,0.7230472930209575
29809,1
29810,1
29811,0.9302326597453842
29812,1
29813,1
29814,0.9059234957290863
29815,1
29816,1
29817,1
29818,0.887601960492403
29819,0.745100505891559
29820,1
29821,0.9770147563321826
29822,0.7008064475582944
29823,1
29824,1
29825,1
29826,0.5019080756187181
29827,0.9002571508472601
29828,1
29829,1
29830,0.7813516987545944
29831,0.9573170700270499
29832,1
29833,0.275401117416931
29834,1
29835,1
29836,1
29837,0.8899019296313001
29838,0.9217350060365915
29839,0.8068823362814936
29840,1
29841,1
29842,1
29843,1
29844,1
29845,0.8758105888378835
29846,0.9002571508472601
29847,1
29848,0.9968430762781008
29849,0.39558309155135485
29850,1
29851,1
29852,1
29853,0.9946592700131068
29854,1
29855,1
29856,1
29857,0.895658400959499
29858,0.9367537762839373
29859,1
29860,0.6027349073282402
29861,1
29862,1
29863,1
29864,1
29865,1
29866,0.708599603521081
29867,0.9770147563321826
29868,0.8536727480080925
29869,1
29870,1
29871,1
29872,0.9770147563321826
29873,0.7505500699591489
29874,0.9740582478461972
29875,1
29876,1
29877,0.5019080756187181
29878,0.8379571838641998
29879,1
29880,1
29881,0.960473993748949
29882,0.9268282370274441
29883,0.9876612416190321
29884,0.9225666260562072
29885,1
29886,0.7858773521655656
29887,1
29888,0.7519241818259751
29889,1
29890,1
29891,0.9770147563321826
29892,0.9989614609837535
29893,1
29894,0.4197580247072754
29895,1
29896,1
29897,1
29898,1
29899,1
29900,0.9851578980626085
29901,1
29902,0.964174901191159
29903,1
29904,1
29905,0.9422481578815489
29906,1
29907,1
29908,1
29909,0.5894620716529451
29910,0.9876612416190321
29911,1
29912,0.9131024994045092
29913,1
29914,0.9475888878684422
29915,1
29916,0.4780172143820046
29917,1
29918,1
29919,1
29920,0.8452437516674932
29921,0.9131024994045092
29922,1
29923,0.9565116537184474
29924,0.8498610253784903
29925,1
29926,1
29927,1
29928,0.9709361642796265
29929,1
29930,1
29931,1
29932,1
29933,0.8663516566305742
29934,0.9876612416190321
29935,1
29936,1
29937,1
29938,1
29939,0.788821606235062
29940,1
29941,0.9876612416190321
29942,0.9876612416190321
29943,1
29944,1
29945,0.9809624353244625
29946,0.920307120488891
29947,1
29948,0.8955879474882031
29949,1
29950,1
29951,1
29952,1
29953,1
29954,1
29955,1
29956,1
29957,1
29958,0.8183479456908903
29959,0.8555738467924694
29960,1
29961,0.8834845790300859
29962,0.5054540160294538
29963,1
29964,1
29965,1
29966,0.6951906451202873
29967,1
29968,0.8800743189229754
29969,0.9565116537184474
29970,1
29971,1
29972,1
29973,1
29974,1
29975,0.6103995215207348
29976,0.862469293539203
29977,1
29978,0.7082293008608821
29979,0.9225666260562072
29980,1
29981,0.9248919297584909
29982,1
29983,0.8573436143523997
29984,1
29985,0.9528102232124677
29986,0.9585974058986586
29987,1
29988,0.9989614609837535
29989,1
29990,0.9900744607435069
29991,1
29992,1
29993,0.9676523251498593
29994,1
29995,0.9876612416190321
29996,0.7929217307340244
29997,0.952238581019351
29998,0.9225666260562072
29999,0.9475888878684422
30000,0.9740504365406069
30001,0.9825559015549896
30002,0.9740504365406069
30003,1
30004,0.8900602352564023
30005,0.8036068796451299
30006,1
30007,0.4842163048494088
30008,1
30009,1
30010,1
30011,1
30012,1
30013,1
30014,0.9475888878684422
30015,0.9441728953374794
30016,1
30017,1
30018,1
30019,0.9565116537184474
30020,1
30021,0.9989614609837535
30022,0.8980461498377524
30023,0.8122935578788008
30024,0.9825559015549896
30025,1
30026,1
30027,0.9709361642796265
30028,0.9709361642796265
30029,1
30030,1
30031,1
30032,0.9382758846498143
30033,1
30034,1
30035,1
30036,1
30037,1
30038,0.5460267353708053
30039,0.9989614609837535
30040,1
30041,1
30042,1
30043,0.9041005415868895
30044,1
30045,1
30046,0.8758105888378835
30047,1
30048,1
30049,1
30050,1
30051,1
30052,1
30053,1
30054,0.9726303622984966
30055,0.8806091112189787
30056,0.9422311037904992
30057,1
30058,1
30059,1
30060,1
30061,1
30062,0.9314101580285756
30063,1
30064,0.8606913872729514
30065,0.891467455316134
30066,0.9876612416190321
30067,0.9178939013644162
30068,0.6509548040861303
30069,1
30070,1
30071,1
30072,1
30073,0.9002571508472601
30074,1
30075,0.9424713473879602
30076,0.960473993748949
30077,0.9169856474673964
30078,1
30079,0.8673129351290911
30080,1
30081,1
30082,1
30083,0.9770147563321826
30084,1
30085,0.8600003504369672
30086,0.9565116537184474
30087,0.8992186118310135
30088,1
30089,0.9435758958692533
30090,0.7468244840071132
30091,1
30092,1
30093,0.13753355130540937
30094,1
30095,1
30096,0.9198994402881572
30097,1
30098,1
30099,1
30100,1
30101,1
30102,1
30103,1
30104,1
30105,0.8982603974671176
30106,1
30107,0.9825559015549896
30108,0.8758105888378835
30109,1
30110,0.9565116537184474
30111,1
30112,1
30113,1
30114,0.9946592700131068
30115,1
30116,1
30117,1
30118,1
30119,1
30120,1
30121,1
30122,0.8142713234295197
30123,0.9091615020113923
30124,1
30125,0.9740504365406069
30126,1
30127,1
30128,1
30129,1
30130,1
30131,1
30132,1
30133,0.979845370195437
30134,1
30135,1
30136,1
30137,1
30138,0.5340314897634261
30139,0.9876612416190321
30140,1
30141,1
30142,1
30143,1
30144,1
30145,1
30146,1
30147,1
30148,0.8606913872729514
30149,0.952238581019351
30150,1
30151,0.9226376318830833
30152,1
30153,1
30154,1
30155,0.9164897199280433
30156,1
30157,0.9475888878684422
30158,1
30159,0.8801025210426973
30160,0.8528253451700663
30161,1
30162,0.9480431182812052
30163,1
30164,1
30165,1
30166,0.9493327992537673
30167,1
30168,1
30169,1
30170,0.9946592700131068
30171,1
30172,1
30173,1
30174,0.8874971213772586
30175,1
30176,1
30177,0.5568692350067596
30178,0.8970712662647514
30179,1
30180,0.9565116537184474
30181,1
30182,0.9302326597453842
30183,1
30184,0.7475370874972985
30185,1
30186,1
30187,0.9367537762839373
30188,1
30189,1
30190,0.9740504365406069
30191,1
30192,0.9676523251498593
30193,0.9869175370216076
30194,0.9876612416190321
30195,1
30196,0.9367537762839373
30197,1
30198,1
30199,1
30200,1
30201,0.933596852562038
30202,1
30203,1
30204,0.9475888878684422
30205,0.5519487069665038
30206,1
30207,0.7665315469601046
30208,0.8003881736700336
30209,1
30210,1
30211,1
30212,0.8847392804509984
30213,0.8792251236718974
30214,1
30215,0.9517939502087364
30216,0.901727623245576
30217,1
30218,1
30219,0.8234980897477686
30220,0.9851578980626085
30221,1
30222,0.9565116537184474
30223,1
30224,0.9565116537184474
30225,0.9504808575244802
30226,1
30227,1
30228,1
30229,1
30230,1
30231,1
30232,0.8902189512060666
30233,0.8376536299292195
30234,1
30235,0.12446401795831219
30236,0.8758105888378835
30237,0.9900744607435069
30238,0.9968430762781008
30239,0.9489166258561463
30240,1
30241,1
30242,0.9825559015549896
30243,0.8955879474882031
30244,0.8159939816846391
30245,0.964174901191159
30246,0.9367537762839373
30247,1
30248,1
30249,1
30250,1
30251,0.8679094759971194
30252,0.8880875085557998
30253,1
30254,0.7008064475582944
30255,1
30256,0.9475888878684422
30257,0.9989614609837535
30258,1
30259,1
30260,1
30261,1
30262,0.9475888878684422
30263,1
30264,1
30265,1
30266,1
30267,1
30268,0.9493327992537673
30269,1
30270,0.8758105888378835
30271,1
30272,1
30273,1
30274,1
30275,0.8427945077002669
30276,0.9825559015549896
30277,1
30278,1
30279,1
30280,0.9968430762781008
30281,1
30282,1
30283,0.9713477164866448
30284,1
30285,0.8905191379073103
30286,0.9989614609837535
30287,0.7312285596431632
30288,0.8874971213772586
30289,0.6202689404603559
30290,0.954249361934666
30291,0.4238688884968166
30292,0.046885079789750934
30293,0.5236375247935717
30294,1
30295,1
30296,1
30297,1
30298,0.9968430762781008
30299,0.9924049721376991
30300,0.862469293539203
30301,1
30302,0.9014982545386806
30303,1
30304,1
30305,1
30306,0.9403193639443862
30307,1
30308,1
30309,1
30310,1
30311,1
30312,0.987064242150806
30313,1
30314,1
30315,1
30316,1
30317,1
30318,1
30319,1
30320,1
30321,0.9946592700131068
30322,0.915043855920416
30323,1
30324,1
30325,1
30326,1
30327,1
30328,0.8783267651362452
30329,1
30330,1
30331,0.9770147563321826
30332,1
30333,1
30334,0.979845370195437
30335,1
30336,1
30337,1
30338,1
30339,1
30340,1
30341,1
30342,0.9367537762839373
30343,0.9565116537184474
30344,1
30345,1
30346,1
30347,0.9968430762781008
30348,1
30349,0.9302326597453842
30350,1
30351,1
30352,0.9424713473879602
30353,1
30354,0.34460487704408893
30355,0.862469293539203
30356,1
30357,0.5547940578133539
30358,0.9752323588061153
30359,1
30360,1
30361,0.960473993748949
30362,0.7815895991035492
30363,0.7332923346111244
30364,0.787749280634816
30365,0.9502082267048491
30366,1
30367,1
30368,1
30369,1
30370,0.8704698588509905
30371,0.7856512508029162
30372,1
30373,1
30374,0.9766884464735379
30375,1
30376,0.9876612416190321
30377,1
30378,1
30379,1
30380,0.8060401408279737
30381,1
30382,1
30383,1
30384,1
30385,1
30386,0.8313168607940056
30387,1
30388,0.9367537762839373
30389,0.8225413915840324
30390,0.9740504365406069
30391,0.9367537762839373
30392,0.9701406745002382
30393,1
30394,0.8367008025532935
30395,1
30396,1
30397,0.275401117416931
30398,0.9637614054970985
30399,0.8367767569802279
30400,0.21434819338525982
30401,0.8726536651159842
30402,1
30403,0.9131024994045092
30404,1
30405,0.9958045372618541
30406,1
30407,0.937590998476411
30408,1
30409,1
30410,0.9740504365406069
30411,1
30412,1
30413,0.9676523251498593
30414,1
30415,1
30416,0.960473993748949
30417,1
30418,1
30419,0.9417027616904663
30420,1
30421,1
30422,0.7845414280371226
30423,1
30424,1
30425,1
30426,1
30427,1
30428,1
30429,1
30430,1
30431,0.797637081847639
30432,0.7038243539744021
30433,1
30434,1
30435,0.5129181595735229
30436,0.8828130524022498
30437,1
30438,0.8194903600124033
30439,1
30440,1
30441,1
30442,0.8609684869004919
30443,1
30444,1
30445,1
30446,0.8311241556067752
30447,0.9946592700131068
30448,0.8356691254607166
30449,1
30450,0.9798171680757152
30451,1
30452,0.9002571508472601
30453,1
30454,0.9225666260562072
30455,0.9641248972841138
30456,0.9215280870399606
30457,1
30458,1
30459,1
30460,1
30461,1
30462,1
30463,1
30464,1
30465,1
30466,0.7435923099971533
30467,0.960473993748949
30468,0.9325419462506651
30469,1
30470,0.9002571508472601
30471,1
30472,0.9839073184289067
30473,1
30474,0.930371619012329
30475,1
30476,0.9624012717504269
30477,1
30478,1
30479,1
30480,1
30481,1
30482,1
30483,0.960473993748949
30484,1
30485,0.964174901191159
30486,0.560249573594455
30487,1
30488,1
30489,0.7983772148940907
30490,1
30491,1
30492,0.7981421357425035
30493,1
30494,1
30495,0.8668032877647729
30496,1
30497,0.8929419050324313
30498,0.9740504365406069
30499,0.9595706578871724
30500,0.9770147563321826
30501,1
30502,1
30503,1
30504,1
30505,1
30506,1
30507,0.9740504365406069
30508,1
30509,1
30510,1
30511,1
30512,1
30513,1
30514,0.9600572972875585
30515,1
30516,1
30517,1
30518,0.9676523251498593
30519,0.8875698943142528
30520,0.8830406198051564
30521,0.9968430762781008
30522,1
30523,1
30524,1
30525,0.9892480484157999
30526,0.9002571508472601
30527,0.9989614609837535
30528,1
30529,1
30530,0.7129349554230175
30531,0.952238581019351
30532,0.8599285215829148
30533,0.5456567706850077
30534,1
30535,0.9770147563321826
30536,1
30537,0.849642362079692
30538,1
30539,0.9131024994045092
30540,0.8969056625013931
30541,1
30542,0.6146885607664855
30543,0.964174901191159
30544,0.8395389220625701
30545,1
30546,1
30547,0.9424713473879602
30548,1
30549,1
30550,1
30551,0.7559489437219912
30552,0.9900744607435069
30553,1
30554,1
30555,1
30556,1
30557,1
30558,1
30559,1
30560,0.9936207309968602
30561,0.9989614609837535
30562,1
30563,1
30564,1
30565,0.8567688045657073
30566,0.9770147563321826
30567,0.979845370195437
30568,0.9504808575244802
30569,1
30570,0.9367537762839373
30571,1
30572,1
30573,1
30574,1
30575,1
30576,1
30577,0.6010636791874026
30578,0.7608333877417857
30579,0.979845370195437
30580,1
30581,0.8593204023401445
30582,0.9709361642796265
30583,1
30584,1
30585,1
30586,1
30587,1
30588,1
30589,1
30590,1
30591,1
30592,1
30593,0.49648258052748023
30594,1
30595,0.9475888878684422
30596,0.9968430762781008
30597,0.9475888878684422
30598,0.931413046297044
30599,1
30600,1
30601,1
30602,0.23461007433624495
30603,0.9225666260562072
30604,0.9900744607435069
30605,1
30606,1
30607,0.5730207117253248
30608,0.9892480484157999
30609,1
30610,1
30611,1
30612,0.9740504365406069
30613,0.8424575322254177
30614,0.979845370195437
30615,0.9770147563321826
30616,1
30617,0.8696486878279939
30618,1
30619,1
30620,1
30621,0.9740504365406069
30622,1
30623,1
30624,1
30625,0.974504640208544
30626,1
30627,0.8668985657073691
30628,1
30629,1
30630,1
30631,1
30632,1
30633,0.6129466480096468
30634,1
30635,0.924648894940108
30636,1
30637,1
30638,1
30639,1
30640,1
30641,1
30642,0.8536727480080925
30643,0.5737293649284516
30644,1
30645,0.952238581019351
30646,0.9869175370216076
30647,0.8758105888378835
30648,1
30649,0.8531997221421374
30650,0.9592083346032153
30651,0.17531456448319846
30652,1
30653,1
30654,1
30655,1
30656,1
30657,1
30658,0.9946592700131068
30659,1
30660,1
30661,1
30662,1
30663,0.964174901191159
30664,1
30665,0.7277403091346715
30666,1
30667,0.9676523251498593
30668,0.7435923099971533
30669,0.9367537762839373
30670,0.9367537762839373
30671,1
30672,0.9553750412366303
30673,1
30674,0.932545808131467
30675,1
30676,0.7385890567147345
30677,0.9793989778330905
30678,1
30679,1
30680,1
30681,1
30682,1
30683,1
30684,0.8621841567019609
30685,1
30686,0.9900744607435069
30687,0.7375508223656813
30688,0.9305620902590541
30689,1
30690,1
30691,0.9463007788737433
30692,1
30693,1
30694,1
30695,0.9002571508472601
30696,0.8299730462466616
30697,0.9709361642796265
30698,0.8264236899755875
30699,1
30700,0.8319754889820319
30701,1
30702,0.9698976252633799
30703,1
30704,1
30705,1
30706,1
30707,1
30708,0.979845370195437
30709,0.7496837445762397
30710,0.9892480484157999
30711,1
30712,1
30713,1
30714,0.8758105888378835
30715,1
30716,0.9475888878684422
30717,1
30718,1
30719,1
30720,0.046885079789750934
30721,1
30722,1
30723,0.8802934119495734
30724,1
30725,1
30726,0.964174901191159
30727,1
30728,0.960473993748949
30729,1
30730,1
30731,0.8079194677938529
30732,1
30733,0.9367537762839373
30734,1
30735,0.9740504365406069
30736,0.275401117416931
30737,0.9367537762839373
30738,1
30739,1
30740,1
30741,1
30742,1
30743,1
30744,1
30745,1
30746,0.9117637890596012
30747,0.9268282370274441
30748,1
30749,1
30750,1
30751,1
30752,0.9268282370274441
30753,1
30754,1
30755,1
30756,0.8606913872729514
30757,1
30758,0.952238581019351
30759,0.9722503423331362
30760,0.4193073846796688
30761,0.9441728953374794
30762,1
30763,0.9367537762839373
30764,1
30765,0.9002571508472601
30766,1
30767,0.9946592700131068
30768,1
30769,1
30770,1
30771,0.6137441652348707
30772,1
30773,0.9120336373277153
30774,1
30775,1
30776,1
30777,1
30778,1
30779,1
30780,1
30781,0.9002571508472601
30782,0.8527992858015914
30783,0.9770147563321826
30784,1
30785,1
30786,1
30787,0.42631218904362356
30788,1
30789,1
30790,1
30791,0.9989614609837535
30792,1
30793,1
30794,1
30795,1
30796,1
30797,0.5876267230446393
30798,1
30799,1
30800,1
30801,0.9825559015549896
30802,1
30803,0.9120639603882625
30804,1
30805,0.8651089792710435
30806,0.8278179982073569
30807,0.8659958167962621
30808,1
30809,1
30810,0.8870049159510519
30811,1
30812,0.9770147563321826
30813,1
30814,1
30815,1
30816,0.8723555643057914
30817,0.0790753774639826
30818,0.8091820118692014
30819,1
30820,1
30821,1
30822,0.9876612416190321
30823,1
30824,0.8356691254607166
30825,0.9770147563321826
30826,0.9465861144619542
30827,1
30828,1
30829,0.882471240764735
30830,0.9475888878684422
30831,0.17531456448319846
30832,0.9915023462912075
30833,1
30834,1
30835,0.9676373309438145
30836,0.9740504365406069
30837,1
30838,1
30839,0.8777303550906808
30840,0.9924049721376991
30841,0.9225666260562072
30842,0.7008064475582944
30843,1
30844,0.8581311004700226
30845,0.9131024994045092
30846,1
30847,1
30848,1
30849,0.8632373843695939
30850,0.9565798733288582
30851,1
30852,1
30853,1
30854,0.6083009072057192
30855,1
30856,1
30857,1
30858,1
30859,0.9515193965407268
30860,0.8189414589604984
30861,0.9225666260562072
30862,1
30863,0.9002571508472601
30864,0.9131024994045092
30865,0.4785260385559045
30866,0.9565116537184474
30867,1
30868,1
30869,1
30870,1
30871,1
30872,0.8555738467924694
30873,1
30874,1
30875,1
30876,1
30877,1
30878,1
30879,1
30880,1
30881,1
30882,1
30883,0.8990776854835568
30884,1
30885,1
30886,0.9989614609837535
30887,1
30888,0.8986540807412318
30889,1
30890,0.8905191379073103
30891,1
30892,0.8334485633155726
30893,1
30894,0.9770147563321826
30895,1
30896,1
30897,1
30898,1
30899,0.960473993748949
30900,1
30901,0.952238581019351
30902,0.9851578980626085
30903,0.9851578980626085
30904,1
30905,1
30906,1
30907,0.9890359217272603
30908,1
30909,1
30910,1
30911,1
30912,1
30913,1
30914,1
30915,1
30916,1
30917,0.6431637560974279
30918,1
30919,1
30920,1
30921,0.9225666260562072
30922,0.8223406459231449
30923,1
30924,1
30925,0.8937487387794938
30926,0.6417123740439841
30927,0.39558309155135485
30928,1
30929,1
30930,0.4842163048494088
30931,1
30932,0.22210797003726138
30933,0.9219116743465456
30934,1
30935,1
30936,0.9538958067360441
30937,1
30938,1
30939,1
30940,0.9302326597453842
30941,0.8593204023401445
30942,1
30943,0.9215990928668367
30944,0.9134075116675866
30945,0.8573436143523997
30946,0.9946592700131068
30947,0.9290150578840396
30948,0.9637614054970985
30949,1
30950,0.862469293539203
30951,0.8790782797746545
30952,1
30953,1
30954,1
30955,0.8645745353358385
30956,1
30957,1
30958,1
30959,1
30960,1
30961,1
30962,0.41531218635520095
30963,0.8525493773287814
30964,1
30965,0.9709361642796265
30966,0.952238581019351
30967,0.7835723582554995
30968,1
30969,1
30970,0.9225666260562072
30971,1
30972,0.44550829468478187
30973,0.9424713473879602
30974,1
30975,1
30976,1
30977,0.6716084227884679
30978,0.9777357023625389
30979,1
30980,0.9347944825743407
30981,0.9475888878684422
30982,1
30983,0.6417741481497915
30984,0.987064242150806
30985,1
30986,1
30987,1
30988,0.9031769601480161
30989,1
30990,1
30991,1
30992,0.9709361642796265
30993,1
30994,1
30995,0.952238581019351
30996,0.4504519555326235
30997,0.960473993748949
30998,0.8854150489098684
30999,1
31000,1
31001,1
31002,0.9124227937147774
31003,0.9565116537184474
31004,0.6590876479903258
31005,0.13753355130540937
31006,0.7301327422381391
31007,1
31008,1
31009,0.9373964790819593
31010,0.8599285215829148
31011,0.587840582501521
31012,0.9876612416190321
31013,1
31014,1
31015,0.9876612416190321
31016,1
31017,0.9215149219764929
31018,0.934524430289556
31019,0.8758105888378835
31020,0.9595706578871724
31021,1
31022,0.9709361642796265
31023,1
31024,1
31025,1
31026,1
31027,1
31028,0.8323222425563308
31029,1
31030,0.9367537762839373
31031,0.618338034842548
31032,0.9770147563321826
31033,0.9225666260562072
31034,1
31035,1
31036,0.7448982794017369
31037,1
31038,0.4504519555326235
31039,0.8961892310166398
31040,1
31041,0.979845370195437
31042,1
31043,1
31044,0.9225666260562072
31045,0.9225666260562072
31046,1
31047,0.9709361642796265
31048,0.7384898014148126
31049,0.8830406198051564
31050,1
31051,1
31052,0.9367537762839373
31053,0.9424713473879602
31054,1
31055,1
31056,0.742287609469048
31057,0.9573170700270499
31058,1
31059,0.8762388615794217
31060,1
31061,0.5832555245489736
31062,0.979845370195437
31063,1
31064,1
31065,1
31066,0.9449866008202333
31067,0.9169856474673964
31068,1
31069,0.9900744607435069
31070,0.9740504365406069
31071,0.9825559015549896
31072,0.7983772148940907
31073,1
31074,0.8696141531229564
31075,0.979845370195437
31076,0.8986993314807151
31077,0.6999484441775486
31078,1
31079,0.9869175370216076
31080,0.7468244840071132
31081,0.954249361934666
31082,0.9538958067360441
31083,1
31084,1
31085,1
31086,1
31087,0.9178939013644162
31088,1
31089,0.8874971213772586
31090,1
31091,1
31092,0.960473993748949
31093,0.8574429455818667
31094,0.9924049721376991
31095,1
31096,0.9946592700131068
31097,0.8758105888378835
31098,0.8452042579392905
31099,0.882471240764735
31100,1
31101,0.6456712894278177
31102,0.9131024994045092
31103,0.9722503423331362
31104,0.8669864360293214
31105,1
31106,1
31107,1
31108,1
31109,1
31110,1
31111,0.5236375247935717
31112,0.8679094759971194
31113,0.9475888878684422
31114,1
31115,1
31116,0.7983772148940907
31117,0.9650032682580457
31118,1
31119,0.9876612416190321
31120,0.9876612416190321
31121,1
31122,1
31123,1
31124,1
31125,0.9154832449123204
31126,1
31127,0.9851578980626085
31128,1
31129,1
31130,1
31131,1
31132,1
31133,0.5865955798156085
31134,1
31135,0.7705840579318589
31136,1
31137,0.979845370195437
31138,1
31139,0.8920673430528288
31140,0.9187547506246463
31141,1
31142,0.9302326597453842
31143,0.6584511101279265
31144,1
31145,1
31146,1
31147,1
31148,0.8320222526072271
31149,1
31150,1
31151,1
31152,0.9120639603882625
31153,1
31154,1
31155,0.9825559015549896
31156,0.8133596502517693
31157,1
31158,1
31159,1
31160,0.898396797075383
31161,1
31162,0.45668427535044265
31163,0.9565116537184474
31164,0.7435923099971533
31165,0.9502082267048491
31166,1
31167,0.9924049721376991
31168,1
31169,0.9403193639443862
31170,0.8868861609992447
31171,1
31172,1
31173,1
31174,1
31175,0.9302326597453842
31176,0.4145797114144229
31177,1
31178,0.9011552068754974
31179,1
31180,1
31181,0.9815173625387432
31182,1
31183,1
31184,1
31185,1
31186,0.915043855920416
31187,1
31188,0.8356691254607166
31189,0.9825559015549896
31190,1
31191,1
31192,1
31193,1
31194,1
31195,0.9740504365406069
31196,0.8606913872729514
31197,0.9676523251498593
31198,1
31199,0.9770147563321826
31200,0.9318272263410183
31201,1
31202,0.8527002450440265
31203,1
31204,1
31205,1
31206,1
31207,0.8233994767063256
31208,1
31209,1
31210,1
31211,0.9770147563321826
31212,0.8619001716387059
31213,0.9989614609837535
31214,1
31215,1
31216,0.9900744607435069
31217,0.9367537762839373
31218,0.9900744607435069
31219,1
31220,0.7981421357425035
31221,1
31222,1
31223,1
31224,0.9709361642796265
31225,1
31226,1
31227,1
31228,0.9131024994045092
31229,0.8031630247653243
31230,1
31231,1
31232,1
31233,1
31234,1
31235,1
31236,1
31237,0.9825559015549896
31238,1
31239,0.964174901191159
31240,1
31241,1
31242,1
31243,0.9841193590463618
31244,1
31245,1
31246,1
31247,0.9740504365406069
31248,1
31249,1
31250,0.9924049721376991
31251,1
31252,0.9851578980626085
31253,1
31254,1
31255,0.6144591078728968
31256,1
31257,1
31258,1
31259,1
31260,0.8758105888378835
31261,1
31262,1
31263,0.9900744607435069
31264,1
31265,1
31266,1
31267,0.9302326597453842
31268,0.952238581019351
31269,1
31270,0.8824652073941015
31271,1
31272,1
31273,1
31274,1
31275,1
31276,1
31277,0.964174901191159
31278,1
31279,1
31280,0.9793225091593067
31281,1
31282,0.960473993748949
31283,0.9170538670778072
31284,1
31285,0.9851578980626085
31286,1
31287,0.9347944825743407
31288,1
31289,0.9676523251498593
31290,1
31291,1
31292,0.960473993748949
31293,0.8840386636841356
31294,1
31295,1
31296,1
31297,1
31298,0.8955879474882031
31299,0.9946592700131068
31300,0.682772625902395
31301,1
31302,1
31303,0.8131230092623182
31304,0.8060432485832676
31305,1
31306,1
31307,0.8140659084996067
31308,0.7435923099971533
31309,1
31310,1
31311,1
31312,1
31313,0.9225666260562072
31314,1
31315,0.7016743265233142
31316,0.7898335861809971
31317,0.8247564585989096
31318,1
31319,0.91376853261612
31320,0.9677137996175981
31321,0.9318272263410183
31322,1
31323,1
31324,0.9002571508472601
31325,1
31326,0.8543738011445983
31327,1
31328,0.9851578980626085
31329,1
31330,0.9740504365406069
31331,0.9002571508472601
31332,0.34460487704408893
31333,0.9264314846573913
31334,1
31335,1
31336,1
31337,1
31338,0.9302326597453842
31339,0.9153749431942635
31340,1
31341,1
31342,0.4193073846796688
31343,1
31344,1
31345,1
31346,1
31347,1
31348,1
31349,1
31350,1
31351,1
31352,1
31353,0.9225666260562072
31354,1
31355,0.9363570239138845
31356,1
31357,1
31358,1
31359,1
31360,1
31361,1
31362,0.7530824960173264
31363,0.830381442803159
31364,1
31365,1
31366,0.8879183924662923
31367,0.8300274863311525
31368,0.7158882949272881
31369,1
31370,1
31371,1
31372,1
31373,1
31374,0.8320222526072271
31375,1
31376,1
31377,1
31378,0.8606913872729514
31379,1
31380,0.9475888878684422
31381,1
31382,1
31383,0.935052772389589
31384,0.924648894940108
31385,1
31386,1
31387,0.9367537762839373
31388,1
31389,0.8522910009652875
31390,0.9770147563321826
31391,1
31392,0.9131024994045092
31393,1
31394,1
31395,1
31396,1
31397,1
31398,0.7935041661637716
31399,0.7981421357425035
31400,1
31401,1
31402,0.9424713473879602
31403,1
31404,1
31405,1
31406,1
31407,0.8137173945136776
31408,1
31409,0.8830406198051564
31410,1
31411,1
31412,1
31413,1
31414,0.43816051274383166
31415,1
31416,0.8233994767063256
31417,1
31418,1
31419,1
31420,1
31421,1
31422,1
31423,1
31424,1
31425,1
31426,1
31427,0.8713341564061835
31428,0.8908270704488368
31429,1
31430,1
31431,1
31432,1
31433,1
31434,0.9504808575244802
31435,0.8758105888378835
31436,0.43808511397962363
31437,1
31438,0.960473993748949
31439,1
31440,0.8727040071333443
31441,1
31442,0.9825559015549896
31443,1
31444,1
31445,1
31446,1
31447,1
31448,0.9414328083717136
31449,1
31450,1
31451,0.9740504365406069
31452,1
31453,1
31454,1
31455,0.9024479490113668
31456,1
31457,0.9424713473879602
31458,1
31459,0.9989614609837535
31460,1
31461,1
31462,1
31463,1
31464,0.9989614609837535
31465,1
31466,0.952238581019351
31467,1
31468,0.9989614609837535
31469,0.9002571508472601
31470,1
31471,0.9946592700131068
31472,0.964174901191159
31473,1
31474,1
31475,1
31476,0.8380564066076949
31477,1
31478,0.9913664331214527
31479,1
31480,1
31481,1
31482,1
31483,0.9946592700131068
31484,0.7372582185655
31485,1
31486,1
31487,1
31488,1
31489,1
31490,1
31491,1
31492,1
31493,0.9770147563321826
31494,0.6245406934242708
31495,1
31496,1
31497,1
31498,0.9847337307566136
31499,0.9183711633180615
31500,1
31501,0.9851578980626085
31502,1
31503,1
31504,0.747684142572181
31505,1
31506,1
31507,0.9924049721376991
31508,0.8778651986190539
31509,1
31510,0.7835351129566991
31511,1
31512,1
31513,1
31514,1
31515,0.9851578980626085
31516,0.9475888878684422
31517,0.9924049721376991
31518,0.960473993748949
31519,1
31520,0.5876267230446393
31521,1
31522,1
31523,1
31524,1
31525,1
31526,1
31527,0.9565116537184474
31528,0.9726303622984966
31529,0.9424713473879602
31530,1
31531,1
31532,0.9565116537184474
31533,1
31534,0.7786804789122529
31535,0.9851578980626085
31536,1
31537,0.9475888878684422
31538,1
31539,1
31540,1
31541,1
31542,0.905122527611197
31543,0.9676523251498593
31544,0.7686486180626632
31545,0.9152114949628947
31546,1
31547,0.6218279603448783
31548,0.8602278138385347
31549,1
31550,1
31551,1
31552,1
31553,0.7988888331118752
31554,0.9676523251498593
31555,1
31556,1
31557,0.9585974058986586
31558,1
31559,1
31560,0.9367537762839373
31561,0.9206865549096062
31562,1
31563,1
31564,0.8150337816312075
31565,1
31566,0.9740504365406069
31567,1
31568,0.9876612416190321
31569,1
31570,1
31571,1
31572,0.9367537762839373
31573,1
31574,1
31575,1
31576,1
31577,0.9968430762781008
31578,0.77225060244921
31579,0.8955879474882031
31580,0.6466580680885664
31581,1
31582,1
31583,0.9709361642796265
31584,0.9475888878684422
31585,1
31586,1
31587,1
31588,0.732632528716259
31589,1
31590,0.8015041056581604
31591,1
31592,1
31593,0.9411896575233417
31594,0.9728191396816405
31595,0.7983772148940907
31596,1
31597,1
31598,0.9367537762839373
31599,1
31600,0.964174901191159
31601,1
31602,1
31603,1
31604,1
31605,0.9946592700131068
31606,0.875376849268675
31607,1
31608,1
31609,1
31610,0.964174901191159
31611,1
31612,1
31613,0.9424713473879602
31614,1
31615,0.9876612416190321
31616,0.8716151260997376
31617,0.5705817079620602
31618,1
31619,1
31620,1
31621,0.9225666260562072
31622,1
31623,0.9565116537184474
31624,1
31625,0.17531456448319846
31626,1
31627,0.9185250521480686
31628,1
31629,0.8503893674785232
31630,1
31631,0.9565116537184474
31632,1
31633,1
31634,0.9475888878684422
31635,1
31636,1
31637,1
31638,0.9475888878684422
31639,1
31640,1
31641,1
31642,0.9198909061692103
31643,1
31644,0.8982603974671176
31645,1
31646,1
31647,1
31648,0.9247918590200992
31649,0.8225413915840324
31650,1
31651,1
31652,1
31653,1
31654,0.9493327992537673
31655,1
31656,1
31657,1
31658,0.8701547761106398
31659,0.582651142797807
31660,0.9101236725378196
31661,1
31662,1
31663,1
31664,0.9178939013644162
31665,1
31666,1
31667,1
31668,1
31669,0.960473993748949
31670,1
31671,1
31672,1
31673,1
31674,1
31675,1
31676,1
31677,1
31678,1
31679,1
31680,0.8934859258407576
31681,0.7964510197412116
31682,1
31683,0.5865955798156085
31684,1
31685,0.8427284982352203
31686,0.9490816572974519
31687,0.9924049721376991
31688,1
31689,1
31690,0.7514940795225865
31691,1
31692,1
31693,0.6144591078728968
31694,1
31695,1
31696,0.9770147563321826
31697,0.7476278363400062
31698,0.8869620029887862
31699,0.9676523251498593
31700,1
31701,1
31702,1
31703,1
31704,0.7760677396851436
31705,0.9968430762781008
31706,1
31707,0.9055074715422085
31708,1
31709,1
31710,1
31711,0.4949879342564883
31712,1
31713,0.9475888878684422
31714,1
31715,0.7853450939330584
31716,1
31717,0.9475888878684422
31718,1
31719,1
31720,1
31721,1
31722,1
31723,0.5895682312162097
31724,0.8233994767063256
31725,1
31726,0.40987534658270874
31727,1
31728,0.9382758846498143
31729,1
31730,1
31731,1
31732,0.61173686514586
31733,1
31734,1
31735,0.9444109629638905
31736,0.8304898105926442
31737,1
31738,0.8748052070755583
31739,1
31740,0.979845370195437
31741,1
31742,1
31743,1
31744,1
31745,1
31746,0.9675066118144694
31747,1
31748,1
31749,1
31750,0.8431418348032347
31751,0.9565116537184474
31752,1
31753,1
31754,1
31755,1
31756,1
31757,1
31758,0.7578853353322107
31759,1
31760,1
31761,1
31762,0.9373964790819593
31763,1
31764,0.8782697446559555
31765,0.9302326597453842
31766,0.8043576924341495
31767,1
31768,1
31769,0.7494617869306864
31770,1
31771,0.952238581019351
31772,1
31773,0.9633411364173258
31774,0.7995419586988346
31775,1
31776,0.8514280745788142
31777,0.9565116537184474
31778,1
31779,1
31780,0.6147217180204071
31781,1
31782,1
31783,1
31784,1
31785,1
31786,1
31787,1
31788,0.7372425765962349
31789,1
31790,0.8322268604856979
31791,0.8840386636841356
31792,0.9302326597453842
31793,1
31794,0.8452042579392905
31795,0.887601960492403
31796,1
31797,0.7983772148940907
31798,0.8905191379073103
31799,1
31800,0.9152904870696008
31801,1
31802,0.9989614609837535
31803,1
31804,1
31805,0.8543821265493557
31806,0.9968430762781008
31807,0.9553135667688916
31808,0.9565798733288582
31809,1
31810,1
31811,1
31812,0.952238581019351
31813,0.9851578980626085
31814,1
31815,0.9002571508472601
31816,1
31817,0.9302326597453842
31818,0.960473993748949
31819,1
31820,0.960473993748949
31821,1
31822,1
31823,1
31824,1
31825,1
31826,1
31827,0.4856732914769402
31828,1
31829,1
31830,1
31831,1
31832,0.9989614609837535
31833,1
31834,1
31835,1
31836,0.9876612416190321
31837,1
31838,1
31839,1
31840,0.8765438738424991
31841,1
31842,0.9002571508472601
31843,1
31844,1
31845,1
31846,1
31847,1
31848,1
31849,1
31850,0.9475888878684422
31851,1
31852,0.8731117163496501
31853,1
31854,0.7693133791737172
31855,1
31856,1
31857,1
31858,0.8563391226062405
31859,1
31860,0.9709361642796265
31861,0.9002571508472601
31862,1
31863,0.7372582185655
31864,0.9740504365406069
31865,0.9077617694176161
31866,0.9946592700131068
31867,1
31868,1
31869,0.9740504365406069
31870,1
31871,1
31872,1
31873,0.9126467372756831
31874,0.9002571508472601
31875,1
31876,1
31877,1
31878,0.952238581019351
31879,1
31880,1
31881,0.8155144956561537
31882,1
31883,1
31884,0.9475888878684422
31885,1
31886,0.9041005415868895
31887,0.6682721060883714
31888,0.9009286774750964
31889,1
31890,0.89958138238839
31891,1
31892,0.9468695762222473
31893,1
31894,0.8760586918908234
31895,1
31896,1
31897,1
31898,0.9302326597453842
31899,1
31900,1
31901,1
31902,1
31903,0.9565116537184474
31904,0.4963702898168581
31905,0.7705205172451948
31906,0.9553750412366303
31907,0.9553135667688916
31908,0.9825559015549896
31909,1
31910,1
31911,0.9002571508472601
31912,0.7082293008608821
31913,1
31914,1
31915,1
31916,0.9413136040854719
31917,1
31918,1
31919,0.28804162768873437
31920,1
31921,1
31922,1
31923,1
31924,0.9876612416190321
31925,1
31926,1
31927,1
31928,1
31929,0.9676523251498593
31930,1
31931,1
31932,0.8634718304569158
31933,0.979845370195437
31934,1
31935,1
31936,1
31937,1
31938,0.979845370195437
31939,1
31940,0.9411896575233417
31941,1
31942,1
31943,0.964174901191159
31944,0.8388456402767459
31945,0.5229076933599381
31946,1
31947,1
31948,0.8116955758747076
31949,1
31950,1
31951,1
31952,1
31953,0.8410883597756467
31954,1
31955,1
31956,0.8968310176628337
31957,1
31958,0.7055004692238278
31959,1
31960,1
31961,1
31962,0.9770147563321826
31963,1
31964,0.9302326597453842
31965,1
31966,0.9775628702003074
31967,1
31968,1
31969,1
31970,1
31971,1
31972,1
31973,0.979845370195437
31974,0.9577267858933664
31975,0.6792446998331595
31976,0.9740504365406069
31977,0.8782697446559555
31978,0.9367537762839373
31979,1
31980,1
31981,1
31982,0.4672941702039426
31983,1
31984,0.9924049721376991
31985,1
31986,1
31987,0.4844438480770324
31988,1
31989,1
31990,1
31991,1
31992,1
31993,0.9740504365406069
31994,1
31995,0.9968430762781008
31996,0.9676523251498593
31997,0.5894620716529451
31998,1
31999,0.9968430762781008
32000,1
32001,1
32002,1
32003,0.910804212824544
32004,1
32005,1
32006,1
32007,1
32008,1
32009,1
32010,1
32011,0.9281263188988084
32012,1
32013,0.9946592700131068
32014,1
32015,0.9226376318830833
32016,1
32017,0.9740504365406069
32018,0.7494617869306864
32019,1
32020,1
32021,0.8323222425563308
32022,1
32023,1
32024,1
32025,0.9002571508472601
32026,1
32027,0.9170538670778072
32028,0.9851578980626085
32029,1
32030,1
32031,0.9577267858933664
32032,1
32033,1
32034,0.7288674857515894
32035,0.9387264344918217
32036,1
32037,1
32038,0.9054634828376509
32039,1
32040,1
32041,1
32042,1
32043,0.8488128738084147
32044,1
32045,0.33506242378142176
32046,0.9709361642796265
32047,0.9510651928727897
32048,0.9709361642796265
32049,0.9770147563321826
32050,0.9740504365406069
32051,1
32052,1
32053,1
32054,1
32055,0.9968430762781008
32056,1
32057,0.9553135667688916
32058,1
32059,0.9475888878684422
32060,0.934718013900557
32061,1
32062,0.9565116537184474
32063,1
32064,1
32065,0.9851578980626085
32066,1
32067,0.9946592700131068
32068,0.9445213681466521
32069,0.938225337731766
32070,1
32071,1
32072,0.91376853261612
32073,0.9565116537184474
32074,0.8736285978547177
32075,1
32076,1
32077,0.9989614609837535
32078,1
32079,0.8313168607940056
32080,1
32081,0.7320244094734888
32082,1
32083,1
32084,1
32085,1
32086,0.9424713473879602
32087,1
32088,1
32089,1
32090,0.9770147563321826
32091,0.48894181961269545
32092,1
32093,0.8899019296313001
32094,1
32095,1
32096,0.9709361642796265
32097,1
32098,0.9770147563321826
32099,1
32100,1
32101,1
32102,1
32103,0.7273258360451663
32104,0.8929196674802246
32105,1
32106,1
32107,0.9131024994045092
32108,1
32109,1
32110,0.9676523251498593
32111,0.5010021958424691
32112,0.7970656016414195
32113,1
32114,1
32115,1
32116,1
32117,0.8912241983204292
32118,1
32119,0.9475888878684422
32120,0.8354347093974412
32121,1
32122,1
32123,1
32124,0.9151017096864568
32125,1
32126,0.9430298953039388
32127,1
32128,0.9565116537184474
32129,1
32130,1
32131,1
32132,0.9740504365406069
32133,1
32134,1
32135,0.5889520367139567
32136,1
32137,1
32138,0.9876612416190321
32139,1
32140,0.8201283507066479
32141,0.9968430762781008
32142,0.9380884607531618
32143,0.9565116537184474
32144,0.9876612416190321
32145,0.9676523251498593
32146,1
32147,1
32148,0.9244150179029693
32149,1
32150,0.9475888878684422
32151,0.9523860559064731
32152,0.6780457817008168
32153,0.9424713473879602
32154,1
32155,1
32156,1
32157,0.7330054697700865
32158,1
32159,0.9708935128187075
32160,0.9624012717504269
32161,1
32162,1
32163,0.8166501243236343
32164,1
32165,0.9002571508472601
32166,0.9002571508472601
32167,1
32168,1
32169,1
32170,0.9946592700131068
32171,0.9936207309968602
32172,1
32173,1
32174,1
32175,0.960473993748949
32176,1
32177,0.9770147563321826
32178,1
32179,0.9890359217272603
32180,0.8699191653860339
32181,1
32182,1
32183,1
32184,1
32185,1
32186,0.9131024994045092
32187,1
32188,1
32189,0.9823205116321391
32190,0.9770147563321826
32191,1
32192,1
32193,1
32194,0.964675997951215
32195,1
32196,1
32197,1
32198,0.9628936004251474
32199,1
32200,1
32201,0.9946592700131068
32202,1
32203,1
32204,1
32205,1
32206,0.8524957318666111
32207,1
32208,0.34460487704408893
32209,1
32210,1
32211,1
32212,1
32213,0.9698976252633799
32214,0.8593204023401445
32215,0.9876612416190321
32216,0.4179345748581042
32217,1
32218,0.924648894940108
32219,0.964174901191159
32220,0.9913664331214527
32221,1
32222,0.9664554086783061
32223,0.8758105888378835
32224,1
32225,1
32226,1
32227,1
32228,1
32229,1
32230,0.9989614609837535
32231,1
32232,1
32233,1
32234,0.9876612416190321
32235,1
32236,1
32237,1
32238,0.9274478179980737
32239,1
32240,1
32241,1
32242,0.808557374768934
32243,0.7979915110564277
32244,1
32245,1
32246,1
32247,1
32248,0.9424713473879602
32249,1
32250,1
32251,0.64435734592913
32252,1
32253,0.9851578980626085
32254,1
32255,0.9198909061692103
32256,0.8227084398703414
32257,0.9677137996175981
32258,0.7008064475582944
32259,1
32260,1
32261,1
32262,0.8807548245543686
32263,1
32264,0.9206865549096062
32265,0.9825559015549896
32266,1
32267,1
32268,0.8634718304569158
32269,1
32270,1
32271,0.9127885613003739
32272,1
32273,1
32274,0.9528789658866482
32275,0.964174901191159
32276,1
32277,1
32278,0.9709361642796265
32279,1
32280,1
32281,0.9701406745002382
32282,1
32283,1
32284,1
32285,1
32286,0.952238581019351
32287,0.8091820118692014
32288,1
32289,0.275401117416931
32290,0.8735764931534583
32291,1
32292,0.5153539309337685
32293,0.9475888878684422
32294,0.7008064475582944
32295,1
32296,1
32297,1
32298,0.5062580773072697
32299,0.9274478179980737
32300,1
32301,1
32302,0.6780457817008168
32303,0.8758105888378835
32304,1
32305,0.8406195315335111
32306,0.9475888878684422
32307,1
32308,1
32309,0.9989614609837535
32310,1
32311,1
32312,1
32313,0.9565116537184474
32314,1
32315,0.7035743644139342
32316,0.9851578980626085
32317,1
32318,1
32319,0.9565116537184474
32320,0.9946592700131068
32321,1
32322,0.9968430762781008
32323,1
32324,1
32325,1
32326,0.9745787786406398
32327,1
32328,1
32329,1
32330,0.8376536299292195
32331,1
32332,1
32333,1
32334,1
32335,1
32336,1
32337,0.8402095024032361
32338,1
32339,1
32340,0.8452042579392905
32341,1
32342,1
32343,1
32344,0.9924049721376991
32345,1
32346,1
32347,1
32348,0.9375423086533208
32349,0.47872330117518136
32350,1
32351,0.9851578980626085
32352,0.979845370195437
32353,1
32354,0.9336210944277792
32355,1
32356,1
32357,0.8607594576726193
32358,1
32359,0.9740504365406069
32360,0.8895262904533958
32361,0.964174901191159
32362,0.9740504365406069
32363,0.9002571508472601
32364,0.5753024795672126
32365,0.9479509206118093
32366,1
32367,0.8575742208743098
32368,1
32369,1
32370,0.9900744607435069
32371,1
32372,1
32373,1
32374,0.7008064475582944
32375,1
32376,1
32377,1
32378,1
32379,1
32380,0.9475888878684422
32381,0.9913664331214527
32382,1
32383,1
32384,0.33506242378142176
32385,1
32386,1
32387,0.8513223437200496
32388,0.9740504365406069
32389,0.960473993748949
32390,0.8395171669045822
32391,0.9302326597453842
32392,1
32393,0.8758105888378835
32394,1
32395,1
32396,0.8704698588509905
32397,1
32398,0.9624012717504269
32399,0.9722503423331362
32400,1
32401,0.9044844249354965
32402,0.8685219879492048
32403,1
32404,0.8531287163152614
32405,1
32406,0.8758105888378835
32407,0.9131024994045092
32408,1
32409,0.9676523251498593
32410,1
32411,0.736795298024808
32412,1
32413,1
32414,1
32415,1
32416,1
32417,0.8902804256738054
32418,0.9367537762839373
32419,0.8304898105926442
32420,1
32421,1
32422,1
32423,1
32424,0.8955879474882031
32425,0.8890677443632415
32426,1
32427,1
32428,0.7979915110564277
32429,1
32430,1
32431,1
32432,1
32433,1
32434,0.8091820118692014
32435,1
32436,1
32437,0.7754528856896543
32438,0.9740504365406069
32439,1
32440,1
32441,0.9770147563321826
32442,0.33343429907657557
32443,1
32444,1
32445,1
32446,0.7652951242914275
32447,0.8702801863345673
32448,0.6999484441775486
32449,1
32450,0.8966170625968141
32451,0.9002571508472601
32452,1
32453,1
32454,1
32455,0.934718013900557
32456,1
32457,1
32458,1
32459,1
32460,1
32461,0.964174901191159
32462,1
32463,1
32464,1
32465,1
32466,1
32467,1
32468,0.5447981826579518
32469,1
32470,1
32471,1
32472,1
32473,0.6329278152107289
32474,1
32475,1
32476,0.9770147563321826
32477,0.9876612416190321
32478,1
32479,0.9740504365406069
32480,1
32481,1
32482,1
32483,1
32484,1
32485,1
32486,0.9565116537184474
32487,1
32488,1
32489,1
32490,0.9777357023625389
32491,0.9968430762781008
32492,0.6483044964094132
32493,1
32494,0.9210784755241482
32495,0.9565116537184474
32496,0.8833041251361328
32497,1
32498,1
32499,0.9321615611757386
32500,1
32501,0.275401117416931
32502,0.8488128738084147
32503,1
32504,0.9505484544924561
32505,1
32506,0.6762572413163038
32507,0.8748052070755583
32508,0.9722503423331362
32509,1
32510,0.9770147563321826
32511,1
32512,0.8903316115907669
32513,0.9164134822105101
32514,1
32515,0.9851578980626085
32516,1
32517,0.9367537762839373
32518,0.3557190788526975
32519,1
32520,0.8638411288028187
32521,1
32522,1
32523,1
32524,1
32525,1
32526,1
32527,1
32528,1
32529,1
32530,1
32531,1
32532,0.9825559015549896
32533,0.9825559015549896
32534,1
32535,1
32536,1
32537,0.9841193590463618
32538,1
32539,0.7468244840071132
32540,0.9740504365406069
32541,1
32542,1
32543,1
32544,1
32545,1
32546,0.9770147563321826
32547,0.960473993748949
32548,1
32549,1
32550,0.7468244840071132
32551,0.7779786277226947
32552,1
32553,0.8000846197350532
32554,1
32555,1
32556,0.933596852562038
32557,0.979845370195437
32558,1
32559,1
32560,1
32561,1
32562,1
32563,1
32564,0.8180587467194326
32565,1
32566,1
32567,1
32568,0.9815173625387432
32569,1
32570,0.8150337816312075
32571,1
32572,0.888778545391784
32573,1
32574,0.48640918631708446
32575,1
32576,0.4844438480770324
32577,0.9385884894294859
32578,1
32579,0.9170538670778072
32580,1
32581,1
32582,0.6535606549086411
32583,1
32584,0.9367537762839373
32585,0.9924049721376991
32586,1
32587,0.9709361642796265
32588,1
32589,0.6441073451867333
32590,1
32591,1
32592,1
32593,1
32594,1
32595,1
32596,0.9131024994045092
32597,0.9825559015549896
32598,0.9968430762781008
32599,1
32600,1
32601,1
32602,1
32603,1
32604,1
32605,1
32606,0.9900744607435069
32607,1
32608,0.9367537762839373
32609,1
32610,0.9226376318830833
32611,1
32612,1
32613,1
32614,1
32615,0.5349366109135466
32616,1
32617,1
32618,0.6308133393450354
32619,1
32620,0.9676523251498593
32621,0.9302326597453842
32622,0.9676523251498593
32623,1
32624,1
32625,0.6417123740439841
32626,1
32627,1
32628,0.9900744607435069
32629,1
32630,1
32631,1
32632,1
32633,0.9565116537184474
32634,0.9198909061692103
32635,0.9439480618039867
32636,0.8900602352564023
32637,1
32638,0.9274478179980737
32639,1
32640,1
32641,0.8955879474882031
32642,0.9002571508472601
32643,0.9900744607435069
32644,1
32645,1
32646,1
32647,1
32648,0.90039911108091
32649,1
32650,1
32651,0.608117641786445
32652,0.9924049721376991
32653,1
32654,1
32655,1
32656,1
32657,0.9946592700131068
32658,0.9002571508472601
32659,1
32660,0.8758105888378835
32661,0.9770147563321826
32662,1
32663,1
32664,1
32665,0.9518361428101912
32666,0.8015041056581604
32667,1
32668,1
32669,1
32670,1
32671,1
32672,0.7313847257347657
32673,1
32674,0.8593204023401445
32675,1
32676,1
32677,0.8762698288619278
32678,0.7405629291827796
32679,0.9900744607435069
32680,1
32681,1
32682,1
32683,0.67403231875312
32684,0.7468244840071132
32685,1
32686,0.9268282370274441
32687,0.9989614609837535
32688,1
32689,1
32690,1
32691,0.7832584201513643
32692,1
32693,0.9900744607435069
32694,0.9080628816173912
32695,1
32696,1
32697,0.9876612416190321
32698,0.9475888878684422
32699,0.9676523251498593
32700,0.9327467859310505
32701,0.9788068311791907
32702,0.9244150179029693
32703,1
32704,1
32705,0.5508138003244023
32706,0.5010021958424691
32707,1
32708,1
32709,1
32710,1
32711,1
32712,0.9465503488521956
32713,1
32714,0.6705164672961496
32715,1
32716,0.9740504365406069
32717,1
32718,1
32719,1
32720,1
32721,1
32722,1
32723,1
32724,0.9225666260562072
32725,1
32726,1
32727,1
32728,0.9475888878684422
32729,1
32730,1
32731,1
32732,1
32733,1
32734,1
32735,0.979845370195437
32736,0.919309677838927
32737,0.7705205172451948
32738,0.9968430762781008
32739,0.9851578980626085
32740,1
32741,1
32742,1
32743,1
32744,1
32745,0.8443922834893369
32746,1
32747,0.8353551873565812
32748,0.952238581019351
32749,0.9538958067360441
32750,1
32751,1
32752,0.9087502347377983
32753,0.9825559015549896
32754,1
32755,0.6310192742705198
32756,1
32757,0.9475888878684422
32758,1
32759,0.9002571508472601
32760,0.9900744607435069
32761,0.9131024994045092
32762,1
32763,1
32764,0.9037617689280175
32765,0.9072047964950979
32766,0.9475888878684422
32767,0.9002571508472601
32768,0.9475888878684422
32769,1
32770,1
32771,1
32772,1
32773,1
32774,0.9333374360300535
32775,1
32776,1
32777,1
32778,0.9198909061692103
32779,1
32780,1
32781,0.9131024994045092
32782,0.9851578980626085
32783,0.7435923099971533
32784,1
32785,0.5268707041992922
32786,0.7755159177884038
32787,1
32788,0.7957815856173439
32789,0.9573170700270499
32790,1
32791,1
32792,0.9770147563321826
32793,1
32794,1
32795,0.9161527541170277
32796,1
32797,1
32798,1
32799,1
32800,1
32801,0.931413046297044
32802,0.8278179982073569
32803,1
32804,0.9163291799982436
32805,1
32806,1
32807,1
32808,1
32809,1
32810,0.8350010873023442
32811,0.935434867441638
32812,0.8370109271311973
32813,0.9740504365406069
32814,0.9676523251498593
32815,0.8758105888378835
32816,0.9367537762839373
32817,0.9770147563321826
32818,0.9367537762839373
32819,1
32820,0.24452838630835583
32821,1
32822,0.9027739438341014
32823,1
32824,0.9851578980626085
32825,1
32826,1
32827,1
32828,1
32829,0.9770147563321826
32830,1
32831,0.9708935128187075
32832,0.9538958067360441
32833,0.9851578980626085
32834,0.8994293147388439
32835,0.9876612416190321
32836,0.9676523251498593
32837,0.9851578980626085
32838,0.4279085615517507
32839,0.8122935578788008
32840,0.9766884464735379
32841,1
32842,0.7872200978521395
32843,0.8778651986190539
32844,0.9924049721376991
32845,0.9352501294874744
32846,0.9475888878684422
32847,1
32848,0.952238581019351
32849,1
32850,1
32851,1
32852,1
32853,1
32854,0.6986343657413508
32855,1
32856,0.6960912536464261
32857,0.9252213602721608
32858,1
32859,1
32860,0.34460487704408893
32861,1
32862,1
32863,0.987064242150806
32864,1
32865,1
32866,0.9424713473879602
32867,0.9009286774750964
32868,0.915043855920416
32869,0.8297016458838836
32870,0.9740504365406069
32871,1
32872,0.8297016458838836
32873,1
32874,1
32875,0.47872330117518136
32876,1
32877,1
32878,1
32879,1
32880,0.9080667816806935
32881,0.9989614609837535
32882,0.7834843812084511
32883,0.9968430762781008
32884,0.979845370195437
32885,0.8910355609442335
32886,1
32887,1
32888,1
32889,0.9465861144619542
32890,1
32891,1
32892,1
32893,0.9367537762839373
32894,0.960473993748949
32895,1
32896,1
32897,1
32898,1
32899,0.8414207807973066
32900,0.9740504365406069
32901,1
32902,1
32903,1
32904,0.8399854900290427
32905,1
32906,0.6144591078728968
32907,0.9131024994045092
32908,0.9815768070347143
32909,0.9989614609837535
32910,0.9002571508472601
32911,0.9002571508472601
32912,1
32913,0.9178060310424642
32914,1
32915,1
32916,0.7568998273884808
32917,1
32918,0.8801025210426973
32919,0.8731843183196447
32920,0.9475888878684422
32921,1
32922,1
32923,1
32924,0.9424713473879602
32925,0.9633411364173258
32926,0.8802951731148432
32927,1
32928,1
32929,1
32930,0.9541166502973382
32931,1
32932,1
32933,1
32934,0.7893434617781449
32935,1
32936,0.9475888878684422
32937,1
32938,0.8159344844533827
32939,1
32940,1
32941,1
32942,1
32943,0.8365812451717305
32944,0.9709361642796265
32945,1
32946,1
32947,1
32948,0.9740504365406069
32949,1
32950,0.9989614609837535
32951,0.7797041134559953
32952,1
32953,1
32954,0.7835222845594352
32955,1
32956,0.9825559015549896
32957,1
32958,1
32959,1
32960,1
32961,0.9376891653170457
32962,0.9900744607435069
32963,0.9825559015549896
32964,0.9709361642796265
32965,1
32966,1
32967,1
32968,1
32969,1
32970,0.8758105888378835
32971,0.9876612416190321
32972,0.9131024994045092
32973,0.9573170700270499
32974,1
32975,0.9178939013644162
32976,0.958834171204266
32977,1
32978,1
32979,0.960473993748949
32980,0.9633411364173258
32981,1
32982,0.9424713473879602
32983,1
32984,0.9958045372618541
32985,1
32986,1
32987,0.9565116537184474
32988,0.9565116537184474
32989,0.7760677396851436
32990,0.5460267353708053
32991,1
32992,1
32993,0.3876021803368593
32994,1
32995,1
32996,1
32997,1
32998,1
32999,1
33000,1
33001,1
33002,1
33003,1
33004,1
33005,0.805850461863159
33006,1
33007,1
33008,1
33009,0.9814408938649595
33010,1
33011,0.9892480484157999
33012,0.9087587688567452
33013,1
33014,1
33015,1
33016,0.5775701408740682
33017,1
33018,0.9800662137567313
33019,1
33020,0.8424575322254177
33021,0.9738578326102835
33022,1
33023,0.9900744607435069
33024,1
33025,1
33026,1
33027,0.9002571508472601
33028,0.9851578980626085
33029,1
33030,1
33031,0.8225413915840324
33032,0.9841193590463618
33033,0.8097195620013233
33034,0.952238581019351
33035,1
33036,1
33037,0.7935041661637716
33038,1
33039,1
33040,1
33041,0.8801025210426973
33042,0.8323732770192602
33043,1
33044,1
33045,0.9302326597453842
33046,0.5730207117253248
33047,1
33048,0.9968430762781008
33049,0.8542351364475613
33050,1
33051,1
33052,0.9565116537184474
33053,1
33054,0.764033822312345
33055,1
33056,1
33057,1
33058,1
33059,0.7385890567147345
33060,1
33061,1
33062,1
33063,0.9131024994045092
33064,0.8726536651159842
33065,0.7760677396851436
33066,0.9066736072228813
33067,1
33068,1
33069,0.8727040071333443
33070,1
33071,1
33072,1
33073,1
33074,0.9676523251498593
33075,0.9565116537184474
33076,1
33077,0.9302326597453842
33078,1
33079,1
33080,1
33081,1
33082,1
33083,0.9367537762839373
33084,1
33085,0.6373991008012309
33086,1
33087,1
33088,0.9924049721376991
33089,1
33090,0.9709361642796265
33091,1
33092,0.9989614609837535
33093,0.8896909149042728
33094,1
33095,1
33096,0.7879103512723769
33097,0.9152412130183015
33098,0.8096189483597905
33099,1
33100,1
33101,1
33102,0.8645745353358385
33103,1
33104,0.952238581019351
33105,0.9225666260562072
33106,1
33107,1
33108,1
33109,0.2255597281779826
33110,0.960473993748949
33111,1
33112,0.40172318233149845
33113,0.9565116537184474
33114,0.9841193590463618
33115,1
33116,1
33117,0.9709361642796265
33118,1
33119,0.9131024994045092
33120,1
33121,1
33122,0.3844760711065315
33123,0.37436228132141475
33124,1
33125,0.8830406198051564
33126,0.361705158480557
33127,1
33128,0.9468291209737763
33129,1
33130,0.275401117416931
33131,0.979845370195437
33132,1
33133,0.5547940578133539
33134,0.9044844249354965
33135,1
33136,1
33137,0.7979915110564277
33138,0.9946592700131068
33139,0.7468244840071132
33140,0.9740504365406069
33141,0.8801605127050058
33142,0.9211443909844754
33143,0.6842629904928399
33144,1
33145,0.275401117416931
33146,0.8074108037356341
33147,0.7835351129566991
33148,1
33149,1
33150,0.9968430762781008
33151,1
33152,1
33153,1
33154,0.9565116537184474
33155,0.9851578980626085
33156,0.8234980897477686
33157,1
33158,1
33159,0.31121726348996637
33160,1
33161,1
33162,0.9367537762839373
33163,1
33164,1
33165,1
33166,1
33167,0.9709361642796265
33168,1
33169,1
33170,1
33171,1
33172,1
33173,0.8889923573032882
33174,0.9274478179980737
33175,1
33176,0.9924049721376991
33177,1
33178,0.8135557543021374
33179,1
33180,0.9565798733288582
33181,1
33182,1
33183,0.9876612416190321
33184,0.6267468322852641
33185,1
33186,1
33187,1
33188,1
33189,0.9709361642796265
33190,0.8600003504369672
33191,1
33192,1
33193,0.9314101580285756
33194,1
33195,1
33196,0.9851578980626085
33197,1
33198,1
33199,0.9565116537184474
33200,0.9876612416190321
33201,1
33202,1
33203,1
33204,0.9367537762839373
33205,1
33206,1
33207,0.5107198662522675
33208,1
33209,0.8731117163496501
33210,1
33211,1
33212,1
33213,0.7468244840071132
33214,0.894916420860367
33215,0.5807799293174211
33216,1
33217,0.9367537762839373
33218,1
33219,1
33220,1
33221,1
33222,1
33223,1
33224,1
33225,0.9851578980626085
33226,1
33227,0.7145921240689367
33228,1
33229,0.8395171669045822
33230,1
33231,1
33232,1
33233,1
33234,0.8764624327922512
33235,1
33236,0.35071423553834113
33237,1
33238,1
33239,0.9058444529722146
33240,1
33241,0.960473993748949
33242,1
33243,1
33244,1
33245,1
33246,0.8701555139246495
33247,1
33248,0.964174901191159
33249,1
33250,0.7202579080979125
33251,0.6653793146473094
33252,0.9367537762839373
33253,1
33254,1
33255,1
33256,1
33257,0.8091820118692014
33258,0.9225666260562072
33259,1
33260,0.46702607201714214
33261,1
33262,0.8758105888378835
33263,0.964174901191159
33264,1
33265,0.9507815344750637
33266,0.8934859258407576
33267,0.9946592700131068
33268,1
33269,0.960473993748949
33270,1
33271,0.8479756897538508
33272,0.952238581019351
33273,1
33274,1
33275,1
33276,1
33277,1
33278,1
33279,1
33280,0.7780786984610863
33281,0.7060889106156425
33282,1
33283,0.8308220344016223
33284,1
33285,1
33286,0.952238581019351
33287,0.9892480484157999
33288,0.8953857657378479
33289,1
33290,1
33291,1
33292,0.6775612445337801
33293,1
33294,0.9100780299408213
33295,1
33296,0.9770147563321826
33297,1
33298,1
33299,1
33300,1
33301,1
33302,0.9924049721376991
33303,0.9475888878684422
33304,0.9399938600061414
33305,0.952238581019351
33306,1
33307,0.9244150179029693
33308,1
33309,0.3316541499407388
33310,1
33311,1
33312,1
33313,1
33314,1
33315,1
33316,1
33317,0.9676523251498593
33318,1
33319,1
33320,1
33321,1
33322,0.8879183924662923
33323,1
33324,1
33325,0.9565116537184474
33326,0.8731117163496501
33327,0.275401117416931
33328,1
33329,1
33330,1
33331,1
33332,1
33333,0.979845370195437
33334,1
33335,0.9876612416190321
33336,1
33337,0.8802951731148432
33338,0.9989614609837535
33339,0.8792251236718974
33340,1
33341,0.952238581019351
33342,1
33343,1
33344,0.9900744607435069
33345,1
33346,0.7372582185655
33347,0.9002571508472601
33348,0.9777357023625389
33349,0.8115010224981367
33350,0.8299730462466616
33351,1
33352,1
33353,1
33354,1
33355,1
33356,1
33357,1
33358,1
33359,1
33360,1
33361,0.7786804789122529
33362,0.952238581019351
33363,0.9677137996175981
33364,0.960473993748949
33365,1
33366,1
33367,0.7659017852061006
33368,1
33369,1
33370,0.9989614609837535
33371,1
33372,1
33373,1
33374,1
33375,0.9225666260562072
33376,0.8371999318721768
33377,1
33378,1
33379,1
33380,0.8758105888378835
33381,0.9219116743465456
33382,1
33383,0.4522236588643086
33384,0.7577706132156599
33385,1
33386,1
33387,0.8758105888378835
33388,0.5383401867491897
33389,1
33390,0.5876267230446393
33391,1
33392,1
33393,1
33394,1
33395,0.9127125747683001
33396,1
33397,1
33398,0.960473993748949
33399,0.8636042159300029
33400,0.5535873070774334
33401,0.8536727480080925
33402,0.9131024994045092
33403,1
33404,1
33405,0.9809624353244625
33406,0.9475888878684422
33407,0.9029453411369094
33408,1
33409,1
33410,0.8650379734441676
33411,1
33412,0.9968430762781008
33413,1
33414,1
33415,1
33416,1
33417,1
33418,1
33419,0.9178939013644162
33420,1
33421,0.4193073846796688
33422,1
33423,0.9565116537184474
33424,1
33425,0.9989614609837535
33426,0.8276467316480749
33427,0.944667081482042
33428,1
33429,1
33430,1
33431,1
33432,0.9302326597453842
33433,0.9356121622308413
33434,0.7263057493145607
33435,1
33436,1
33437,0.964174901191159
33438,1
33439,0.9424713473879602
33440,1
33441,1
33442,1
33443,0.8389828944831825
33444,1
33445,0.9215149219764929
33446,0.9770147563321826
33447,1
33448,0.9027739438341014
33449,1
33450,0.9989614609837535
33451,1
33452,1
33453,1
33454,1
33455,1
33456,1
33457,1
33458,0.9156032457616685
33459,0.6986343657413508
33460,1
33461,0.7832977706524165
33462,1
33463,1
33464,1
33465,0.9876612416190321
33466,0.7340802514146505
33467,1
33468,1
33469,0.9709361642796265
33470,1
33471,1
33472,1
33473,0.9131024994045092
33474,0.9676523251498593
33475,1
33476,0.9900744607435069
33477,0.9424713473879602
33478,1
33479,1
33480,1
33481,1
33482,0.979845370195437
33483,1
33484,1
33485,0.9302326597453842
33486,1
33487,0.6483420648590209
33488,1
33489,1
33490,1
33491,1
33492,0.9399938600061414
33493,0.9709361642796265
33494,0.9367537762839373
33495,0.9851578980626085
33496,1
33497,1
33498,1
33499,0.8696141531229564
33500,0.8663516566305742
33501,1
33502,0.7447282502044575
33503,0.964174901191159
33504,1
33505,1
33506,0.9738578326102835
33507,1
33508,0.9989614609837535
33509,0.8395309883401231
33510,0.9968430762781008
33511,1
33512,0.5794305538850907
33513,1
33514,1
33515,0.9131024994045092
33516,1
33517,0.9441728953374794
33518,1
33519,1
33520,1
33521,1
33522,0.791277070171216
33523,1
33524,1
33525,0.4018847339501073
33526,0.5748699585800554
33527,0.9968430762781008
33528,0.9031836597004178
33529,1
33530,1
33531,1
33532,1
33533,1
33534,0.979845370195437
33535,1
33536,0.6294960817846854
33537,1
33538,0.7496837445762397
33539,1
33540,1
33541,1
33542,1
33543,1
33544,1
33545,0.9876612416190321
33546,0.964174901191159
33547,1
33548,1
33549,1
33550,1
33551,1
33552,1
33553,0.3876021803368593
33554,1
33555,0.40987534658270874
33556,0.5422271360033586
33557,1
33558,1
33559,0.9475888878684422
33560,0.9876612416190321
33561,0.9002571508472601
33562,0.9770147563321826
33563,0.7614348743621632
33564,1
33565,0.9924049721376991
33566,0.9302326597453842
33567,1
33568,1
33569,1
33570,0.9740504365406069
33571,1
33572,0.919309677838927
33573,1
33574,0.7809880175463485
33575,1
33576,0.8536727480080925
33577,1
33578,0.9924049721376991
33579,0.7881795614892234
33580,1
33581,1
33582,0.43469570294933463
33583,0.6904015748866469
33584,0.8278693937919867
33585,0.14402390492519107
33586,1
33587,1
33588,1
33589,0.1478345244404042
33590,1
33591,0.9676523251498593
33592,1
33593,1
33594,1
33595,0.9169856474673964
33596,1
33597,0.964675997951215
33598,0.9126245273025227
33599,0.75450940332041
33600,0.8867415272473663
33601,1
33602,1
33603,0.9475888878684422
33604,0.9989614609837535
33605,1
33606,0.9475888878684422
33607,0.9090851335215729
33608,1
33609,1
33610,1
33611,0.8710985661394335
33612,1
33613,0.7835351129566991
33614,1
33615,0.9565116537184474
33616,0.9131024994045092
33617,1
33618,1
33619,1
33620,0.9989614609837535
33621,1
33622,1
33623,1
33624,0.8121964415391332
33625,1
33626,1
33627,0.9876612416190321
33628,1
33629,0.9300683207496482
33630,0.6200271460665295
33631,1
33632,0.952238581019351
33633,1
33634,1
33635,1
33636,1
33637,1
33638,0.952238581019351
33639,0.6476978354947401
33640,1
33641,0.8807548245543686
33642,0.9325583135457913
33643,1
33644,1
33645,0.9002571508472601
33646,1
33647,0.9825559015549896
33648,0.8758105888378835
33649,0.5865955798156085
33650,1
33651,1
33652,1
33653,1
33654,0.9565116537184474
33655,0.5019080756187181
33656,1
33657,0.9225666260562072
33658,0.9770147563321826
33659,1
33660,1
33661,1
33662,1
33663,0.9876612416190321
33664,0.933596852562038
33665,1
33666,0.9825559015549896
33667,0.9946592700131068
33668,1
33669,0.8998274688877933
33670,1
33671,1
33672,0.9709361642796265
33673,1
33674,1
33675,0.6294960817846854
33676,0.9913664331214527
33677,0.47872330117518136
33678,0.924648894940108
33679,1
33680,1
33681,1
33682,0.9677137996175981
33683,0.8067075252252232
33684,1
33685,1
33686,1
33687,1
33688,0.9770147563321826
33689,1
33690,1
33691,1
33692,1
33693,1
33694,1
33695,1
33696,0.8642015942820109
33697,1
33698,0.9825559015549896
33699,0.5865955798156085
33700,1
33701,1
33702,0.964174901191159
33703,1
33704,1
33705,0.9367537762839373
33706,1
33707,1
33708,0.9900744607435069
33709,0.9740504365406069
33710,1
33711,1
33712,1
33713,1
33714,0.8790668180467952
33715,1
33716,1
33717,1
33718,0.962172654394791
33719,0.43816051274383166
33720,0.9475888878684422
33721,1
33722,1
33723,1
33724,1
33725,0.979845370195437
33726,0.8937819578178101
33727,0.6542139681225959
33728,1
33729,1
33730,1
33731,1
33732,0.960473993748949
33733,0.8827478248327708
33734,1
33735,0.9989614609837535
33736,1
33737,1
33738,0.9740504365406069
33739,0.9770147563321826
33740,1
33741,1
33742,1
33743,1
33744,0.9367537762839373
33745,1
33746,0.7468244840071132
33747,1
33748,0.9339736936791678
33749,0.7664824365064414
33750,0.6273326973746831
33751,1
33752,1
33753,1
33754,0.9946592700131068
33755,1
33756,1
33757,0.9424713473879602
33758,0.9900744607435069
33759,1
33760,1
33761,1
33762,1
33763,0.9565116537184474
33764,0.9900744607435069
33765,1
33766,0.8050639261894174
33767,0.9770147563321826
33768,1
33769,1
33770,1
33771,1
33772,1
33773,1
33774,1
33775,0.6839511928504669
33776,1
33777,1
33778,1
33779,1
33780,1
33781,0.9946592700131068
33782,0.9946592700131068
33783,1
33784,1
33785,0.914723355683615
33786,1
33787,0.9740504365406069
33788,0.8150337816312075
33789,0.8402703322502828
33790,1
33791,1
33792,1
33793,1
33794,0.9302326597453842
33795,0.8758105888378835
33796,1
33797,0.8758105888378835
33798,0.9424713473879602
33799,1
33800,1
33801,0.8777303550906808
33802,0.9968430762781008
33803,1
33804,0.9424713473879602
33805,0.9968430762781008
33806,1
33807,0.9002571508472601
33808,1
33809,0.5920477974934966
33810,1
33811,0.952238581019351
33812,1
33813,0.4193073846796688
33814,1
33815,0.13753355130540937
33816,0.9958045372618541
33817,0.979845370195437
33818,1
33819,1
33820,0.9565116537184474
33821,1
33822,1
33823,0.9120639603882625
33824,1
33825,0.8798874929141096
33826,0.9825559015549896
33827,1
33828,1
33829,0.8702265197515254
33830,1
33831,0.8376536299292195
33832,1
33833,1
33834,1
33835,0.9624012717504269
33836,1
33837,1
33838,0.9770147563321826
33839,1
33840,1
33841,1
33842,1
33843,1
33844,1
33845,1
33846,0.6892399586002825
33847,1
33848,1
33849,1
33850,0.9851578980626085
33851,0.8666083815043443
33852,0.6421456291440939
33853,1
33854,0.9475888878684422
33855,1
33856,1
33857,0.8182819362258437
33858,0.7118922799440347
33859,1
33860,0.44986452520877035
33861,1
33862,0.75450940332041
33863,1
33864,1
33865,1
33866,1
33867,1
33868,0.8955879474882031
33869,0.9131024994045092
33870,1
33871,0.9740504365406069
33872,1
33873,0.964174901191159
33874,1
33875,0.8091820118692014
33876,1
33877,0.5616812510338451
33878,1
33879,0.952238581019351
33880,1
33881,1
33882,1
33883,0.9002571508472601
33884,0.8096342618905096
33885,0.9373964790819593
33886,0.8486357886942472
33887,0.9676523251498593
33888,1
33889,1
33890,1
33891,1
33892,0.6535696857320786
33893,0.7008064475582944
33894,0.8704698588509905
33895,0.9900744607435069
33896,1
33897,0.987064242150806
33898,1
33899,1
33900,0.4844438480770324
33901,1
33902,1
33903,0.6414088201090038
33904,0.964174901191159
33905,1
33906,0.964174901191159
33907,1
33908,1
33909,1
33910,0.9915023462912075
33911,0.4197580247072754
33912,1
33913,0.8758105888378835
33914,1
33915,1
33916,0.960473993748949
33917,1
33918,1
33919,0.9946592700131068
33920,1
33921,1
33922,0.9475888878684422
33923,1
33924,0.9900744607435069
33925,0.952238581019351
33926,1
33927,0.8990776854835568
33928,0.9847337307566136
33929,0.9274478179980737
33930,0.9002571508472601
33931,0.9385884894294859
33932,1
33933,1
33934,1
33935,0.7734743789833383
33936,0.7979915110564277
33937,1
33938,1
33939,1
33940,1
33941,0.9740504365406069
33942,1
33943,1
33944,1
33945,1
33946,1
33947,1
33948,0.7003507387814191
33949,1
33950,0.9320839512147882
33951,0.9770147563321826
33952,0.915043855920416
33953,1
33954,1
33955,1
33956,0.9924049721376991
33957,1
33958,0.8758105888378835
33959,1
33960,1
33961,1
33962,1
33963,1
33964,1
33965,1
33966,1
33967,0.9367537762839373
33968,0.8362953253063234
33969,0.9709361642796265
33970,0.9131024994045092
33971,1
33972,1
33973,1
33974,0.8393247061206971
33975,0.9475888878684422
33976,1
33977,1
33978,0.9004678537550905
33979,1
33980,0.6471096764755992
33981,1
33982,0.9302326597453842
33983,1
33984,1
33985,0.9475888878684422
33986,1
33987,0.9900744607435069
33988,1
33989,0.9968430762781008
33990,0.8900602352564023
33991,1
33992,1
33993,0.9302326597453842
33994,1
33995,1
33996,1
33997,1
33998,0.6009619527466483
33999,0.9565116537184474
34000,1
34001,1
34002,1
34003,0.9292533373515337
34004,1
34005,1
34006,1
34007,0.9740504365406069
34008,1
34009,0.5252451086017895
34010,1
34011,1
34012,1
34013,0.9131024994045092
34014,1
34015,0.9968430762781008
34016,1
34017,1
34018,0.8556559590333207
34019,1
34020,1
34021,0.9565116537184474
34022,1
34023,1
34024,1
34025,1
34026,0.9131024994045092
34027,0.275401117416931
34028,1
34029,0.9367537762839373
34030,0.687337059132623
34031,1
34032,0.8738843936850044
34033,0.7556942849211405
34034,1
34035,1
34036,0.9087502347377983
34037,1
34038,0.9440202713865962
34039,0.9968430762781008
34040,0.8493616037652195
34041,1
34042,0.9502082267048491
34043,1
34044,0.7760677396851436
34045,1
34046,1
34047,1
34048,1
34049,1
34050,0.9740504365406069
34051,1
34052,1
34053,0.9876612416190321
34054,1
34055,0.8758105888378835
34056,1
34057,1
34058,1
34059,1
34060,1
34061,1
34062,0.8990776854835568
34063,0.7760677396851436
34064,1
34065,1
34066,0.8728408337166909
34067,1
34068,0.5535873070774334
34069,1
34070,0.960473993748949
34071,0.8758105888378835
34072,1
34073,1
34074,0.816321047767007
34075,0.9198909061692103
34076,0.9709361642796265
34077,0.8414468083706019
34078,0.9968430762781008
34079,0.9131024994045092
34080,1
34081,1
34082,0.9946592700131068
34083,1
34084,0.9002571508472601
34085,0.9367537762839373
34086,1
34087,1
34088,0.8977971145732914
34089,1
34090,0.8908270704488368
34091,1
34092,0.9565116537184474
34093,1
34094,1
34095,1
34096,0.8493616037652195
34097,0.9900744607435069
34098,0.9044061014337967
34099,1
34100,1
34101,0.9475888878684422
34102,0.9223167175833974
34103,0.9367537762839373
34104,0.8758105888378835
34105,0.9924049721376991
34106,0.9740504365406069
34107,1
34108,1
34109,1
34110,1
34111,1
34112,1
34113,1
34114,0.9077617694176161
34115,1
34116,0.787749280634816
34117,1
34118,0.9373964790819593
34119,1
34120,0.9417027616904663
34121,0.8955879474882031
34122,1
34123,1
34124,1
34125,1
34126,1
34127,1
34128,1
34129,1
34130,0.9770147563321826
34131,1
34132,1
34133,1
34134,1
34135,0.9770147563321826
34136,0.8424575322254177
34137,0.8494722969778823
34138,0.955133263762056
34139,1
34140,1
34141,1
34142,1
34143,0.5731465451133154
34144,0.5986824975062108
34145,0.9022114178013496
34146,1
34147,0.8593204023401445
34148,1
34149,0.9900744607435069
34150,1
34151,0.8998274688877933
34152,0.9825559015549896
34153,0.9002571508472601
34154,0.924648894940108
34155,0.8748052070755583
34156,0.9080628816173912
34157,1
34158,1
34159,1
34160,0.9770147563321826
34161,0.9320508429710392
34162,0.9120639603882625
34163,0.8738779054284
34164,1
34165,0.952238581019351
34166,1
34167,0.9002571508472601
34168,0.9946592700131068
34169,0.9302326597453842
34170,0.9424713473879602
34171,0.9876612416190321
34172,1
34173,0.9770147563321826
34174,0.9225666260562072
34175,1
34176,1
34177,0.9131024994045092
34178,1
34179,0.9860257031345594
34180,0.9003616420568638
34181,1
34182,0.9624012717504269
34183,0.5508138003244023
34184,1
34185,1
34186,1
34187,0.8977971145732914
34188,1
34189,1
34190,0.7835351129566991
34191,1
34192,0.979845370195437
34193,1
34194,1
34195,0.9946592700131068
34196,0.9131024994045092
34197,1
34198,1
34199,1
34200,1
34201,0.8634718304569158
34202,1
34203,1
34204,1
34205,1
34206,1
34207,1
34208,1
34209,0.7732914905021179
34210,0.8018285311203786
34211,1
34212,1
34213,1
34214,0.9565116537184474
34215,1
34216,1
34217,1
34218,0.8703398544001748
34219,1
34220,1
34221,1
34222,0.9676523251498593
34223,1
34224,1
34225,1
34226,0.9876612416190321
34227,1
34228,1
34229,0.9740504365406069
34230,1
34231,1
34232,0.979845370195437
34233,0.5986824975062108
34234,1
34235,0.915043855920416
34236,0.8696141531229564
34237,0.9770147563321826
34238,1
34239,1
34240,0.9623115951629663
34241,0.8758105888378835
34242,1
34243,0.9989614609837535
34244,1
34245,0.9131024994045092
34246,0.9157569178988033
34247,1
34248,1
34249,1
34250,1
34251,0.8452042579392905
34252,1
34253,0.9675066118144694
34254,1
34255,0.9363570239138845
34256,1
34257,1
34258,0.9002571508472601
34259,0.9281263188988084
34260,1
34261,0.9385884894294859
34262,1
34263,1
34264,1
34265,1
34266,0.9002571508472601
34267,1
34268,1
34269,1
34270,1
34271,1
34272,1
34273,1
34274,0.952238581019351
34275,0.9637614054970985
34276,1
34277,1
34278,0.9456318918115574
34279,1
34280,1
34281,1
34282,1
34283,1
34284,0.7202520542019583
34285,0.9131024994045092
34286,1
34287,0.8135557543021374
34288,0.8581311004700226
34289,0.8166501243236343
34290,0.9851578980626085
34291,0.9924049721376991
34292,1
34293,1
34294,1
34295,1
34296,1
34297,1
34298,1
34299,1
34300,0.8908270704488368
34301,0.7935041661637716
34302,0.9002571508472601
34303,1
34304,0.8538285834934344
34305,1
34306,1
34307,0.9609220747610895
34308,0.7281517731149385
34309,0.859275909118572
34310,0.8536727480080925
34311,0.8830406198051564
34312,0.9989614609837535
34313,1
34314,1
34315,0.7453576722493284
34316,0.9699198309389441
34317,1
34318,1
34319,0.9178939013644162
34320,1
34321,0.9900744607435069
34322,1
34323,1
34324,0.9946592700131068
34325,1
34326,1
34327,0.9131024994045092
34328,1
34329,0.7835351129566991
34330,1
34331,1
34332,1
34333,0.8333991296779064
34334,0.9740504365406069
34335,0.9423130417628578
34336,0.6795769529997667
34337,0.8424575322254177
34338,1
34339,0.9924049721376991
34340,1
34341,0.9876612416190321
34342,1
34343,0.7387749594764618
34344,0.9554731147022008
34345,0.960473993748949
34346,1
34347,1
34348,1
34349,1
34350,1
34351,0.9504808575244802
34352,0.9566063380955967
34353,0.9670892170756897
34354,1
34355,1
34356,0.9002571508472601
34357,1
34358,1
34359,0.38544972590180404
34360,0.9968430762781008
34361,1
34362,1
34363,1
34364,0.9687097065537137
34365,1
34366,0.8118510444788088
34367,1
34368,1
34369,0.9968430762781008
34370,0.952238581019351
34371,1
34372,1
34373,1
34374,1
34375,1
34376,0.9876612416190321
34377,0.7082293008608821
34378,1
34379,1
34380,1
34381,0.6527968020869602
34382,1
34383,0.7008064475582944
34384,1
34385,1
34386,0.9900744607435069
34387,0.9002571508472601
34388,1
34389,0.8370109271311973
34390,0.9054981017757291
34391,1
34392,0.958834171204266
34393,1
34394,0.8790668180467952
34395,1
34396,1
34397,1
34398,0.9225666260562072
34399,0.7714689897973824
34400,1
34401,0.275401117416931
34402,1
34403,0.5204423435250048
34404,1
34405,0.9475888878684422
34406,1
34407,1
34408,1
34409,1
34410,1
34411,1
34412,1
34413,0.8089777923170136
34414,1
34415,0.9554404821767595
34416,1
34417,0.8879183924662923
34418,1
34419,0.8800743189229754
34420,0.8840386636841356
34421,0.6512790782171166
34422,1
34423,0.6780457817008168
34424,0.9117637890596012
34425,1
34426,1
34427,1
34428,1
34429,1
34430,0.9223167175833974
34431,1
34432,1
34433,0.8593204023401445
34434,1
34435,1
34436,0.9596625382711524
34437,1
34438,0.9424713473879602
34439,1
34440,0.9900744607435069
34441,1
34442,1
34443,0.9847337307566136
34444,0.7494609587944551
34445,0.9225666260562072
34446,1
34447,1
34448,0.8758105888378835
34449,0.8883388800594656
34450,0.894319690614591
34451,0.8356691254607166
34452,1
34453,1
34454,1
34455,1
34456,0.9800662137567313
34457,0.9468978510324579
34458,0.8541710276547273
34459,1
34460,0.7000521471952222
34461,1
34462,0.7889130882423926
34463,1
34464,1
34465,0.926289017559958
34466,0.9027739438341014
34467,1
34468,0.952238581019351
34469,1
34470,0.9393144236660609
34471,1
34472,0.34460487704408893
34473,0.960473993748949
34474,1
34475,0.9989614609837535
34476,1
34477,1
34478,0.8824753509013652
34479,1
34480,1
34481,1
34482,0.9876612416190321
34483,1
34484,1
34485,0.9825559015549896
34486,0.622720993507187
34487,1
34488,0.48683892261801176
34489,0.9968430762781008
34490,1
34491,0.964174901191159
34492,1
34493,1
34494,1
34495,0.979845370195437
34496,1
34497,1
34498,0.9968430762781008
34499,1
34500,1
34501,0.655899524271714
34502,0.9367537762839373
34503,0.8955879474882031
34504,0.9225666260562072
34505,0.7835351129566991
34506,0.9574082403957447
34507,1
34508,1
34509,1
34510,0.9231747452989774
34511,0.9675066118144694
34512,1
34513,1
34514,1
34515,0.9770147563321826
34516,1
34517,1
34518,1
34519,1
34520,0.9946592700131068
34521,1
34522,1
34523,0.9225666260562072
34524,0.3844760711065315
34525,1
34526,1
34527,1
34528,0.7372425765962349
34529,0.8990776854835568
34530,1
34531,1
34532,0.8395389220625701
34533,1
34534,1
34535,0.9900744607435069
34536,1
34537,1
34538,1
34539,0.566826603751517
34540,0.9851578980626085
34541,1
34542,0.9449866008202333
34543,1
34544,0.8521689944314813
34545,1
34546,1
34547,1
34548,1
34549,0.9924049721376991
34550,0.891467455316134
34551,1
34552,1
34553,1
34554,0.8758105888378835
34555,1
34556,1
34557,0.6848190180722276
34558,0.954249361934666
34559,0.9041952259640388
34560,1
34561,0.9502082267048491
34562,0.8036360514400813
34563,1
34564,0.8826130883001485
34565,0.91376853261612
34566,0.9056077095628727
34567,0.9632829469566015
34568,1
34569,0.7501181762257504
34570,1
34571,1
34572,0.8299730462466616
34573,0.9411896575233417
34574,1
34575,0.8059550877207251
34576,1
34577,1
34578,0.8225413915840324
34579,0.8857029882311197
34580,1
34581,1
34582,1
34583,0.9968430762781008
34584,1
34585,0.3129434165313101
34586,0.8536727480080925
34587,1
34588,0.8635700957754375
34589,0.9946592700131068
34590,1
34591,0.8758105888378835
34592,0.8758105888378835
34593,0.9002571508472601
34594,0.9770147563321826
34595,0.6185714240128564
34596,1
34597,0.9565116537184474
34598,0.9565116537184474
34599,1
34600,0.9066462485791192
34601,0.8886988234293318
34602,0.7705205172451948
34603,1
34604,1
34605,1
34606,1
34607,0.4207464235873262
34608,0.14402390492519107
34609,0.8747720498216369
34610,1
34611,1
34612,1
34613,1
34614,0.9946592700131068
34615,0.9577882603611051
34616,1
34617,0.987064242150806
34618,0.9924049721376991
34619,1
34620,1
34621,0.9305620902590541
34622,1
34623,1
34624,1
34625,1
34626,1
34627,0.8801025210426973
34628,1
34629,0.9740504365406069
34630,1
34631,1
34632,1
34633,1
34634,1
34635,0.9709361642796265
34636,0.9367537762839373
34637,0.9302326597453842
34638,0.9302326597453842
34639,1
34640,1
34641,1
34642,1
34643,1
34644,0.964174901191159
34645,0.8146278976194234
34646,0.934524430289556
34647,1
34648,0.9915023462912075
34649,1
34650,0.8792251236718974
34651,1
34652,1
34653,1
34654,0.8811213112851848
34655,1
34656,0.8132088294715751
34657,1
34658,1
34659,1
34660,1
34661,0.8798874929141096
34662,0.9892480484157999
34663,0.9866227026027855
34664,0.9002571508472601
34665,0.9851578980626085
34666,1
34667,1
34668,0.979845370195437
34669,1
34670,1
34671,0.9424713473879602
34672,1
34673,0.9989614609837535
34674,1
34675,0.9825559015549896
34676,0.952238581019351
34677,1
34678,0.8065023438917006
34679,1
34680,0.6483044964094132
34681,0.9701406745002382
34682,1
34683,1
34684,1
34685,0.9172258960693142
34686,1
34687,0.622720993507187
34688,1
34689,1
34690,1
34691,1
34692,1
34693,0.8606913872729514
34694,1
34695,0.9302326597453842
34696,1
34697,1
34698,1
34699,1
34700,0.9241639788683065
34701,1
34702,0.9475888878684422
34703,0.9740504365406069
34704,0.8594569948553565
34705,0.9876612416190321
34706,0.960473993748949
34707,1
34708,1
34709,1
34710,1
34711,0.9281263188988084
34712,0.7117847265616775
34713,1
34714,0.9367537762839373
34715,0.7677594499648301
34716,0.8790668180467952
34717,1
34718,1
34719,0.9847337307566136
34720,0.9752323588061153
34721,1
34722,1
34723,1
34724,1
34725,1
34726,1
34727,1
34728,0.9777357023625389
34729,0.9367537762839373
34730,1
34731,0.9677137996175981
34732,1
34733,0.8536727480080925
34734,0.5425466666197956
34735,1
34736,0.7967402660952321
34737,0.9876612416190321
34738,1
34739,0.952238581019351
34740,0.8758105888378835
34741,1
34742,0.9770147563321826
34743,0.8548052610949753
34744,0.8323222425563308
34745,1
34746,1
34747,0.8593204023401445
34748,0.7494617869306864
34749,1
34750,0.6000453230835737
34751,1
34752,0.9676523251498593
34753,1
34754,0.7830664501477698
34755,0.9701406745002382
34756,0.8900602352564023
34757,0.9677137996175981
34758,1
34759,1
34760,1
34761,1
34762,1
34763,1
34764,0.9709361642796265
34765,1
34766,1
34767,0.9740504365406069
34768,0.9489193035597069
34769,1
34770,1
34771,1
34772,0.9677137996175981
34773,1
34774,0.9876612416190321
34775,0.9825559015549896
34776,0.5223988160574409
34777,1
34778,0.7760677396851436
34779,1
34780,0.9565116537184474
34781,1
34782,1
34783,0.787749280634816
34784,1
34785,1
34786,0.8304898105926442
34787,1
34788,1
34789,1
34790,1
34791,0.9924049721376991
34792,0.9900744607435069
34793,0.9800662137567313
34794,0.6103995215207348
34795,1
34796,1
34797,0.9740504365406069
34798,0.8530257604059802
34799,1
34800,0.9968430762781008
34801,0.9825559015549896
34802,0.687337059132623
34803,0.8581311004700226
34804,1
34805,0.9178939013644162
34806,0.6205234313555095
34807,1
34808,1
34809,1
34810,0.9709361642796265
34811,0.4949879342564883
34812,1
34813,0.9390675552734369
34814,1
34815,1
34816,1
34817,0.8015041056581604
34818,0.9120639603882625
34819,0.6801724496321412
34820,1
34821,1
34822,1
34823,0.960473993748949
34824,1
34825,1
34826,0.927205078144574
34827,1
34828,0.9518361428101912
34829,1
34830,0.9041005415868895
34831,1
34832,0.6521264315759671
34833,1
34834,1
34835,0.8225332822574596
34836,1
34837,1
34838,1
34839,0.9417027616904663
34840,0.9798171680757152
34841,1
34842,1
34843,1
34844,1
34845,0.9595706578871724
34846,1
34847,1
34848,1
34849,1
34850,1
34851,0.9225666260562072
34852,1
34853,0.952238581019351
34854,0.9924049721376991
34855,0.9592083346032153
34856,1
34857,1
34858,1
34859,1
34860,1
34861,0.9968430762781008
34862,0.9183711633180615
34863,1
34864,1
34865,0.6445209874722496
34866,1
34867,0.8395171669045822
34868,1
34869,0.9538958067360441
34870,1
34871,0.046885079789750934
34872,1
34873,1
34874,0.9989614609837535
34875,1
34876,1
34877,0.9900744607435069
34878,0.9825559015549896
34879,1
34880,1
34881,0.9900744607435069
34882,1
34883,0.9851578980626085
34884,0.9152412130183015
34885,1
34886,1
34887,0.5010021958424691
34888,1
34889,1
34890,1
34891,0.9968430762781008
34892,0.7760677396851436
34893,1
34894,1
34895,0.9178939013644162
34896,0.9876612416190321
34897,0.9876612416190321
34898,1
34899,0.9351110654707856
34900,1
34901,1
34902,1
34903,0.9131024994045092
34904,1
34905,1
34906,1
34907,1
34908,1
34909,1
34910,1
34911,1
34912,1
34913,0.862469293539203
34914,0.960473993748949
34915,0.9367537762839373
34916,1
34917,1
34918,1
34919,1
34920,1
34921,1
34922,1
34923,0.979845370195437
34924,0.952238581019351
34925,1
34926,0.9709361642796265
34927,1
34928,1
34929,1
34930,1
34931,0.5019080756187181
34932,1
34933,1
34934,1
34935,0.894916420860367
34936,0.9709361642796265
34937,1
34938,1
34939,1
34940,1
34941,0.960473993748949
34942,1
34943,1
34944,0.7372582185655
34945,1
34946,0.960473993748949
34947,1
34948,1
34949,1
34950,1
34951,0.9825559015549896
34952,0.275401117416931
34953,1
34954,0.9475888878684422
34955,0.9655954342927333
34956,0.9968430762781008
34957,1
34958,1
34959,1
34960,1
34961,1
34962,1
34963,1
34964,0.6188228369963772
34965,1
34966,0.920307120488891
34967,0.9226376318830833
34968,1
34969,1
34970,0.8392150989116788
34971,1
34972,1
34973,1
34974,1
34975,1
34976,1
34977,1
34978,1
34979,0.9989614609837535
34980,1
34981,0.9002571508472601
34982,0.9320508429710392
34983,1
34984,1
34985,1
34986,1
34987,0.9968430762781008
34988,1
34989,1
34990,1
34991,0.9709361642796265
34992,1
34993,0.5223988160574409
34994,0.9131024994045092
34995,0.8758105888378835
34996,0.9153749431942635
34997,1
34998,1
34999,0.9924049721376991
35000,0.9740504365406069
35001,1
35002,0.9851578980626085
35003,1
35004,1
35005,1
35006,1
35007,1
35008,1
35009,1
35010,1
35011,0.9467308027461487
35012,1
35013,0.8089777923170136
35014,0.40172318233149845
35015,1
35016,0.9241639788683065
35017,1
35018,1
35019,0.8641676922772987
35020,1
35021,1
35022,1
35023,1
35024,0.6483044964094132
35025,0.8744737746932745
35026,0.9481352353679813
35027,1
35028,0.964174901191159
35029,0.8955879474882031
35030,1
35031,1
35032,0.8673518613391751
35033,1
35034,1
35035,0.8125643651218207
35036,1
35037,0.9363570239138845
35038,0.8992186118310135
35039,0.6799019000857163
35040,0.9320839512147882
35041,0.9876612416190321
35042,0.960473993748949
35043,1
35044,0.9367537762839373
35045,1
35046,0.6458177994912093
35047,0.9424713473879602
35048,0.9900744607435069
35049,1
35050,0.6599773607978521
35051,1
35052,1
35053,1
35054,1
35055,1
35056,1
35057,1
35058,0.9565116537184474
35059,1
35060,1
35061,0.2906278264047498
35062,1
35063,0.9029453411369094
35064,1
35065,1
35066,0.9565116537184474
35067,1
35068,1
35069,1
35070,0.9709361642796265
35071,0.9595706578871724
35072,0.9022259483644541
35073,1
35074,0.7768010246897592
35075,1
35076,1
35077,1
35078,1
35079,1
35080,1
35081,1
35082,0.8525493773287814
35083,0.8146278976194234
35084,1
35085,0.7732786234596324
35086,1
35087,1
35088,1
35089,1
35090,0.9249693951769092
35091,1
35092,0.9793989778330905
35093,1
35094,1
35095,1
35096,0.9851578980626085
35097,1
35098,1
35099,0.6245406934242708
35100,0.8891993133045023
35101,0.9456318918115574
35102,0.9225666260562072
35103,1
35104,1
35105,1
35106,0.7760677396851436
35107,0.9730118975243602
35108,1
35109,0.9268282370274441
35110,1
35111,0.962172654394791
35112,1
35113,1
35114,1
35115,1
35116,1
35117,1
35118,0.9565116537184474
35119,1
35120,0.8758105888378835
35121,1
35122,1
35123,0.7763294396130225
35124,0.931609303423019
35125,1
35126,1
35127,1
35128,0.9573170700270499
35129,0.9002571508472601
35130,1
35131,1
35132,0.9709361642796265
35133,1
35134,1
35135,0.9900744607435069
35136,0.7082293008608821
35137,0.9876612416190321
35138,1
35139,0.9924049721376991
35140,1
35141,1
35142,0.6780457817008168
35143,1
35144,1
35145,1
35146,1
35147,1
35148,1
35149,1
35150,1
35151,1
35152,1
35153,1
35154,0.960473993748949
35155,1
35156,1
35157,1
35158,0.9701406745002382
35159,0.8855012426918991
35160,0.960473993748949
35161,0.8567688045657073
35162,0.9120639603882625
35163,0.9511709237315541
35164,0.9002571508472601
35165,0.9367537762839373
35166,0.8043256340866408
35167,1
35168,1
35169,1
35170,1
35171,0.9900744607435069
35172,0.4844438480770324
35173,0.9131024994045092
35174,0.5809649968524019
35175,0.962172654394791
35176,0.9900744607435069
35177,1
35178,0.9851578980626085
35179,1
35180,1
35181,0.9131024994045092
35182,0.8651089792710435
35183,1
35184,1
35185,1
35186,1
35187,0.9876612416190321
35188,0.9002571508472601
35189,1
35190,0.5419695248912441
35191,0.9709361642796265
35192,1
35193,0.8452132741999475
35194,0.8094074413999214
35195,0.9449866008202333
35196,0.7568998273884808
35197,1
35198,0.9417027616904663
35199,1
35200,0.24452838630835583
35201,1
35202,0.9876612416190321
35203,1
35204,1
35205,0.9946592700131068
35206,0.5532820433897044
35207,1
35208,0.7780786984610863
35209,0.6248806134935584
35210,1
35211,1
35212,1
35213,0.7421319418566825
35214,1
35215,1
35216,0.952238581019351
35217,1
35218,0.8049942891405464
35219,1
35220,0.8758105888378835
35221,1
35222,1
35223,0.8395389220625701
35224,1
35225,0.5262064971356876
35226,1
35227,1
35228,1
35229,1
35230,1
35231,1
35232,1
35233,1
35234,0.964174901191159
35235,1
35236,0.9510023780363578
35237,0.9002571508472601
35238,1
35239,0.8955879474882031
35240,1
35241,0.9708935128187075
35242,1
35243,0.8536727480080925
35244,1
35245,1
35246,0.9031769601480161
35247,0.952238581019351
35248,0.8610534200163183
35249,1
35250,1
35251,1
35252,0.8356691254607166
35253,1
35254,0.916521783928567
35255,1
35256,1
35257,0.9518361428101912
35258,1
35259,1
35260,1
35261,1
35262,0.8907066534943333
35263,0.9351110654707856
35264,0.8319754889820319
35265,0.8676675452141867
35266,1
35267,0.45668427535044265
35268,0.8758105888378835
35269,1
35270,0.964174901191159
35271,0.952238581019351
35272,1
35273,1
35274,1
35275,0.730933002716128
35276,0.8356691254607166
35277,1
35278,1
35279,1
35280,1
35281,1
35282,1
35283,1
35284,0.9560940623422349
35285,1
35286,0.9375423086533208
35287,0.6349877326360521
35288,1
35289,1
35290,1
35291,0.9248919297584909
35292,0.8967585755570447
35293,0.8944075609365433
35294,1
35295,1
35296,1
35297,1
35298,1
35299,1
35300,0.9770147563321826
35301,0.9676523251498593
35302,0.5841837214319443
35303,0.8960616881091141
35304,0.9475888878684422
35305,1
35306,1
35307,0.9305068221667988
35308,1
35309,1
35310,1
35311,0.9924049721376991
35312,0.6657969060235218
35313,1
35314,0.9077617694176161
35315,1
35316,0.8365812451717305
35317,1
35318,1
35319,1
35320,1
35321,0.964174901191159
35322,0.6483044964094132
35323,1
35324,0.9390912341596498
35325,1
35326,1
35327,1
35328,1
35329,0.9041005415868895
35330,1
35331,1
35332,1
35333,1
35334,1
35335,1
35336,0.8854150489098684
35337,0.9302326597453842
35338,0.931413046297044
35339,0.8854150489098684
35340,1
35341,1
35342,1
35343,0.9851578980626085
35344,0.916521783928567
35345,0.9178939013644162
35346,1
35347,0.9740504365406069
35348,1
35349,1
35350,1
35351,0.7158882949272881
35352,1
35353,1
35354,1
35355,1
35356,1
35357,0.9740504365406069
35358,1
35359,1
35360,0.9900744607435069
35361,0.8782697446559555
35362,1
35363,0.9770147563321826
35364,1
35365,1
35366,1
35367,0.9676523251498593
35368,0.9676523251498593
35369,1
35370,1
35371,0.9968430762781008
35372,1
35373,0.9002571508472601
35374,1
35375,0.9788068311791907
35376,1
35377,1
35378,1
35379,1
35380,0.5268707041992922
35381,0.8299730462466616
35382,1
35383,1
35384,1
35385,0.8718994253099747
35386,0.9989614609837535
35387,1
35388,1
35389,0.9424713473879602
35390,0.9474976953452965
35391,0.8636042159300029
35392,1
35393,0.5748699585800554
35394,1
35395,0.9851578980626085
35396,1
35397,0.40562410713107694
35398,1
35399,0.9424713473879602
35400,0.9876612416190321
35401,1
35402,1
35403,1
35404,1
35405,0.5554331160135932
35406,0.5107198662522675
35407,1
35408,0.4844438480770324
35409,1
35410,0.9002571508472601
35411,1
35412,1
35413,1
35414,1
35415,1
35416,1
35417,0.9675066118144694
35418,0.8001697027244689
35419,0.9474976953452965
35420,0.9225666260562072
35421,0.960473993748949
35422,0.9989614609837535
35423,0.9214919712182089
35424,0.9770147563321826
35425,1
35426,1
35427,1
35428,0.9989614609837535
35429,0.34460487704408893
35430,0.839571574513321
35431,1
35432,0.8607311445962091
35433,0.9709361642796265
35434,1
35435,0.9565116537184474
35436,0.7359262763079766
35437,1
35438,1
35439,1
35440,0.9276292454505686
35441,1
35442,0.9585974058986586
35443,1
35444,1
35445,1
35446,0.7704521982174638
35447,1
35448,1
35449,1
35450,1
35451,1
35452,0.9270757360234848
35453,1
35454,1
35455,0.9367537762839373
35456,1
35457,1
35458,0.9475888878684422
35459,1
35460,1
35461,1
35462,1
35463,1
35464,1
35465,1
35466,1
35467,0.9968430762781008
35468,1
35469,1
35470,0.7935041661637716
35471,0.7336165232019086
35472,1
35473,0.8758105888378835
35474,1
35475,0.8645745353358385
35476,0.9368072182288353
35477,1
35478,1
35479,1
35480,0.5262064971356876
35481,1
35482,0.9876612416190321
35483,1
35484,0.9782839701430601
35485,0.9915023462912075
35486,1
35487,0.862469293539203
35488,0.9455475754457076
35489,1
35490,0.919309677838927
35491,1
35492,0.9414328083717136
35493,0.952238581019351
35494,0.9399938600061414
35495,0.7977846505961563
35496,0.9479509206118093
35497,0.46194002523318745
35498,0.979845370195437
35499,1
35500,0.8135557543021374
35501,1
35502,1
35503,1
35504,0.9225666260562072
35505,1
35506,0.9946592700131068
35507,0.8955879474882031
35508,0.9225666260562072
35509,1
35510,1
35511,1
35512,1
35513,0.9740504365406069
35514,0.6726800525919138
35515,1
35516,1
35517,1
35518,0.9002571508472601
35519,1
35520,0.9989614609837535
35521,1
35522,1
35523,1
35524,1
35525,0.9363570239138845
35526,0.9475888878684422
35527,0.9770147563321826
35528,1
35529,0.979845370195437
35530,1
35531,0.9041952259640388
35532,0.8814007972604733
35533,0.6965315717787105
35534,1
35535,0.9664554086783061
35536,1
35537,0.8433351591498933
35538,0.964174901191159
35539,1
35540,0.9824794328812061
35541,1
35542,1
35543,0.9528789658866482
35544,1
35545,0.9770147563321826
35546,0.9924049721376991
35547,0.9924049721376991
35548,1
35549,1
35550,1
35551,0.8699191653860339
35552,1
35553,1
35554,0.38682546958185154
35555,1
35556,0.9002571508472601
35557,0.788821606235062
35558,1
35559,0.919309677838927
35560,1
35561,0.5894620716529451
35562,1
35563,1
35564,0.9389850474304591
35565,1
35566,1
35567,1
35568,0.9709361642796265
35569,1
35570,1
35571,0.862469293539203
35572,0.6848112571695409
35573,1
35574,1
35575,0.9825559015549896
35576,0.9475888878684422
35577,0.8681240789682519
35578,0.9538958067360441
35579,0.9708935128187075
35580,1
35581,1
35582,0.9184338596249231
35583,1
35584,1
35585,0.3648132244353036
35586,1
35587,1
35588,1
35589,1
35590,0.962172654394791
35591,0.9946592700131068
35592,0.9624012717504269
35593,0.9709361642796265
35594,0.9946592700131068
35595,0.9066462485791192
35596,1
35597,1
35598,1
35599,0.9825559015549896
35600,1
35601,0.7557649814211053
35602,0.8097195620013233
35603,1
35604,0.9900744607435069
35605,0.9946592700131068
35606,1
35607,0.9424713473879602
35608,0.7107082489468387
35609,0.8798874929141096
35610,0.882471240764735
35611,1
35612,0.8375222669975226
35613,0.7448982794017369
35614,1
35615,1
35616,0.8994293147388439
35617,1
35618,1
35619,1
35620,1
35621,0.9093809597342034
35622,0.9566063380955967
35623,1
35624,0.9302326597453842
35625,1
35626,0.9698976252633799
35627,1
35628,1
35629,1
35630,1
35631,0.952238581019351
35632,0.9841193590463618
35633,0.5827410998251544
35634,0.979845370195437
35635,1
35636,1
35637,0.915043855920416
35638,0.8874496590340423
35639,1
35640,0.7396025728407133
35641,0.9989614609837535
35642,1
35643,1
35644,1
35645,1
35646,0.8830406198051564
35647,0.5745455479322388
35648,1
35649,0.9132565584886108
35650,1
35651,1
35652,0.9475888878684422
35653,1
35654,1
35655,1
35656,1
35657,0.869795870679864
35658,1
35659,0.5912445253496538
35660,1
35661,1
35662,1
35663,0.9198909061692103
35664,1
35665,0.6832483635765112
35666,1
35667,0.8758105888378835
35668,1
35669,0.9709361642796265
35670,1
35671,1
35672,0.964174901191159
35673,1
35674,0.9178939013644162
35675,1
35676,1
35677,1
35678,0.8149667068788421
35679,1
35680,1
35681,0.8758105888378835
35682,0.9041005415868895
35683,0.9900744607435069
35684,0.9215481318859035
35685,1
35686,1
35687,1
35688,0.9740504365406069
35689,0.8452042579392905
35690,1
35691,1
35692,1
35693,1
35694,0.9565116537184474
35695,1
35696,1
35697,1
35698,0.9968430762781008
35699,1
35700,1
35701,1
35702,0.9367537762839373
35703,1
35704,1
35705,1
35706,1
35707,1
35708,1
35709,0.9900744607435069
35710,1
35711,0.98286877941266
35712,0.8801025210426973
35713,1
35714,0.9475888878684422
35715,0.9193277980950405
35716,1
35717,1
35718,1
35719,0.3200494114010137
35720,1
35721,1
35722,1
35723,1
35724,1
35725,0.745300763039191
35726,0.9475888878684422
35727,0.915043855920416
35728,1
35729,1
35730,0.8866207051425063
35731,0.8527992858015914
35732,1
35733,0.964174901191159
35734,0.8445126574330847
35735,1
35736,0.915043855920416
35737,0.9851578980626085
35738,1
35739,0.9676523251498593
35740,1
35741,1
35742,1
35743,1
35744,0.952238581019351
35745,0.9851578980626085
35746,0.9131024994045092
35747,1
35748,1
35749,0.838946951012796
35750,1
35751,0.922001357152416
35752,1
35753,1
35754,1
35755,1
35756,1
35757,1
35758,0.960473993748949
35759,0.944667081482042
35760,1
35761,1
35762,1
35763,1
35764,0.964174901191159
35765,0.7889130882423926
35766,1
35767,1
35768,1
35769,1
35770,1
35771,1
35772,0.8150337816312075
35773,1
35774,1
35775,0.9677792405577272
35776,0.8758105888378835
35777,0.8257414253746018
35778,0.9565116537184474
35779,1
35780,1
35781,0.9215280870399606
35782,1
35783,1
35784,1
35785,1
35786,0.9206865549096062
35787,0.8653410804238603
35788,1
35789,1
35790,1
35791,0.9505484544924561
35792,1
35793,1
35794,0.9225666260562072
35795,1
35796,0.8564338069833898
35797,1
35798,0.8651089792710435
35799,1
35800,0.960473993748949
35801,1
35802,0.7501181762257504
35803,1
35804,1
35805,1
35806,0.8299730462466616
35807,1
35808,0.961711678159639
35809,1
35810,0.9120639603882625
35811,0.5865955798156085
35812,1
35813,1
35814,0.9465503488521956
35815,1
35816,1
35817,1
35818,0.960473993748949
35819,0.8758105888378835
35820,1
35821,1
35822,1
35823,0.8536727480080925
35824,1
35825,1
35826,0.9900744607435069
35827,1
35828,0.937612696643262
35829,1
35830,0.9090851335215729
35831,1
35832,0.927146514363248
35833,0.9194097023343079
35834,1
35835,1
35836,0.7398465677894628
35837,0.5761018212099006
35838,1
35839,1
35840,1
35841,1
35842,0.9475888878684422
35843,1
35844,0.9599794384530133
35845,0.42343084627132727
35846,1
35847,0.584887987087952
35848,0.9375423086533208
35849,1
35850,1
35851,0.8758105888378835
35852,1
35853,1
35854,1
35855,0.8758105888378835
35856,0.979845370195437
35857,0.9900744607435069
35858,1
35859,0.9456922637299021
35860,1
35861,1
35862,1
35863,1
35864,0.9968430762781008
35865,1
35866,0.9475888878684422
35867,0.8424575322254177
35868,0.924648894940108
35869,0.6222864184103947
35870,1
35871,1
35872,0.8133596502517693
35873,1
35874,0.6144591078728968
35875,1
35876,1
35877,1
35878,0.8395171669045822
35879,1
35880,0.9766884464735379
35881,1
35882,1
35883,0.7346954184363538
35884,0.8399854900290427
35885,1
35886,1
35887,1
35888,0.8093369988885135
35889,1
35890,0.9002571508472601
35891,1
35892,0.9131024994045092
35893,1
35894,1
35895,1
35896,1
35897,1
35898,0.9825559015549896
35899,0.9924049721376991
35900,0.9382758846498143
35901,0.9676523251498593
35902,1
35903,1
35904,0.2426719729727812
35905,0.9002571508472601
35906,0.9072474160775669
35907,1
35908,1
35909,1
35910,1
35911,1
35912,1
35913,0.9740504365406069
35914,1
35915,1
35916,1
35917,1
35918,1
35919,1
35920,1
35921,1
35922,1
35923,1
35924,0.9475888878684422
35925,0.7760677396851436
35926,1
35927,1
35928,0.7637289813041759
35929,0.9002571508472601
35930,0.9900744607435069
35931,1
35932,1
35933,0.9152114949628947
35934,1
35935,1
35936,0.7501181762257504
35937,1
35938,1
35939,0.9989614609837535
35940,1
35941,0.9666137861336129
35942,1
35943,0.9363570239138845
35944,1
35945,0.8748052070755583
35946,1
35947,1
35948,0.9825559015549896
35949,1
35950,1
35951,1
35952,0.9676523251498593
35953,1
35954,0.38544972590180404
35955,1
35956,1
35957,1
35958,1
35959,1
35960,0.9851578980626085
35961,1
35962,0.7468244840071132
35963,0.9169856474673964
35964,1
35965,0.979845370195437
35966,0.8543738011445983
35967,0.9390675552734369
35968,0.9215149219764929
35969,0.9876612416190321
35970,1
35971,0.9924049721376991
35972,0.862469293539203
35973,1
35974,0.9740504365406069
35975,1
35976,1
35977,0.979845370195437
35978,0.9131024994045092
35979,1
35980,1
35981,0.9989614609837535
35982,0.9077245241188157
35983,0.9475888878684422
35984,1
35985,1
35986,1
35987,1
35988,1
35989,1
35990,1
35991,0.8395389220625701
35992,0.9044061014337967
35993,1
35994,1
35995,1
35996,1
35997,1
35998,0.8166501243236343
35999,1
36000,0.9117637890596012
36001,1
36002,0.960473993748949
36003,1
36004,1
36005,0.7273267135292181
36006,0.979845370195437
36007,0.9770147563321826
36008,0.9946592700131068
36009,0.9225666260562072
36010,0.7983772148940907
36011,1
36012,1
36013,0.9131024994045092
36014,0.9302326597453842
36015,1
36016,0.9016796819911754
36017,1
36018,0.7781404728486767
36019,1
36020,1
36021,1
36022,0.9968430762781008
36023,0.678311084755087
36024,1
36025,0.952238581019351
36026,1
36027,1
36028,1
36029,0.8606913872729514
36030,1
36031,1
36032,0.9380884607531618
36033,0.6508105197811982
36034,1
36035,1
36036,0.7501181762257504
36037,0.9399938600061414
36038,1
36039,1
36040,1
36041,0.7545096253416547
36042,1
36043,1
36044,0.745100505891559
36045,0.9225666260562072
36046,0.7673871840208379
36047,1
36048,0.9709361642796265
36049,1
36050,0.9490816572974519
36051,1
36052,1
36053,1
36054,0.9424713473879602
36055,1
36056,0.987064242150806
36057,0.8304898105926442
36058,1
36059,0.8801025210426973
36060,1
36061,1
36062,1
36063,0.9709361642796265
36064,1
36065,1
36066,0.538161754245857
36067,1
36068,0.28804162768873437
36069,0.937612696643262
36070,1
36071,1
36072,0.8448833436396047
36073,1
36074,1
36075,1
36076,1
36077,1
36078,1
36079,1
36080,0.9411896575233417
36081,1
36082,1
36083,1
36084,1
36085,1
36086,0.8237141082987298
36087,1
36088,1
36089,0.960473993748949
36090,1
36091,1
36092,1
36093,1
36094,1
36095,0.8609684869004919
36096,1
36097,1
36098,0.915043855920416
36099,1
36100,0.960473993748949
36101,0.9900744607435069
36102,1
36103,1
36104,0.9876612416190321
36105,1
36106,1
36107,0.9565116537184474
36108,1
36109,0.5568692350067596
36110,0.7003507387814191
36111,1
36112,1
36113,0.7771072685345247
36114,1
36115,1
36116,1
36117,1
36118,1
36119,1
36120,0.960473993748949
36121,0.9565116537184474
36122,1
36123,0.9302326597453842
36124,0.9211876516696621
36125,1
36126,1
36127,0.8527992858015914
36128,0.9200446516361215
36129,1
36130,0.9414328083717136
36131,0.7747935899442909
36132,1
36133,1
36134,0.8418612668973265
36135,0.8913978842281909
36136,1
36137,1
36138,1
36139,0.9946592700131068
36140,1
36141,0.8867443134638314
36142,0.9565116537184474
36143,0.275401117416931
36144,0.9153681284261692
36145,0.8790668180467952
36146,1
36147,0.8990776854835568
36148,1
36149,0.7501181762257504
36150,1
36151,1
36152,1
36153,1
36154,1
36155,0.9632829469566015
36156,1
36157,0.9783604388168439
36158,1
36159,1
36160,1
36161,1
36162,0.9820009743407091
36163,1
36164,0.927205078144574
36165,1
36166,1
36167,1
36168,0.8333991296779064
36169,1
36170,1
36171,0.9183711633180615
36172,1
36173,1
36174,1
36175,0.9302326597453842
36176,1
36177,1
36178,1
36179,0.9178939013644162
36180,0.9302326597453842
36181,0.7114797142986
36182,1
36183,0.8998274688877933
36184,1
36185,1
36186,0.960473993748949
36187,0.9968430762781008
36188,0.952238581019351
36189,1
36190,0.9424713473879602
36191,0.5148700917785669
36192,0.5019080756187181
36193,0.952238581019351
36194,1
36195,0.9624012717504269
36196,0.9504808575244802
36197,1
36198,0.9670892170756897
36199,0.7269925381007677
36200,0.9946592700131068
36201,0.9300683207496482
36202,0.8772774005956683
36203,0.8060432485832676
36204,0.791277070171216
36205,1
36206,1
36207,0.9676523251498593
36208,0.17531456448319846
36209,1
36210,1
36211,1
36212,0.9709361642796265
36213,0.5639814286534268
36214,1
36215,0.979845370195437
36216,0.9825559015549896
36217,0.9924049721376991
36218,1
36219,0.8175516986336787
36220,0.933596852562038
36221,1
36222,0.9687097065537137
36223,1
36224,0.8309287786143335
36225,0.9900744607435069
36226,1
36227,1
36228,1
36229,0.40987534658270874
36230,1
36231,1
36232,1
36233,1
36234,0.9633411364173258
36235,0.8482711508569148
36236,1
36237,0.2546889839946581
36238,0.9676523251498593
36239,1
36240,0.38544972590180404
36241,1
36242,0.979845370195437
36243,0.9302326597453842
36244,0.9777357023625389
36245,0.6202689404603559
36246,1
36247,1
36248,1
36249,1
36250,1
36251,1
36252,1
36253,1
36254,1
36255,1
36256,1
36257,1
36258,1
36259,1
36260,1
36261,0.9900744607435069
36262,1
36263,1
36264,1
36265,1
36266,0.9002571508472601
36267,1
36268,1
36269,1
36270,0.9968430762781008
36271,1
36272,1
36273,0.791277070171216
36274,0.693653603672418
36275,0.915043855920416
36276,0.9565116537184474
36277,1
36278,0.8720411707933846
36279,0.9565116537184474
36280,1
36281,1
36282,1
36283,1
36284,1
36285,0.9740504365406069
36286,1
36287,0.9302326597453842
36288,1
36289,0.904283096285991
36290,1
36291,0.9946592700131068
36292,1
36293,0.9553135667688916
36294,1
36295,0.8233994767063256
36296,0.9825559015549896
36297,0.9946592700131068
36298,0.925181821175518
36299,1
36300,0.9475888878684422
36301,1
36302,1
36303,1
36304,1
36305,0.9364502110648851
36306,0.9152412130183015
36307,1
36308,0.8452042579392905
36309,0.9475888878684422
36310,1
36311,0.9225666260562072
36312,0.8215089923553052
36313,1
36314,1
36315,0.822258507999676
36316,1
36317,1
36318,0.7760677396851436
36319,1
36320,0.9002571508472601
36321,1
36322,1
36323,1
36324,0.962172654394791
36325,0.9424713473879602
36326,1
36327,0.964174901191159
36328,0.9414328083717136
36329,0.9475888878684422
36330,1
36331,1
36332,0.7435923099971533
36333,0.8382073387577771
36334,1
36335,0.9851578980626085
36336,0.979845370195437
36337,0.9433934251302962
36338,0.9740504365406069
36339,1
36340,1
36341,0.9475888878684422
36342,1
36343,1
36344,1
36345,0.9740504365406069
36346,1
36347,1
36348,1
36349,1
36350,0.9225666260562072
36351,0.9225666260562072
36352,0.7494617869306864
36353,1
36354,0.75450940332041
36355,0.9851578980626085
36356,1
36357,0.9475888878684422
36358,1
36359,0.9302326597453842
36360,0.9565116537184474
36361,0.9825559015549896
36362,1
36363,1
36364,0.9241639788683065
36365,1
36366,1
36367,1
36368,1
36369,0.9178939013644162
36370,1
36371,1
36372,1
36373,0.818836452100737
36374,1
36375,1
36376,0.8613912662258045
36377,1
36378,0.8677214098265158
36379,1
36380,0.6625701011791907
36381,1
36382,1
36383,1
36384,1
36385,0.8974608360880186
36386,1
36387,1
36388,1
36389,0.5592365118154656
36390,1
36391,1
36392,1
36393,1
36394,1
36395,0.8947099284073113
36396,0.9024119962516445
36397,1
36398,0.92997428338189
36399,1
36400,1
36401,0.882471240764735
36402,1
36403,1
36404,0.9565116537184474
36405,1
36406,1
36407,0.7974451635568885
36408,0.8278179982073569
36409,1
36410,1
36411,1
36412,0.9825559015549896
36413,0.5535873070774334
36414,0.8727040071333443
36415,1
36416,1
36417,1
36418,1
36419,0.9644954014279602
36420,1
36421,0.7008064475582944
36422,1
36423,0.7542618295384133
36424,1
36425,1
36426,1
36427,1
36428,1
36429,1
36430,0.9876612416190321
36431,1
36432,1
36433,1
36434,0.9439480618039867
36435,1
36436,0.9475888878684422
36437,1
36438,1
36439,1
36440,1
36441,0.9050934626996813
36442,1
36443,1
36444,0.9291587484216365
36445,1
36446,1
36447,0.9367537762839373
36448,0.6758673522247576
36449,1
36450,1
36451,0.8731117163496501
36452,1
36453,0.8555738467924694
36454,0.9326478424392656
36455,1
36456,0.9851578980626085
36457,1
36458,0.2906278264047498
36459,0.9823205116321391
36460,0.9302326597453842
36461,0.8758105888378835
36462,0.9809624353244625
36463,0.9507976037939446
36464,0.9302326597453842
36465,0.7705205172451948
36466,1
36467,1
36468,0.9876612416190321
36469,0.894319690614591
36470,0.9493327992537673
36471,0.726949541167488
36472,0.9041005415868895
36473,0.9851578980626085
36474,0.9740504365406069
36475,1
36476,1
36477,0.8669864360293214
36478,0.9298249795446504
36479,1
36480,0.5435726799883118
36481,0.9302326597453842
36482,0.7101603831174981
36483,1
36484,0.9847337307566136
36485,1
36486,0.8758105888378835
36487,0.9565116537184474
36488,0.9010995041225268
36489,1
36490,1
36491,1
36492,1
36493,1
36494,1
36495,1
36496,1
36497,0.6103995215207348
36498,0.9989614609837535
36499,1
36500,0.8567688045657073
36501,0.8593204023401445
36502,1
36503,1
36504,1
36505,1
36506,0.9414328083717136
36507,1
36508,0.9149564356662228
36509,0.9815173625387432
36510,1
36511,0.9946592700131068
36512,1
36513,1
36514,0.8998274688877933
36515,1
36516,0.7897795366899174
36517,1
36518,1
36519,0.9968430762781008
36520,0.9876612416190321
36521,0.5508138003244023
36522,1
36523,0.9169856474673964
36524,0.8555738467924694
36525,1
36526,1
36527,1
36528,1
36529,0.8663516566305742
36530,1
36531,0.952238581019351
36532,1
36533,1
36534,0.9037617689280175
36535,1
36536,1
36537,1
36538,1
36539,0.8021088362316202
36540,1
36541,1
36542,0.9231747452989774
36543,0.9302326597453842
36544,0.7659278445745754
36545,1
36546,1
36547,0.9002571508472601
36548,1
36549,1
36550,0.8758105888378835
36551,0.9565116537184474
36552,0.5705817079620602
36553,1
36554,1
36555,1
36556,1
36557,1
36558,1
36559,0.9475888878684422
36560,0.9424713473879602
36561,1
36562,0.8133596502517693
36563,0.960473993748949
36564,1
36565,0.8807548245543686
36566,1
36567,0.8701555139246495
36568,1
36569,1
36570,1
36571,1
36572,1
36573,0.92502724894295
36574,1
36575,0.9989614609837535
36576,1
36577,0.952238581019351
36578,0.9825559015549896
36579,1
36580,1
36581,0.9565116537184474
36582,1
36583,1
36584,0.8977971145732914
36585,0.7439217405108233
36586,0.8536727480080925
36587,1
36588,1
36589,0.9676523251498593
36590,1
36591,0.9367537762839373
36592,0.9367537762839373
36593,0.5268707041992922
36594,1
36595,1
36596,1
36597,0.9468291209737763
36598,1
36599,1
36600,1
36601,0.9302326597453842
36602,0.9815173625387432
36603,1
36604,1
36605,1
36606,1
36607,1
36608,0.560249573594455
36609,1
36610,1
36611,0.7435923099971533
36612,1
36613,0.925181821175518
36614,0.979845370195437
36615,1
36616,1
36617,1
36618,0.8727040071333443
36619,1
36620,0.9215280870399606
36621,0.8181045856243098
36622,0.9771387028943128
36623,1
36624,1
36625,0.9565116537184474
36626,0.9876612416190321
36627,0.9120639603882625
36628,1
36629,0.9709361642796265
36630,0.9565116537184474
36631,1
36632,1
36633,1
36634,1
36635,1
36636,1
36637,1
36638,0.8498562756884463
36639,1
36640,0.28794713430798896
36641,0.9841193590463618
36642,1
36643,1
36644,1
36645,0.6458177994912093
36646,1
36647,0.9989614609837535
36648,1
36649,0.8292180276035244
36650,0.960473993748949
36651,0.9475888878684422
36652,1
36653,1
36654,1
36655,1
36656,1
36657,1
36658,1
36659,0.9475888878684422
36660,1
36661,1
36662,0.9968430762781008
36663,0.9740504365406069
36664,0.7008064475582944
36665,1
36666,0.8498562756884463
36667,0.960473993748949
36668,0.9851578980626085
36669,0.8609684869004919
36670,1
36671,0.7099019632906161
36672,1
36673,0.275401117416931
36674,0.952238581019351
36675,1
36676,1
36677,1
36678,0.9367537762839373
36679,0.9565116537184474
36680,1
36681,1
36682,0.9633411364173258
36683,1
36684,0.9825559015549896
36685,1
36686,0.9968430762781008
36687,1
36688,1
36689,1
36690,1
36691,1
36692,0.9676523251498593
36693,1
36694,0.791277070171216
36695,1
36696,1
36697,1
36698,1
36699,0.6758673522247576
36700,1
36701,1
36702,0.964174901191159
36703,1
36704,0.9989614609837535
36705,0.979845370195437
36706,1
36707,0.9131024994045092
36708,1
36709,1
36710,1
36711,0.9924049721376991
36712,1
36713,1
36714,1
36715,0.7856512508029162
36716,0.9989614609837535
36717,1
36718,0.7834843812084511
36719,1
36720,1
36721,1
36722,0.8083563969693505
36723,1
36724,0.9002571508472601
36725,0.9518361428101912
36726,1
36727,0.840178235427994
36728,1
36729,0.5794305538850907
36730,1
36731,0.6477663650561627
36732,0.926289017559958
36733,1
36734,0.9414328083717136
36735,0.8399854900290427
36736,1
36737,1
36738,0.9968430762781008
36739,0.8772774005956683
36740,0.7393797424113968
36741,0.9882095093995533
36742,1
36743,1
36744,1
36745,1
36746,1
36747,0.9851578980626085
36748,0.764033822312345
36749,1
36750,0.8536727480080925
36751,1
36752,0.9475888878684422
36753,1
36754,1
36755,1
36756,1
36757,1
36758,0.9528789658866482
36759,0.9709361642796265
36760,0.979845370195437
36761,0.9087587688567452
36762,1
36763,0.9565116537184474
36764,1
36765,1
36766,1
36767,0.9126410867997141
36768,0.9900744607435069
36769,1
36770,1
36771,1
36772,0.962172654394791
36773,0.7263057493145607
36774,1
36775,1
36776,1
36777,0.46205735928811653
36778,0.9367537762839373
36779,0.600238763855129
36780,0.960473993748949
36781,1
36782,0.9002571508472601
36783,0.17531456448319846
36784,0.8647917523968742
36785,1
36786,0.9946592700131068
36787,1
36788,1
36789,0.38544972590180404
36790,0.952238581019351
36791,1
36792,1
36793,0.9851578980626085
36794,1
36795,1
36796,1
36797,1
36798,1
36799,0.9946592700131068
36800,1
36801,0.8169729628667067
36802,0.9018188157687215
36803,1
36804,1
36805,1
36806,0.891467455316134
36807,0.9330359849025083
36808,0.41112678536373004
36809,1
36810,1
36811,1
36812,1
36813,0.979845370195437
36814,1
36815,1
36816,0.9946592700131068
36817,1
36818,1
36819,1
36820,1
36821,0.046885079789750934
36822,0.9131024994045092
36823,0.9001895016311602
36824,1
36825,1
36826,1
36827,1
36828,1
36829,1
36830,1
36831,1
36832,0.9169856474673964
36833,1
36834,0.9573170700270499
36835,0.4833532768953458
36836,0.862469293539203
36837,0.9394160280826096
36838,0.9989614609837535
36839,1
36840,1
36841,1
36842,1
36843,0.8992186118310135
36844,1
36845,0.960473993748949
36846,0.9644954014279602
36847,1
36848,1
36849,1
36850,1
36851,0.8123211112355226
36852,1
36853,1
36854,1
36855,1
36856,0.9001895016311602
36857,1
36858,1
36859,0.6379056909775122
36860,0.964174901191159
36861,1
36862,0.9676523251498593
36863,0.8692242284867473
36864,1
36865,1
36866,1
36867,0.7682390624460335
36868,1
36869,0.9325583135457913
36870,0.7815895991035492
36871,1
36872,1
36873,0.9989614609837535
36874,1
36875,0.648479442034411
36876,0.8536727480080925
36877,0.8389864815560427
36878,1
36879,0.9924049721376991
36880,1
36881,0.9968430762781008
36882,1
36883,0.9131024994045092
36884,1
36885,0.8889923573032882
36886,1
36887,0.9968430762781008
36888,1
36889,0.9225666260562072
36890,1
36891,1
36892,1
36893,1
36894,1
36895,0.34460487704408893
36896,0.9504808575244802
36897,0.8233994767063256
36898,1
36899,1
36900,1
36901,0.9120639603882625
36902,0.8123211112355226
36903,0.8543738011445983
36904,1
36905,1
36906,0.9968430762781008
36907,0.8240191205618073
36908,0.9367537762839373
36909,0.9367537762839373
36910,1
36911,1
36912,1
36913,0.6457191313614697
36914,0.979845370195437
36915,0.9946592700131068
36916,0.8806091112189787
36917,1
36918,0.962172654394791
36919,0.7781943829698061
36920,0.933596852562038
36921,0.9989614609837535
36922,1
36923,0.7082293008608821
36924,0.9084424809057878
36925,0.6144591078728968
36926,1
36927,1
36928,0.9847337307566136
36929,1
36930,1
36931,1
36932,1
36933,0.8222786630000343
36934,1
36935,1
36936,0.960473993748949
36937,1
36938,0.950335142112717
36939,1
36940,1
36941,1
36942,1
36943,0.9851578980626085
36944,1
36945,0.9002571508472601
36946,1
36947,0.6999484441775486
36948,1
36949,0.9027633906206448
36950,1
36951,0.8668863652909297
36952,0.9051410752309912
36953,0.9318272263410183
36954,0.960473993748949
36955,0.9900744607435069
36956,0.8021088362316202
36957,0.275401117416931
36958,1
36959,0.960473993748949
36960,0.48594907317662234
36961,0.9131024994045092
36962,1
36963,1
36964,1
36965,0.7951202666768105
36966,0.8699056054518395
36967,1
36968,1
36969,1
36970,1
36971,1
36972,1
36973,1
36974,1
36975,1
36976,0.9101236725378196
36977,1
36978,1
36979,1
36980,0.9611341153785447
36981,0.9553135667688916
36982,0.9475888878684422
36983,1
36984,0.5739215416112607
36985,0.8452042579392905
36986,1
36987,1
36988,0.5107198662522675
36989,1
36990,0.7173758270493569
36991,1
36992,1
36993,1
36994,1
36995,1
36996,1
36997,0.8132088294715751
36998,1
36999,1
37000,1
37001,1
37002,1
37003,1
37004,0.979845370195437
37005,0.862469293539203
37006,1
37007,1
37008,1
37009,1
37010,0.5107198662522675
37011,0.933596852562038
37012,0.9475888878684422
37013,1
37014,1
37015,0.9770147563321826
37016,0.8536727480080925
37017,0.9600572972875585
37018,0.92502724894295
37019,0.9002571508472601
37020,1
37021,1
37022,1
37023,0.7834843812084511
37024,0.7544897121044224
37025,0.9740504365406069
37026,1
37027,0.9231747452989774
37028,1
37029,1
37030,0.9302326597453842
37031,1
37032,1
37033,1
37034,1
37035,1
37036,1
37037,0.9876612416190321
37038,0.9131024994045092
37039,1
37040,1
37041,0.8935027903358337
37042,0.979845370195437
37043,1
37044,1
37045,1
37046,0.8923012200899675
37047,0.979845370195437
37048,0.9709361642796265
37049,1
37050,0.960473993748949
37051,0.9002571508472601
37052,1
37053,0.952238581019351
37054,0.8978704728309085
37055,0.6509548040861303
37056,1
37057,1
37058,0.952238581019351
37059,0.9565116537184474
37060,0.9274342580638794
37061,0.9770147563321826
37062,1
37063,0.9565116537184474
37064,1
37065,1
37066,1
37067,1
37068,0.9553750412366303
37069,0.9900744607435069
37070,1
37071,1
37072,1
37073,1
37074,0.9900744607435069
37075,0.9002571508472601
37076,1
37077,0.9131024994045092
37078,1
37079,0.8287212375757125
37080,0.9740504365406069
37081,1
37082,0.9565116537184474
37083,1
37084,1
37085,0.9675066118144694
37086,0.9475888878684422
37087,1
37088,0.8747617910558042
37089,1
37090,1
37091,0.8168131163551896
37092,1
37093,1
37094,1
37095,1
37096,1
37097,1
37098,1
37099,1
37100,0.8322268604856979
37101,0.9350610615637401
37102,1
37103,0.9018640665082048
37104,1
37105,0.9318272263410183
37106,1
37107,1
37108,1
37109,1
37110,0.9851578980626085
37111,0.5804640916207114
37112,1
37113,1
37114,1
37115,0.9475888878684422
37116,0.9709361642796265
37117,1
37118,0.8536727480080925
37119,1
37120,1
37121,0.9989614609837535
37122,0.5142542222481042
37123,0.8155144956561537
37124,1
37125,1
37126,1
37127,0.9770147563321826
37128,1
37129,0.9989614609837535
37130,1
37131,0.596131017894148
37132,0.9709361642796265
37133,0.8696486878279939
37134,1
37135,0.9226376318830833
37136,1
37137,0.9126389259700927
37138,0.9475888878684422
37139,1
37140,1
37141,1
37142,0.9924049721376991
37143,1
37144,0.8798678264699197
37145,0.9687097065537137
37146,0.8626403556347354
37147,1
37148,0.8096189483597905
37149,1
37150,0.5234090954780437
37151,0.8452042579392905
37152,1
37153,1
37154,0.979845370195437
37155,1
37156,0.838946951012796
37157,0.9946592700131068
37158,0.6105446094328404
37159,1
37160,1
37161,1
37162,1
37163,1
37164,1
37165,1
37166,0.8606021460741148
37167,1
37168,0.6248806134935584
37169,1
37170,1
37171,1
37172,1
37173,0.9851578980626085
37174,1
37175,1
37176,1
37177,0.8758105888378835
37178,1
37179,0.9839073184289067
37180,1
37181,0.9225666260562072
37182,1
37183,0.8608761764793986
37184,0.9946592700131068
37185,1
37186,1
37187,0.9225666260562072
37188,0.8636509538969651
37189,1
37190,1
37191,0.9553750412366303
37192,1
37193,0.9611341153785447
37194,1
37195,1
37196,1
37197,0.9709361642796265
37198,1
37199,0.9770147563321826
37200,1
37201,1
37202,1
37203,0.960473993748949
37204,0.9825559015549896
37205,1
37206,0.9382758846498143
37207,1
37208,1
37209,0.8758105888378835
37210,1
37211,0.9770147563321826
37212,1
37213,1
37214,0.5460267353708053
37215,0.979845370195437
37216,1
37217,0.9433934251302962
37218,0.9770147563321826
37219,1
37220,1
37221,0.9740504365406069
37222,1
37223,0.5460267353708053
37224,0.9443043886437862
37225,0.9989614609837535
37226,1
37227,0.8801025210426973
37228,0.6721581091490109
37229,1
37230,1
37231,1
37232,0.9475888878684422
37233,0.7658708240942859
37234,0.9504808575244802
37235,0.9553750412366303
37236,1
37237,1
37238,1
37239,1
37240,0.7273258360451663
37241,0.924648894940108
37242,0.9699198309389441
37243,1
37244,1
37245,0.8758105888378835
37246,0.9989614609837535
37247,1
37248,0.9676523251498593
37249,0.979845370195437
37250,0.9424713473879602
37251,0.9528102232124677
37252,1
37253,0.8093522815579132
37254,0.960473993748949
37255,0.9414328083717136
37256,0.7117847265616775
37257,1
37258,1
37259,0.9244150179029693
37260,0.9002571508472601
37261,1
37262,0.9305068221667988
37263,1
37264,1
37265,0.952238581019351
37266,1
37267,1
37268,1
37269,0.9900744607435069
37270,1
37271,0.3110726597395941
37272,1
37273,1
37274,1
37275,1
37276,0.7686486180626632
37277,1
37278,1
37279,1
37280,1
37281,1
37282,1
37283,0.8323222425563308
37284,1
37285,1
37286,1
37287,0.8001697027244689
37288,0.9373964790819593
37289,0.9022117651404157
37290,0.9740504365406069
37291,1
37292,1
37293,0.791277070171216
37294,1
37295,1
37296,0.9869175370216076
37297,0.8606913872729514
37298,0.9424713473879602
37299,0.8167727108893967
37300,1
37301,0.9900744607435069
37302,0.9225666260562072
37303,0.9740504365406069
37304,0.5508138003244023
37305,1
37306,0.9302326597453842
37307,1
37308,0.8376536299292195
37309,0.8433351591498933
37310,1
37311,1
37312,1
37313,1
37314,1
37315,0.8937487387794938
37316,0.7835222845594352
37317,0.9741938197898686
37318,1
37319,0.960473993748949
37320,1
37321,1
37322,0.9851578980626085
37323,0.8998274688877933
37324,1
37325,1
37326,0.8527114154796392
37327,0.9676523251498593
37328,0.924648894940108
37329,0.9946592700131068
37330,1
37331,1
37332,0.8998274688877933
37333,0.7760677396851436
37334,1
37335,1
37336,0.9198909061692103
37337,1
37338,0.4832524605731805
37339,1
37340,0.7652468334964388
37341,0.9851578980626085
37342,0.9946592700131068
37343,0.7158882949272881
37344,1
37345,1
37346,0.9225666260562072
37347,1
37348,1
37349,0.9302326597453842
37350,1
37351,0.6423259505093528
37352,1
37353,1
37354,1
37355,1
37356,1
37357,0.8758105888378835
37358,1
37359,0.9269294024272552
37360,0.979845370195437
37361,0.6287620243508941
37362,1
37363,1
37364,1
37365,1
37366,0.979845370195437
37367,0.7385890567147345
37368,1
37369,1
37370,1
37371,1
37372,0.9825559015549896
37373,0.9131024994045092
37374,1
37375,1
37376,1
37377,1
37378,0.9770147563321826
37379,0.9198909061692103
37380,1
37381,1
37382,0.7988888331118752
37383,1
37384,1
37385,1
37386,0.9159768453082691
37387,0.9824794328812061
37388,1
37389,1
37390,1
37391,1
37392,0.5495389071227597
37393,1
37394,1
37395,1
37396,0.9367537762839373
37397,0.9989614609837535
37398,1
37399,0.8083393271748717
37400,0.6307827173769477
37401,1
37402,1
37403,1
37404,1
37405,1
37406,0.9777357023625389
37407,1
37408,1
37409,1
37410,0.8758105888378835
37411,1
37412,0.9475888878684422
37413,1
37414,0.21434819338525982
37415,1
37416,1
37417,1
37418,1
37419,0.9214919712182089
37420,0.8402703322502828
37421,1
37422,1
37423,0.9424713473879602
37424,0.7579191573058377
37425,0.9467308027461487
37426,1
37427,0.5252451086017895
37428,1
37429,0.9900744607435069
37430,1
37431,1
37432,0.7595775531874046
37433,0.952238581019351
37434,1
37435,1
37436,1
37437,1
37438,0.8543121182698116
37439,1
37440,0.960473993748949
37441,1
37442,1
37443,1
37444,0.7835351129566991
37445,0.9766884464735379
37446,0.9302326597453842
37447,1
37448,0.9367537762839373
37449,1
37450,1
37451,1
37452,1
37453,0.9424713473879602
37454,0.9924049721376991
37455,1
37456,0.9474976953452965
37457,1
37458,0.9206865549096062
37459,1
37460,1
37461,0.9770147563321826
37462,0.8990776854835568
37463,1
37464,0.8889923573032882
37465,1
37466,0.9347944825743407
37467,0.952238581019351
37468,1
37469,0.9770147563321826
37470,1
37471,0.8663516566305742
37472,1
37473,0.9475888878684422
37474,0.8408981179372429
37475,0.9825559015549896
37476,0.960473993748949
37477,0.9302326597453842
37478,0.8224152509863583
37479,1
37480,1
37481,0.9946592700131068
37482,1
37483,1
37484,1
37485,1
37486,0.5535873070774334
37487,0.979845370195437
37488,1
37489,0.7468244840071132
37490,0.9302326597453842
37491,1
37492,0.9367428989164839
37493,1
37494,1
37495,1
37496,1
37497,1
37498,1
37499,0.7893434617781449
37500,0.6421456291440939
37501,1
37502,1
37503,1
37504,0.9936207309968602
37505,1
37506,1
37507,1
37508,1
37509,0.9740504365406069
37510,1
37511,0.10993976474359775
37512,0.9709361642796265
37513,0.9465503488521956
37514,1
37515,1
37516,1
37517,1
37518,1
37519,0.9900744607435069
37520,1
37521,0.9131024994045092
37522,1
37523,1
37524,1
37525,1
37526,0.5268707041992922
37527,0.690467615039003
37528,1
37529,1
37530,1
37531,0.9534920658346163
37532,1
37533,1
37534,0.9479509206118093
37535,1
37536,1
37537,1
37538,0.9225666260562072
37539,0.9126389259700927
37540,1
37541,1
37542,0.9318272263410183
37543,0.8758105888378835
37544,1
37545,0.9740504365406069
37546,0.9968430762781008
37547,0.920307120488891
37548,1
37549,0.8990776854835568
37550,1
37551,1
37552,0.9302326597453842
37553,0.9770147563321826
37554,0.7468244840071132
37555,1
37556,1
37557,1
37558,1
37559,1
37560,0.6683121724441046
37561,0.9565116537184474
37562,0.9989614609837535
37563,0.9989614609837535
37564,1
37565,0.9800662137567313
37566,1
37567,1
37568,0.924648894940108
37569,1
37570,1
37571,1
37572,0.8695354829155412
37573,0.9946592700131068
37574,0.9131024994045092
37575,0.924648894940108
37576,0.9876612416190321
37577,1
37578,1
37579,0.9018382498031081
37580,1
37581,1
37582,1
37583,1
37584,1
37585,1
37586,1
37587,0.8696761843534302
37588,0.21434819338525982
37589,1
37590,0.9989614609837535
37591,1
37592,1
37593,0.8371999318721768
37594,1
37595,0.8166501243236343
37596,0.8225413915840324
37597,1
37598,1
37599,0.964174901191159
37600,1
37601,1
37602,0.8604412989323826
37603,1
37604,0.8395171669045822
37605,0.9565116537184474
37606,0.9055074715422085
37607,1
37608,1
37609,1
37610,0.8696141531229564
37611,0.9178939013644162
37612,1
37613,1
37614,1
37615,1
37616,0.9309105630682268
37617,0.964174901191159
37618,1
37619,1
37620,0.9131024994045092
37621,1
37622,0.10993976474359775
37623,1
37624,1
37625,1
37626,0.275401117416931
37627,1
37628,1
37629,1
37630,1
37631,0.17531456448319846
37632,0.9770147563321826
37633,1
37634,0.7259954472292234
37635,0.7372582185655
37636,0.6252777636687803
37637,0.9770147563321826
37638,1
37639,0.9302326597453842
37640,0.979845370195437
37641,1
37642,1
37643,1
37644,0.9565116537184474
37645,0.9968430762781008
37646,0.8648775069894435
37647,0.7889130882423926
37648,0.9131024994045092
37649,1
37650,1
37651,1
37652,1
37653,0.964174901191159
37654,1
37655,0.9946592700131068
37656,1
37657,0.9989614609837535
37658,1
37659,0.9051410752309912
37660,1
37661,0.7171239126646198
37662,0.40987534658270874
37663,0.9900744607435069
37664,0.9824794328812061
37665,1
37666,1
37667,1
37668,1
37669,1
37670,0.9677137996175981
37671,1
37672,1
37673,1
37674,0.9475888878684422
37675,1
37676,1
37677,1
37678,1
37679,0.9946592700131068
37680,1
37681,0.9565116537184474
37682,1
37683,0.9989614609837535
37684,1
37685,1
37686,1
37687,1
37688,0.9900744607435069
37689,0.9825559015549896
37690,1
37691,0.8663516566305742
37692,1
37693,1
37694,1
37695,1
37696,1
37697,0.9968430762781008
37698,1
37699,0.9385884894294859
37700,0.9002571508472601
37701,0.8613931433692843
37702,1
37703,0.979845370195437
37704,0.9225666260562072
37705,0.6673635768967143
37706,1
37707,0.9178939013644162
37708,0.9302326597453842
37709,1
37710,0.9876612416190321
37711,0.944667081482042
37712,1
37713,0.9770147563321826
37714,1
37715,1
37716,1
37717,1
37718,0.919309677838927
37719,1
37720,1
37721,1
37722,1
37723,0.9594354547327026
37724,0.8669864360293214
37725,0.9876612416190321
37726,1
37727,1
37728,1
37729,1
37730,0.9553135667688916
37731,1
37732,0.979845370195437
37733,1
37734,1
37735,1
37736,0.894916420860367
37737,0.9900744607435069
37738,1
37739,0.8198623935617146
37740,0.9225666260562072
37741,1
37742,1
37743,1
37744,0.8663516566305742
37745,1
37746,1
37747,0.8965682782853955
37748,0.911072752223617
37749,0.9851578980626085
37750,1
37751,1
37752,0.8815625815476099
37753,1
37754,1
37755,1
37756,0.6683121724441046
37757,0.8536727480080925
37758,1
37759,1
37760,1
37761,1
37762,0.5564039466279022
37763,0.8527992858015914
37764,0.8133596502517693
37765,1
37766,0.9367537762839373
37767,1
37768,1
37769,1
37770,1
37771,1
37772,0.8411254281291919
37773,0.5865955798156085
37774,1
37775,1
37776,0.9264864963541253
37777,1
37778,1
37779,1
37780,0.9770147563321826
37781,1
37782,1
37783,1
37784,0.8669864360293214
37785,0.9131024994045092
37786,0.9367537762839373
37787,1
37788,1
37789,1
37790,1
37791,1
37792,1
37793,1
37794,1
37795,1
37796,0.8955879474882031
37797,1
37798,1
37799,1
37800,1
37801,0.960473993748949
37802,1
37803,1
37804,1
37805,1
37806,1
37807,0.9475888878684422
37808,1
37809,1
37810,1
37811,1
37812,0.8539767840847828
37813,1
37814,1
37815,1
37816,1
37817,1
37818,1
37819,1
37820,0.9624012717504269
37821,0.8790782797746545
37822,0.964174901191159
37823,1
37824,1
37825,1
37826,1
37827,1
37828,1
37829,0.9924049721376991
37830,0.8781738380622226
37831,0.9989614609837535
37832,1
37833,1
37834,0.6248405249257003
37835,1
37836,0.8555738467924694
37837,1
37838,1
37839,1
37840,0.9876612416190321
37841,1
37842,0.862469293539203
37843,1
37844,0.8701555139246495
37845,0.6421456291440939
37846,1
37847,0.7117847265616775
37848,0.9968430762781008
37849,1
37850,1
37851,1
37852,1
37853,1
37854,0.587840582501521
37855,1
37856,1
37857,1
37858,1
37859,1
37860,0.9770147563321826
37861,0.25142941425844445
37862,1
37863,0.8082583018120508
37864,1
37865,1
37866,1
37867,1
37868,0.941910603553698
37869,0.9301325890069925
37870,1
37871,1
37872,1
37873,0.9041005415868895
37874,0.8758105888378835
37875,0.9524475303742118
37876,1
37877,1
37878,1
37879,0.9989614609837535
37880,0.9565116537184474
37881,1
37882,0.9475888878684422
37883,1
37884,0.8555738467924694
37885,0.9924049721376991
37886,1
37887,1
37888,1
37889,1
37890,0.9946592700131068
37891,1
37892,0.9502082267048491
37893,1
37894,1
37895,1
37896,0.850074811180474
37897,1
37898,1
37899,1
37900,1
37901,1
37902,0.8758105888378835
37903,0.9652241118193398
37904,1
37905,1
37906,1
37907,1
37908,0.81402568346338
37909,1
37910,1
37911,1
37912,1
37913,0.9968430762781008
37914,1
37915,1
37916,1
37917,0.8907066534943333
37918,0.9565116537184474
37919,0.8867415272473663
37920,1
37921,0.9989614609837535
37922,1
37923,1
37924,0.9677137996175981
37925,0.9770147563321826
37926,0.952238581019351
37927,0.882471240764735
37928,1
37929,0.9274478179980737
37930,0.952238581019351
37931,0.7372582185655
37932,1
37933,0.9367537762839373
37934,0.952238581019351
37935,0.964174901191159
37936,1
37937,1
37938,0.7754528856896543
37939,1
37940,0.9565116537184474
37941,0.5010021958424691
37942,1
37943,1
37944,1
37945,1
37946,1
37947,1
37948,1
37949,1
37950,0.6301070019315487
37951,0.9367537762839373
37952,0.9851578980626085
37953,1
37954,1
37955,0.9382758846498143
37956,0.9624012717504269
37957,1
37958,1
37959,0.6199686806008506
37960,1
37961,0.8679094759971194
37962,1
37963,0.9851578980626085
37964,1
37965,0.952238581019351
37966,0.9869175370216076
37967,0.7598492525220191
37968,1
37969,1
37970,1
37971,1
37972,1
37973,0.8021088362316202
37974,1
37975,1
37976,0.9002571508472601
37977,0.8632373843695939
37978,0.5865955798156085
37979,1
37980,1
37981,1
37982,1
37983,0.9709361642796265
37984,1
37985,0.682772625902395
37986,0.9131024994045092
37987,0.7889130882423926
37988,1
37989,1
37990,0.8790668180467952
37991,1
37992,1
37993,0.798093381008383
37994,1
37995,1
37996,1
37997,1
37998,0.898396797075383
37999,0.8593204023401445
38000,0.9170538670778072
38001,0.7361294703061989
38002,1
38003,0.8977971145732914
38004,1
38005,1
38006,1
38007,1
38008,1
38009,0.9876612416190321
38010,0.7838739353721549
38011,1
38012,1
38013,1
38014,1
38015,1
38016,1
38017,1
38018,1
38019,0.8238175323009879
38020,0.6105446094328404
38021,0.9740504365406069
38022,0.9740504365406069
38023,1
38024,0.8601405326797068
38025,0.9226376318830833
38026,0.6780457817008168
38027,1
38028,0.98286877941266
38029,0.8830406198051564
38030,0.9367537762839373
38031,1
38032,0.3977044462544666
38033,0.9968430762781008
38034,1
38035,1
38036,1
38037,1
38038,1
38039,0.9968430762781008
38040,0.8356691254607166
38041,1
38042,1
38043,1
38044,1
38045,0.9367537762839373
38046,1
38047,0.9475888878684422
38048,0.5535873070774334
38049,0.8583664903928733
38050,0.9771387028943128
38051,0.9770147563321826
38052,0.6417123740439841
38053,0.9327467859310505
38054,0.5552912231097396
38055,0.4151996730832789
38056,0.9305620902590541
38057,1
38058,0.9698976252633799
38059,0.7898335861809971
38060,0.8810005770709346
38061,1
38062,1
38063,0.9946592700131068
38064,0.7347293114464784
38065,0.7983772148940907
38066,0.979845370195437
38067,0.7008064475582944
38068,1
38069,0.9475888878684422
38070,0.4688255068351295
38071,0.8758105888378835
38072,0.9968430762781008
38073,1
38074,1
38075,0.9623025974010792
38076,1
38077,0.4280991171708136
38078,1
38079,1
38080,0.933596852562038
38081,1
38082,1
38083,1
38084,0.964174901191159
38085,0.9968430762781008
38086,1
38087,1
38088,1
38089,1
38090,1
38091,0.8166501243236343
38092,1
38093,1
38094,1
38095,0.8304898105926442
38096,1
38097,0.7760677396851436
38098,1
38099,0.9631363621749126
38100,1
38101,1
38102,1
38103,1
38104,0.7351175230897036
38105,1
38106,1
38107,0.8461438728252632
38108,0.9798171680757152
38109,0.5889113372762173
38110,0.8758105888378835
38111,1
38112,1
38113,0.9924049721376991
38114,1
38115,1
38116,0.9740504365406069
38117,1
38118,1
38119,1
38120,1
38121,1
38122,0.979845370195437
38123,1
38124,1
38125,0.960473993748949
38126,1
38127,0.9876612416190321
38128,1
38129,0.979845370195437
38130,1
38131,0.9424713473879602
38132,1
38133,1
38134,0.8304898105926442
38135,1
38136,1
38137,1
38138,1
38139,1
38140,1
38141,0.9143295894099226
38142,1
38143,1
38144,1
38145,0.9468291209737763
38146,0.919309677838927
38147,1
38148,1
38149,0.9131024994045092
38150,0.882471240764735
38151,1
38152,1
38153,0.9825559015549896
38154,1
38155,0.952238581019351
38156,1
38157,1
38158,1
38159,1
38160,1
38161,1
38162,1
38163,0.6190650757240667
38164,0.9989614609837535
38165,0.964174901191159
38166,0.8297016458838836
38167,1
38168,1
38169,0.9002571508472601
38170,1
38171,1
38172,1
38173,1
38174,1
38175,1
38176,1
38177,0.9968430762781008
38178,0.9770147563321826
38179,1
38180,1
38181,0.8110607183253579
38182,0.9320839512147882
38183,1
38184,0.9851578980626085
38185,1
38186,0.4193073846796688
38187,1
38188,1
38189,1
38190,0.9851578980626085
38191,0.9989614609837535
38192,0.9489193035597069
38193,1
38194,1
38195,0.9414328083717136
38196,1
38197,0.9083326433615858
38198,0.9442675797146287
38199,0.9131024994045092
38200,1
38201,0.960473993748949
38202,1
38203,1
38204,0.749517834294596
38205,1
38206,1
38207,1
38208,0.9946592700131068
38209,1
38210,1
38211,0.9637614054970985
38212,1
38213,1
38214,0.8735764931534583
38215,1
38216,1
38217,0.9149715981939065
38218,0.275401117416931
38219,0.9770147563321826
38220,0.8175992303149366
38221,0.9989614609837535
38222,0.9002571508472601
38223,1
38224,1
38225,0.8833346950526572
38226,0.9419913562876924
38227,1
38228,1
38229,0.9131024994045092
38230,0.952238581019351
38231,1
38232,1
38233,0.8883353316423166
38234,0.4280991171708136
38235,1
38236,1
38237,0.8886988234293318
38238,1
38239,1
38240,0.9924049721376991
38241,1
38242,0.9198909061692103
38243,0.8948169683893437
38244,1
38245,0.952238581019351
38246,1
38247,0.9924049721376991
38248,0.9001895016311602
38249,0.9876612416190321
38250,1
38251,0.8685219879492048
38252,0.22438089754266435
38253,1
38254,1
38255,1
38256,0.9318272263410183
38257,1
38258,1
38259,0.9225666260562072
38260,1
38261,1
38262,0.87146808938467
38263,1
38264,0.7109515097782516
38265,0.9115146323612766
38266,0.6179055997345697
38267,1
38268,1
38269,0.9946592700131068
38270,0.7691707032174173
38271,0.7840015779662195
38272,1
38273,1
38274,1
38275,0.6443197035687018
38276,0.954249361934666
38277,0.9389850474304591
38278,1
38279,0.9989614609837535
38280,0.9592083346032153
38281,1
38282,1
38283,0.8479756897538508
38284,1
38285,1
38286,0.9946592700131068
38287,0.6122614285109327
38288,1
38289,1
38290,1
38291,1
38292,0.9041687611973005
38293,0.9093539003840289
38294,1
38295,0.8183479456908903
38296,1
38297,1
38298,1
38299,1
38300,1
38301,0.838946951012796
38302,0.8150337816312075
38303,1
38304,1
38305,1
38306,1
38307,1
38308,1
38309,1
38310,0.9417027616904663
38311,0.9676523251498593
38312,1
38313,0.7557649814211053
38314,0.8594569948553565
38315,0.8810005770709346
38316,1
38317,1
38318,0.43095812067811573
38319,1
38320,1
38321,0.9770147563321826
38322,0.9676523251498593
38323,1
38324,1
38325,1
38326,1
38327,0.952238581019351
38328,1
38329,0.943134356321233
38330,1
38331,1
38332,1
38333,1
38334,0.9573170700270499
38335,1
38336,1
38337,1
38338,1
38339,1
38340,1
38341,0.5656208017706722
38342,1
38343,0.9382758846498143
38344,1
38345,1
38346,0.9876612416190321
38347,1
38348,1
38349,1
38350,1
38351,0.9289066260940931
38352,1
38353,1
38354,0.8726536651159842
38355,0.9436705802464026
38356,0.941910603553698
38357,1
38358,1
38359,1
38360,1
38361,0.8758105888378835
38362,1
38363,0.9475888878684422
38364,1
38365,1
38366,0.9352501294874744
38367,1
38368,1
38369,0.952238581019351
38370,0.9968430762781008
38371,0.9475888878684422
38372,0.75450940332041
38373,1
38374,1
38375,0.9092021906044812
38376,0.9876612416190321
38377,1
38378,1
38379,1
38380,1
38381,1
38382,1
38383,1
38384,0.9417027616904663
38385,1
38386,0.9851578980626085
38387,1
38388,1
38389,1
38390,1
38391,1
38392,0.9876612416190321
38393,0.8880875085557998
38394,1
38395,1
38396,0.9424713473879602
38397,0.6144591078728968
38398,1
38399,0.7372582185655
38400,1
38401,1
38402,1
38403,1
38404,1
38405,1
38406,0.47872330117518136
38407,1
38408,0.8900602352564023
38409,1
38410,1
38411,1
38412,1
38413,0.9825559015549896
38414,0.9573170700270499
38415,0.9834657788808864
38416,1
38417,1
38418,1
38419,0.9924049721376991
38420,0.8828130524022498
38421,1
38422,1
38423,0.840178235427994
38424,0.9131024994045092
38425,0.9766602443538158
38426,1
38427,1
38428,0.9676523251498593
38429,1
38430,1
38431,0.9740504365406069
38432,1
38433,0.9825559015549896
38434,1
38435,0.9302326597453842
38436,1
38437,0.9367537762839373
38438,0.9302326597453842
38439,1
38440,1
38441,0.9367537762839373
38442,1
38443,1
38444,1
38445,1
38446,0.9302326597453842
38447,1
38448,0.9989614609837535
38449,0.9302326597453842
38450,1
38451,0.979845370195437
38452,0.979845370195437
38453,0.9770147563321826
38454,0.9740504365406069
38455,1
38456,0.9328846077448727
38457,1
38458,1
38459,1
38460,0.8621841567019609
38461,1
38462,1
38463,0.8798874929141096
38464,1
38465,1
38466,1
38467,1
38468,1
38469,0.8058491915321249
38470,0.8392150989116788
38471,0.8943699469920491
38472,1
38473,1
38474,1
38475,1
38476,1
38477,1
38478,1
38479,1
38480,1
38481,0.8220399514263755
38482,0.9968430762781008
38483,1
38484,1
38485,0.9709361642796265
38486,1
38487,1
38488,0.8827478248327708
38489,0.9225666260562072
38490,0.9628936004251474
38491,0.9740504365406069
38492,1
38493,1
38494,1
38495,0.9312277681971551
38496,1
38497,1
38498,0.618338034842548
38499,0.5531219613520983
38500,1
38501,1
38502,1
38503,1
38504,1
38505,1
38506,1
38507,0.34460487704408893
38508,0.9946592700131068
38509,0.8207022450478737
38510,1
38511,0.964174901191159
38512,0.9876612416190321
38513,1
38514,1
38515,1
38516,0.9404714648314999
38517,1
38518,1
38519,1
38520,0.9274342580638794
38521,1
38522,1
38523,0.9740504365406069
38524,1
38525,1
38526,0.960473993748949
38527,1
38528,0.9120639603882625
38529,0.9900744607435069
38530,0.9565116537184474
38531,0.9002571508472601
38532,0.9825559015549896
38533,1
38534,1
38535,0.8758105888378835
38536,1
38537,0.9851578980626085
38538,1
38539,1
38540,1
38541,0.9900744607435069
38542,0.9652241118193398
38543,0.6417123740439841
38544,1
38545,1
38546,1
38547,1
38548,1
38549,0.63965431209023
38550,0.9031769601480161
38551,0.9002571508472601
38552,1
38553,0.6058817818189177
38554,0.9565116537184474
38555,1
38556,0.710224424063465
38557,0.952238581019351
38558,1
38559,0.9740504365406069
38560,1
38561,1
38562,0.9924049721376991
38563,0.8498562756884463
38564,0.7674341728065962
38565,1
38566,0.9989614609837535
38567,0.8727040071333443
38568,1
38569,1
38570,1
38571,1
38572,0.5865955798156085
38573,1
38574,0.8955879474882031
38575,1
38576,1
38577,0.9131024994045092
38578,1
38579,0.9225666260562072
38580,1
38581,0.9770147563321826
38582,1
38583,1
38584,0.9989614609837535
38585,0.9226376318830833
38586,1
38587,1
38588,1
38589,0.9709361642796265
38590,1
38591,0.22210797003726138
38592,0.7435923099971533
38593,1
38594,1
38595,0.9489193035597069
38596,0.8958942969949192
38597,1
38598,1
38599,1
38600,1
38601,1
38602,1
38603,0.9698976252633799
38604,0.9382758846498143
38605,0.8668863652909297
38606,1
38607,0.9367537762839373
38608,1
38609,0.9367537762839373
38610,1
38611,0.9676523251498593
38612,1
38613,1
38614,1
38615,0.9946592700131068
38616,0.9490816572974519
38617,0.8524957318666111
38618,0.9475888878684422
38619,0.916521783928567
38620,0.9424713473879602
38621,0.9178939013644162
38622,0.9302326597453842
38623,1
38624,0.8998274688877933
38625,0.9740504365406069
38626,1
38627,0.964174901191159
38628,0.9225666260562072
38629,1
38630,0.952238581019351
38631,0.854546675848951
38632,0.9676523251498593
38633,0.6584511101279265
38634,0.9120639603882625
38635,0.9302326597453842
38636,0.6354238393110564
38637,0.9924049721376991
38638,1
38639,0.5031150452680295
38640,1
38641,0.9126410867997141
38642,0.9777357023625389
38643,0.40807097760661715
38644,1
38645,1
38646,1
38647,1
38648,1
38649,1
38650,1
38651,1
38652,1
38653,1
38654,1
38655,1
38656,0.9900744607435069
38657,0.9637614054970985
38658,0.576160306071524
38659,0.9382758846498143
38660,1
38661,1
38662,0.8606913872729514
38663,0.8510429476439987
38664,1
38665,1
38666,1
38667,1
38668,0.9225666260562072
38669,1
38670,1
38671,1
38672,0.9302326597453842
38673,1
38674,0.838946951012796
38675,0.8572846399567644
38676,0.960473993748949
38677,1
38678,0.9225666260562072
38679,0.9709361642796265
38680,1
38681,1
38682,0.17636810395348448
38683,0.960473993748949
38684,1
38685,1
38686,1
38687,1
38688,0.9851578980626085
38689,0.7921664814309598
38690,0.9676523251498593
38691,1
38692,0.7951202666768105
38693,1
38694,1
38695,1
38696,1
38697,1
38698,0.932347165488682
38699,1
38700,1
38701,0.9553135667688916
38702,0.979845370195437
38703,1
38704,0.952238581019351
38705,0.9534920658346163
38706,0.9554731147022008
38707,0.9565116537184474
38708,0.2741091217441696
38709,1
38710,1
38711,0.834242008809128
38712,0.623283260681459
38713,0.9164134822105101
38714,0.7885231636061837
38715,1
38716,1
38717,1
38718,0.35804276392698076
38719,1
38720,0.9851578980626085
38721,1
38722,1
38723,0.6509234438534419
38724,1
38725,0.32089323065694825
38726,0.9424713473879602
38727,1
38728,0.979845370195437
38729,1
38730,1
38731,0.9565116537184474
38732,1
38733,1
38734,0.9176669670257751
38735,1
38736,0.9708935128187075
38737,1
38738,0.9770147563321826
38739,1
38740,1
38741,1
38742,0.960473993748949
38743,0.7092852523050746
38744,0.9403193639443862
38745,0.8827365837284661
38746,1
38747,1
38748,1
38749,1
38750,0.8990624831784348
38751,0.679371813134194
38752,1
38753,1
38754,0.8582900217190895
38755,0.9900744607435069
38756,1
38757,1
38758,1
38759,1
38760,1
38761,1
38762,1
38763,1
38764,1
38765,0.8758105888378835
38766,1
38767,0.9565116537184474
38768,1
38769,1
38770,1
38771,1
38772,1
38773,1
38774,1
38775,1
38776,0.5268707041992922
38777,1
38778,0.9798171680757152
38779,0.9709361642796265
38780,0.9565116537184474
38781,1
38782,0.275401117416931
38783,1
38784,0.9968430762781008
38785,1
38786,1
38787,1
38788,1
38789,1
38790,1
38791,1
38792,1
38793,0.922001357152416
38794,1
38795,1
38796,1
38797,1
38798,1
38799,0.979845370195437
38800,1
38801,1
38802,0.952238581019351
38803,0.9924049721376991
38804,1
38805,0.9624012717504269
38806,0.8530963594106505
38807,1
38808,1
38809,0.9851578980626085
38810,1
38811,1
38812,0.9783604388168439
38813,1
38814,1
38815,0.6750707717767446
38816,0.952238581019351
38817,0.6509548040861303
38818,1
38819,0.3300486258972631
38820,1
38821,0.9394160280826096
38822,1
38823,1
38824,0.9302326597453842
38825,1
38826,0.275401117416931
38827,1
38828,1
38829,1
38830,0.952238581019351
38831,0.952238581019351
38832,1
38833,0.9475888878684422
38834,1
38835,0.8223406459231449
38836,0.952238581019351
38837,0.9637614054970985
38838,1
38839,0.4844438480770324
38840,0.9475888878684422
38841,0.9676523251498593
38842,1
38843,0.9946592700131068
38844,1
38845,1
38846,0.9002571508472601
38847,1
38848,0.9565116537184474
38849,1
38850,0.7734743789833383
38851,1
38852,0.9087587688567452
38853,0.9021435455300049
38854,1
38855,1
38856,0.681548722328589
38857,1
38858,1
38859,0.9367537762839373
38860,1
38861,0.8297016458838836
38862,1
38863,0.8765438738424991
38864,0.944667081482042
38865,1
38866,0.9465503488521956
38867,1
38868,0.7542618295384133
38869,0.9164134822105101
38870,1
38871,1
38872,1
38873,0.8370109271311973
38874,1
38875,1
38876,1
38877,1
38878,1
38879,1
38880,1
38881,1
38882,0.9740504365406069
38883,0.8758105888378835
38884,1
38885,0.9423130417628578
38886,0.8554155411673671
38887,1
38888,1
38889,0.5419695248912441
38890,0.626231952003627
38891,0.9382758846498143
38892,1
38893,1
38894,0.9002571508472601
38895,0.8150337816312075
38896,0.9225666260562072
38897,1
38898,1
38899,1
38900,0.9936207309968602
38901,0.9924049721376991
38902,1
38903,1
38904,0.8021088362316202
38905,0.9946592700131068
38906,0.9178939013644162
38907,0.8036360514400813
38908,1
38909,0.9770147563321826
38910,0.9565116537184474
38911,1
38912,1
38913,0.9851578980626085
38914,1
38915,0.8452042579392905
38916,1
38917,1
38918,0.9302326597453842
38919,1
38920,0.960473993748949
38921,1
38922,1
38923,0.7475370874972985
38924,1
38925,0.6508105197811982
38926,1
38927,1
38928,0.952238581019351
38929,1
38930,0.862469293539203
38931,0.8994293147388439
38932,1
38933,1
38934,1
38935,0.9633411364173258
38936,0.664034847216157
38937,1
38938,1
38939,0.9489193035597069
38940,1
38941,0.9708935128187075
38942,0.6536502657942133
38943,0.9098067930027165
38944,1
38945,1
38946,0.9424713473879602
38947,1
38948,1
38949,1
38950,1
38951,0.936362031703573
38952,1
38953,0.9968430762781008
38954,0.952238581019351
38955,1
38956,0.7614348743621632
38957,1
38958,1
38959,0.979845370195437
38960,1
38961,1
38962,1
38963,1
38964,0.9876612416190321
38965,0.8998274688877933
38966,1
38967,0.9565116537184474
38968,1
38969,1
38970,1
38971,1
38972,1
38973,0.9968430762781008
38974,0.8249425881526954
38975,0.8482080714590692
38976,1
38977,1
38978,1
38979,0.9490816572974519
38980,0.8233994767063256
38981,1
38982,1
38983,0.9968430762781008
38984,0.9770147563321826
38985,1
38986,1
38987,1
38988,0.9348763195256594
38989,0.6539510616865601
38990,1
38991,1
38992,1
38993,0.9825559015549896
38994,1
38995,1
38996,1
38997,1
38998,1
38999,0.8297016458838836
39000,1
39001,1
39002,0.9900744607435069
39003,1
39004,0.952238581019351
39005,0.8478460387157022
39006,0.8977971145732914
39007,1
39008,0.9709361642796265
39009,1
39010,1
39011,1
39012,1
39013,1
39014,1
39015,0.979845370195437
39016,1
39017,1
39018,1
39019,0.8096189483597905
39020,0.9825559015549896
39021,1
39022,1
39023,1
39024,0.8486357886942472
39025,1
39026,1
39027,0.7735823425910805
39028,0.9051410752309912
39029,1
39030,0.7330678626558736
39031,1
39032,1
39033,1
39034,0.9709361642796265
39035,1
39036,0.8797781469528275
39037,1
39038,0.9126239317640477
39039,0.9815173625387432
39040,1
39041,1
39042,1
39043,0.960473993748949
39044,0.9825559015549896
39045,1
39046,1
39047,0.9479509206118093
39048,1
39049,0.8650379734441676
39050,0.9565116537184474
39051,0.8233994767063256
39052,1
39053,0.9248319710156705
39054,0.9502082267048491
39055,1
39056,1
39057,0.8701555139246495
39058,1
39059,1
39060,1
39061,0.8682155609755827
39062,1
39063,0.9574082403957447
39064,0.8947099284073113
39065,0.8797781469528275
39066,1
39067,1
39068,0.9302326597453842
39069,1
39070,0.5730207117253248
39071,0.9740504365406069
39072,1
39073,0.952238581019351
39074,0.6780457817008168
39075,0.5268707041992922
39076,1
39077,1
39078,0.9946592700131068
39079,1
39080,1
39081,1
39082,1
39083,1
39084,0.910634057520209
39085,1
39086,1
39087,0.8758105888378835
39088,1
39089,1
39090,1
39091,0.9989614609837535
39092,1
39093,1
39094,0.7173758270493569
39095,1
39096,0.7263757789550497
39097,0.9120639603882625
39098,1
39099,1
39100,1
39101,1
39102,0.8356691254607166
39103,1
39104,0.9740504365406069
39105,1
39106,1
39107,0.9989614609837535
39108,0.979845370195437
39109,1
39110,0.816068093326773
39111,1
39112,1
39113,1
39114,0.9305620902590541
39115,1
39116,0.8378528502431093
39117,0.5865955798156085
39118,1
39119,1
39120,1
39121,0.622720993507187
39122,1
39123,1
39124,1
39125,0.732632528716259
39126,1
39127,1
39128,0.7835222845594352
39129,1
39130,1
39131,0.9302326597453842
39132,0.8631921336301107
39133,1
39134,0.7801224641420087
39135,0.9226376318830833
39136,0.9565116537184474
39137,0.8593204023401445
39138,1
39139,1
39140,1
39141,1
39142,1
39143,1
39144,1
39145,1
39146,0.8091820118692014
39147,1
39148,0.9178939013644162
39149,0.934524430289556
39150,1
39151,1
39152,1
39153,0.8155144956561537
39154,1
39155,0.805850461863159
39156,1
39157,1
39158,1
39159,1
39160,0.9740504365406069
39161,0.882471240764735
39162,1
39163,1
39164,1
39165,1
39166,1
39167,1
39168,1
39169,1
39170,1
39171,0.8758105888378835
39172,1
39173,1
39174,0.979845370195437
39175,0.9633411364173258
39176,0.8772774005956683
39177,1
39178,1
39179,0.8758105888378835
39180,1
39181,1
39182,1
39183,1
39184,1
39185,0.9989614609837535
39186,0.5568692350067596
39187,0.9924049721376991
39188,0.9475888878684422
39189,0.8676675452141867
39190,0.9518361428101912
39191,1
39192,1
39193,1
39194,1
39195,1
39196,1
39197,1
39198,1
39199,1
39200,0.890117255736692
39201,0.8403059902658436
39202,1
39203,1
39204,0.5349366109135466
39205,1
39206,1
39207,0.9900744607435069
39208,1
39209,1
39210,1
39211,0.9465503488521956
39212,1
39213,1
39214,1
39215,1
39216,1
39217,1
39218,1
39219,0.8218527341423075
39220,1
39221,0.843317200652353
39222,1
39223,0.9435758958692533
39224,1
39225,0.952238581019351
39226,1
39227,0.49648258052748023
39228,0.9770147563321826
39229,0.9851578980626085
39230,1
39231,0.9096703497400876
39232,1
39233,1
39234,0.7889130882423926
39235,1
39236,0.6338007474462141
39237,0.9120639603882625
39238,0.9225666260562072
39239,1
39240,0.8906728681059777
39241,1
39242,0.9740504365406069
39243,0.9363570239138845
39244,0.952238581019351
39245,1
39246,1
39247,1
39248,1
39249,0.960473993748949
39250,0.9178939013644162
39251,0.9320839512147882
39252,0.9740504365406069
39253,0.9766884464735379
39254,0.9518361428101912
39255,1
39256,1
39257,0.9824794328812061
39258,0.9565116537184474
39259,1
39260,0.9946592700131068
39261,1
39262,0.9676523251498593
39263,1
39264,1
39265,1
39266,0.8652441482454565
39267,1
39268,0.8668863652909297
39269,0.987064242150806
39270,1
39271,1
39272,1
39273,1
39274,1
39275,1
39276,1
39277,0.7324721248848217
39278,1
39279,1
39280,1
39281,1
39282,0.9900744607435069
39283,1
39284,1
39285,1
39286,0.8075045669248269
39287,1
39288,1
39289,1
39290,1
39291,1
39292,1
39293,1
39294,1
39295,0.979845370195437
39296,1
39297,1
39298,1
39299,0.4193073846796688
39300,0.960473993748949
39301,0.8096342618905096
39302,0.8452042579392905
39303,0.9876612416190321
39304,0.9382758846498143
39305,1
39306,1
39307,0.6517044401729414
39308,1
39309,1
39310,0.275401117416931
39311,0.964174901191159
39312,1
39313,0.9002571508472601
39314,0.9076899405635637
39315,1
39316,1
39317,1
39318,1
39319,0.9424713473879602
39320,0.9504808575244802
39321,0.9302326597453842
39322,0.9989614609837535
39323,0.8731117163496501
39324,1
39325,0.9276292454505686
39326,0.6962644695191798
39327,1
39328,1
39329,0.9215149219764929
39330,1
39331,1
39332,1
39333,1
39334,0.9120336373277153
39335,0.6682501551613639
39336,0.9573170700270499
39337,0.9652241118193398
39338,1
39339,1
39340,0.9989614609837535
39341,1
39342,0.8673129351290911
39343,1
39344,1
39345,0.9414866294351508
39346,0.9924049721376991
39347,1
39348,0.9900744607435069
39349,1
39350,0.5010021958424691
39351,1
39352,1
39353,1
39354,1
39355,1
39356,0.9876612416190321
39357,1
39358,1
39359,1
39360,0.964174901191159
39361,0.9770147563321826
39362,1
39363,1
39364,1
39365,0.9637614054970985
39366,0.9090851335215729
39367,1
39368,0.12446401795831219
39369,0.9876612416190321
39370,1
39371,0.9740504365406069
39372,0.8023955719790294
39373,0.9131024994045092
39374,0.7802795213638453
39375,1
39376,1
39377,1
39378,1
39379,0.8524957318666111
39380,0.7082293008608821
39381,1
39382,0.8718994253099747
39383,0.9302326597453842
39384,1
39385,1
39386,0.7129349554230175
39387,0.7845608235756818
39388,0.9676523251498593
39389,1
39390,0.9565116537184474
39391,0.933829764704774
39392,0.9475888878684422
39393,0.9244150179029693
39394,0.960473993748949
39395,1
39396,0.9968430762781008
39397,1
39398,1
39399,1
39400,1
39401,0.9080628816173912
39402,0.9709361642796265
39403,1
39404,1
39405,1
39406,1
39407,1
39408,0.9044942651355453
39409,1
39410,0.6035533669856609
39411,1
39412,0.6508105197811982
39413,0.9080628816173912
39414,0.6535606549086411
39415,1
39416,1
39417,1
39418,0.5974385750125932
39419,1
39420,0.9968430762781008
39421,1
39422,1
39423,1
39424,0.6354238393110564
39425,0.9824794328812061
39426,0.960473993748949
39427,1
39428,1
39429,1
39430,0.960473993748949
39431,1
39432,0.8705175466680164
39433,1
39434,0.9851578980626085
39435,0.8669864360293214
39436,1
39437,0.6779054455456809
39438,1
39439,0.4167571474008478
39440,0.8304898105926442
39441,1
39442,1
39443,0.92997428338189
39444,1
39445,1
39446,1
39447,1
39448,0.952238581019351
39449,1
39450,1
39451,0.22210797003726138
39452,0.9534920658346163
39453,0.9565116537184474
39454,0.9900744607435069
39455,1
39456,1
39457,0.9676523251498593
39458,0.8297016458838836
39459,0.8908270704488368
39460,1
39461,1
39462,0.960473993748949
39463,0.9825559015549896
39464,0.8582900217190895
39465,1
39466,1
39467,1
39468,1
39469,1
39470,0.9676523251498593
39471,1
39472,0.9610179774692599
39473,1
39474,0.9924049721376991
39475,1
39476,1
39477,1
39478,0.9134075116675866
39479,1
39480,1
39481,1
39482,1
39483,1
39484,0.9131024994045092
39485,1
39486,1
39487,0.8758105888378835
39488,1
39489,1
39490,0.7003855657072279
39491,0.9709361642796265
39492,1
39493,1
39494,1
39495,1
39496,1
39497,0.9740504365406069
39498,0.915043855920416
39499,1
39500,1
39501,0.5568692350067596
39502,1
39503,1
39504,1
39505,1
39506,0.73526758369324
39507,1
39508,0.964174901191159
39509,1
39510,0.5252451086017895
39511,0.9002571508472601
39512,0.7586155319135605
39513,1
39514,1
39515,0.9169851244036267
39516,1
39517,1
39518,0.964174901191159
39519,1
39520,1
39521,0.8607311445962091
39522,0.9788068311791907
39523,0.8365812451717305
39524,0.9968430762781008
39525,1
39526,0.5930419266778941
39527,1
39528,0.937130617401067
39529,1
39530,0.9740504365406069
39531,0.9367537762839373
39532,1
39533,0.9511709237315541
39534,0.9573170700270499
39535,0.7818906958757937
39536,1
39537,0.9351110654707856
39538,1
39539,0.7815895991035492
39540,1
39541,1
39542,1
39543,1
39544,0.8650379734441676
39545,1
39546,1
39547,1
39548,0.862469293539203
39549,0.9611341153785447
39550,0.9968430762781008
39551,1
39552,1
39553,0.9553750412366303
39554,0.8906653696048168
39555,1
39556,1
39557,0.8143990782673693
39558,1
39559,0.8297016458838836
39560,1
39561,0.9824794328812061
39562,0.7745100819792404
39563,0.9002571508472601
39564,1
39565,0.9989614609837535
39566,0.5843818398381908
39567,0.9439480618039867
39568,0.9676523251498593
39569,0.9740504365406069
39570,0.9302326597453842
39571,0.8079291789170285
39572,1
39573,1
39574,1
39575,1
39576,1
39577,0.9568601265276199
39578,1
39579,0.962172654394791
39580,1
39581,0.9860257031345594
39582,1
39583,1
39584,1
39585,0.8072831162490197
39586,1
39587,0.9876612416190321
39588,0.3024204640740303
39589,1
39590,1
39591,0.979845370195437
39592,1
39593,0.8647525522752201
39594,0.9475888878684422
39595,1
39596,1
39597,1
39598,1
39599,1
39600,1
39601,1
39602,0.9968430762781008
39603,1
39604,1
39605,0.8304898105926442
39606,1
39607,0.7893434617781449
39608,1
39609,1
39610,1
39611,0.8758105888378835
39612,0.9989614609837535
39613,1
39614,1
39615,1
39616,0.12446401795831219
39617,0.9131024994045092
39618,1
39619,0.9302326597453842
39620,1
39621,0.9869175370216076
39622,1
39623,0.9131024994045092
39624,1
39625,1
39626,1
39627,0.960473993748949
39628,0.8778651986190539
39629,1
39630,1
39631,1
39632,0.979845370195437
39633,1
39634,0.5091292789569503
39635,0.8536727480080925
39636,1
39637,0.9876612416190321
39638,1
39639,1
39640,0.89958138238839
39641,0.9367537762839373
39642,1
39643,1
39644,1
39645,0.9131024994045092
39646,0.9924049721376991
39647,1
39648,0.5289022429185082
39649,1
39650,0.7506208998970404
39651,1
39652,0.9946592700131068
39653,1
39654,1
39655,0.9002571508472601
39656,0.275401117416931
39657,1
39658,1
39659,0.8943074901981514
39660,1
39661,1
39662,1
39663,0.9577267858933664
39664,1
39665,0.9823205116321391
39666,0.964174901191159
39667,1
39668,0.9592083346032153
39669,1
39670,0.9900744607435069
39671,0.8140659084996067
39672,0.38544972590180404
39673,0.8824753509013652
39674,0.7531030291002974
39675,1
39676,1
39677,0.9770147563321826
39678,0.979845370195437
39679,1
39680,0.3110726597395941
39681,1
39682,0.48705768317950104
39683,0.9009286774750964
39684,0.8354347093974412
39685,0.9946592700131068
39686,1
39687,0.9770147563321826
39688,0.8824753509013652
39689,1
39690,1
39691,1
39692,0.9709361642796265
39693,0.9424713473879602
39694,0.9900744607435069
39695,1
39696,1
39697,0.2954015740468363
39698,0.9675066118144694
39699,1
39700,1
39701,1
39702,0.9946592700131068
39703,1
39704,0.4018847339501073
39705,1
39706,0.962172654394791
39707,0.9823205116321391
39708,1
39709,1
39710,1
39711,1
39712,1
39713,1
39714,1
39715,1
39716,1
39717,1
39718,1
39719,1
39720,0.9851578980626085
39721,0.979845370195437
39722,0.9002571508472601
39723,1
39724,0.862469293539203
39725,0.9989614609837535
39726,0.8498562756884463
39727,0.47872330117518136
39728,1
39729,1
39730,0.8935027903358337
39731,1
39732,1
39733,0.9357152372676907
39734,0.9417027616904663
39735,1
39736,1
39737,1
39738,0.8304898105926442
39739,1
39740,1
39741,0.8488224863622437
39742,1
39743,1
39744,1
39745,1
39746,0.9676523251498593
39747,1
39748,1
39749,0.952238581019351
39750,0.9131024994045092
39751,1
39752,0.9770147563321826
39753,1
39754,1
39755,1
39756,0.9709361642796265
39757,1
39758,0.9281263188988084
39759,1
39760,1
39761,1
39762,0.9825559015549896
39763,0.9225666260562072
39764,0.9800662137567313
39765,1
39766,0.960473993748949
39767,0.68118275554766
39768,1
39769,0.8395389220625701
39770,1
39771,0.960473993748949
39772,0.6780457817008168
39773,1
39774,0.9924049721376991
39775,0.8234980897477686
39776,1
39777,1
39778,0.8840386636841356
39779,1
39780,1
39781,1
39782,0.7575325455892488
39783,1
39784,1
39785,1
39786,1
39787,1
39788,1
39789,0.7659278445745754
39790,0.275401117416931
39791,1
39792,1
39793,0.9770147563321826
39794,1
39795,0.9709361642796265
39796,0.9367537762839373
39797,1
39798,0.862469293539203
39799,1
39800,1
39801,1
39802,0.647299114647088
39803,1
39804,1
39805,0.9002571508472601
39806,0.7760677396851436
39807,1
39808,0.8758105888378835
39809,0.874770244401767
39810,0.8081389119389577
39811,0.9825559015549896
39812,0.48277520315290234
39813,1
39814,0.922001357152416
39815,0.8668863652909297
39816,1
39817,1
39818,1
39819,0.9367537762839373
39820,0.8665896836592686
39821,0.9851578980626085
39822,1
39823,1
39824,0.9728191396816405
39825,1
39826,1
39827,1
39828,1
39829,1
39830,0.9390675552734369
39831,0.8172816292849372
39832,0.9676523251498593
39833,1
39834,0.9900744607435069
39835,0.9825559015549896
39836,0.8169729628667067
39837,0.8652441482454565
39838,0.9676523251498593
39839,1
39840,1
39841,0.4705808670079857
39842,1
39843,0.9178939013644162
39844,0.8807548245543686
39845,1
39846,0.9851578980626085
39847,0.5349366109135466
39848,1
39849,1
39850,0.9565116537184474
39851,0.9302326597453842
39852,1
39853,0.7817060762730276
39854,1
39855,1
39856,1
39857,1
39858,0.9131024994045092
39859,0.9740504365406069
39860,1
39861,1
39862,0.8225413915840324
39863,1
39864,0.34460487704408893
39865,0.9077617694176161
39866,0.882471240764735
39867,1
39868,1
39869,0.8549607326498492
39870,1
39871,0.9777357023625389
39872,0.9302326597453842
39873,0.9278365378452857
39874,1
39875,0.960473993748949
39876,0.8958869445487927
39877,1
39878,0.8234980897477686
39879,1
39880,0.9534920658346163
39881,1
39882,0.952238581019351
39883,1
39884,0.9989614609837535
39885,0.8371999318721768
39886,1
39887,1
39888,1
39889,1
39890,0.687337059132623
39891,1
39892,1
39893,0.9475888878684422
39894,1
39895,0.954249361934666
39896,1
39897,1
39898,0.9302326597453842
39899,1
39900,1
39901,0.47917288371938555
39902,1
39903,1
39904,1
39905,0.8573436143523997
39906,1
39907,1
39908,0.8524957318666111
39909,1
39910,0.9510651928727897
39911,1
39912,1
39913,1
39914,0.9045676003969163
39915,1
39916,0.9565116537184474
39917,1
39918,0.9131024994045092
39919,1
39920,1
39921,1
39922,1
39923,1
39924,1
39925,0.9989614609837535
39926,0.9002571508472601
39927,1
39928,1
39929,1
39930,1
39931,0.8426593129609685
39932,1
39933,1
39934,0.9641248972841138
39935,0.9851578980626085
39936,0.9851578980626085
39937,0.8536727480080925
39938,1
39939,0.7689368490084151
39940,0.8479756897538508
39941,0.9968430762781008
39942,1
39943,1
39944,0.9936207309968602
39945,1
39946,1
39947,1
39948,0.4706109272335451
39949,1
39950,0.5705817079620602
39951,1
39952,1
39953,0.9302326597453842
39954,0.7896406669072633
39955,0.9248919297584909
39956,0.9825559015549896
39957,1
39958,0.9447285559497808
39959,0.964174901191159
39960,1
39961,1
39962,1
39963,1
39964,1
39965,0.9900744607435069
39966,0.8427284982352203
39967,1
39968,1
39969,1
39970,0.8536727480080925
39971,1
39972,1
39973,1
39974,1
39975,1
39976,1
39977,1
39978,0.6509548040861303
39979,1
39980,1
39981,1
39982,0.9363570239138845
39983,1
39984,0.46266047916799624
39985,1
39986,1
39987,0.3300486258972631
39988,1
39989,1
39990,0.9709361642796265
39991,0.5974385750125932
39992,0.9709361642796265
39993,1
39994,1
39995,1
39996,1
39997,0.8277785007827771
39998,0.960473993748949
39999,0.9398998226383832
40000,1
40001,0.9968430762781008
40002,1
40003,0.9413136040854719
40004,1
40005,1
40006,0.930371619012329
40007,1
40008,1
40009,1
40010,0.987064242150806
40011,1
40012,1
40013,1
40014,1
40015,1
40016,1
40017,0.8606913872729514
40018,1
40019,0.8030335718749154
40020,0.8758105888378835
40021,1
40022,0.9968430762781008
40023,1
40024,0.9676523251498593
40025,1
40026,1
40027,1
40028,0.9823205116321391
40029,0.9424713473879602
40030,1
40031,0.9851578980626085
40032,1
40033,0.9565116537184474
40034,0.7714256854427389
40035,1
40036,1
40037,0.9475888878684422
40038,0.9825559015549896
40039,0.9565116537184474
40040,1
40041,1
40042,1
40043,1
40044,0.952238581019351
40045,1
40046,0.9674785636071437
40047,0.6780457817008168
40048,0.9475888878684422
40049,1
40050,1
40051,1
40052,1
40053,1
40054,0.9900744607435069
40055,1
40056,1
40057,1
40058,1
40059,1
40060,0.3844760711065315
40061,1
40062,1
40063,0.9475888878684422
40064,1
40065,1
40066,0.960473993748949
40067,0.9851578980626085
40068,0.7468244840071132
40069,1
40070,0.9770147563321826
40071,1
40072,0.9131024994045092
40073,0.9055074715422085
40074,1
40075,1
40076,0.9165991464793745
40077,1
40078,0.9825559015549896
40079,0.8697906602567721
40080,1
40081,0.952238581019351
40082,0.9989614609837535
40083,1
40084,1
40085,1
40086,1
40087,0.9730118975243602
40088,0.745100505891559
40089,1
40090,1
40091,1
40092,1
40093,1
40094,1
40095,1
40096,0.8758105888378835
40097,1
40098,0.8143990782673693
40099,1
40100,1
40101,1
40102,1
40103,1
40104,1
40105,1
40106,1
40107,1
40108,0.9474976953452965
40109,1
40110,1
40111,1
40112,1
40113,1
40114,0.9770147563321826
40115,1
40116,1
40117,1
40118,0.9367537762839373
40119,1
40120,0.8758105888378835
40121,0.5268707041992922
40122,1
40123,0.9851578980626085
40124,1
40125,0.8178981768149963
40126,0.9164134822105101
40127,1
40128,1
40129,0.9793989778330905
40130,0.8527992858015914
40131,1
40132,1
40133,0.9900744607435069
40134,1
40135,1
40136,1
40137,0.954249361934666
40138,0.915043855920416
40139,0.9709361642796265
40140,0.8498562756884463
40141,0.8228237769034674
40142,1
40143,1
40144,1
40145,1
40146,1
40147,1
40148,0.8581311004700226
40149,1
40150,0.604790762957378
40151,1
40152,0.569129675684588
40153,0.8998274688877933
40154,1
40155,0.9131024994045092
40156,1
40157,0.960473993748949
40158,0.924648894940108
40159,0.9475888878684422
40160,0.6527968020869602
40161,1
40162,1
40163,0.9825559015549896
40164,0.9989614609837535
40165,0.9424713473879602
40166,0.9574082403957447
40167,0.9676523251498593
40168,0.8590704938673346
40169,1
40170,0.9302326597453842
40171,1
40172,1
40173,0.9131024994045092
40174,1
40175,0.9968430762781008
40176,1
40177,1
40178,1
40179,0.9900744607435069
40180,0.9676523251498593
40181,1
40182,0.7916426539516063
40183,0.6689780745021044
40184,1
40185,1
40186,1
40187,1
40188,0.8904639187511169
40189,1
40190,1
40191,0.9709361642796265
40192,1
40193,1
40194,0.9293307934000877
40195,0.9002571508472601
40196,0.9823205116321391
40197,1
40198,0.9900744607435069
40199,0.9709361642796265
40200,0.9709361642796265
40201,1
40202,1
40203,1
40204,1
40205,0.7396025728407133
40206,0.275401117416931
40207,0.9320839512147882
40208,1
40209,0.9968430762781008
40210,1
40211,1
40212,0.275401117416931
40213,0.544372451193094
40214,0.8651089792710435
40215,1
40216,0.8758105888378835
40217,0.9424713473879602
40218,1
40219,0.8322268604856979
40220,0.960473993748949
40221,1
40222,1
40223,0.9178939013644162
40224,0.9399938600061414
40225,1
40226,1
40227,1
40228,0.9300683207496482
40229,1
40230,1
40231,0.275401117416931
40232,1
40233,0.7406427352858365
40234,0.960473993748949
40235,0.5804640916207114
40236,0.9002571508472601
40237,1
40238,0.846843265309214
40239,1
40240,1
40241,1
40242,1
40243,1
40244,1
40245,0.9367537762839373
40246,0.9194097023343079
40247,1
40248,1
40249,1
40250,0.9142026740020549
40251,0.9866227026027855
40252,1
40253,1
40254,0.9318272263410183
40255,1
40256,0.5930419266778941
40257,1
40258,0.5224118607567367
40259,0.8659533169283362
40260,0.915043855920416
40261,0.45668427535044265
40262,1
40263,1
40264,1
40265,1
40266,0.9676523251498593
40267,1
40268,0.5930419266778941
40269,1
40270,1
40271,1
40272,0.6306737152582211
40273,0.8758105888378835
40274,1
40275,1
40276,0.8356691254607166
40277,1
40278,0.7501181762257504
40279,0.9170538670778072
40280,0.4151996730832789
40281,1
40282,0.9825559015549896
40283,0.9740504365406069
40284,0.8814208577659792
40285,0.952238581019351
40286,0.9900744607435069
40287,0.8834845790300859
40288,0.745100505891559
40289,0.8393214496621468
40290,0.9989614609837535
40291,0.7983772148940907
40292,1
40293,1
40294,0.9274478179980737
40295,0.8669864360293214
40296,0.960473993748949
40297,0.5402137518806734
40298,1
40299,1
40300,0.9675066118144694
40301,0.5531219613520983
40302,1
40303,1
40304,1
40305,1
40306,1
40307,0.9876612416190321
40308,1
40309,1
40310,0.964174901191159
40311,1
40312,0.8738843936850044
40313,1
40314,1
40315,1
40316,1
40317,0.918912925468874
40318,1
40319,0.9489193035597069
40320,0.9968430762781008
40321,0.4844438480770324
40322,1
40323,0.9989614609837535
40324,0.960473993748949
40325,1
40326,1
40327,1
40328,1
40329,1
40330,0.8819837913272066
40331,0.8181045856243098
40332,1
40333,0.8135557543021374
40334,1
40335,0.9946592700131068
40336,1
40337,1
40338,1
40339,1
40340,1
40341,1
40342,0.933596852562038
40343,0.9565116537184474
40344,1
40345,1
40346,1
40347,1
40348,0.9759762173159362
40349,1
40350,0.9709361642796265
40351,0.924648894940108
40352,0.9709361642796265
40353,1
40354,1
40355,1
40356,0.9989614609837535
40357,1
40358,1
40359,0.9367537762839373
40360,0.8388456402767459
40361,0.9479509206118093
40362,1
40363,1
40364,0.9989614609837535
40365,0.9946592700131068
40366,1
40367,1
40368,0.979845370195437
40369,1
40370,1
40371,0.960473993748949
40372,1
40373,0.7364148675955965
40374,0.9367537762839373
40375,1
40376,0.9475888878684422
40377,1
40378,1
40379,1
40380,0.8827478248327708
40381,1
40382,1
40383,1
40384,1
40385,0.587840582501521
40386,1
40387,0.964174901191159
40388,0.5224118607567367
40389,1
40390,1
40391,0.8500910468610834
40392,1
40393,0.9357152372676907
40394,0.979845370195437
40395,0.9002571508472601
40396,1
40397,0.9292533373515337
40398,0.9511709237315541
40399,1
40400,0.8758105888378835
40401,1
40402,1
40403,1
40404,1
40405,0.9676523251498593
40406,0.8758105888378835
40407,1
40408,1
40409,1
40410,1
40411,0.9876612416190321
40412,1
40413,1
40414,0.8643830217345058
40415,1
40416,1
40417,1
40418,0.9565116537184474
40419,0.9474976953452965
40420,0.4844438480770324
40421,1
40422,1
40423,1
40424,1
40425,1
40426,0.8640649230227178
40427,1
40428,0.8556559590333207
40429,0.952238581019351
40430,0.9475888878684422
40431,0.5704063215374928
40432,0.7092852523050746
40433,1
40434,1
40435,0.952238581019351
40436,1
40437,1
40438,1
40439,0.960473993748949
40440,0.8731117163496501
40441,0.8462882193491571
40442,0.14402390492519107
40443,1
40444,0.4844438480770324
40445,1
40446,0.9002571508472601
40447,0.9475888878684422
40448,0.7898335861809971
40449,1
40450,1
40451,0.13753355130540937
40452,0.7468244840071132
40453,1
40454,1
40455,1
40456,1
40457,0.8175516986336787
40458,1
40459,1
40460,0.9851578980626085
40461,0.9051175469059993
40462,1
40463,0.39558309155135485
40464,1
40465,1
40466,1
40467,1
40468,0.1478345244404042
40469,1
40470,1
40471,0.9318272263410183
40472,1
40473,1
40474,1
40475,1
40476,1
40477,1
40478,1
40479,0.9770147563321826
40480,0.9740504365406069
40481,1
40482,0.9302326597453842
40483,1
40484,0.9989614609837535
40485,0.5807799293174211
40486,0.9373964790819593
40487,1
40488,0.9709361642796265
40489,1
40490,0.2426719729727812
40491,0.9045547719996525
40492,1
40493,1
40494,0.8758105888378835
40495,1
40496,1
40497,0.9936207309968602
40498,0.676198762507917
40499,1
40500,0.9225666260562072
40501,1
40502,0.9475888878684422
40503,1
40504,1
40505,1
40506,1
40507,1
40508,1
40509,1
40510,0.48894181961269545
40511,0.9087502347377983
40512,1
40513,1
40514,1
40515,0.960473993748949
40516,1
40517,1
40518,0.9080628816173912
40519,1
40520,0.9824794328812061
40521,1
40522,0.9475888878684422
40523,1
40524,0.8641880343478165
40525,1
40526,0.9553135667688916
40527,0.903242456464596
40528,0.9677137996175981
40529,1
40530,1
40531,1
40532,1
40533,1
40534,0.915043855920416
40535,1
40536,0.9002571508472601
40537,1
40538,1
40539,0.964174901191159
40540,0.9374887500811317
40541,1
40542,0.8606913872729514
40543,1
40544,0.9270757360234848
40545,1
40546,1
40547,1
40548,1
40549,1
40550,1
40551,1
40552,0.3844760711065315
40553,1
40554,0.9002571508472601
40555,0.9352501294874744
40556,0.9676523251498593
40557,1
40558,1
40559,0.9701406745002382
40560,0.9851578980626085
40561,1
40562,0.7127402915374716
40563,0.9968430762781008
40564,1
40565,0.6893805309733219
40566,0.8443204389757211
40567,0.678311084755087
40568,1
40569,1
40570,0.979845370195437
40571,1
40572,1
40573,1
40574,1
40575,1
40576,1
40577,1
40578,0.7485145959712277
40579,0.8452042579392905
40580,0.9740504365406069
40581,1
40582,1
40583,1
40584,0.964174901191159
40585,0.964174901191159
40586,1
40587,0.8228237769034674
40588,0.9851578980626085
40589,1
40590,1
40591,1
40592,1
40593,0.979845370195437
40594,0.9770147563321826
40595,1
40596,1
40597,1
40598,0.9414866294351508
40599,0.8000846197350532
40600,0.9900744607435069
40601,1
40602,0.8079291789170285
40603,1
40604,0.987064242150806
40605,1
40606,0.7983772148940907
40607,1
40608,1
40609,0.8268710320206292
40610,0.8424575322254177
40611,1
40612,1
40613,0.8225413915840324
40614,1
40615,1
40616,1
40617,0.960473993748949
40618,1
40619,0.8094577834172815
40620,1
40621,1
40622,1
40623,0.9573170700270499
40624,0.9367537762839373
40625,0.964174901191159
40626,1
40627,1
40628,1
40629,1
40630,0.9825559015549896
40631,1
40632,1
40633,1
40634,1
40635,0.960473993748949
40636,1
40637,0.952238581019351
40638,0.9709361642796265
40639,1
40640,0.9424713473879602
40641,1
40642,1
40643,1
40644,0.39558309155135485
40645,0.9585974058986586
40646,0.9770147563321826
40647,1
40648,0.9860257031345594
40649,0.6423269271506766
40650,0.9851578980626085
40651,1
40652,0.7725314760211374
40653,1
40654,0.9087502347377983
40655,0.9475888878684422
40656,1
40657,1
40658,1
40659,1
40660,1
40661,0.9968430762781008
40662,0.8828971696224618
40663,0.9946592700131068
40664,1
40665,0.8972277700328865
40666,0.960473993748949
40667,1
40668,0.9946592700131068
40669,1
40670,1
40671,0.9924049721376991
40672,1
40673,1
40674,0.7419437181143232
40675,1
40676,1
40677,0.9825559015549896
40678,1
40679,1
40680,0.9958045372618541
40681,0.9424713473879602
40682,1
40683,1
40684,0.9770147563321826
40685,0.7501181762257504
40686,0.9055074715422085
40687,1
40688,0.8998274688877933
40689,1
40690,1
40691,0.9002571508472601
40692,1
40693,0.6122614285109327
40694,1
40695,1
40696,0.9475888878684422
40697,1
40698,0.9302326597453842
40699,0.41005309230928016
40700,1
40701,1
40702,1
40703,1
40704,0.9002571508472601
40705,1
40706,1
40707,1
40708,0.6292714449340746
40709,1
40710,1
40711,0.9740504365406069
40712,1
40713,0.38682546958185154
40714,0.9647999445133452
40715,0.9475888878684422
40716,1
40717,0.8342308445264279
40718,1
40719,1
40720,1
40721,0.9424713473879602
40722,1
40723,1
40724,0.9989614609837535
40725,1
40726,1
40727,0.9946592700131068
40728,1
40729,1
40730,1
40731,1
40732,1
40733,1
40734,0.4179345748581042
40735,1
40736,1
40737,1
40738,1
40739,1
40740,1
40741,1
40742,0.895658400959499
40743,0.821785664430796
40744,0.9820009743407091
40745,1
40746,0.952238581019351
40747,1
40748,0.13753355130540937
40749,0.9676523251498593
40750,1
40751,0.9131024994045092
40752,1
40753,0.9825559015549896
40754,0.8010514548277659
40755,1
40756,0.9424713473879602
40757,1
40758,1
40759,1
40760,1
40761,0.960473993748949
40762,1
40763,1
40764,0.9302326597453842
40765,1
40766,1
40767,1
40768,1
40769,1
40770,1
40771,0.6144591078728968
40772,1
40773,1
40774,1
40775,0.1478345244404042
40776,1
40777,1
40778,1
40779,0.7760677396851436
40780,0.8718648417547228
40781,1
40782,0.9709361642796265
40783,0.7699983128560622
40784,0.9825559015549896
40785,1
40786,1
40787,1
40788,0.9847337307566136
40789,0.8415659534629817
40790,0.9350610615637401
40791,0.934524430289556
40792,1
40793,1
40794,1
40795,1
40796,0.960473993748949
40797,0.9131024994045092
40798,1
40799,0.8650379734441676
40800,0.9722503423331362
40801,1
40802,1
40803,0.8424575322254177
40804,1
40805,1
40806,0.9339736936791678
40807,1
40808,0.8840386636841356
40809,1
40810,0.9226376318830833
40811,0.952238581019351
40812,1
40813,1
40814,1
40815,1
40816,1
40817,1
40818,0.9002571508472601
40819,0.275401117416931
40820,0.9076899405635637
40821,0.33506242378142176
40822,0.7688381534722157
40823,1
40824,0.9253401268006204
40825,1
40826,1
40827,1
40828,1
40829,1
40830,1
40831,1
40832,1
40833,0.9565116537184474
40834,1
40835,1
40836,0.549567528551373
40837,0.9740504365406069
40838,1
40839,1
40840,0.6780457817008168
40841,0.4522236588643086
40842,0.964174901191159
40843,1
40844,1
40845,0.8146278976194234
40846,0.5589140227777236
40847,0.9709361642796265
40848,1
40849,0.5934609006608387
40850,0.9788068311791907
40851,0.933596852562038
40852,0.8802580412105415
40853,1
40854,0.9924049721376991
40855,0.9989614609837535
40856,1
40857,1
40858,1
40859,1
40860,1
40861,1
40862,1
40863,0.9010995041225268
40864,1
40865,1
40866,1
40867,0.7017467755116875
40868,1
40869,0.9444319641465428
40870,0.9946592700131068
40871,1
40872,1
40873,0.960473993748949
40874,0.9958045372618541
40875,0.9946592700131068
40876,1
40877,1
40878,1
40879,0.9876612416190321
40880,0.9825559015549896
40881,0.9825559015549896
40882,0.7437996590077358
40883,0.960473993748949
40884,0.9126239317640477
40885,1
40886,0.9770147563321826
40887,0.9676523251498593
40888,1
40889,0.9231747452989774
40890,1
40891,1
40892,1
40893,1
40894,0.9825559015549896
40895,1
40896,0.9051410752309912
40897,1
40898,1
40899,1
40900,0.8362845825868327
40901,1
40902,1
40903,1
40904,0.9775628702003074
40905,1
40906,1
40907,0.9574082403957447
40908,1
40909,0.9740504365406069
40910,0.9465861144619542
40911,1
40912,0.8758105888378835
40913,1
40914,0.9924049721376991
40915,1
40916,1
40917,0.9411896575233417
40918,0.9740504365406069
40919,0.9475888878684422
40920,0.9968430762781008
40921,1
40922,1
40923,0.8379571838641998
40924,1
40925,1
40926,1
40927,1
40928,1
40929,0.954249361934666
40930,0.8679094759971194
40931,0.7979915110564277
40932,0.8498610253784903
40933,0.9475888878684422
40934,0.6116250724105741
40935,1
40936,0.8645745353358385
40937,1
40938,0.9946592700131068
40939,1
40940,0.8452042579392905
40941,1
40942,0.9475888878684422
40943,0.9489193035597069
40944,0.9989614609837535
40945,0.8758105888378835
40946,1
40947,1
40948,1
40949,1
40950,1
40951,0.6705642559815861
40952,1
40953,1
40954,0.9722503423331362
40955,0.6732955097180299
40956,1
40957,1
40958,0.8891993133045023
40959,0.8937647634003103
40960,1
40961,1
40962,1
40963,0.8702265197515254
40964,1
40965,1
40966,1
40967,1
40968,0.9869175370216076
40969,1
40970,1
40971,0.9968430762781008
40972,0.664034847216157
40973,1
40974,1
40975,1
40976,1
40977,0.851890969234617
40978,1
40979,0.9924049721376991
40980,0.9740504365406069
40981,1
40982,0.8758105888378835
40983,1
40984,0.9475888878684422
40985,0.943134356321233
40986,0.9740504365406069
40987,1
40988,1
40989,1
40990,1
40991,1
40992,1
40993,1
40994,1
40995,1
40996,1
40997,1
40998,0.952238581019351
40999,0.952238581019351
41000,0.882471240764735
41001,1
41002,0.7714575646973898
41003,0.846843265309214
41004,0.9474976953452965
41005,0.9131024994045092
41006,1
41007,1
41008,1
41009,0.5865955798156085
41010,0.9565116537184474
41011,1
41012,0.8782697446559555
41013,1
41014,1
41015,1
41016,1
41017,1
41018,0.7445752255830734
41019,0.5371916201241385
41020,1
41021,0.952238581019351
41022,1
41023,0.9676523251498593
41024,1
41025,1
41026,0.8204006953877088
41027,1
41028,0.952238581019351
41029,1
41030,1
41031,0.5180144220237547
41032,1
41033,0.9318272263410183
41034,1
41035,1
41036,0.600238763855129
41037,1
41038,1
41039,1
41040,1
41041,1
41042,0.9206865549096062
41043,0.9900744607435069
41044,1
41045,0.9946592700131068
41046,1
41047,1
41048,0.9475888878684422
41049,1
41050,0.9373964790819593
41051,1
41052,1
41053,1
41054,1
41055,1
41056,1
41057,1
41058,1
41059,0.8486357886942472
41060,1
41061,1
41062,1
41063,1
41064,0.42168737117735416
41065,1
41066,0.9968430762781008
41067,0.6870604339397945
41068,0.9424713473879602
41069,0.960473993748949
41070,0.9900744607435069
41071,0.9475888878684422
41072,0.9424713473879602
41073,0.9367537762839373
41074,1
41075,1
41076,0.8669864360293214
41077,0.9968430762781008
41078,1
41079,0.9424713473879602
41080,1
41081,0.9194097023343079
41082,1
41083,1
41084,1
41085,1
41086,1
41087,1
41088,0.9475888878684422
41089,1
41090,1
41091,0.9815173625387432
41092,0.9968430762781008
41093,0.9876612416190321
41094,1
41095,1
41096,1
41097,0.9565116537184474
41098,0.9189792825608316
41099,0.6919427120336027
41100,0.9825559015549896
41101,0.9475888878684422
41102,1
41103,1
41104,0.9968430762781008
41105,1
41106,0.8225413915840324
41107,1
41108,1
41109,1
41110,1
41111,0.9770147563321826
41112,1
41113,1
41114,1
41115,1
41116,1
41117,0.925060565545604
41118,1
41119,0.9687097065537137
41120,0.6602344950287643
41121,0.7964971437474898
41122,1
41123,1
41124,1
41125,1
41126,1
41127,1
41128,1
41129,1
41130,1
41131,1
41132,1
41133,1
41134,1
41135,0.9061343877553952
41136,0.9946592700131068
41137,0.9770147563321826
41138,0.9793989778330905
41139,1
41140,1
41141,0.9320508429710392
41142,1
41143,0.275401117416931
41144,0.9611341153785447
41145,1
41146,1
41147,0.9815173625387432
41148,1
41149,0.7843140393827951
41150,1
41151,1
41152,0.960473993748949
41153,1
41154,0.9031769601480161
41155,0.8133596502517693
41156,1
41157,0.9502082267048491
41158,0.9900744607435069
41159,0.7611838437325761
41160,0.915043855920416
41161,1
41162,0.9152412130183015
41163,1
41164,0.9968430762781008
41165,1
41166,1
41167,0.9740504365406069
41168,0.9676523251498593
41169,1
41170,0.8172030409913986
41171,0.9002571508472601
41172,1
41173,0.7177296194998171
41174,1
41175,1
41176,0.9841193590463618
41177,1
41178,1
41179,1
41180,1
41181,1
41182,1
41183,0.9968430762781008
41184,0.6791423434896281
41185,0.9740504365406069
41186,1
41187,0.8299730462466616
41188,1
41189,1
41190,0.9900744607435069
41191,1
41192,1
41193,0.8424575322254177
41194,1
41195,0.6673635768967143
41196,0.9019068021206628
41197,0.9457597021342472
41198,0.4207464235873262
41199,1
41200,1
41201,1
41202,1
41203,1
41204,1
41205,0.9851578980626085
41206,1
41207,1
41208,1
41209,0.6726556121463857
41210,1
41211,0.9876612416190321
41212,1
41213,0.8987889298715467
41214,0.855691064988938
41215,1
41216,0.9740504365406069
41217,0.9512000420031044
41218,1
41219,0.9553750412366303
41220,0.9770147563321826
41221,0.7952487548699064
41222,0.964174901191159
41223,0.8299730462466616
41224,0.9226376318830833
41225,1
41226,1
41227,0.9989614609837535
41228,0.7925681617827373
41229,1
41230,1
41231,0.9900744607435069
41232,1
41233,0.764033822312345
41234,1
41235,0.8731117163496501
41236,1
41237,1
41238,1
41239,1
41240,1
41241,0.8527114154796392
41242,0.8607311445962091
41243,0.7889130882423926
41244,1
41245,1
41246,0.9989614609837535
41247,0.7055004692238278
41248,1
41249,1
41250,0.9475888878684422
41251,1
41252,0.388728004466061
41253,0.9565116537184474
41254,1
41255,1
41256,0.7286098746394748
41257,0.9002571508472601
41258,1
41259,1
41260,1
41261,0.9740504365406069
41262,1
41263,1
41264,0.9002571508472601
41265,1
41266,0.8998274688877933
41267,0.862469293539203
41268,1
41269,0.9178939013644162
41270,1
41271,1
41272,0.9709361642796265
41273,0.9131024994045092
41274,0.9367537762839373
41275,0.9367537762839373
41276,0.952238581019351
41277,1
41278,1
41279,1
41280,1
41281,0.8556559590333207
41282,1
41283,0.9367537762839373
41284,1
41285,1
41286,0.9968430762781008
41287,1
41288,1
41289,0.9445213681466521
41290,1
41291,1
41292,0.7035743644139342
41293,0.932347165488682
41294,1
41295,0.9002571508472601
41296,0.8135557543021374
41297,1
41298,1
41299,0.964174901191159
41300,0.944667081482042
41301,1
41302,0.9002571508472601
41303,1
41304,0.9676523251498593
41305,1
41306,0.9367537762839373
41307,0.9989614609837535
41308,1
41309,0.9936207309968602
41310,1
41311,0.47688547071633325
41312,0.9740504365406069
41313,0.9825559015549896
41314,1
41315,1
41316,1
41317,0.9709361642796265
41318,1
41319,1
41320,1
41321,1
41322,0.38682546958185154
41323,0.9399938600061414
41324,0.952238581019351
41325,1
41326,1
41327,0.9924049721376991
41328,1
41329,0.9709361642796265
41330,1
41331,0.8256444848517069
41332,1
41333,0.5508138003244023
41334,0.9269294024272552
41335,1
41336,1
41337,0.7916426539516063
41338,1
41339,1
41340,1
41341,1
41342,0.9728191396816405
41343,1
41344,1
41345,0.952238581019351
41346,0.9946592700131068
41347,0.9414328083717136
41348,0.9740504365406069
41349,0.9225666260562072
41350,1
41351,0.9541166502973382
41352,0.8424575322254177
41353,0.9989614609837535
41354,0.9740504365406069
41355,1
41356,1
41357,1
41358,1
41359,0.7288433868493349
41360,1
41361,1
41362,0.9312641182668485
41363,1
41364,0.9424713473879602
41365,0.9946592700131068
41366,1
41367,0.9114469156225663
41368,0.9367537762839373
41369,1
41370,1
41371,0.9565116537184474
41372,0.952238581019351
41373,0.8859216390861498
41374,1
41375,1
41376,1
41377,0.7983772148940907
41378,0.9825559015549896
41379,0.8003845149831016
41380,1
41381,1
41382,1
41383,0.8376536299292195
41384,1
41385,1
41386,0.952238581019351
41387,1
41388,0.9411896575233417
41389,1
41390,1
41391,1
41392,1
41393,1
41394,1
41395,1
41396,1
41397,0.9565116537184474
41398,1
41399,1
41400,1
41401,0.915043855920416
41402,1
41403,1
41404,0.9444109629638905
41405,1
41406,1
41407,0.9002571508472601
41408,0.9825559015549896
41409,1
41410,0.9169856474673964
41411,1
41412,0.9131024994045092
41413,1
41414,0.952238581019351
41415,1
41416,0.9096703497400876
41417,0.9468695762222473
41418,0.9565116537184474
41419,1
41420,0.9296792662092604
41421,0.9367537762839373
41422,0.9469345872711269
41423,1
41424,0.9770147563321826
41425,1
41426,0.9946592700131068
41427,0.8668863652909297
41428,1
41429,1
41430,0.9367537762839373
41431,1
41432,1
41433,1
41434,1
41435,0.8280599125767254
41436,1
41437,0.8778215476138262
41438,1
41439,1
41440,1
41441,1
41442,0.9131024994045092
41443,1
41444,0.916521783928567
41445,0.9553750412366303
41446,0.7372582185655
41447,1
41448,0.7435923099971533
41449,0.8758105888378835
41450,1
41451,1
41452,1
41453,1
41454,1
41455,1
41456,1
41457,0.7776573161857367
41458,1
41459,0.8758105888378835
41460,1
41461,0.8668863652909297
41462,0.9735402396243932
41463,0.941910603553698
41464,0.9302326597453842
41465,1
41466,1
41467,0.9770147563321826
41468,0.468958809120965
41469,0.9825559015549896
41470,1
41471,1
41472,1
41473,1
41474,1
41475,1
41476,1
41477,0.964174901191159
41478,0.9924049721376991
41479,1
41480,1
41481,1
41482,0.9302326597453842
41483,0.9215149219764929
41484,1
41485,1
41486,1
41487,1
41488,1
41489,0.9131024994045092
41490,0.8181045856243098
41491,1
41492,0.9900744607435069
41493,0.9424713473879602
41494,0.944667081482042
41495,1
41496,0.9455475754457076
41497,0.9367537762839373
41498,0.9825559015549896
41499,1
41500,1
41501,1
41502,1
41503,0.8354872873875746
41504,1
41505,1
41506,0.09592527617045765
41507,1
41508,1
41509,1
41510,1
41511,0.9367537762839373
41512,1
41513,1
41514,1
41515,0.8735764931534583
41516,1
41517,1
41518,0.5865955798156085
41519,0.9131024994045092
41520,0.9968430762781008
41521,1
41522,1
41523,1
41524,0.960473993748949
41525,1
41526,1
41527,1
41528,0.9475888878684422
41529,1
41530,0.9373964790819593
41531,1
41532,1
41533,1
41534,0.743720064835003
41535,1
41536,0.8727040071333443
41537,0.9740504365406069
41538,1
41539,1
41540,0.887152935945116
41541,0.9565116537184474
41542,1
41543,0.9002571508472601
41544,1
41545,0.9709361642796265
41546,1
41547,1
41548,1
41549,0.9511709237315541
41550,1
41551,0.979845370195437
41552,0.7569633077681465
41553,1
41554,1
41555,1
41556,1
41557,0.9989614609837535
41558,1
41559,1
41560,0.9946592700131068
41561,1
41562,0.9968430762781008
41563,0.895658400959499
41564,0.952238581019351
41565,1
41566,1
41567,1
41568,1
41569,1
41570,1
41571,1
41572,1
41573,1
41574,1
41575,1
41576,0.952238581019351
41577,0.8879538182870418
41578,1
41579,0.9002571508472601
41580,1
41581,0.8663516566305742
41582,1
41583,0.6334149813980159
41584,1
41585,0.6780457817008168
41586,1
41587,0.6937301942993778
41588,0.8944867389009
41589,0.979845370195437
41590,1
41591,1
41592,1
41593,1
41594,0.33506242378142176
41595,0.7693133791737172
41596,0.9169856474673964
41597,0.8727040071333443
41598,0.8133596502517693
41599,1
41600,0.7684727118228428
41601,1
41602,1
41603,0.8135557543021374
41604,1
41605,0.8573436143523997
41606,1
41607,1
41608,0.9770147563321826
41609,1
41610,0.9565116537184474
41611,1
41612,1
41613,1
41614,1
41615,1
41616,0.6356436931669066
41617,1
41618,0.5264303527472347
41619,1
41620,0.919309677838927
41621,0.9709361642796265
41622,0.6130582736199011
41623,1
41624,1
41625,0.8830406198051564
41626,1
41627,0.964174901191159
41628,1
41629,1
41630,0.9825559015549896
41631,0.8376536299292195
41632,1
41633,0.5422698904933984
41634,0.9699198309389441
41635,0.964174901191159
41636,1
41637,1
41638,1
41639,1
41640,1
41641,0.9565116537184474
41642,1
41643,1
41644,1
41645,0.8399854900290427
41646,0.9367537762839373
41647,1
41648,1
41649,1
41650,0.6328612356122745
41651,1
41652,1
41653,0.9740504365406069
41654,1
41655,0.9565116537184474
41656,0.9946592700131068
41657,0.9002571508472601
41658,0.9770147563321826
41659,1
41660,0.6113372698895977
41661,0.863956698815463
41662,0.9565116537184474
41663,1
41664,0.9131024994045092
41665,1
41666,0.8461438728252632
41667,1
41668,1
41669,0.5268707041992922
41670,1
41671,0.9738578326102835
41672,1
41673,1
41674,1
41675,1
41676,0.9374887500811317
41677,1
41678,1
41679,1
41680,1
41681,1
41682,1
41683,1
41684,0.9770147563321826
41685,1
41686,0.9131024994045092
41687,1
41688,0.9876612416190321
41689,1
41690,0.9329351546629212
41691,1
41692,0.9002571508472601
41693,1
41694,1
41695,1
41696,0.8799600974690921
41697,1
41698,0.9946592700131068
41699,1
41700,0.9573170700270499
41701,1
41702,1
41703,1
41704,0.8777214768754346
41705,0.9825559015549896
41706,1
41707,0.8998274688877933
41708,0.8400575501760777
41709,1
41710,0.9851578980626085
41711,0.5865955798156085
41712,1
41713,0.5809649968524019
41714,1
41715,0.9730118975243602
41716,0.7983772148940907
41717,0.9825559015549896
41718,0.9968430762781008
41719,1
41720,0.915043855920416
41721,1
41722,1
41723,0.9709361642796265
41724,0.9770147563321826
41725,1
41726,0.9244150179029693
41727,1
41728,0.9102278676752396
41729,1
41730,1
41731,0.9900744607435069
41732,1
41733,1
41734,0.9825559015549896
41735,1
41736,1
41737,0.7055004692238278
41738,1
41739,1
41740,1
41741,0.9367537762839373
41742,0.8433351591498933
41743,0.9876612416190321
41744,1
41745,1
41746,0.9825559015549896
41747,0.9676523251498593
41748,1
41749,0.3198088959383692
41750,1
41751,0.9475888878684422
41752,0.9851578980626085
41753,1
41754,1
41755,0.8623622535571704
41756,1
41757,1
41758,1
41759,1
41760,0.952238581019351
41761,1
41762,1
41763,1
41764,0.9298249795446504
41765,1
41766,1
41767,0.9010995041225268
41768,1
41769,1
41770,1
41771,0.9989614609837535
41772,1
41773,1
41774,0.9596625382711524
41775,0.9676523251498593
41776,1
41777,1
41778,1
41779,0.41958931740157485
41780,1
41781,0.964174901191159
41782,1
41783,0.8304898105926442
41784,0.9291587484216365
41785,1
41786,1
41787,0.9002571508472601
41788,0.979845370195437
41789,1
41790,1
41791,1
41792,1
41793,0.9728191396816405
41794,1
41795,1
41796,0.9141169917336475
41797,0.952238581019351
41798,0.9924049721376991
41799,1
41800,1
41801,1
41802,1
41803,0.9002571508472601
41804,0.887152935945116
41805,0.9968430762781008
41806,0.9876612416190321
41807,0.960473993748949
41808,1
41809,0.9215149219764929
41810,0.9293888844095677
41811,1
41812,1
41813,1
41814,1
41815,0.98286877941266
41816,1
41817,1
41818,1
41819,1
41820,1
41821,1
41822,0.9090851335215729
41823,1
41824,1
41825,1
41826,1
41827,1
41828,1
41829,1
41830,0.8685219879492048
41831,0.9900744607435069
41832,1
41833,1
41834,1
41835,0.8981373423608981
41836,1
41837,1
41838,1
41839,0.9424713473879602
41840,1
41841,0.5050900838509729
41842,0.9825559015549896
41843,1
41844,1
41845,1
41846,1
41847,1
41848,1
41849,1
41850,1
41851,0.8168131163551896
41852,1
41853,1
41854,0.8555738467924694
41855,0.5761018212099006
41856,0.9225666260562072
41857,0.8000846197350532
41858,1
41859,0.36211362823990395
41860,0.964174901191159
41861,0.8246750649671906
41862,1
41863,0.9740504365406069
41864,1
41865,1
41866,1
41867,1
41868,1
41869,0.8467467531175099
41870,0.9131024994045092
41871,0.9002571508472601
41872,1
41873,0.9170538670778072
41874,0.9770147563321826
41875,1
41876,0.8669864360293214
41877,1
41878,1
41879,1
41880,0.9815173625387432
41881,1
41882,0.9851578980626085
41883,1
41884,1
41885,1
41886,1
41887,1
41888,1
41889,1
41890,0.4815351638672422
41891,1
41892,0.5829263779250433
41893,1
41894,0.9851578980626085
41895,1
41896,0.8651089792710435
41897,0.9968430762781008
41898,1
41899,1
41900,0.9225666260562072
41901,1
41902,1
41903,0.8758105888378835
41904,0.9504808575244802
41905,0.9851578980626085
41906,1
41907,0.9823205116321391
41908,1
41909,1
41910,0.964174901191159
41911,0.9860257031345594
41912,0.9504808575244802
41913,1
41914,0.6509548040861303
41915,1
41916,0.7744652283991531
41917,1
41918,0.9633411364173258
41919,1
41920,1
41921,1
41922,0.9924049721376991
41923,1
41924,0.8779928532097991
41925,0.8606913872729514
41926,1
41927,0.7858065065378534
41928,0.6046768679955304
41929,1
41930,0.9367537762839373
41931,0.8658850495813903
41932,1
41933,1
41934,1
41935,1
41936,1
41937,1
41938,1
41939,0.7845608235756818
41940,0.9302326597453842
41941,1
41942,1
41943,0.9225666260562072
41944,1
41945,1
41946,0.5107198662522675
41947,0.8264172591702867
41948,0.7269925381007677
41949,1
41950,0.9771387028943128
41951,1
41952,1
41953,1
41954,0.7988888331118752
41955,0.8613574204845621
41956,0.8987889298715467
41957,0.9225666260562072
41958,0.7236566275535856
41959,0.5469572765779276
41960,1
41961,0.7364148675955965
41962,1
41963,1
41964,1
41965,1
41966,1
41967,0.6801724496321412
41968,1
41969,0.9851578980626085
41970,0.9327467859310505
41971,1
41972,1
41973,0.698674630505626
41974,0.9676523251498593
41975,0.8536727480080925
41976,0.8679094759971194
41977,0.45668427535044265
41978,1
41979,0.7435923099971533
41980,0.813125537818656
41981,1
41982,0.8903316115907669
41983,1
41984,0.8000846197350532
41985,1
41986,1
41987,1
41988,1
41989,1
41990,1
41991,0.9968430762781008
41992,1
41993,0.7008064475582944
41994,1
41995,0.952238581019351
41996,1
41997,1
41998,0.9002571508472601
41999,0.952238581019351
42000,1
42001,1
42002,1
42003,0.9475888878684422
42004,0.9841193590463618
42005,0.9946592700131068
42006,1
42007,1
42008,0.952238581019351
42009,1
42010,0.8370109271311973
42011,1
42012,1
42013,1
42014,0.9915023462912075
42015,0.8091820118692014
42016,1
42017,1
42018,1
42019,1
42020,1
42021,1
42022,0.7372582185655
42023,0.805850461863159
42024,0.9300683207496482
42025,1
42026,0.9326478424392656
42027,1
42028,0.8982603974671176
42029,1
42030,1
42031,0.9628936004251474
42032,1
42033,1
42034,1
42035,0.8567688045657073
42036,0.9433934251302962
42037,1
42038,1
42039,1
42040,1
42041,0.8593914081670205
42042,0.8225413915840324
42043,1
42044,1
42045,1
42046,1
42047,1
42048,1
42049,1
42050,1
42051,0.9367537762839373
42052,0.3876021803368593
42053,0.8758105888378835
42054,1
42055,1
42056,0.6893805309733219
42057,1
42058,1
42059,1
42060,1
42061,0.40962868676094516
42062,0.9096703497400876
42063,0.9740504365406069
42064,0.9051410752309912
42065,0.9876612416190321
42066,1
42067,1
42068,1
42069,1
42070,1
42071,0.979845370195437
42072,1
42073,0.9740504365406069
42074,1
42075,1
42076,1
42077,0.7879787123069435
42078,0.9825559015549896
42079,1
42080,1
42081,0.9676523251498593
42082,1
42083,1
42084,1
42085,0.9675066118144694
42086,1
42087,1
42088,0.7445662040957577
42089,0.9367537762839373
42090,0.9206610947128439
42091,1
42092,0.9709361642796265
42093,1
42094,0.855691064988938
42095,0.5508138003244023
42096,0.9305620902590541
42097,1
42098,0.8758105888378835
42099,1
42100,0.8399854900290427
42101,1
42102,1
42103,1
42104,0.8567688045657073
42105,1
42106,1
42107,1
42108,1
42109,1
42110,0.8758105888378835
42111,0.9225666260562072
42112,0.8399854900290427
42113,0.6450389692015339
42114,0.9481352353679813
42115,1
42116,1
42117,1
42118,1
42119,0.9302326597453842
42120,0.8600553761373392
42121,1
42122,0.7718722769469977
42123,0.8424575322254177
42124,0.9946592700131068
42125,0.9924049721376991
42126,0.8004594837779917
42127,1
42128,0.8828130524022498
42129,0.9900744607435069
42130,0.8682754427780485
42131,1
42132,0.6272029728910952
42133,0.9900744607435069
42134,1
42135,1
42136,1
42137,1
42138,0.7008064475582944
42139,0.9101236725378196
42140,0.9002571508472601
42141,1
42142,1
42143,1
42144,1
42145,0.7815895991035492
42146,1
42147,1
42148,0.9373964790819593
42149,1
42150,1
42151,1
42152,0.952238581019351
42153,0.9231747452989774
42154,0.9475888878684422
42155,1
42156,1
42157,1
42158,1
42159,1
42160,1
42161,1
42162,0.964174901191159
42163,1
42164,1
42165,1
42166,1
42167,0.8524957318666111
42168,1
42169,0.9770147563321826
42170,1
42171,0.5865955798156085
42172,1
42173,0.9709361642796265
42174,1
42175,1
42176,0.9924049721376991
42177,0.9475888878684422
42178,1
42179,0.9900744607435069
42180,1
42181,0.8506929449550158
42182,0.9946592700131068
42183,1
42184,0.9290150578840396
42185,0.979845370195437
42186,1
42187,1
42188,1
42189,1
42190,0.8130233710777306
42191,0.516784009355238
42192,1
42193,0.9851578980626085
42194,1
42195,0.7468244840071132
42196,1
42197,1
42198,1
42199,1
42200,0.9002571508472601
42201,0.9825559015549896
42202,1
42203,1
42204,0.7850234087760245
42205,0.9924049721376991
42206,1
42207,1
42208,1
42209,1
42210,0.7530824960173264
42211,0.4844438480770324
42212,1
42213,1
42214,0.8488290975366702
42215,0.8524957318666111
42216,0.8969056625013931
42217,1
42218,0.6294960817846854
42219,1
42220,0.8498610253784903
42221,0.8998274688877933
42222,1
42223,0.8244211297155667
42224,1
42225,0.9851578980626085
42226,0.9178939013644162
42227,0.9851578980626085
42228,1
42229,0.9900744607435069
42230,0.7983772148940907
42231,1
42232,1
42233,1
42234,0.8758105888378835
42235,1
42236,0.3557190788526975
42237,0.8947280611733442
42238,1
42239,0.9676523251498593
42240,1
42241,0.890932652982159
42242,0.9892480484157999
42243,1
42244,1
42245,1
42246,0.9876612416190321
42247,1
42248,1
42249,0.4833532768953458
42250,1
42251,0.9740504365406069
42252,1
42253,0.8778215476138262
42254,1
42255,1
42256,0.9302326597453842
42257,0.9825559015549896
42258,0.9475888878684422
42259,0.9740504365406069
42260,0.6467952096482485
42261,1
42262,1
42263,0.933596852562038
42264,0.5082533141011414
42265,0.8349239788308557
42266,0.9002571508472601
42267,1
42268,0.960473993748949
42269,0.960473993748949
42270,1
42271,0.9924049721376991
42272,1
42273,1
42274,0.979845370195437
42275,1
42276,1
42277,0.9565116537184474
42278,0.9260018246997371
42279,0.9116740357520535
42280,0.9946592700131068
42281,1
42282,0.8770347927582994
42283,1
42284,0.9302326597453842
42285,1
42286,0.9475888878684422
42287,0.9851578980626085
42288,1
42289,1
42290,0.9989614609837535
42291,1
42292,0.9270757360234848
42293,0.4742471067546672
42294,0.960473993748949
42295,0.9775628702003074
42296,1
42297,1
42298,1
42299,1
42300,0.7652951242914275
42301,1
42302,1
42303,0.9633411364173258
42304,1
42305,0.9946592700131068
42306,1
42307,1
42308,0.8536727480080925
42309,1
42310,1
42311,0.45668427535044265
42312,0.6780457817008168
42313,0.9740504365406069
42314,0.944667081482042
42315,1
42316,0.21434819338525982
42317,1
42318,1
42319,0.7491664399255956
42320,0.9740504365406069
42321,1
42322,1
42323,1
42324,0.9823205116321391
42325,0.9475888878684422
42326,0.8338615873407552
42327,1
42328,1
42329,0.9002571508472601
42330,1
42331,0.924648894940108
42332,1
42333,0.6113720114779826
42334,0.2426719729727812
42335,0.39558309155135485
42336,0.952238581019351
42337,1
42338,1
42339,0.9302326597453842
42340,1
42341,0.9770147563321826
42342,1
42343,1
42344,1
42345,1
42346,1
42347,1
42348,1
42349,0.9029453411369094
42350,1
42351,1
42352,1
42353,1
42354,0.9565116537184474
42355,1
42356,0.8524288508996581
42357,0.8790668180467952
42358,1
42359,1
42360,0.960473993748949
42361,1
42362,0.6780457817008168
42363,0.9900744607435069
42364,0.9924049721376991
42365,1
42366,1
42367,1
42368,0.9357152372676907
42369,0.9701406745002382
42370,0.9670892170756897
42371,0.9302326597453842
42372,1
42373,0.8989264306787285
42374,0.979845370195437
42375,0.9225666260562072
42376,0.7869496477907131
42377,1
42378,0.9225666260562072
42379,1
42380,0.9225666260562072
42381,1
42382,1
42383,1
42384,0.8963767497905909
42385,1
42386,0.275401117416931
42387,1
42388,0.9989614609837535
42389,1
42390,0.9676523251498593
42391,1
42392,0.50502948839385
42393,0.9900744607435069
42394,1
42395,1
42396,1
42397,0.9131024994045092
42398,0.8665842972980262
42399,1
42400,1
42401,0.9592083346032153
42402,0.9709361642796265
42403,1
42404,1
42405,0.960473993748949
42406,1
42407,1
42408,1
42409,1
42410,1
42411,0.5794305538850907
42412,0.9131024994045092
42413,1
42414,1
42415,0.8225413915840324
42416,0.4208112653910524
42417,0.6354238393110564
42418,0.9851578980626085
42419,0.878660688398442
42420,0.964174901191159
42421,0.7016743265233142
42422,0.8977971145732914
42423,1
42424,0.6458177994912093
42425,0.9059234957290863
42426,1
42427,1
42428,0.9924049721376991
42429,0.7800889354338305
42430,0.9475888878684422
42431,0.5908408799796944
42432,0.952238581019351
42433,1
42434,1
42435,1
42436,0.7705205172451948
42437,1
42438,0.9687097065537137
42439,0.9637614054970985
42440,0.9367537762839373
42441,0.9900744607435069
42442,1
42443,1
42444,1
42445,0.9367537762839373
42446,1
42447,0.8582900217190895
42448,1
42449,0.9777357023625389
42450,1
42451,0.7776573161857367
42452,1
42453,1
42454,0.9876612416190321
42455,0.9709361642796265
42456,1
42457,1
42458,1
42459,1
42460,1
42461,1
42462,1
42463,1
42464,0.9913664331214527
42465,0.9519756300248716
42466,1
42467,1
42468,0.952238581019351
42469,0.9120639603882625
42470,1
42471,1
42472,1
42473,0.8001697027244689
42474,0.9770147563321826
42475,0.9367537762839373
42476,1
42477,1
42478,1
42479,1
42480,1
42481,0.7540303307474556
42482,1
42483,1
42484,0.6521264315759671
42485,1
42486,0.7858065065378534
42487,1
42488,1
42489,1
42490,1
42491,1
42492,0.9946592700131068
42493,1
42494,1
42495,1
42496,0.9573170700270499
42497,1
42498,1
42499,0.9102278676752396
42500,1
42501,1
42502,1
42503,1
42504,1
42505,1
42506,0.9414328083717136
42507,1
42508,1
42509,1
42510,1
42511,0.30156658814891063
42512,1
42513,0.8395171669045822
42514,1
42515,0.937663348611949
42516,1
42517,1
42518,1
42519,1
42520,0.21434819338525982
42521,0.8701555139246495
42522,0.8955879474882031
42523,1
42524,0.8976046111500161
42525,1
42526,1
42527,0.964174901191159
42528,1
42529,1
42530,1
42531,0.9946592700131068
42532,0.964174901191159
42533,0.8606913872729514
42534,0.8824753509013652
42535,1
42536,0.831347583206347
42537,0.7202579080979125
42538,1
42539,1
42540,1
42541,1
42542,1
42543,1
42544,1
42545,0.9512000420031044
42546,1
42547,1
42548,1
42549,0.9946592700131068
42550,1
42551,1
42552,1
42553,1
42554,1
42555,1
42556,1
42557,0.9087502347377983
42558,1
42559,0.9876612416190321
42560,0.9600572972875585
42561,0.9851578980626085
42562,1
42563,0.8651089792710435
42564,1
42565,1
42566,0.979845370195437
42567,1
42568,1
42569,0.9637614054970985
42570,1
42571,1
42572,1
42573,0.4789148146049378
42574,0.9565116537184474
42575,1
42576,1
42577,0.960473993748949
42578,1
42579,0.5204423435250048
42580,0.9565116537184474
42581,1
42582,0.8333991296779064
42583,0.9900744607435069
42584,0.7876577980072575
42585,0.7468244840071132
42586,1
42587,0.8853528417376456
42588,1
42589,1
42590,0.979845370195437
42591,0.6414088201090038
42592,1
42593,0.8234883536712077
42594,1
42595,1
42596,1
42597,1
42598,1
42599,1
42600,0.9876612416190321
42601,0.9624012717504269
42602,1
42603,0.7815895991035492
42604,0.8606913872729514
42605,1
42606,1
42607,0.9424713473879602
42608,1
42609,1
42610,1
42611,0.9845043178971328
42612,1
42613,0.9770147563321826
42614,1
42615,0.9644804072219152
42616,0.7815895991035492
42617,1
42618,0.9117637890596012
42619,0.8758105888378835
42620,0.5894620716529451
42621,1
42622,0.7725314760211374
42623,1
42624,0.9249632856834905
42625,0.556156675118974
42626,0.952238581019351
42627,1
42628,0.8758105888378835
42629,0.8567688045657073
42630,0.8782697446559555
42631,0.8758105888378835
42632,1
42633,0.9968430762781008
42634,1
42635,0.47872330117518136
42636,1
42637,0.9131024994045092
42638,0.9800662137567313
42639,1
42640,1
42641,1
42642,0.9900744607435069
42643,0.9577267858933664
42644,0.9352501294874744
42645,1
42646,1
42647,1
42648,1
42649,0.9676523251498593
42650,0.952238581019351
42651,1
42652,1
42653,1
42654,1
42655,0.14423358529163122
42656,0.9225666260562072
42657,1
42658,0.9824794328812061
42659,1
42660,1
42661,0.275401117416931
42662,1
42663,1
42664,0.8758105888378835
42665,1
42666,0.9474976953452965
42667,1
42668,1
42669,1
42670,1
42671,1
42672,1
42673,1
42674,1
42675,0.32040841576795936
42676,1
42677,0.8256444848517069
42678,1
42679,1
42680,0.8501612879515238
42681,1
42682,1
42683,0.9367537762839373
42684,1
42685,1
42686,1
42687,0.7614348743621632
42688,1
42689,1
42690,1
42691,0.9676523251498593
42692,0.45668427535044265
42693,1
42694,1
42695,0.7541013365743318
42696,0.1478345244404042
42697,1
42698,1
42699,1
42700,0.9538958067360441
42701,1
42702,1
42703,1
42704,1
42705,0.9740504365406069
42706,1
42707,1
42708,1
42709,0.8524957318666111
42710,0.8555738467924694
42711,0.6520649513707651
42712,0.8723555643057914
42713,0.822258507999676
42714,1
42715,0.9565116537184474
42716,0.9237463874920943
42717,1
42718,0.5010021958424691
42719,0.9770147563321826
42720,1
42721,1
42722,1
42723,0.5252451086017895
42724,1
42725,1
42726,1
42727,0.9900744607435069
42728,1
42729,1
42730,1
42731,0.887601960492403
42732,0.788821606235062
42733,1
42734,0.7815895991035492
42735,1
42736,0.4280991171708136
42737,0.9876612416190321
42738,1
42739,1
42740,0.863956698815463
42741,0.75450940332041
42742,1
42743,1
42744,0.9841193590463618
42745,0.6136306814688068
42746,0.9424713473879602
42747,1
42748,1
42749,1
42750,1
42751,0.9924049721376991
42752,0.952238581019351
42753,0.6893142469650494
42754,1
42755,1
42756,0.8570608967728282
42757,1
42758,1
42759,0.9475888878684422
42760,0.9676523251498593
42761,0.9709361642796265
42762,0.9510651928727897
42763,0.9793989778330905
42764,0.8981373423608981
42765,0.987064242150806
42766,1
42767,0.9302326597453842
42768,0.8673129351290911
42769,0.6817584553505182
42770,0.6816942019757117
42771,0.9968430762781008
42772,0.9989614609837535
42773,0.964174901191159
42774,0.8989264306787285
42775,0.9876612416190321
42776,0.8758105888378835
42777,0.8758105888378835
42778,1
42779,0.882471240764735
42780,0.45668427535044265
42781,0.8456987198942659
42782,0.930371619012329
42783,0.6986343657413508
42784,0.7974499132469324
42785,1
42786,1
42787,1
42788,1
42789,1
42790,1
42791,1
42792,0.8489851874690334
42793,1
42794,1
42795,1
42796,1
42797,1
42798,1
42799,0.936994194785196
42800,1
42801,0.9676523251498593
42802,1
42803,1
42804,1
42805,0.6144591078728968
42806,0.8058707511923401
42807,0.9424713473879602
42808,0.9946592700131068
42809,0.960473993748949
42810,1
42811,1
42812,0.5894620716529451
42813,1
42814,1
42815,1
42816,0.9367537762839373
42817,1
42818,0.8758105888378835
42819,0.780311511273469
42820,0.9968430762781008
42821,0.7776573161857367
42822,0.964174901191159
42823,0.9770147563321826
42824,0.8758105888378835
42825,0.850074811180474
42826,0.8758105888378835
42827,1
42828,1
42829,1
42830,0.9475888878684422
42831,1
42832,0.9989614609837535
42833,1
42834,1
42835,0.910804212824544
42836,1
42837,0.774070986305001
42838,0.9713477164866448
42839,1
42840,0.9225666260562072
42841,0.9900744607435069
42842,0.9534920658346163
42843,0.9968430762781008
42844,0.8644320520384191
42845,1
42846,1
42847,1
42848,1
42849,0.794660141965549
42850,0.6695188649011701
42851,1
42852,0.7909638043415932
42853,1
42854,0.9968430762781008
42855,1
42856,0.28804162768873437
42857,0.9968430762781008
42858,1
42859,1
42860,1
42861,1
42862,0.5349366109135466
42863,1
42864,1
42865,1
42866,1
42867,1
42868,0.9131024994045092
42869,1
42870,0.6188228369963772
42871,1
42872,1
42873,1
42874,1
42875,1
42876,1
42877,0.9740504365406069
42878,1
42879,1
42880,1
42881,1
42882,0.9302326597453842
42883,0.952238581019351
42884,1
42885,0.6962644695191798
42886,1
42887,0.979845370195437
42888,1
42889,1
42890,1
42891,1
42892,0.9709361642796265
42893,1
42894,1
42895,0.9825559015549896
42896,0.952238581019351
42897,0.736117269559068
42898,1
42899,0.9900744607435069
42900,0.9770147563321826
42901,1
42902,0.8908270704488368
42903,1
42904,1
42905,1
42906,1
42907,0.9770147563321826
42908,0.7003507387814191
42909,0.9783604388168439
42910,0.9851578980626085
42911,1
42912,0.4115698666392986
42913,0.9002571508472601
42914,0.924648894940108
42915,1
42916,1
42917,0.9851578980626085
42918,0.960473993748949
42919,0.5616812510338451
42920,1
42921,1
42922,1
42923,1
42924,0.9002571508472601
42925,1
42926,0.9029453411369094
42927,0.9225666260562072
42928,1
42929,0.952238581019351
42930,0.9740504365406069
42931,1
42932,1
42933,1
42934,0.7129349554230175
42935,1
42936,1
42937,1
42938,0.9225666260562072
42939,0.7983772148940907
42940,1
42941,1
42942,0.8867415272473663
42943,1
42944,1
42945,0.8758105888378835
42946,0.9675066118144694
42947,0.648479442034411
42948,1
42949,1
42950,1
42951,1
42952,0.9968430762781008
42953,0.5832555245489736
42954,0.8060432485832676
42955,0.9120639603882625
42956,0.979845370195437
42957,1
42958,1
42959,1
42960,0.9553750412366303
42961,1
42962,1
42963,0.9126239317640477
42964,1
42965,1
42966,0.9302326597453842
42967,0.7288433868493349
42968,1
42969,1
42970,0.5893012619124263
42971,1
42972,0.9924049721376991
42973,1
42974,1
42975,1
42976,1
42977,1
42978,1
42979,1
42980,1
42981,0.9164134822105101
42982,1
42983,1
42984,1
42985,0.275401117416931
42986,1
42987,1
42988,1
42989,0.9241639788683065
42990,0.934718013900557
42991,0.5902515151727655
42992,0.6655637511829904
42993,1
42994,1
42995,0.5865955798156085
42996,1
42997,1
42998,1
42999,1
43000,0.40320419586368345
43001,0.730935528439882
43002,0.7754528856896543
43003,0.9890359217272603
43004,1
43005,0.9900744607435069
43006,1
43007,1
43008,1
43009,1
43010,1
43011,1
43012,1
43013,1
43014,1
43015,1
43016,1
43017,0.8651089792710435
43018,0.5404867619377121
43019,0.8144067688238105
43020,1
43021,1
43022,0.9126239317640477
43023,0.9900744607435069
43024,0.2426719729727812
43025,1
43026,0.854546675848951
43027,0.9131024994045092
43028,1
43029,1
43030,0.979845370195437
43031,1
43032,1
43033,1
43034,1
43035,0.9770147563321826
43036,0.9565116537184474
43037,0.925886579350798
43038,0.8823856680954948
43039,0.9120336373277153
43040,1
43041,0.3110726597395941
43042,0.941910603553698
43043,1
43044,0.7541013365743318
43045,1
43046,0.45668427535044265
43047,1
43048,1
43049,1
43050,1
43051,1
43052,1
43053,1
43054,1
43055,1
43056,0.9417027616904663
43057,0.8304898105926442
43058,1
43059,0.5986824975062108
43060,1
43061,0.952238581019351
43062,1
43063,0.9102278676752396
43064,1
43065,1
43066,1
43067,1
43068,1
43069,1
43070,1
43071,0.9946592700131068
43072,0.8691505796885399
43073,1
43074,1
43075,1
43076,0.2089373756447632
43077,1
43078,0.979845370195437
43079,1
43080,0.964174901191159
43081,1
43082,1
43083,1
43084,1
43085,1
43086,0.8260721806838986
43087,1
43088,1
43089,1
43090,1
43091,0.6215775316024404
43092,0.7494609587944551
43093,0.8998900218315588
43094,1
43095,1
43096,1
43097,0.9946592700131068
43098,1
43099,0.6214576625286035
43100,0.5794305538850907
43101,1
43102,1
43103,1
43104,1
43105,0.8304898105926442
43106,1
43107,1
43108,0.9709361642796265
43109,1
43110,1
43111,0.7979915110564277
43112,0.8427284982352203
43113,1
43114,0.745100505891559
43115,0.8555738467924694
43116,0.9825559015549896
43117,0.9565116537184474
43118,0.9412453844750609
43119,1
43120,1
43121,0.9770147563321826
43122,0.9010995041225268
43123,0.9730118975243602
43124,1
43125,0.9226376318830833
43126,0.9565116537184474
43127,0.9740504365406069
43128,1
43129,1
43130,0.962438510570834
43131,0.7312285596431632
43132,1
43133,0.979845370195437
43134,0.9424713473879602
43135,1
43136,0.7554401073396795
43137,1
43138,0.9815173625387432
43139,0.9002571508472601
43140,0.8150337816312075
43141,1
43142,1
43143,0.9367537762839373
43144,1
43145,0.8650379734441676
43146,0.8543938523972258
43147,0.9126389259700927
43148,0.9968430762781008
43149,0.9425279875618765
43150,1
43151,1
43152,1
43153,0.275401117416931
43154,0.9611341153785447
43155,1
43156,0.7008064475582944
43157,1
43158,0.952238581019351
43159,1
43160,0.6517044401729414
43161,1
43162,1
43163,0.9417027616904663
43164,0.9900744607435069
43165,0.8342308445264279
43166,1
43167,1
43168,0.9676523251498593
43169,1
43170,0.952238581019351
43171,1
43172,1
43173,1
43174,1
43175,1
43176,0.9292533373515337
43177,1
43178,1
43179,1
43180,0.9946592700131068
43181,0.9131024994045092
43182,0.9120639603882625
43183,0.9851578980626085
43184,1
43185,0.9610179774692599
43186,0.8536727480080925
43187,0.9002571508472601
43188,0.952238581019351
43189,1
43190,1
43191,1
43192,1
43193,1
43194,0.934524430289556
43195,0.7916426539516063
43196,0.7615937956112302
43197,0.9709361642796265
43198,0.3198088959383692
43199,1
43200,1
43201,1
43202,1
43203,1
43204,1
43205,1
43206,0.9352501294874744
43207,0.5986824975062108
43208,0.9946592700131068
43209,1
43210,1
43211,0.8758105888378835
43212,0.6137441652348707
43213,1
43214,0.9367537762839373
43215,0.9900744607435069
43216,1
43217,1
43218,1
43219,1
43220,0.8999374747508689
43221,1
43222,1
43223,0.7760677396851436
43224,0.9127885613003739
43225,1
43226,0.9170538670778072
43227,1
43228,0.979845370195437
43229,1
43230,0.9387536798317989
43231,1
43232,1
43233,1
43234,0.46194002523318745
43235,0.9002571508472601
43236,1
43237,1
43238,1
43239,1
43240,1
43241,0.9676523251498593
43242,1
43243,0.9709361642796265
43244,1
43245,0.8758105888378835
43246,0.9002571508472601
43247,0.9320839512147882
43248,0.9740504365406069
43249,1
43250,0.92502724894295
43251,1
43252,0.9414328083717136
43253,0.9399938600061414
43254,1
43255,0.275401117416931
43256,0.9417237809097337
43257,1
43258,0.9510651928727897
43259,0.7372425765962349
43260,1
43261,1
43262,1
43263,0.9989614609837535
43264,1
43265,0.9475888878684422
43266,0.9475888878684422
43267,0.9475888878684422
43268,0.9989614609837535
43269,0.8843426641523794
43270,1
43271,1
43272,0.9565116537184474
43273,1
43274,1
43275,0.9198909061692103
43276,1
43277,0.2954015740468363
43278,0.9740504365406069
43279,1
43280,1
43281,1
43282,0.9900744607435069
43283,1
43284,1
43285,1
43286,1
43287,0.9424713473879602
43288,1
43289,1
43290,0.8900602352564023
43291,1
43292,1
43293,0.9968430762781008
43294,1
43295,1
43296,1
43297,1
43298,1
43299,1
43300,1
43301,0.9475888878684422
43302,1
43303,1
43304,0.9475888878684422
43305,0.9449866008202333
43306,0.9565116537184474
43307,1
43308,1
43309,0.8365812451717305
43310,0.7468244840071132
43311,0.9424713473879602
43312,0.8433351591498933
43313,1
43314,1
43315,0.9968430762781008
43316,0.960473993748949
43317,1
43318,0.9851578980626085
43319,1
43320,0.9676523251498593
43321,1
43322,0.9565116537184474
43323,0.9600572972875585
43324,1
43325,1
43326,0.9676523251498593
43327,1
43328,1
43329,1
43330,0.979845370195437
43331,1
43332,1
43333,1
43334,0.9676523251498593
43335,1
43336,0.5832555245489736
43337,0.9475888878684422
43338,0.8903316115907669
43339,1
43340,1
43341,1
43342,0.952238581019351
43343,0.9851578980626085
43344,1
43345,0.8498610253784903
43346,0.9876612416190321
43347,0.8998274688877933
43348,1
43349,1
43350,1
43351,1
43352,1
43353,1
43354,1
43355,1
43356,0.8790668180467952
43357,1
43358,1
43359,0.9367537762839373
43360,1
43361,0.9968430762781008
43362,0.9968430762781008
43363,0.9510651928727897
43364,1
43365,1
43366,0.9002571508472601
43367,1
43368,0.9178939013644162
43369,0.8479756897538508
43370,1
43371,0.9182622541100539
43372,0.6215775316024404
43373,0.964174901191159
43374,1
43375,0.9475888878684422
43376,1
43377,1
43378,1
43379,1
43380,0.5130978593428562
43381,0.9077617694176161
43382,0.9120336373277153
43383,0.7551918022051471
43384,1
43385,1
43386,1
43387,1
43388,0.7578853353322107
43389,1
43390,1
43391,1
43392,0.556156675118974
43393,0.9463007788737433
43394,1
43395,0.6732792704663991
43396,1
43397,1
43398,1
43399,1
43400,1
43401,1
43402,1
43403,0.9851578980626085
43404,0.9467308027461487
43405,1
43406,0.979845370195437
43407,0.944667081482042
43408,1
43409,1
43410,1
43411,1
43412,0.8875353107590009
43413,0.9002571508472601
43414,0.9770147563321826
43415,0.7909389088244532
43416,1
43417,1
43418,1
43419,0.9055074715422085
43420,0.8091820118692014
43421,1
43422,1
43423,1
43424,1
43425,1
43426,0.556156675118974
43427,0.9749608736926888
43428,1
43429,1
43430,0.2906278264047498
43431,1
43432,1
43433,1
43434,1
43435,1
43436,1
43437,1
43438,1
43439,0.7385890567147345
43440,0.9424713473879602
43441,1
43442,0.7977222631844291
43443,0.8565726644149979
43444,1
43445,1
43446,0.952238581019351
43447,0.960473993748949
43448,1
43449,1
43450,1
43451,1
43452,0.7863961383636292
43453,0.6266839958634398
43454,0.9989614609837535
43455,1
43456,0.9305620902590541
43457,0.9178939013644162
43458,0.8696141531229564
43459,0.9924049721376991
43460,0.7607959557882851
43461,1
43462,0.9851578980626085
43463,0.8452042579392905
43464,0.8328745158189798
43465,0.8135557543021374
43466,0.9002571508472601
43467,1
43468,1
43469,1
43470,1
43471,1
43472,1
43473,0.9348763195256594
43474,1
43475,1
43476,1
43477,1
43478,0.6796132973419309
43479,1
43480,1
43481,1
43482,1
43483,0.9738578326102835
43484,1
43485,0.6194028988350369
43486,1
43487,0.9900744607435069
43488,0.8506929449550158
43489,1
43490,1
43491,0.9968430762781008
43492,1
43493,0.6368549537830729
43494,1
43495,1
43496,1
43497,1
43498,1
43499,1
43500,1
43501,0.8469816439591767
43502,1
43503,1
43504,0.8908270704488368
43505,1
43506,0.8563391226062405
43507,1
43508,1
43509,1
43510,0.9749608736926888
43511,0.9510651928727897
43512,1
43513,1
43514,1
43515,1
43516,1
43517,0.8452042579392905
43518,0.9740504365406069
43519,1
43520,0.9770147563321826
43521,1
43522,0.950335142112717
43523,0.9968430762781008
43524,1
43525,1
43526,1
43527,1
43528,1
43529,1
43530,0.9825559015549896
43531,0.9968430762781008
43532,1
43533,0.5804640916207114
43534,1
43535,1
43536,0.9825559015549896
43537,1
43538,1
43539,1
43540,0.9178939013644162
43541,1
43542,1
43543,0.9599794384530133
43544,1
43545,1
43546,1
43547,1
43548,1
43549,1
43550,1
43551,0.7832584201513643
43552,1
43553,0.8810005770709346
43554,0.9709361642796265
43555,0.944667081482042
43556,0.6190241734316407
43557,0.979845370195437
43558,0.9225666260562072
43559,1
43560,1
43561,1
43562,1
43563,1
43564,0.46559339729262417
43565,0.9847337307566136
43566,1
43567,1
43568,1
43569,1
43570,0.5508138003244023
43571,1
43572,0.9178939013644162
43573,1
43574,1
43575,0.8395171669045822
43576,1
43577,1
43578,1
43579,1
43580,1
43581,1
43582,0.9027739438341014
43583,1
43584,1
43585,0.8166501243236343
43586,1
43587,0.970217143174022
43588,0.9131024994045092
43589,0.8150337816312075
43590,1
43591,1
43592,1
43593,1
43594,1
43595,1
43596,1
43597,1
43598,0.9628936004251474
43599,1
43600,0.964174901191159
43601,1
43602,1
43603,0.8758105888378835
43604,0.9367537762839373
43605,1
43606,1
43607,0.9876612416190321
43608,0.6003104872356045
43609,0.764033822312345
43610,1
43611,0.9677137996175981
43612,0.6287620243508941
43613,0.9770147563321826
43614,1
43615,0.8879218117470229
43616,0.9631363621749126
43617,1
43618,1
43619,1
43620,1
43621,0.9475888878684422
43622,0.8760924418157395
43623,1
43624,1
43625,0.8869620029887862
43626,1
43627,1
43628,0.7231206299513329
43629,1
43630,0.8452042579392905
43631,1
43632,1
43633,0.9367537762839373
43634,1
43635,0.9335264100506299
43636,0.9740504365406069
43637,1
43638,1
43639,1
43640,1
43641,0.962172654394791
43642,1
43643,1
43644,0.8701555139246495
43645,1
43646,1
43647,1
43648,1
43649,0.6138191340297608
43650,0.726858142800876
43651,0.9565116537184474
43652,0.8758105888378835
43653,0.5152395576329399
43654,0.7435923099971533
43655,1
43656,1
43657,1
43658,1
43659,1
43660,1
43661,0.6058872752351431
43662,1
43663,1
43664,0.9876612416190321
43665,0.8879183924662923
43666,1
43667,1
43668,1
43669,1
43670,1
43671,0.8221171115980752
43672,0.9770147563321826
43673,0.9698976252633799
43674,1
43675,0.9740504365406069
43676,0.1478345244404042
43677,1
43678,0.9900744607435069
43679,1
43680,0.9815173625387432
43681,0.9367537762839373
43682,0.9424713473879602
43683,1
43684,1
43685,0.964174901191159
43686,0.9968430762781008
43687,1
43688,1
43689,0.9302326597453842
43690,1
43691,1
43692,0.9329351546629212
43693,0.9574082403957447
43694,1
43695,1
43696,1
43697,0.9225666260562072
43698,0.8489001911604246
43699,0.9876612416190321
43700,1
43701,1
43702,0.7545096253416547
43703,1
43704,1
43705,0.6011056699800239
43706,0.9900744607435069
43707,1
43708,0.894319690614591
43709,1
43710,1
43711,0.9676523251498593
43712,1
43713,0.9946592700131068
43714,1
43715,0.979845370195437
43716,1
43717,1
43718,0.9900744607435069
43719,1
43720,1
43721,0.8452042579392905
43722,0.7166671878905722
43723,0.8830406198051564
43724,1
43725,1
43726,1
43727,1
43728,0.9825559015549896
43729,1
43730,0.8758105888378835
43731,0.9131024994045092
43732,1
43733,1
43734,0.8234980897477686
43735,1
43736,0.9475888878684422
43737,1
43738,1
43739,0.9424713473879602
43740,0.7983772148940907
43741,1
43742,1
43743,0.7008064475582944
43744,1
43745,0.8096189483597905
43746,1
43747,1
43748,1
43749,1
43750,1
43751,0.9892480484157999
43752,0.9798171680757152
43753,0.9876612416190321
43754,1
43755,1
43756,1
43757,0.8758105888378835
43758,1
43759,0.8990624831784348
43760,1
43761,1
43762,1
43763,0.8060432485832676
43764,0.8702265197515254
43765,0.8677214098265158
43766,1
43767,0.933596852562038
43768,1
43769,1
43770,1
43771,1
43772,0.8758105888378835
43773,1
43774,0.9900744607435069
43775,1
43776,0.9126410867997141
43777,0.8333991296779064
43778,1
43779,0.275401117416931
43780,1
43781,0.9131024994045092
43782,1
43783,0.9475888878684422
43784,0.9655527828318143
43785,1
43786,0.7557158472613037
43787,1
43788,1
43789,0.629870482259983
43790,0.9740504365406069
43791,1
43792,0.9165877933936135
43793,1
43794,0.781418298400756
43795,1
43796,0.9788068311791907
43797,1
43798,1
43799,1
43800,0.9770147563321826
43801,1
43802,1
43803,0.9968430762781008
43804,0.9876612416190321
43805,0.8998274688877933
43806,1
43807,1
43808,1
43809,1
43810,1
43811,1
43812,1
43813,1
43814,0.9349786339574931
43815,0.9644954014279602
43816,1
43817,1
43818,1
43819,1
43820,1
43821,0.8024842537927155
43822,0.9989614609837535
43823,1
43824,0.9676523251498593
43825,1
43826,1
43827,0.9455475754457076
43828,1
43829,1
43830,0.9445213681466521
43831,1
43832,1
43833,0.9740504365406069
43834,0.9825559015549896
43835,0.6801724496321412
43836,1
43837,1
43838,1
43839,0.979845370195437
43840,1
43841,0.9676523251498593
43842,1
43843,1
43844,1
43845,0.9302326597453842
43846,0.7129349554230175
43847,0.275401117416931
43848,1
43849,1
43850,1
43851,0.9968430762781008
43852,1
43853,1
43854,1
43855,1
43856,1
43857,1
43858,1
43859,0.8433351591498933
43860,0.9876612416190321
43861,1
43862,0.8333216025401263
43863,0.8581311004700226
43864,0.9676523251498593
43865,0.7731421801970033
43866,0.9989614609837535
43867,0.905122527611197
43868,1
43869,1
43870,1
43871,1
43872,1
43873,0.9823205116321391
43874,1
43875,1
43876,0.7269925381007677
43877,1
43878,1
43879,1
43880,1
43881,1
43882,1
43883,0.9825559015549896
43884,0.747684142572181
43885,1
43886,1
43887,0.9968430762781008
43888,0.9876612416190321
43889,1
43890,0.9740504365406069
43891,1
43892,1
43893,0.9946592700131068
43894,0.9624012717504269
43895,1
43896,1
43897,0.9553750412366303
43898,0.9076790631961104
43899,1
43900,1
43901,0.9131024994045092
43902,1
43903,0.6780457817008168
43904,1
43905,0.9900744607435069
43906,0.9876612416190321
43907,1
43908,1
43909,1
43910,1
43911,1
43912,1
43913,1
43914,1
43915,1
43916,1
43917,1
43918,0.5236203799078905
43919,1
43920,0.9675066118144694
43921,1
43922,0.7786804789122529
43923,1
43924,1
43925,0.29295833779894215
43926,0.9740504365406069
43927,1
43928,0.8838572295433235
43929,1
43930,1
43931,0.8772774005956683
43932,0.8049942891405464
43933,1
43934,0.4949879342564883
43935,1
43936,0.38544972590180404
43937,1
43938,0.91376853261612
43939,1
43940,1
43941,1
43942,0.8036360514400813
43943,0.8071023801403188
43944,1
43945,0.17531456448319846
43946,1
43947,0.9573170700270499
43948,0.4279085615517507
43949,0.979845370195437
43950,0.9709361642796265
43951,1
43952,1
43953,1
43954,0.7754528856896543
43955,0.7545096253416547
43956,1
43957,0.6801724496321412
43958,0.6184933427370275
43959,1
43960,1
43961,0.979845370195437
43962,0.9465503488521956
43963,0.2773007293692748
43964,1
43965,1
43966,0.8356691254607166
43967,1
43968,0.343489949825619
43969,1
43970,1
43971,1
43972,0.961711678159639
43973,0.8727040071333443
43974,1
43975,0.718069104816802
43976,0.9968430762781008
43977,1
43978,0.9989614609837535
43979,0.29948900993989946
43980,1
43981,1
43982,0.8998274688877933
43983,1
43984,0.9170538670778072
43985,1
43986,0.8729251359289573
43987,0.9788068311791907
43988,0.6292714449340746
43989,0.9602916039175288
43990,0.9989614609837535
43991,1
43992,1
43993,0.960473993748949
43994,1
43995,1
43996,0.9475888878684422
43997,1
43998,1
43999,1
44000,1
44001,1
44002,0.9770147563321826
44003,1
44004,1
44005,1
44006,0.9002571508472601
44007,0.39558309155135485
44008,1
44009,0.8148781441113205
44010,0.8304898105926442
44011,0.9565116537184474
44012,0.8929478695999464
44013,0.9010995041225268
44014,1
44015,0.5616812510338451
44016,1
44017,0.7995419586988346
44018,1
44019,0.9565116537184474
44020,1
44021,1
44022,1
44023,1
44024,0.9002571508472601
44025,0.9924049721376991
44026,0.9524475303742118
44027,1
44028,0.7809880175463485
44029,0.960473993748949
44030,0.9225666260562072
44031,1
44032,0.8334485633155726
44033,1
44034,1
44035,1
44036,1
44037,1
44038,1
44039,1
44040,1
44041,0.7372582185655
44042,1
44043,1
44044,0.9417027616904663
44045,0.9676523251498593
44046,1
44047,1
44048,0.9770147563321826
44049,1
44050,0.9968430762781008
44051,0.960473993748949
44052,0.61173686514586
44053,1
44054,0.8424575322254177
44055,1
44056,0.8758105888378835
44057,1
44058,0.9002571508472601
44059,1
44060,0.979845370195437
44061,1
44062,1
44063,1
44064,0.9131024994045092
44065,1
44066,1
44067,1
44068,1
44069,1
44070,0.9676523251498593
44071,1
44072,0.952238581019351
44073,0.6354238393110564
44074,1
44075,0.9709361642796265
44076,1
44077,1
44078,1
44079,1
44080,1
44081,0.9708935128187075
44082,1
44083,0.9968430762781008
44084,0.954249361934666
44085,0.9054981017757291
44086,1
44087,1
44088,0.9900744607435069
44089,0.9063637654356361
44090,1
44091,1
44092,0.9553750412366303
44093,1
44094,1
44095,1
44096,0.9676523251498593
44097,1
44098,0.979845370195437
44099,0.9740504365406069
44100,1
44101,1
44102,0.7435923099971533
44103,1
44104,0.9989614609837535
44105,1
44106,0.9900744607435069
44107,1
44108,1
44109,0.7955937911826797
44110,1
44111,1
44112,1
44113,1
44114,0.8519007631725672
44115,1
44116,0.9924049721376991
44117,0.9367537762839373
44118,0.8899019296313001
44119,1
44120,0.9882095093995533
44121,1
44122,1
44123,1
44124,1
44125,0.4595360129518596
44126,0.8932654300023846
44127,0.9730118975243602
44128,1
44129,1
44130,1
44131,1
44132,1
44133,1
44134,1
44135,1
44136,0.8444654720054889
44137,1
44138,0.9424713473879602
44139,0.960473993748949
44140,1
44141,1
44142,1
44143,1
44144,1
44145,1
44146,1
44147,0.8297016458838836
44148,1
44149,0.960473993748949
44150,0.9968430762781008
44151,0.9281263188988084
44152,1
44153,1
44154,1
44155,0.8994293147388439
44156,1
44157,1
44158,1
44159,0.9946592700131068
44160,1
44161,1
44162,1
44163,0.7935430932051284
44164,1
44165,0.9676523251498593
44166,0.40172318233149845
44167,0.8663516566305742
44168,1
44169,1
44170,0.979845370195437
44171,0.2741091217441696
44172,1
44173,1
44174,1
44175,0.9633411364173258
44176,1
44177,1
44178,0.275401117416931
44179,1
44180,1
44181,1
44182,1
44183,0.9946592700131068
44184,1
44185,0.9302326597453842
44186,0.7390410705733232
44187,1
44188,1
44189,1
44190,1
44191,1
44192,1
44193,1
44194,0.33049790658187
44195,0.8549602505081392
44196,0.8998274688877933
44197,0.7832584201513643
44198,1
44199,1
44200,1
44201,0.8673129351290911
44202,0.8452042579392905
44203,0.6584511101279265
44204,1
44205,0.952238581019351
44206,0.9441728953374794
44207,0.9002571508472601
44208,1
44209,1
44210,1
44211,1
44212,1
44213,1
44214,1
44215,0.5349366109135466
44216,1
44217,1
44218,0.9169856474673964
44219,1
44220,1
44221,0.9664554086783061
44222,0.9989614609837535
44223,0.9946592700131068
44224,1
44225,0.915043855920416
44226,0.9709361642796265
44227,0.9740504365406069
44228,1
44229,0.9565116537184474
44230,0.979845370195437
44231,0.9770147563321826
44232,0.6985169687123843
44233,0.9876612416190321
44234,1
44235,0.7760677396851436
44236,0.6674653657399998
44237,1
44238,1
44239,1
44240,0.7435923099971533
44241,0.745100505891559
44242,0.9178939013644162
44243,0.7496837445762397
44244,0.894319690614591
44245,1
44246,1
44247,0.4949879342564883
44248,0.8880875085557998
44249,0.38544972590180404
44250,1
44251,1
44252,0.7230562856224312
44253,1
44254,1
44255,1
44256,0.6328612356122745
44257,0.9367537762839373
44258,0.862469293539203
44259,1
44260,1
44261,0.8372878209102009
44262,0.9302326597453842
44263,1
44264,0.9900744607435069
44265,0.5870219407246084
44266,1
44267,1
44268,0.5656208017706722
44269,1
44270,1
44271,0.894319690614591
44272,0.8107467901660086
44273,1
44274,1
44275,0.8433351591498933
44276,1
44277,0.9946592700131068
44278,0.9647999445133452
44279,1
44280,0.9165709443596525
44281,1
44282,0.9327467859310505
44283,1
44284,0.88118574043048
44285,1
44286,1
44287,1
44288,0.9424713473879602
44289,1
44290,0.8824753509013652
44291,0.9367537762839373
44292,0.8650379734441676
44293,1
44294,1
44295,1
44296,0.9989614609837535
44297,0.960473993748949
44298,1
44299,1
44300,0.9120639603882625
44301,1
44302,0.4609155709827922
44303,0.9401511185070951
44304,1
44305,1
44306,1
44307,1
44308,0.5425466666197956
44309,1
44310,0.952238581019351
44311,1
44312,0.9676523251498593
44313,1
44314,1
44315,1
44316,0.9793225091593067
44317,1
44318,0.979845370195437
44319,0.964174901191159
44320,1
44321,1
44322,0.9427389706205845
44323,1
44324,1
44325,1
44326,0.8478163206602953
44327,1
44328,1
44329,1
44330,0.7947827268365677
44331,0.6329278152107289
44332,1
44333,0.6199686806008506
44334,0.9169856474673964
44335,1
44336,1
44337,1
44338,0.9709361642796265
44339,1
44340,1
44341,0.4844438480770324
44342,1
44343,0.9523860559064731
44344,0.9989614609837535
44345,1
44346,0.8536727480080925
44347,1
44348,1
44349,0.9650032682580457
44350,1
44351,1
44352,0.8792251236718974
44353,0.9825559015549896
44354,1
44355,0.9367537762839373
44356,0.9740504365406069
44357,1
44358,0.8758105888378835
44359,1
44360,1
44361,1
44362,1
44363,0.9936207309968602
44364,1
44365,0.944667081482042
44366,1
44367,1
44368,1
44369,1
44370,0.937612696643262
44371,1
44372,0.2773007293692748
44373,1
44374,0.9847337307566136
44375,0.9876612416190321
44376,1
44377,1
44378,0.894319690614591
44379,0.8758105888378835
44380,1
44381,1
44382,1
44383,0.8802580412105415
44384,0.8899690427332568
44385,1
44386,0.919309677838927
44387,1
44388,1
44389,0.9709361642796265
44390,0.9131024994045092
44391,0.9013373414136462
44392,1
44393,1
44394,0.6141881182661234
44395,1
44396,0.979845370195437
44397,0.9677137996175981
44398,0.34460487704408893
44399,0.7173758270493569
44400,0.8227084398703414
44401,1
44402,1
44403,1
44404,0.9131024994045092
44405,0.9051410752309912
44406,0.8233994767063256
44407,1
44408,1
44409,0.6333370858886029
44410,1
44411,1
44412,0.17531456448319846
44413,0.7340802514146505
44414,0.34460487704408893
44415,1
44416,0.9968430762781008
44417,1
44418,1
44419,0.9851578980626085
44420,1
44421,1
44422,1
44423,1
44424,0.9126410867997141
44425,1
44426,0.9592083346032153
44427,1
44428,0.9946592700131068
44429,0.6476978354947401
44430,1
44431,1
44432,1
44433,1
44434,1
44435,1
44436,1
44437,1
44438,0.964174901191159
44439,0.8133596502517693
44440,1
44441,0.979845370195437
44442,1
44443,1
44444,1
44445,0.9687097065537137
44446,1
44447,1
44448,1
44449,0.9676523251498593
44450,0.9424713473879602
44451,1
44452,1
44453,0.9293888844095677
44454,1
44455,1
44456,1
44457,0.9666137861336129
44458,0.9924049721376991
44459,0.8555738467924694
44460,1
44461,1
44462,1
44463,0.862469293539203
44464,1
44465,1
44466,0.5870423472606542
44467,1
44468,1
44469,0.9018188157687215
44470,1
44471,1
44472,1
44473,1
44474,1
44475,1
44476,1
44477,1
44478,1
44479,1
44480,1
44481,1
44482,0.960473993748949
44483,1
44484,0.9825559015549896
44485,1
44486,0.9475888878684422
44487,1
44488,1
44489,1
44490,1
44491,0.6833206491789358
44492,0.9332183158953508
44493,1
44494,1
44495,1
44496,1
44497,1
44498,0.9770147563321826
44499,1
44500,0.9131024994045092
44501,0.9225666260562072
44502,1
44503,1
44504,1
44505,0.9900744607435069
44506,1
44507,1
44508,1
44509,1
44510,1
44511,1
44512,0.9479509206118093
44513,1
44514,0.9851578980626085
44515,1
44516,1
44517,1
44518,1
44519,1
44520,0.9367537762839373
44521,1
44522,1
44523,0.5951030668047845
44524,0.976524331184061
44525,0.9223167175833974
44526,0.9709361642796265
44527,0.9624012717504269
44528,1
44529,1
44530,0.8880875085557998
44531,1
44532,0.9424713473879602
44533,1
44534,0.9424713473879602
44535,0.9215149219764929
44536,1
44537,0.9824794328812061
44538,1
44539,1
44540,1
44541,0.8133596502517693
44542,0.9876612416190321
44543,0.904283096285991
44544,1
44545,1
44546,0.9382758846498143
44547,1
44548,0.8125643651218207
44549,0.10295613268424586
44550,1
44551,1
44552,1
44553,0.5535873070774334
44554,1
44555,0.952238581019351
44556,1
44557,1
44558,1
44559,1
44560,1
44561,0.9424713473879602
44562,1
44563,1
44564,1
44565,0.6301070019315487
44566,1
44567,1
44568,1
44569,1
44570,1
44571,0.6635480818795269
44572,1
44573,1
44574,1
44575,0.9390912341596498
44576,1
44577,1
44578,0.9924049721376991
44579,0.9675066118144694
44580,1
44581,1
44582,1
44583,1
44584,1
44585,1
44586,1
44587,1
44588,1
44589,0.9825559015549896
44590,0.954249361934666
44591,1
44592,0.9475888878684422
44593,0.9740504365406069
44594,1
44595,0.6801724496321412
44596,1
44597,0.952238581019351
44598,1
44599,0.9595706578871724
44600,1
44601,0.9274478179980737
44602,1
44603,1
44604,1
44605,1
44606,1
44607,0.9958045372618541
44608,1
44609,0.8903316115907669
44610,0.6833206491789358
44611,1
44612,1
44613,1
44614,1
44615,0.8323222425563308
44616,1
44617,0.6751267045817714
44618,0.964174901191159
44619,1
44620,0.6539510616865601
44621,1
44622,1
44623,1
44624,1
44625,0.9709361642796265
44626,0.9946592700131068
44627,0.8826130883001485
44628,1
44629,0.9090851335215729
44630,1
44631,1
44632,0.9900744607435069
44633,0.9560940623422349
44634,0.7833240635412466
44635,1
44636,1
44637,1
44638,1
44639,0.964174901191159
44640,0.9475888878684422
44641,1
44642,1
44643,1
44644,1
44645,0.9676523251498593
44646,0.9126389259700927
44647,0.8536727480080925
44648,0.9475888878684422
44649,1
44650,1
44651,1
44652,0.8758105888378835
44653,1
44654,0.8758105888378835
44655,1
44656,0.9225666260562072
44657,0.8424575322254177
44658,0.9968430762781008
44659,1
44660,1
44661,1
44662,0.9770147563321826
44663,1
44664,0.665311959635445
44665,0.9770147563321826
44666,0.8801025210426973
44667,1
44668,0.7614348743621632
44669,1
44670,0.275401117416931
44671,1
44672,0.9709361642796265
44673,0.9131024994045092
44674,1
44675,1
44676,0.6689780745021044
44677,0.9178939013644162
44678,1
44679,0.5753024795672126
44680,0.9475888878684422
44681,1
44682,1
44683,0.9565116537184474
44684,1
44685,1
44686,1
44687,1
44688,0.9946592700131068
44689,0.9002571508472601
44690,1
44691,1
44692,0.8189414589604984
44693,1
44694,0.9989614609837535
44695,0.9915023462912075
44696,1
44697,1
44698,0.5705817079620602
44699,0.8808162990221073
44700,0.6873242141963267
44701,1
44702,1
44703,1
44704,1
44705,1
44706,0.9424713473879602
44707,0.8658850495813903
44708,0.9293888844095677
44709,0.9989614609837535
44710,1
44711,1
44712,0.9468695762222473
44713,1
44714,1
44715,1
44716,0.2426719729727812
44717,1
44718,1
44719,1
44720,0.8758105888378835
44721,0.9002571508472601
44722,1
44723,0.745100505891559
44724,1
44725,1
44726,0.6009791962677308
44727,1
44728,0.9851578980626085
44729,1
44730,1
44731,0.9156032457616685
44732,1
44733,0.9131024994045092
44734,0.9517939502087364
44735,0.862469293539203
44736,1
44737,1
44738,1
44739,1
44740,0.9876612416190321
44741,1
44742,1
44743,1
44744,1
44745,1
44746,1
44747,1
44748,1
44749,0.9318272263410183
44750,0.8593204023401445
44751,0.9968430762781008
44752,0.8663516566305742
44753,1
44754,1
44755,0.964174901191159
44756,0.9968430762781008
44757,0.9475888878684422
44758,1
44759,0.9825559015549896
44760,0.8758105888378835
44761,1
44762,0.7822508229473034
44763,1
44764,0.9305620902590541
44765,0.9968430762781008
44766,0.8393214496621468
44767,1
44768,0.9131024994045092
44769,1
44770,1
44771,1
44772,0.8493657981721356
44773,0.9793989778330905
44774,0.9528102232124677
44775,1
44776,1
44777,1
44778,1
44779,1
44780,1
44781,1
44782,1
44783,1
44784,0.8758105888378835
44785,1
44786,0.9946592700131068
44787,1
44788,0.7859125347082226
44789,0.8518619669930557
44790,1
44791,0.9019484668068702
44792,0.9989614609837535
44793,1
44794,1
44795,0.9131024994045092
44796,0.915043855920416
44797,0.931413046297044
44798,1
44799,1
44800,0.964174901191159
44801,0.8168131163551896
44802,1
44803,0.9225666260562072
44804,0.9566063380955967
44805,0.9823205116321391
44806,1
44807,1
44808,0.7760677396851436
44809,1
44810,0.9740504365406069
44811,0.952238581019351
44812,0.8472183072127805
44813,1
44814,0.9066462485791192
44815,1
44816,1
44817,0.7530824960173264
44818,1
44819,1
44820,1
44821,1
44822,0.8758105888378835
44823,1
44824,1
44825,1
44826,1
44827,0.3024204640740303
44828,1
44829,0.8758105888378835
44830,0.9044844249354965
44831,1
44832,1
44833,1
44834,1
44835,1
44836,0.952238581019351
44837,0.9709361642796265
44838,1
44839,1
44840,1
44841,1
44842,1
44843,0.47872330117518136
44844,1
44845,1
44846,0.9029453411369094
44847,1
44848,1
44849,1
44850,0.9002571508472601
44851,1
44852,1
44853,1
44854,0.9475888878684422
44855,1
44856,0.9002571508472601
44857,0.9424713473879602
44858,0.7468244840071132
44859,0.9424713473879602
44860,0.5936338977276683
44861,1
44862,1
44863,1
44864,1
44865,0.5704063215374928
44866,0.9131024994045092
44867,1
44868,1
44869,1
44870,0.9475888878684422
44871,1
44872,1
44873,0.8696141531229564
44874,0.9900744607435069
44875,1
44876,1
44877,0.7118922799440347
44878,1
44879,1
44880,0.9126410867997141
44881,1
44882,1
44883,1
44884,1
44885,1
44886,0.960473993748949
44887,1
44888,1
44889,1
44890,0.9367537762839373
44891,0.8606913872729514
44892,0.979845370195437
44893,0.9913664331214527
44894,1
44895,1
44896,1
44897,1
44898,1
44899,1
44900,1
44901,1
44902,0.678264765346475
44903,0.964174901191159
44904,0.9367537762839373
44905,0.9841193590463618
44906,1
44907,0.9989614609837535
44908,0.7659017852061006
44909,0.9946592700131068
44910,1
44911,0.38544972590180404
44912,1
44913,1
44914,1
44915,0.4955006714286256
44916,1
44917,1
44918,0.8225413915840324
44919,0.9600572972875585
44920,0.9373964790819593
44921,0.9709361642796265
44922,0.952238581019351
44923,0.964174901191159
44924,1
44925,0.8879183924662923
44926,0.6891702390896527
44927,0.6011056699800239
44928,0.9946592700131068
44929,1
44930,1
44931,0.8758105888378835
44932,0.9958045372618541
44933,1
44934,1
44935,0.9415716516086694
44936,0.7468244840071132
44937,1
44938,1
44939,1
44940,0.9131024994045092
44941,1
44942,1
44943,1
44944,1
44945,0.8929478695999464
44946,1
44947,0.9268282370274441
44948,1
44949,1
44950,1
44951,0.9851578980626085
44952,0.6521264315759671
44953,1
44954,0.7031914725618558
44955,0.814326123194675
44956,0.275401117416931
44957,1
44958,0.960473993748949
44959,1
44960,0.9709361642796265
44961,1
44962,1
44963,0.7496837445762397
44964,1
44965,1
44966,1
44967,1
44968,1
44969,1
44970,0.668983047649937
44971,1
44972,0.14402390492519107
44973,1
44974,1
44975,1
44976,1
44977,1
44978,0.960473993748949
44979,0.8969056625013931
44980,0.9770147563321826
44981,0.9876612416190321
44982,0.2741091217441696
44983,1
44984,1
44985,0.3515937075354628
44986,0.9022652348758942
44987,1
44988,1
44989,1
44990,1
44991,0.9424713473879602
44992,0.952238581019351
44993,1
44994,1
44995,0.5419695248912441
44996,0.9302326597453842
44997,0.9924049721376991
44998,1
44999,0.7173758270493569
45000,0.7916426539516063
45001,1
45002,1
45003,0.960473993748949
45004,1
45005,0.960473993748949
45006,1
45007,1
45008,1
45009,0.9445213681466521
45010,0.8663064058910911
45011,1
45012,1
45013,0.8105975596635435
45014,1
45015,1
45016,1
45017,1
45018,1
45019,0.9424713473879602
45020,1
45021,0.9968430762781008
45022,0.9087502347377983
45023,1
45024,0.9989614609837535
45025,0.7901730514395306
45026,1
45027,1
45028,1
45029,0.8365812451717305
45030,1
45031,1
45032,0.9565116537184474
45033,1
45034,0.7272678185032921
45035,0.9002571508472601
45036,1
45037,0.8651089792710435
45038,0.9237455590783314
45039,1
45040,0.8989830011064075
45041,1
45042,1
45043,1
45044,1
45045,0.874770244401767
45046,1
45047,1
45048,0.9511709237315541
45049,0.9226376318830833
45050,0.9565116537184474
45051,1
45052,0.9422481578815489
45053,1
45054,0.979845370195437
45055,0.8304898105926442
45056,1
45057,1
45058,0.9860257031345594
45059,1
45060,1
45061,1
45062,1
45063,1
45064,0.9989614609837535
45065,1
45066,1
45067,0.9475888878684422
45068,1
45069,0.4789148146049378
45070,1
45071,1
45072,0.9676523251498593
45073,1
45074,1
45075,0.5876267230446393
45076,0.979845370195437
45077,0.964174901191159
45078,0.5003969847316663
45079,1
45080,1
45081,1
45082,1
45083,0.979845370195437
45084,0.9740504365406069
45085,0.9698976252633799
45086,1
45087,1
45088,0.9131024994045092
45089,1
45090,1
45091,1
45092,1
45093,0.9676523251498593
45094,1
45095,0.8506929449550158
45096,1
45097,1
45098,0.8079291789170285
45099,1
45100,1
45101,0.8662828775660992
45102,1
45103,1
45104,1
45105,1
45106,1
45107,1
45108,0.6294960817846854
45109,0.9989614609837535
45110,1
45111,1
45112,0.9740504365406069
45113,0.7365019761108348
45114,0.9924049721376991
45115,0.9968430762781008
45116,0.9131024994045092
45117,1
45118,1
45119,1
45120,1
45121,1
45122,0.7576644690354449
45123,1
45124,1
45125,1
45126,0.9989614609837535
45127,1
45128,0.6011056699800239
45129,1
45130,0.8632373843695939
45131,1
45132,0.9633411364173258
45133,1
45134,0.3557190788526975
45135,0.5865955798156085
45136,0.6294960817846854
45137,0.6898102129327887
45138,1
45139,0.9825559015549896
45140,0.9946592700131068
45141,1
45142,1
45143,0.964174901191159
45144,1
45145,0.9367537762839373
45146,1
45147,0.9002571508472601
45148,1
45149,1
45150,0.8379226003089478
45151,1
45152,1
45153,1
45154,0.6780457817008168
45155,0.9740504365406069
45156,1
45157,1
45158,1
45159,1
45160,1
45161,1
45162,1
45163,1
45164,1
45165,0.8376536299292195
45166,0.8801025210426973
45167,1
45168,1
45169,0.8453522149681227
45170,1
45171,1
45172,0.9924049721376991
45173,1
45174,1
45175,0.8758105888378835
45176,1
45177,1
45178,1
45179,1
45180,1
45181,1
45182,1
45183,0.8758105888378835
45184,0.5236203799078905
45185,0.891467455316134
45186,0.9869175370216076
45187,0.7158882949272881
45188,0.6780457817008168
45189,1
45190,0.8365812451717305
45191,1
45192,1
45193,0.4238688884968166
45194,0.9815173625387432
45195,1
45196,1
45197,1
45198,1
45199,1
45200,1
45201,1
45202,0.9225666260562072
45203,0.8474585558146983
45204,1
45205,0.9709361642796265
45206,1
45207,1
45208,0.9770147563321826
45209,0.808557374768934
45210,1
45211,1
45212,1
45213,1
45214,1
45215,1
45216,1
45217,1
45218,1
45219,0.7229259982360572
45220,0.9225666260562072
45221,0.9900744607435069
45222,1
45223,1
45224,1
45225,0.8903316115907669
45226,1
45227,0.98286877941266
45228,1
45229,0.8133596502517693
45230,0.960473993748949
45231,1
45232,0.9900744607435069
45233,1
45234,0.9518361428101912
45235,0.915043855920416
45236,1
45237,1
45238,0.8479868799949991
45239,1
45240,0.8701555139246495
45241,1
45242,1
45243,0.891467455316134
45244,0.7256728338922941
45245,0.9510651928727897
45246,1
45247,0.9876612416190321
45248,1
45249,1
45250,1
45251,1
45252,1
45253,1
45254,1
45255,0.8955879474882031
45256,0.9924049721376991
45257,0.9002571508472601
45258,0.9131024994045092
45259,0.6103995215207348
45260,0.4482994721633644
45261,0.964174901191159
45262,1
45263,1
45264,1
45265,1
45266,1
45267,1
45268,1
45269,0.6535606549086411
45270,1
45271,1
45272,1
45273,1
45274,1
45275,1
45276,1
45277,0.8947099284073113
45278,0.830381442803159
45279,1
45280,1
45281,1
45282,1
45283,0.894319690614591
45284,1
45285,0.9676523251498593
45286,1
45287,0.8936740939409343
45288,1
45289,1
45290,1
45291,1
45292,1
45293,0.9382758846498143
45294,1
45295,1
45296,0.9825559015549896
45297,1
45298,0.8923012200899675
45299,0.952238581019351
45300,0.3110726597395941
45301,1
45302,1
45303,0.9936207309968602
45304,0.8716654681170977
45305,0.9577267858933664
45306,1
45307,0.3110726597395941
45308,1
45309,0.3198088959383692
45310,1
45311,1
45312,0.9565116537184474
45313,0.40987534658270874
45314,0.6417517955473295
45315,1
45316,1
45317,1
45318,1
45319,1
45320,0.9215149219764929
45321,0.9565116537184474
45322,1
45323,0.9489193035597069
45324,0.9740504365406069
45325,1
45326,1
45327,1
45328,1
45329,0.6483044964094132
45330,0.9475888878684422
45331,0.9676523251498593
45332,0.952238581019351
45333,0.9424713473879602
45334,0.7437996590077358
45335,1
45336,1
45337,1
45338,1
45339,0.5224118607567367
45340,0.960473993748949
45341,1
45342,1
45343,1
45344,0.9325583135457913
45345,0.979845370195437
45346,0.9002571508472601
45347,0.40987534658270874
45348,0.9403193639443862
45349,1
45350,1
45351,1
45352,1
45353,1
45354,1
45355,0.7511391005432554
45356,1
45357,1
45358,0.7340802514146505
45359,1
45360,0.3110726597395941
45361,1
45362,1
45363,1
45364,0.9989614609837535
45365,1
45366,1
45367,0.9968430762781008
45368,1
45369,1
45370,1
45371,0.9989614609837535
45372,0.9670892170756897
45373,1
45374,0.8181045856243098
45375,1
45376,1
45377,1
45378,1
45379,1
45380,0.9225666260562072
45381,1
45382,0.47688547071633325
45383,1
45384,1
45385,0.9676523251498593
45386,1
45387,1
45388,1
45389,0.9364517082910339
45390,0.9924049721376991
45391,0.9770147563321826
45392,0.8440873589931134
45393,0.9574082403957447
45394,1
45395,0.952238581019351
45396,1
45397,1
45398,1
45399,1
45400,0.9989614609837535
45401,0.9051175469059993
45402,0.9924049721376991
45403,0.9600572972875585
45404,0.8551255029174667
45405,0.9968430762781008
45406,0.8403059902658436
45407,0.9002571508472601
45408,0.9825559015549896
45409,0.8830406198051564
45410,1
45411,0.5865955798156085
45412,1
45413,0.8758105888378835
45414,1
45415,0.275401117416931
45416,1
45417,0.8827365837284661
45418,0.17531456448319846
45419,0.8452042579392905
45420,1
45421,0.9740504365406069
45422,1
45423,1
45424,1
45425,0.952238581019351
45426,0.9900744607435069
45427,0.9002571508472601
45428,0.9504808575244802
45429,1
45430,1
45431,1
45432,0.9740504365406069
45433,0.8738843936850044
45434,1
45435,0.9876612416190321
45436,1
45437,1
45438,1
45439,0.9851578980626085
45440,0.9439480618039867
45441,0.9924049721376991
45442,0.9676523251498593
45443,0.7659017852061006
45444,0.9989614609837535
45445,0.8790782797746545
45446,1
45447,1
45448,1
45449,0.28108386640755495
45450,1
45451,1
45452,1
45453,1
45454,0.9367537762839373
45455,0.7468244840071132
45456,1
45457,1
45458,0.8536727480080925
45459,0.952238581019351
45460,1
45461,1
45462,0.6521264315759671
45463,0.8758105888378835
45464,1
45465,0.9302326597453842
45466,0.9475888878684422
45467,1
45468,0.9876612416190321
45469,1
45470,1
45471,0.8356691254607166
45472,1
45473,0.45668427535044265
45474,1
45475,0.4897899237201821
45476,0.9989614609837535
45477,0.8977971145732914
45478,0.9851578980626085
45479,1
45480,1
45481,0.9002571508472601
45482,0.6891702390896527
45483,1
45484,0.5522435043734578
45485,0.952238581019351
45486,1
45487,0.7496837445762397
45488,0.9989614609837535
45489,1
45490,1
45491,1
45492,0.9302326597453842
45493,0.9989614609837535
45494,1
45495,1
45496,0.5003969847316663
45497,0.8133596502517693
45498,0.9989614609837535
45499,1
45500,0.9633411364173258
45501,1
45502,0.8468074996994556
45503,0.9989614609837535
45504,1
45505,0.7835351129566991
45506,0.8772719071794428
45507,1
45508,0.5737293649284516
45509,1
45510,0.9424713473879602
45511,0.9002571508472601
45512,1
45513,0.9002571508472601
45514,1
45515,0.933596852562038
45516,1
45517,0.8166501243236343
45518,0.9258908634110086
45519,1
45520,0.9851578980626085
45521,0.8096342618905096
45522,0.9051410752309912
45523,1
45524,1
45525,0.9225666260562072
45526,1
45527,1
45528,1
45529,1
45530,0.9968430762781008
45531,1
45532,1
45533,1
45534,1
45535,1
45536,0.979845370195437
45537,0.6801724496321412
45538,1
45539,0.7718722769469977
45540,1
45541,0.9602916039175288
45542,1
45543,0.9367537762839373
45544,1
45545,0.9534920658346163
45546,0.9318272263410183
45547,0.6626747493142884
45548,1
45549,1
45550,1
45551,0.9900744607435069
45552,1
45553,0.9946592700131068
45554,0.898396797075383
45555,1
45556,1
45557,1
45558,0.9565116537184474
45559,0.7824912771908518
45560,1
45561,0.9592083346032153
45562,1
45563,1
45564,0.9475888878684422
45565,1
45566,0.7004982673986371
45567,0.8369364265412004
45568,1
45569,1
45570,0.8150337816312075
45571,1
45572,1
45573,1
45574,0.8524957318666111
45575,1
45576,0.597365489897349
45577,0.746312623183389
45578,1
45579,0.8169729628667067
45580,0.9851578980626085
45581,1
45582,0.24452838630835583
45583,1
45584,1
45585,0.7324721248848217
45586,1
45587,0.9002571508472601
45588,1
45589,0.8354192169879067
45590,1
45591,1
45592,1
45593,1
45594,0.952238581019351
45595,1
45596,0.9178939013644162
45597,1
45598,0.9475888878684422
45599,1
45600,1
45601,0.549567528551373
45602,0.8723555643057914
45603,0.9302326597453842
45604,0.9823205116321391
45605,0.9475888878684422
45606,0.8924931825839564
45607,0.9367537762839373
45608,1
45609,1
45610,1
45611,1
45612,0.8273328868707448
45613,0.9077617694176161
45614,0.964174901191159
45615,0.7496837445762397
45616,0.4893611501404093
45617,0.9447285559497808
45618,0.9924049721376991
45619,0.9722503423331362
45620,1
45621,1
45622,0.9676523251498593
45623,1
45624,1
45625,0.9900744607435069
45626,1
45627,0.9876612416190321
45628,0.6356436931669066
45629,1
45630,1
45631,1
45632,1
45633,1
45634,1
45635,1
45636,1
45637,0.8572846399567644
45638,1
45639,0.9414328083717136
45640,0.7786804789122529
45641,0.960473993748949
45642,0.924648894940108
45643,0.9851578980626085
45644,1
45645,1
45646,1
45647,0.8133596502517693
45648,1
45649,1
45650,1
45651,1
45652,0.952238581019351
45653,0.7652951242914275
45654,0.8304898105926442
45655,0.8166501243236343
45656,0.964174901191159
45657,1
45658,0.8128089137708936
45659,0.9131024994045092
45660,0.9610179774692599
45661,0.5472681567552908
45662,0.6354238393110564
45663,0.7008064475582944
45664,0.8075045669248269
45665,1
45666,0.40987534658270874
45667,1
45668,1
45669,0.7856512508029162
45670,1
45671,0.730935528439882
45672,0.952238581019351
45673,1
45674,1
45675,0.9740504365406069
45676,1
45677,0.9585974058986586
45678,1
45679,0.8990624831784348
45680,1
45681,0.8137173945136776
45682,1
45683,0.9740504365406069
45684,1
45685,0.9989614609837535
45686,0.9475888878684422
45687,1
45688,1
45689,0.046885079789750934
45690,1
45691,1
45692,0.8913473384367969
45693,1
45694,1
45695,1
45696,1
45697,0.850074811180474
45698,1
45699,0.8395171669045822
45700,1
45701,0.9968430762781008
45702,1
45703,1
45704,0.8784565379744035
45705,1
45706,1
45707,0.8985428433721434
45708,1
45709,1
45710,1
45711,0.891467455316134
45712,1
45713,0.9553750412366303
45714,1
45715,1
45716,1
45717,1
45718,1
45719,1
45720,0.9565116537184474
45721,1
45722,0.6517044401729414
45723,1
45724,0.9455475754457076
45725,0.9565116537184474
45726,1
45727,1
45728,0.952238581019351
45729,0.8524957318666111
45730,0.7932371954044183
45731,0.9411896575233417
45732,0.9102278676752396
45733,0.3876021803368593
45734,0.960473993748949
45735,1
45736,1
45737,0.8555738467924694
45738,1
45739,1
45740,1
45741,1
45742,1
45743,1
45744,0.9900744607435069
45745,0.8482893665602804
45746,1
45747,0.952238581019351
45748,1
45749,1
45750,1
45751,1
45752,0.9449866008202333
45753,1
45754,1
45755,1
45756,1
45757,0.9676523251498593
45758,0.9989614609837535
45759,0.9164134822105101
45760,0.7092852523050746
45761,1
45762,0.8947099284073113
45763,1
45764,1
45765,0.8843426641523794
45766,1
45767,1
45768,0.7231206299513329
45769,0.952238581019351
45770,0.7129349554230175
45771,0.9989614609837535
45772,1
45773,1
45774,0.7760677396851436
45775,0.8801025210426973
45776,0.9946592700131068
45777,1
45778,1
45779,0.6546482483180747
45780,1
45781,1
45782,1
45783,0.6999484441775486
45784,1
45785,1
45786,1
45787,0.4974583017488731
45788,0.9851578980626085
45789,1
45790,0.891467455316134
45791,0.964174901191159
45792,0.8685219879492048
45793,1
45794,0.9424713473879602
45795,1
45796,0.9475888878684422
45797,0.9131024994045092
45798,1
45799,1
45800,1
45801,1
45802,1
45803,0.964174901191159
45804,0.979845370195437
45805,1
45806,0.9041005415868895
45807,1
45808,1
45809,1
45810,0.9740504365406069
45811,1
45812,1
45813,0.9320839512147882
45814,1
45815,1
45816,1
45817,0.6747670711658585
45818,0.9968430762781008
45819,1
45820,1
45821,1
45822,1
45823,0.9800662137567313
45824,1
45825,0.9025286446755189
45826,0.6804407754580923
45827,1
45828,1
45829,1
45830,1
45831,1
45832,1
45833,1
45834,1
45835,0.9424713473879602
45836,1
45837,0.9709361642796265
45838,0.38587064651435654
45839,0.7024966159866978
45840,1
45841,1
45842,1
45843,0.3844760711065315
45844,1
45845,1
45846,1
45847,1
45848,1
45849,0.623283260681459
45850,1
45851,0.9565116537184474
45852,1
45853,0.8169729628667067
45854,1
45855,0.8155144956561537
45856,0.955133263762056
45857,0.9131024994045092
45858,1
45859,0.8879183924662923
45860,1
45861,1
45862,1
45863,1
45864,1
45865,0.9302326597453842
45866,1
45867,0.6828874326734969
45868,1
45869,1
45870,1
45871,1
45872,0.89958138238839
45873,1
45874,1
45875,0.9585974058986586
45876,1
45877,1
45878,1
45879,1
45880,0.9989614609837535
45881,1
45882,0.9924049721376991
45883,1
45884,0.9215481318859035
45885,0.9367537762839373
45886,1
45887,0.9698976252633799
45888,1
45889,1
45890,1
45891,1
45892,0.8899019296313001
45893,1
45894,0.9225666260562072
45895,1
45896,1
45897,0.9475888878684422
45898,1
45899,1
45900,1
45901,0.9120639603882625
45902,1
45903,1
45904,1
45905,0.9900744607435069
45906,1
45907,0.6493137078631486
45908,1
45909,1
45910,1
45911,0.869795870679864
45912,0.4156108837578656
45913,0.9031769601480161
45914,1
45915,0.9599794384530133
45916,1
45917,1
45918,1
45919,0.5268707041992922
45920,1
45921,1
45922,1
45923,0.9002571508472601
45924,0.952238581019351
45925,0.9655954342927333
45926,1
45927,1
45928,0.9305068221667988
45929,0.9568601265276199
45930,1
45931,1
45932,1
45933,1
45934,1
45935,1
45936,0.9740504365406069
45937,1
45938,0.9637614054970985
45939,0.9565116537184474
45940,1
45941,1
45942,0.9675066118144694
45943,0.9793989778330905
45944,1
45945,0.5107198662522675
45946,1
45947,1
45948,0.14402390492519107
45949,1
45950,1
45951,1
45952,1
45953,0.8440873589931134
45954,1
45955,1
45956,1
45957,1
45958,1
45959,0.7114797142986
45960,0.8556559590333207
45961,0.9946592700131068
45962,1
45963,0.7008064475582944
45964,1
45965,1
45966,1
45967,1
45968,0.9131024994045092
45969,0.9002571508472601
45970,0.4761577386493327
45971,1
45972,1
45973,0.944667081482042
45974,0.9131024994045092
45975,1
45976,0.6421456291440939
45977,0.9709361642796265
45978,0.952238581019351
45979,1
45980,0.9337559435580941
45981,0.8867443134638314
45982,1
45983,1
45984,1
45985,1
45986,1
45987,0.9178939013644162
45988,0.8722377828085504
45989,1
45990,1
45991,1
45992,1
45993,0.9002571508472601
45994,1
45995,1
45996,1
45997,1
45998,0.9709361642796265
45999,1
46000,1
46001,1
46002,1
46003,0.944667081482042
46004,0.6036586860598084
46005,0.9002571508472601
46006,0.5461317498440643
46007,1
46008,1
46009,0.6521264315759671
46010,0.8977971145732914
46011,0.9248919297584909
46012,0.26899999605500724
46013,0.4084303123008832
46014,0.12446401795831219
46015,0.6801724496321412
46016,1
46017,1
46018,0.9709361642796265
46019,0.960473993748949
46020,1
46021,0.979845370195437
46022,1
46023,0.5310641100899492
46024,1
46025,0.9876612416190321
46026,0.6441073451867333
46027,0.9726303622984966
46028,1
46029,1
46030,1
46031,0.9565116537184474
46032,0.7588512086430399
46033,1
46034,1
46035,1
46036,1
46037,0.8333991296779064
46038,0.8521287194782008
46039,0.9709361642796265
46040,0.9002571508472601
46041,0.9502082267048491
46042,1
46043,1
46044,1
46045,0.9131024994045092
46046,1
46047,0.9072047964950979
46048,1
46049,0.6622451169830714
46050,1
46051,1
46052,1
46053,0.6199686806008506
46054,1
46055,1
46056,0.5865955798156085
46057,0.960473993748949
46058,1
46059,1
46060,1
46061,1
46062,0.9876612416190321
46063,0.92502724894295
46064,1
46065,1
46066,1
46067,1
46068,1
46069,1
46070,0.8116955758747076
46071,1
46072,0.618338034842548
46073,1
46074,0.8870049159510519
46075,1
46076,1
46077,0.9709361642796265
46078,1
46079,0.9553750412366303
46080,1
46081,1
46082,1
46083,1
46084,0.8215293462406078
46085,0.9002571508472601
46086,1
46087,1
46088,1
46089,0.9676523251498593
46090,0.9740504365406069
46091,1
46092,0.9041952259640388
46093,0.8929478695999464
46094,1
46095,1
46096,0.9435758958692533
46097,0.9120639603882625
46098,0.9131024994045092
46099,1
46100,1
46101,0.7760677396851436
46102,1
46103,0.9900744607435069
46104,0.9339736936791678
46105,0.6379418821774652
46106,1
46107,0.964174901191159
46108,1
46109,1
46110,1
46111,1
46112,1
46113,0.9430298953039388
46114,0.9968430762781008
46115,0.7935041661637716
46116,0.8452042579392905
46117,0.9565116537184474
46118,1
46119,1
46120,1
46121,0.952238581019351
46122,0.8436500825884496
46123,1
46124,0.9900744607435069
46125,1
46126,1
46127,0.9989614609837535
46128,1
46129,0.8513223437200496
46130,1
46131,1
46132,1
46133,1
46134,1
46135,1
46136,0.9709361642796265
46137,1
46138,0.9740504365406069
46139,1
46140,1
46141,0.8525493773287814
46142,1
46143,0.9553750412366303
46144,1
46145,1
46146,0.9740504365406069
46147,0.8233994767063256
46148,0.9479509206118093
46149,1
46150,0.9677137996175981
46151,0.6477663650561627
46152,0.9968430762781008
46153,0.8133596502517693
46154,1
46155,0.7340802514146505
46156,1
46157,0.9002571508472601
46158,1
46159,0.8536727480080925
46160,0.915043855920416
46161,1
46162,1
46163,0.5535873070774334
46164,1
46165,1
46166,1
46167,1
46168,0.9565116537184474
46169,0.7237588639884575
46170,0.8611816825101545
46171,0.6539510616865601
46172,1
46173,1
46174,0.8900602352564023
46175,0.8748052070755583
46176,0.9730118975243602
46177,0.9206964670203451
46178,1
46179,1
46180,1
46181,0.9611341153785447
46182,1
46183,1
46184,0.9946592700131068
46185,0.9851578980626085
46186,1
46187,1
46188,0.9634418682056686
46189,0.4236591370118856
46190,1
46191,0.9573170700270499
46192,0.9367537762839373
46193,1
46194,0.9770147563321826
46195,1
46196,1
46197,1
46198,1
46199,1
46200,0.9876612416190321
46201,1
46202,1
46203,0.928927027492889
46204,1
46205,0.7987809727405493
46206,1
46207,1
46208,0.5349013425037383
46209,0.9475888878684422
46210,1
46211,0.8977971145732914
46212,0.9424713473879602
46213,0.9178939013644162
46214,0.9538958067360441
46215,1
46216,0.7691707032174173
46217,1
46218,1
46219,1
46220,1
46221,1
46222,1
46223,0.952238581019351
46224,1
46225,0.979845370195437
46226,0.9552985725628466
46227,1
46228,0.5268707041992922
46229,1
46230,0.8606913872729514
46231,0.275401117416931
46232,0.9968430762781008
46233,0.964174901191159
46234,1
46235,0.9002571508472601
46236,1
46237,0.9824794328812061
46238,1
46239,1
46240,1
46241,1
46242,1
46243,1
46244,0.38544972590180404
46245,1
46246,0.7031914725618558
46247,1
46248,0.39558309155135485
46249,1
46250,0.8015041056581604
46251,1
46252,1
46253,0.9847337307566136
46254,1
46255,1
46256,1
46257,1
46258,1
46259,0.8738843936850044
46260,0.9740504365406069
46261,0.9367537762839373
46262,0.9066462485791192
46263,1
46264,1
46265,0.7099019632906161
46266,0.926547970821864
46267,0.6927587630375773
46268,0.8524957318666111
46269,1
46270,1
46271,0.9002571508472601
46272,1
46273,0.9740504365406069
46274,0.9876612416190321
46275,0.8225413915840324
46276,1
46277,1
46278,1
46279,0.6796703178222205
46280,0.9414328083717136
46281,1
46282,0.9302326597453842
46283,1
46284,0.9131024994045092
46285,0.9770147563321826
46286,1
46287,0.952238581019351
46288,0.9225666260562072
46289,1
46290,0.9709361642796265
46291,1
46292,1
46293,1
46294,1
46295,0.5591807645426188
46296,0.7983772148940907
46297,0.7916426539516063
46298,0.8280297743186754
46299,1
46300,1
46301,1
46302,0.9424713473879602
46303,1
46304,1
46305,0.960473993748949
46306,1
46307,1
46308,1
46309,0.98286877941266
46310,1
46311,1
46312,1
46313,1
46314,1
46315,0.979845370195437
46316,0.5902515151727655
46317,0.5809649968524019
46318,1
46319,1
46320,0.6179055997345697
46321,1
46322,0.8905191379073103
46323,1
46324,0.5865955798156085
46325,0.9475888878684422
46326,1
46327,1
46328,1
46329,1
46330,1
46331,1
46332,1
46333,1
46334,1
46335,0.9637614054970985
46336,0.862469293539203
46337,0.9131024994045092
46338,1
46339,1
46340,1
46341,1
46342,1
46343,0.9698976252633799
46344,1
46345,0.46031439816949343
46346,1
46347,0.7721565761572349
46348,1
46349,0.8467041016565909
46350,1
46351,0.6962644695191798
46352,0.9291941207291375
46353,1
46354,1
46355,1
46356,0.9312277681971551
46357,0.4705808670079857
46358,1
46359,1
46360,1
46361,1
46362,1
46363,0.9225666260562072
46364,0.5532820433897044
46365,1
46366,1
46367,1
46368,1
46369,1
46370,0.9568601265276199
46371,1
46372,0.9152904870696008
46373,1
46374,1
46375,1
46376,1
46377,1
46378,1
46379,0.9687097065537137
46380,0.829671450410515
46381,1
46382,0.9728191396816405
46383,1
46384,0.9475591698130352
46385,0.9417027616904663
46386,0.9924049721376991
46387,0.7359262763079766
46388,0.8308220344016223
46389,0.9825559015549896
46390,0.8478460387157022
46391,1
46392,1
46393,1
46394,1
46395,0.9709361642796265
46396,1
46397,0.9793989778330905
46398,1
46399,0.6508105197811982
46400,1
46401,0.9023096285077571
46402,0.8758105888378835
46403,1
46404,1
46405,1
46406,0.8498610253784903
46407,0.9475888878684422
46408,0.9968430762781008
46409,1
46410,1
46411,0.7935041661637716
46412,0.9002571508472601
46413,1
46414,0.952238581019351
46415,0.9002571508472601
46416,1
46417,0.9687097065537137
46418,0.9989614609837535
46419,1
46420,0.9178939013644162
46421,0.9424713473879602
46422,0.979845370195437
46423,1
46424,1
46425,0.7824912771908518
46426,1
46427,0.9611341153785447
46428,0.9900744607435069
46429,1
46430,0.9876612416190321
46431,1
46432,1
46433,0.9624012717504269
46434,1
46435,1
46436,1
46437,1
46438,0.9455475754457076
46439,1
46440,0.952238581019351
46441,1
46442,0.9367537762839373
46443,1
46444,1
46445,0.9422311037904992
46446,0.5508138003244023
46447,1
46448,1
46449,0.9477800133743295
46450,1
46451,0.9565116537184474
46452,1
46453,1
46454,1
46455,1
46456,0.8713341564061835
46457,1
46458,1
46459,0.9225666260562072
46460,1
46461,1
46462,1
46463,1
46464,0.61173686514586
46465,1
46466,1
46467,1
46468,0.9302326597453842
46469,0.5402137518806734
46470,1
46471,1
46472,1
46473,1
46474,0.7988069083018947
46475,0.7264048992209893
46476,0.8955879474882031
46477,0.9424713473879602
46478,1
46479,0.952238581019351
46480,1
46481,1
46482,0.9730118975243602
46483,0.9475888878684422
46484,1
46485,1
46486,1
46487,1
46488,1
46489,1
46490,1
46491,1
46492,0.809594610000628
46493,1
46494,1
46495,1
46496,1
46497,1
46498,0.9348763195256594
46499,1
46500,1
46501,1
46502,1
46503,0.720142715469449
46504,1
46505,1
46506,1
46507,0.808864016184962
46508,1
46509,1
46510,0.9424713473879602
46511,1
46512,0.9924049721376991
46513,1
46514,0.9676523251498593
46515,0.9676523251498593
46516,0.9900744607435069
46517,1
46518,0.9058776628816252
46519,0.40172318233149845
46520,1
46521,0.9367537762839373
46522,0.9694197284698819
46523,1
46524,1
46525,1
46526,0.9131024994045092
46527,0.9825559015549896
46528,0.9749608736926888
46529,0.9231747452989774
46530,0.5616812510338451
46531,0.9198909061692103
46532,1
46533,1
46534,1
46535,0.8900602352564023
46536,0.9851578980626085
46537,1
46538,0.9740504365406069
46539,1
46540,1
46541,1
46542,1
46543,0.9050934626996813
46544,1
46545,0.3198088959383692
46546,1
46547,0.9475888878684422
46548,0.7595775531874046
46549,1
46550,0.862469293539203
46551,1
46552,1
46553,0.8692683638908403
46554,1
46555,0.6414088201090038
46556,0.9851578980626085
46557,0.9876612416190321
46558,1
46559,0.9676523251498593
46560,0.9131024994045092
46561,1
46562,0.9237463874920943
46563,1
46564,1
46565,0.9740504365406069
46566,1
46567,1
46568,1
46569,1
46570,0.9368072182288353
46571,1
46572,0.6199686806008506
46573,0.9851578980626085
46574,1
46575,1
46576,0.9320508429710392
46577,0.950335142112717
46578,0.9131024994045092
46579,0.8344577019140493
46580,1
46581,0.8774723224153568
46582,1
46583,1
46584,1
46585,0.8003881736700336
46586,1
46587,0.9770147563321826
46588,0.9825559015549896
46589,1
46590,1
46591,1
46592,1
46593,1
46594,0.8824753509013652
46595,1
46596,1
46597,1
46598,0.924648894940108
46599,1
46600,1
46601,1
46602,0.4672542446110927
46603,1
46604,1
46605,0.9770147563321826
46606,0.5535873070774334
46607,1
46608,1
46609,1
46610,0.7983772148940907
46611,1
46612,1
46613,0.9825559015549896
46614,1
46615,0.7957815856173439
46616,1
46617,1
46618,0.8974608360880186
46619,0.8227341369829837
46620,1
46621,1
46622,0.9709361642796265
46623,1
46624,0.9120639603882625
46625,0.8758105888378835
46626,1
46627,0.9825559015549896
46628,1
46629,0.9385884894294859
46630,1
46631,0.9367537762839373
46632,0.7256728338922941
46633,0.9455475754457076
46634,0.952238581019351
46635,1
46636,1
46637,1
46638,0.7108997178680785
46639,1
46640,0.952238581019351
46641,0.9676523251498593
46642,0.9989614609837535
46643,1
46644,1
46645,1
46646,0.9170538670778072
46647,1
46648,0.9730118975243602
46649,1
46650,0.8223406459231449
46651,1
46652,0.8597147096714104
46653,1
46654,0.9900744607435069
46655,1
46656,0.9701406745002382
46657,0.9851578980626085
46658,1
46659,0.8010514548277659
46660,1
46661,0.9002571508472601
46662,0.8636042159300029
46663,0.9475888878684422
46664,1
46665,0.952238581019351
46666,1
46667,0.9676523251498593
46668,1
46669,0.780311511273469
46670,0.47872330117518136
46671,1
46672,0.9465503488521956
46673,1
46674,1
46675,1
46676,1
46677,0.9825559015549896
46678,1
46679,1
46680,0.5408192219768931
46681,1
46682,0.9851578980626085
46683,0.9302326597453842
46684,1
46685,0.4955006714286256
46686,0.9709361642796265
46687,0.9002571508472601
46688,0.6414088201090038
46689,1
46690,1
46691,1
46692,1
46693,0.7967402660952321
46694,0.8955850592197345
46695,1
46696,0.960473993748949
46697,1
46698,1
46699,0.9876612416190321
46700,0.747684142572181
46701,1
46702,0.8797781469528275
46703,1
46704,0.9475888878684422
46705,1
46706,0.9989614609837535
46707,1
46708,1
46709,1
46710,1
46711,1
46712,1
46713,0.8424575322254177
46714,0.275401117416931
46715,1
46716,0.8278179982073569
46717,0.862469293539203
46718,1
46719,1
46720,0.8974608360880186
46721,1
46722,0.9701406745002382
46723,1
46724,1
46725,1
46726,1
46727,1
46728,1
46729,1
46730,0.45249158364990466
46731,1
46732,0.9131024994045092
46733,1
46734,1
46735,1
46736,1
46737,0.5247847564055527
46738,1
46739,0.9165991464793745
46740,0.9823205116321391
46741,1
46742,1
46743,1
46744,1
46745,1
46746,1
46747,1
46748,1
46749,1
46750,0.67403231875312
46751,1
46752,0.878660688398442
46753,1
46754,0.650536848828979
46755,1
46756,0.9393144236660609
46757,0.839571574513321
46758,1
46759,1
46760,0.8735167595865019
46761,1
46762,1
46763,1
46764,0.7010299559397145
46765,1
46766,0.9131024994045092
46767,1
46768,1
46769,1
46770,1
46771,0.21434819338525982
46772,1
46773,0.9946592700131068
46774,1
46775,0.9851578980626085
46776,0.8758105888378835
46777,0.9328846077448727
46778,1
46779,0.9770147563321826
46780,1
46781,1
46782,0.9876612416190321
46783,0.9475888878684422
46784,0.9414328083717136
46785,1
46786,1
46787,0.7541013365743318
46788,1
46789,0.9367537762839373
46790,0.9900744607435069
46791,0.9676523251498593
46792,1
46793,0.8572846399567644
46794,0.952238581019351
46795,0.9876612416190321
46796,1
46797,0.5865955798156085
46798,0.960473993748949
46799,0.6185872262717712
46800,0.8528253451700663
46801,1
46802,1
46803,1
46804,0.964174901191159
46805,0.7307597926823625
46806,0.8024842537927155
46807,0.9876612416190321
46808,1
46809,0.9178939013644162
46810,0.8955879474882031
46811,1
46812,1
46813,0.9798171680757152
46814,1
46815,1
46816,0.8772719071794428
46817,0.9502082267048491
46818,1
46819,1
46820,0.9770147563321826
46821,1
46822,1
46823,1
46824,1
46825,1
46826,0.9770147563321826
46827,0.960473993748949
46828,1
46829,0.8169729628667067
46830,1
46831,0.9100780299408213
46832,0.8536727480080925
46833,1
46834,0.9252948721755743
46835,1
46836,0.9989614609837535
46837,0.8758105888378835
46838,1
46839,1
46840,0.9770147563321826
46841,1
46842,1
46843,1
46844,0.9594354547327026
46845,1
46846,1
46847,0.655899524271714
46848,1
46849,1
46850,1
46851,1
46852,0.791277070171216
46853,0.8903316115907669
46854,1
46855,0.9770147563321826
46856,0.9946592700131068
46857,1
46858,0.9851578980626085
46859,0.950335142112717
46860,1
46861,0.7559489437219912
46862,0.9169856474673964
46863,0.952238581019351
46864,0.9352501294874744
46865,0.9292533373515337
46866,1
46867,0.8725379541372117
46868,0.8384286239812901
46869,0.6329278152107289
46870,1
46871,0.806562638279424
46872,1
46873,1
46874,0.9876612416190321
46875,1
46876,1
46877,0.791277070171216
46878,0.5832555245489736
46879,1
46880,1
46881,0.43613625831025743
46882,1
46883,1
46884,0.7444193601985148
46885,1
46886,0.9675066118144694
46887,1
46888,1
46889,0.7845608235756818
46890,0.9102278676752396
46891,1
46892,0.882471240764735
46893,0.8651089792710435
46894,1
46895,1
46896,0.9968430762781008
46897,0.9154832449123204
46898,0.7853450939330584
46899,0.9900744607435069
46900,0.7607959557882851
46901,1
46902,1
46903,1
46904,0.7494617869306864
46905,1
46906,1
46907,1
46908,1
46909,1
46910,1
46911,0.9475888878684422
46912,1
46913,1
46914,0.8452042579392905
46915,1
46916,0.8096189483597905
46917,1
46918,1
46919,1
46920,1
46921,0.9989614609837535
46922,0.8304898105926442
46923,0.9594354547327026
46924,0.7856482009127511
46925,0.4155047573348119
46926,0.964174901191159
46927,1
46928,1
46929,1
46930,1
46931,1
46932,0.9851578980626085
46933,1
46934,1
46935,0.7312285596431632
46936,1
46937,1
46938,1
46939,1
46940,1
46941,1
46942,1
46943,1
46944,1
46945,1
46946,1
46947,1
46948,0.8337760979479868
46949,1
46950,0.7704521982174638
46951,0.8951034737452183
46952,0.6542139681225959
46953,1
46954,0.862469293539203
46955,1
46956,0.9876612416190321
46957,0.6116250724105741
46958,1
46959,1
46960,0.9302326597453842
46961,0.8955879474882031
46962,1
46963,0.8325319929689246
46964,1
46965,1
46966,1
46967,1
46968,1
46969,0.9084424809057878
46970,0.460275083645991
46971,0.9305620902590541
46972,0.952238581019351
46973,0.8322268604856979
46974,1
46975,1
46976,1
46977,0.9738578326102835
46978,1
46979,1
46980,1
46981,0.9517939502087364
46982,0.9225666260562072
46983,0.9373964790819593
46984,0.8758105888378835
46985,1
46986,1
46987,1
46988,1
46989,0.9565116537184474
46990,0.8042632477528149
46991,0.9301447894234319
46992,0.9293888844095677
46993,0.8132088294715751
46994,1
46995,0.9709361642796265
46996,0.7914077173235122
46997,0.703001610955061
46998,1
46999,0.7809880175463485
47000,1
47001,1
47002,1
47003,1
47004,1
47005,1
47006,0.9825559015549896
47007,1
47008,1
47009,0.7793354306219147
47010,1
47011,1
47012,1
47013,0.275401117416931
47014,0.9900744607435069
47015,0.8392150989116788
47016,1
47017,0.9770147563321826
47018,1
47019,0.9851578980626085
47020,1
47021,1
47022,1
47023,1
47024,1
47025,1
47026,1
47027,0.9302326597453842
47028,1
47029,0.9077245241188157
47030,0.9900744607435069
47031,1
47032,0.9851578980626085
47033,0.9244150179029693
47034,0.9946592700131068
47035,1
47036,1
47037,1
47038,0.9206865549096062
47039,1
47040,1
47041,0.9475888878684422
47042,0.4368079598092879
47043,1
47044,0.952238581019351
47045,1
47046,1
47047,1
47048,1
47049,1
47050,0.8701555139246495
47051,1
47052,0.9851578980626085
47053,1
47054,0.21434819338525982
47055,1
47056,0.7953213355843822
47057,1
47058,1
47059,1
47060,0.7904761020533267
47061,1
47062,0.8091820118692014
47063,0.9968430762781008
47064,1
47065,0.914723355683615
47066,0.9851578980626085
47067,1
47068,0.9968430762781008
47069,0.9699198309389441
47070,1
47071,0.628867025486735
47072,1
47073,0.9475888878684422
47074,0.8830406198051564
47075,0.9946592700131068
47076,1
47077,1
47078,0.9101236725378196
47079,0.9709361642796265
47080,0.979845370195437
47081,0.9131024994045092
47082,1
47083,0.9936207309968602
47084,1
47085,1
47086,1
47087,0.960473993748949
47088,0.9770147563321826
47089,1
47090,1
47091,0.7815895991035492
47092,1
47093,0.9178939013644162
47094,1
47095,0.9474976953452965
47096,1
47097,1
47098,1
47099,1
47100,0.9002571508472601
47101,1
47102,1
47103,0.8981373423608981
47104,1
47105,0.8758105888378835
47106,0.9989614609837535
47107,1
47108,0.5969132897356682
47109,0.9989614609837535
47110,0.7614348743621632
47111,0.8536727480080925
47112,1
47113,0.9989614609837535
47114,0.9633411364173258
47115,1
47116,1
47117,0.9302326597453842
47118,0.9924049721376991
47119,1
47120,1
47121,1
47122,0.9002571508472601
47123,1
47124,1
47125,0.9475888878684422
47126,1
47127,0.9851578980626085
47128,1
47129,1
47130,0.9924049721376991
47131,1
47132,1
47133,1
47134,0.5718488288649705
47135,0.9314101580285756
47136,0.7979915110564277
47137,1
47138,0.9825559015549896
47139,1
47140,1
47141,0.9770147563321826
47142,1
47143,0.9851578980626085
47144,1
47145,0.27958569611203415
47146,1
47147,1
47148,0.8924931825839564
47149,1
47150,0.6716084227884679
47151,0.979845370195437
47152,1
47153,0.9820009743407091
47154,1
47155,0.91376853261612
47156,1
47157,0.8033214506105759
47158,1
47159,1
47160,1
47161,0.6801724496321412
47162,0.9403193639443862
47163,0.9900744607435069
47164,0.9924049721376991
47165,0.9475888878684422
47166,1
47167,1
47168,0.9740504365406069
47169,1
47170,1
47171,0.9002571508472601
47172,1
47173,1
47174,1
47175,0.9505484544924561
47176,1
47177,0.9924049721376991
47178,0.6911811978655955
47179,1
47180,1
47181,1
47182,0.9565116537184474
47183,1
47184,1
47185,0.9302326597453842
47186,0.9876612416190321
47187,0.9876612416190321
47188,0.9504808575244802
47189,1
47190,1
47191,1
47192,0.6458177994912093
47193,1
47194,0.9206865549096062
47195,1
47196,1
47197,1
47198,1
47199,1
47200,0.9043802298602983
47201,1
47202,1
47203,1
47204,1
47205,0.9305068221667988
47206,0.930371619012329
47207,1
47208,1
47209,0.9178939013644162
47210,0.9504808575244802
47211,0.9475888878684422
47212,0.9442675797146287
47213,0.964174901191159
47214,1
47215,1
47216,0.6780457817008168
47217,1
47218,0.7760677396851436
47219,0.8627746412826853
47220,1
47221,0.9876612416190321
47222,1
47223,1
47224,0.6521264315759671
47225,1
47226,0.944667081482042
47227,0.9131024994045092
47228,1
47229,1
47230,1
47231,1
47232,0.9538958067360441
47233,0.7912290592814128
47234,1
47235,1
47236,0.9553135667688916
47237,1
47238,0.17531456448319846
47239,1
47240,0.8567688045657073
47241,0.8810005770709346
47242,0.9595706578871724
47243,1
47244,0.9936207309968602
47245,1
47246,1
47247,1
47248,1
47249,0.952238581019351
47250,1
47251,1
47252,0.9367537762839373
47253,0.8456483075359762
47254,1
47255,0.9676523251498593
47256,0.9924049721376991
47257,0.9740504365406069
47258,0.9851578980626085
47259,0.9010995041225268
47260,1
47261,1
47262,0.8003881736700336
47263,1
47264,1
47265,0.9565116537184474
47266,1
47267,0.8669864360293214
47268,1
47269,0.9851578980626085
47270,1
47271,1
47272,0.9518361428101912
47273,1
47274,1
47275,0.9770147563321826
47276,0.275401117416931
47277,0.9512000420031044
47278,0.952238581019351
47279,0.9770147563321826
47280,1
47281,1
47282,0.9637614054970985
47283,0.8828130524022498
47284,1
47285,0.8168319236529038
47286,1
47287,0.9002571508472601
47288,1
47289,1
47290,1
47291,1
47292,0.9006740900232844
47293,1
47294,1
47295,0.8758105888378835
47296,0.8758105888378835
47297,1
47298,1
47299,0.8498610253784903
47300,1
47301,0.9291587484216365
47302,1
47303,1
47304,1
47305,0.960473993748949
47306,0.9002571508472601
47307,1
47308,0.9851578980626085
47309,1
47310,1
47311,0.9730118975243602
47312,1
47313,1
47314,1
47315,0.9051410752309912
47316,0.9002571508472601
47317,1
47318,1
47319,1
47320,0.960473993748949
47321,0.9709361642796265
47322,1
47323,1
47324,0.9946592700131068
47325,1
47326,1
47327,0.9120639603882625
47328,0.9367537762839373
47329,1
47330,1
47331,0.2773007293692748
47332,0.46072856505865367
47333,0.9946592700131068
47334,1
47335,1
47336,1
47337,0.9146770915901851
47338,1
47339,0.6211806136381063
47340,1
47341,0.2426719729727812
47342,0.960473993748949
47343,1
47344,1
47345,0.6546482483180747
47346,1
47347,0.7312285596431632
47348,1
47349,0.9770147563321826
47350,1
47351,1
47352,1
47353,1
47354,0.934524430289556
47355,1
47356,0.8217852378872208
47357,1
47358,1
47359,0.9223167175833974
47360,1
47361,0.1478345244404042
47362,1
47363,0.9676523251498593
47364,0.4844438480770324
47365,0.9740504365406069
47366,0.9219116743465456
47367,0.9637614054970985
47368,1
47369,0.9594354547327026
47370,1
47371,1
47372,1
47373,1
47374,1
47375,0.964174901191159
47376,1
47377,0.9510651928727897
47378,0.8306079436843568
47379,1
47380,1
47381,1
47382,0.6723862908731463
47383,0.9676523251498593
47384,1
47385,0.6760552183430579
47386,0.7511391005432554
47387,0.9876612416190321
47388,0.5866390120758479
47389,0.9989614609837535
47390,1
47391,1
47392,1
47393,1
47394,0.949265098665319
47395,1
47396,0.8376536299292195
47397,0.7496837445762397
47398,1
47399,1
47400,1
47401,1
47402,0.9414866294351508
47403,1
47404,1
47405,0.9851578980626085
47406,0.9900744607435069
47407,1
47408,1
47409,0.6202689404603559
47410,1
47411,0.9900744607435069
47412,0.9367537762839373
47413,0.9740504365406069
47414,0.9676523251498593
47415,0.9553750412366303
47416,0.5014660314842384
47417,0.7983772148940907
47418,1
47419,0.9876612416190321
47420,0.9876612416190321
47421,0.9900744607435069
47422,1
47423,0.9632829469566015
47424,1
47425,1
47426,1
47427,1
47428,1
47429,0.7983772148940907
47430,1
47431,1
47432,1
47433,1
47434,0.9989614609837535
47435,0.9594354547327026
47436,1
47437,0.9424713473879602
47438,1
47439,0.9924049721376991
47440,1
47441,1
47442,0.4897899237201821
47443,1
47444,1
47445,0.8169729628667067
47446,0.9565116537184474
47447,1
47448,1
47449,0.9825559015549896
47450,1
47451,1
47452,1
47453,1
47454,1
47455,0.952238581019351
47456,1
47457,1
47458,1
47459,0.8798874929141096
47460,0.979845370195437
47461,1
47462,1
47463,1
47464,0.9131024994045092
47465,0.9825559015549896
47466,1
47467,1
47468,0.9367537762839373
47469,1
47470,1
47471,0.8452042579392905
47472,1
47473,1
47474,1
47475,1
47476,0.9676523251498593
47477,1
47478,1
47479,1
47480,1
47481,0.8955879474882031
47482,1
47483,1
47484,1
47485,1
47486,0.862469293539203
47487,1
47488,1
47489,0.9968430762781008
47490,1
47491,1
47492,0.8536727480080925
47493,1
47494,1
47495,0.8486357886942472
47496,1
47497,1
47498,1
47499,1
47500,1
47501,1
47502,0.8673033184036306
47503,1
47504,0.9120639603882625
47505,1
47506,1
47507,1
47508,0.9399938600061414
47509,1
47510,1
47511,0.9946592700131068
47512,0.9709361642796265
47513,0.9800662137567313
47514,1
47515,1
47516,1
47517,0.9502082267048491
47518,1
47519,1
47520,1
47521,1
47522,0.9989614609837535
47523,0.9676523251498593
47524,0.964174901191159
47525,1
47526,1
47527,1
47528,1
47529,0.9913664331214527
47530,1
47531,0.5748699585800554
47532,1
47533,1
47534,0.9270757360234848
47535,1
47536,1
47537,0.38544972590180404
47538,0.8879183924662923
47539,1
47540,0.9206865549096062
47541,0.952238581019351
47542,0.915043855920416
47543,0.9851578980626085
47544,1
47545,1
47546,1
47547,0.6356289131334654
47548,1
47549,1
47550,0.952238581019351
47551,1
47552,1
47553,0.9002571508472601
47554,0.21434819338525982
47555,1
47556,0.8902189512060666
47557,1
47558,1
47559,1
47560,1
47561,0.556156675118974
47562,0.8634825731764065
47563,0.987064242150806
47564,1
47565,0.9565116537184474
47566,1
47567,0.960473993748949
47568,0.9302326597453842
47569,1
47570,0.9770147563321826
47571,1
47572,0.960473993748949
47573,1
47574,0.862469293539203
47575,1
47576,1
47577,0.9170538670778072
47578,0.9424713473879602
47579,1
47580,1
47581,0.952238581019351
47582,1
47583,1
47584,1
47585,1
47586,0.9374887500811317
47587,1
47588,1
47589,0.9479509206118093
47590,1
47591,0.7876756053272508
47592,1
47593,1
47594,1
47595,1
47596,1
47597,0.9169856474673964
47598,0.9131024994045092
47599,0.747684142572181
47600,1
47601,0.7856512508029162
47602,1
47603,1
47604,0.7909638043415932
47605,1
47606,1
47607,0.2773007293692748
47608,1
47609,0.9347944825743407
47610,1
47611,1
47612,0.9851578980626085
47613,0.9676523251498593
47614,0.1478345244404042
47615,1
47616,0.8555738467924694
47617,0.9475888878684422
47618,1
47619,0.786553265333037
47620,1
47621,1
47622,1
47623,0.8650379734441676
47624,1
47625,1
47626,1
47627,0.5737293649284516
47628,0.7263057493145607
47629,1
47630,1
47631,0.9924049721376991
47632,0.8696141531229564
47633,1
47634,0.9302326597453842
47635,0.9169759875965041
47636,1
47637,0.8593204023401445
47638,1
47639,1
47640,1
47641,1
47642,1
47643,1
47644,1
47645,0.9225666260562072
47646,1
47647,1
47648,1
47649,0.7468244840071132
47650,1
47651,1
47652,0.7129349554230175
47653,1
47654,0.4844438480770324
47655,0.9851578980626085
47656,1
47657,0.873785569173994
47658,1
47659,1
47660,1
47661,1
47662,0.9131024994045092
47663,1
47664,1
47665,1
47666,1
47667,1
47668,1
47669,0.9777357023625389
47670,1
47671,1
47672,1
47673,0.9178939013644162
47674,0.8189414589604984
47675,0.8024842537927155
47676,1
47677,0.9900744607435069
47678,0.7485850029206179
47679,1
47680,1
47681,0.9740504365406069
47682,0.7008064475582944
47683,0.9958045372618541
47684,1
47685,1
47686,1
47687,1
47688,1
47689,0.8395389220625701
47690,1
47691,0.9051175469059993
47692,1
47693,1
47694,1
47695,0.9131024994045092
47696,0.8955879474882031
47697,0.5264303527472347
47698,1
47699,0.9968430762781008
47700,1
47701,1
47702,1
47703,1
47704,0.7732786234596324
47705,1
47706,1
47707,1
47708,1
47709,1
47710,0.9851578980626085
47711,1
47712,0.9825559015549896
47713,1
47714,1
47715,0.952238581019351
47716,1
47717,1
47718,0.9740504365406069
47719,1
47720,0.9131024994045092
47721,1
47722,0.9072047964950979
47723,1
47724,1
47725,1
47726,0.9740504365406069
47727,1
47728,1
47729,0.8148781441113205
47730,0.9367537762839373
47731,1
47732,0.8395389220625701
47733,0.979845370195437
47734,0.675987575949328
47735,1
47736,0.9382758846498143
47737,0.9002571508472601
47738,1
47739,1
47740,1
47741,1
47742,1
47743,0.9465861144619542
47744,0.862469293539203
47745,0.9624012717504269
47746,1
47747,0.5508138003244023
47748,1
47749,1
47750,0.622720993507187
47751,1
47752,1
47753,1
47754,0.6103995215207348
47755,1
47756,0.7257293607171188
47757,1
47758,1
47759,1
47760,0.9424713473879602
47761,0.9770147563321826
47762,0.8748052070755583
47763,1
47764,1
47765,0.9968430762781008
47766,0.979845370195437
47767,0.9424713473879602
47768,0.9770147563321826
47769,0.9002571508472601
47770,1
47771,0.987064242150806
47772,0.9475888878684422
47773,0.9740504365406069
47774,1
47775,0.8978849848952436
47776,1
47777,1
47778,0.960473993748949
47779,1
47780,1
47781,1
47782,1
47783,0.6639769377851423
47784,1
47785,0.9815173625387432
47786,0.522362459386667
47787,0.7259384265497498
47788,0.9825559015549896
47789,1
47790,1
47791,1
47792,1
47793,1
47794,0.9225666260562072
47795,1
47796,1
47797,0.8758105888378835
47798,0.9968430762781008
47799,0.9127125747683001
47800,0.9722503423331362
47801,0.9504808575244802
47802,0.8640649230227178
47803,0.9924049721376991
47804,0.9117637890596012
47805,0.3024204640740303
47806,1
47807,0.960473993748949
47808,1
47809,1
47810,1
47811,1
47812,1
47813,1
47814,0.9815173625387432
47815,1
47816,1
47817,0.9442411149478904
47818,0.934718013900557
47819,0.8399854900290427
47820,0.9002571508472601
47821,1
47822,0.5174896729580009
47823,1
47824,1
47825,1
47826,1
47827,0.9900744607435069
47828,1
47829,1
47830,1
47831,1
47832,0.9851578980626085
47833,1
47834,0.9002571508472601
47835,0.9484563830190151
47836,0.9989614609837535
47837,1
47838,1
47839,1
47840,1
47841,1
47842,1
47843,0.9565116537184474
47844,0.9479509206118093
47845,0.6798520443850907
47846,0.9445213681466521
47847,1
47848,0.924648894940108
47849,1
47850,1
47851,1
47852,0.8075100603410523
47853,1
47854,1
47855,1
47856,1
47857,1
47858,0.8322268604856979
47859,1
47860,1
47861,1
47862,1
47863,1
47864,1
47865,1
47866,0.979845370195437
47867,0.9165991464793745
47868,0.9375423086533208
47869,1
47870,0.9241639788683065
47871,1
47872,0.9504808575244802
47873,1
47874,1
47875,1
47876,0.748606031980427
47877,1
47878,0.979845370195437
47879,0.9825559015549896
47880,1
47881,1
47882,1
47883,0.8758105888378835
47884,1
47885,0.9847337307566136
47886,0.9847337307566136
47887,0.9694197284698819
47888,0.33506242378142176
47889,1
47890,1
47891,1
47892,0.9002571508472601
47893,1
47894,1
47895,1
47896,0.974504640208544
47897,0.9131024994045092
47898,0.9610106250231334
47899,0.9027633906206448
47900,1
47901,0.755991738359142
47902,0.7586236412401334
47903,1
47904,1
47905,0.944667081482042
47906,0.6584511101279265
47907,1
47908,1
47909,0.8782697446559555
47910,1
47911,0.9318272263410183
47912,0.9924049721376991
47913,1
47914,1
47915,0.9924049721376991
47916,1
47917,1
47918,1
47919,1
47920,1
47921,1
47922,1
47923,0.9424713473879602
47924,1
47925,0.882471240764735
47926,0.9367537762839373
47927,0.788821606235062
47928,0.6417123740439841
47929,0.8758105888378835
47930,1
47931,0.9424713473879602
47932,1
47933,0.8280491698572346
47934,0.9900744607435069
47935,0.9740504365406069
47936,0.9946592700131068
47937,1
47938,0.8607311445962091
47939,0.9946592700131068
47940,0.3557190788526975
47941,1
47942,0.9924049721376991
47943,0.9876612416190321
47944,1
47945,0.7399165109448487
47946,0.9825559015549896
47947,0.854546675848951
47948,0.9637614054970985
47949,1
47950,1
47951,0.678264765346475
47952,1
47953,1
47954,1
47955,1
47956,1
47957,0.8166501243236343
47958,0.40987534658270874
47959,0.8304898105926442
47960,0.952238581019351
47961,0.9770147563321826
47962,0.895626808057481
47963,1
47964,0.8125643651218207
47965,0.9225666260562072
47966,0.9823205116321391
47967,1
47968,1
47969,0.9225666260562072
47970,1
47971,1
47972,0.7916426539516063
47973,0.8830406198051564
47974,0.40962868676094516
47975,1
47976,0.8582589079058008
47977,1
47978,1
47979,0.9318272263410183
47980,1
47981,0.979845370195437
47982,0.9740504365406069
47983,0.9002571508472601
47984,1
47985,0.8590704938673346
47986,1
47987,1
47988,1
47989,0.9225666260562072
47990,1
47991,0.979845370195437
47992,1
47993,0.9968430762781008
47994,1
47995,1
47996,0.8981373423608981
47997,0.7169445949821192
47998,1
47999,1
48000,1
48001,1
48002,1
48003,0.9002571508472601
48004,1
48005,1
48006,0.6103995215207348
48007,1
48008,0.9044844249354965
48009,0.12446401795831219
48010,0.905122527611197
48011,0.8992186118310135
48012,0.8896268455083299
48013,1
48014,0.9382758846498143
48015,1
48016,1
48017,0.9900744607435069
48018,0.8452042579392905
48019,1
48020,1
48021,1
48022,1
48023,1
48024,1
48025,1
48026,0.8907066534943333
48027,0.275401117416931
48028,0.9585974058986586
48029,1
48030,1
48031,1
48032,1
48033,0.38544972590180404
48034,1
48035,1
48036,0.7720329771084448
48037,1
48038,1
48039,0.9424713473879602
48040,0.8168131163551896
48041,0.937130617401067
48042,0.6089332392434664
48043,0.8493388081447117
48044,1
48045,0.9565798733288582
48046,1
48047,1
48048,0.9002571508472601
48049,0.8801025210426973
48050,1
48051,0.38544972590180404
48052,1
48053,1
48054,1
48055,1
48056,0.952238581019351
48057,0.9505484544924561
48058,1
48059,1
48060,0.92502724894295
48061,0.613855676395088
48062,0.9302326597453842
48063,1
48064,0.9163315442381513
48065,1
48066,0.960473993748949
48067,1
48068,1
48069,1
48070,1
48071,1
48072,0.9946592700131068
48073,1
48074,0.960473993748949
48075,1
48076,0.9876612416190321
48077,0.9989614609837535
48078,1
48079,0.6114057962278361
48080,0.9825559015549896
48081,0.9126389259700927
48082,1
48083,1
48084,1
48085,0.910804212824544
48086,1
48087,1
48088,1
48089,1
48090,0.9900744607435069
48091,1
48092,0.9676523251498593
48093,0.9869175370216076
48094,0.7760677396851436
48095,0.9300386026942412
48096,1
48097,1
48098,0.9367537762839373
48099,1
48100,1
48101,0.9173932097022159
48102,1
48103,0.9475888878684422
48104,1
48105,1
48106,0.9924049721376991
48107,0.9131024994045092
48108,1
48109,1
48110,0.7804660666553731
48111,1
48112,0.9131024994045092
48113,1
48114,0.9946592700131068
48115,0.960473993748949
48116,1
48117,1
48118,0.9876612416190321
48119,0.5402137518806734
48120,1
48121,0.9169856474673964
48122,0.9027633906206448
48123,1
48124,0.5843818398381908
48125,0.9088419826732012
48126,1
48127,1
48128,0.9633411364173258
48129,1
48130,1
48131,1
48132,1
48133,0.9565116537184474
48134,0.9824794328812061
48135,0.9989614609837535
48136,0.8225413915840324
48137,0.13753355130540937
48138,1
48139,0.9367537762839373
48140,1
48141,0.9900744607435069
48142,1
48143,1
48144,0.9002571508472601
48145,1
48146,1
48147,0.5652959962438696
48148,1
48149,1
48150,1
48151,1
48152,0.7984880378856292
48153,1
48154,1
48155,1
48156,1
48157,1
48158,0.9302326597453842
48159,0.974504640208544
48160,1
48161,1
48162,1
48163,0.666731671704558
48164,0.9740504365406069
48165,0.964174901191159
48166,1
48167,1
48168,1
48169,0.8536727480080925
48170,0.7166671878905722
48171,0.8679094759971194
48172,0.8998274688877933
48173,0.9293888844095677
48174,0.47754368074681497
48175,1
48176,0.9924049721376991
48177,0.6850848380429392
48178,0.275401117416931
48179,1
48180,1
48181,1
48182,1
48183,0.622720993507187
48184,0.9824794328812061
48185,0.8758105888378835
48186,0.8674797940376524
48187,1
48188,0.7468244840071132
48189,1
48190,1
48191,1
48192,1
48193,1
48194,1
48195,1
48196,1
48197,1
48198,1
48199,1
48200,1
48201,0.8673129351290911
48202,0.4844438480770324
48203,1
48204,0.9407256971419584
48205,1
48206,1
48207,0.7082293008608821
48208,1
48209,1
48210,1
48211,1
48212,0.9851578980626085
48213,0.768381327836515
48214,0.9302326597453842
48215,1
48216,1
48217,1
48218,0.9424713473879602
48219,1
48220,1
48221,0.8772719071794428
48222,0.8248740937343428
48223,0.9367537762839373
48224,1
48225,1
48226,1
48227,1
48228,0.8695005622149877
48229,1
48230,1
48231,1
48232,0.9510651928727897
48233,1
48234,0.7691707032174173
48235,1
48236,1
48237,1
48238,1
48239,0.9740504365406069
48240,1
48241,1
48242,1
48243,1
48244,0.9924049721376991
48245,1
48246,0.8727040071333443
48247,0.9553135667688916
48248,1
48249,1
48250,0.9675066118144694
48251,1
48252,0.3345004607198909
48253,0.6483044964094132
48254,1
48255,1
48256,0.8972277700328865
48257,1
48258,1
48259,0.7390410705733232
48260,0.7435923099971533
48261,0.979845370195437
48262,0.9302326597453842
48263,1
48264,1
48265,1
48266,0.8955879474882031
48267,0.8929196674802246
48268,1
48269,0.6801724496321412
48270,1
48271,1
48272,1
48273,1
48274,0.6542139681225959
48275,0.7117847265616775
48276,1
48277,0.9709361642796265
48278,0.8365812451717305
48279,0.9022652348758942
48280,1
48281,1
48282,1
48283,0.9131024994045092
48284,0.6144591078728968
48285,1
48286,0.8572846399567644
48287,0.9490901914163987
48288,1
48289,1
48290,0.9851578980626085
48291,1
48292,1
48293,1
48294,0.5865955798156085
48295,1
48296,1
48297,1
48298,0.6414088201090038
48299,1
48300,1
48301,1
48302,1
48303,1
48304,0.39106635148455415
48305,1
48306,1
48307,0.8902189512060666
48308,0.9225666260562072
48309,0.9198909061692103
48310,0.9231747452989774
48311,1
48312,0.5883317726265088
48313,1
48314,1
48315,1
48316,1
48317,1
48318,1
48319,1
48320,0.9825559015549896
48321,0.960473993748949
48322,1
48323,0.9644954014279602
48324,0.21526087821524637
48325,1
48326,1
48327,0.8323222425563308
48328,0.9900744607435069
48329,0.9442675797146287
48330,0.9770147563321826
48331,1
48332,0.9740504365406069
48333,0.8536727480080925
48334,1
48335,1
48336,1
48337,0.8713341564061835
48338,0.9573170700270499
48339,1
48340,1
48341,0.9215481318859035
48342,0.9892480484157999
48343,0.9770147563321826
48344,1
48345,1
48346,1
48347,0.8758105888378835
48348,1
48349,1
48350,1
48351,0.9002571508472601
48352,1
48353,0.9968430762781008
48354,1
48355,0.9479509206118093
48356,0.9814408938649595
48357,1
48358,0.9565116537184474
48359,1
48360,1
48361,1
48362,1
48363,0.8982603974671176
48364,0.952238581019351
48365,1
48366,0.9565116537184474
48367,0.3198088959383692
48368,0.9424713473879602
48369,0.8036360514400813
48370,0.9268282370274441
48371,1
48372,1
48373,1
48374,0.9770147563321826
48375,1
48376,1
48377,0.655899524271714
48378,0.275401117416931
48379,1
48380,0.9367537762839373
48381,1
48382,0.9382758846498143
48383,1
48384,1
48385,0.9390702329769974
48386,1
48387,0.9002571508472601
48388,1
48389,1
48390,0.275401117416931
48391,1
48392,0.9187175180226488
48393,1
48394,0.9825559015549896
48395,1
48396,0.9989614609837535
48397,0.9709361642796265
48398,1
48399,1
48400,0.9131024994045092
48401,1
48402,1
48403,1
48404,1
48405,1
48406,1
48407,0.9740504365406069
48408,1
48409,1
48410,0.8669864360293214
48411,1
48412,1
48413,0.9002571508472601
48414,0.9475888878684422
48415,1
48416,1
48417,1
48418,0.9585974058986586
48419,1
48420,1
48421,1
48422,1
48423,1
48424,0.8536727480080925
48425,1
48426,0.979845370195437
48427,0.6598100619063684
48428,0.9131024994045092
48429,0.9900744607435069
48430,1
48431,1
48432,0.9293307934000877
48433,0.960473993748949
48434,0.9740504365406069
48435,0.8758105888378835
48436,1
48437,0.8634718304569158
48438,1
48439,1
48440,0.7691707032174173
48441,0.9740504365406069
48442,1
48443,1
48444,1
48445,0.8856851857812205
48446,0.8367008025532935
48447,1
48448,1
48449,0.17636810395348448
48450,1
48451,1
48452,0.884074864543086
48453,1
48454,0.882471240764735
48455,1
48456,0.9424713473879602
48457,1
48458,0.9851578980626085
48459,1
48460,1
48461,0.8758105888378835
48462,1
48463,1
48464,0.9675066118144694
48465,1
48466,0.21434819338525982
48467,1
48468,1
48469,0.8879183924662923
48470,1
48471,1
48472,1
48473,0.8758105888378835
48474,0.9709361642796265
48475,1
48476,1
48477,1
48478,0.9385884894294859
48479,1
48480,0.9131024994045092
48481,0.9709361642796265
48482,1
48483,0.9554731147022008
48484,1
48485,0.8994293147388439
48486,1
48487,1
48488,1
48489,1
48490,1
48491,1
48492,1
48493,1
48494,1
48495,1
48496,1
48497,1
48498,1
48499,0.275401117416931
48500,0.9554404821767595
48501,1
48502,0.8679094759971194
48503,0.8518199634077411
48504,1
48505,1
48506,0.9900744607435069
48507,1
48508,1
48509,0.98286877941266
48510,1
48511,1
48512,1
48513,1
48514,0.9664554086783061
48515,1
48516,0.7856512508029162
48517,1
48518,0.8747617910558042
48519,1
48520,1
48521,1
48522,1
48523,1
48524,0.14402390492519107
48525,0.979845370195437
48526,1
48527,0.8494595233183936
48528,0.9900744607435069
48529,1
48530,0.9876612416190321
48531,1
48532,1
48533,0.960473993748949
48534,0.805850461863159
48535,0.3844760711065315
48536,0.8854150489098684
48537,1
48538,1
48539,1
48540,0.7628349328029561
48541,1
48542,1
48543,1
48544,1
48545,1
48546,1
48547,0.9367537762839373
48548,0.964174901191159
48549,0.9968430762781008
48550,0.5079851605250368
48551,1
48552,1
48553,1
48554,0.8567688045657073
48555,1
48556,1
48557,1
48558,1
48559,1
48560,0.9770147563321826
48561,0.9164134822105101
48562,0.8592913374286288
48563,0.9385884894294859
48564,0.9989614609837535
48565,0.9302326597453842
48566,0.9968430762781008
48567,1
48568,0.9131024994045092
48569,1
48570,1
48571,0.8731117163496501
48572,1
48573,1
48574,1
48575,1
48576,1
48577,0.9215149219764929
48578,1
48579,1
48580,1
48581,1
48582,0.9565116537184474
48583,1
48584,1
48585,0.9367537762839373
48586,1
48587,0.5288965750299304
48588,1
48589,1
48590,1
48591,0.9740504365406069
48592,1
48593,1
48594,1
48595,1
48596,0.9002571508472601
48597,0.8280740975984158
48598,0.9851578980626085
48599,0.8816966216966076
48600,1
48601,1
48602,0.8727040071333443
48603,0.9968430762781008
48604,1
48605,0.8696141531229564
48606,1
48607,0.9087502347377983
48608,0.8305494056583644
48609,1
48610,1
48611,0.944667081482042
48612,1
48613,0.9475888878684422
48614,1
48615,1
48616,1
48617,1
48618,0.6635480818795269
48619,1
48620,1
48621,1
48622,1
48623,1
48624,1
48625,0.9770147563321826
48626,1
48627,1
48628,0.9463007788737433
48629,0.9002571508472601
48630,1
48631,1
48632,0.9385884894294859
48633,1
48634,1
48635,0.9325419462506651
48636,1
48637,0.9968430762781008
48638,1
48639,1
48640,0.9709361642796265
48641,1
48642,1
48643,0.9291941207291375
48644,1
48645,0.8902189512060666
48646,1
48647,0.9770147563321826
48648,1
48649,1
48650,1
48651,1
48652,0.9553750412366303
48653,1
48654,1
48655,1
48656,1
48657,1
48658,0.8068823362814936
48659,1
48660,0.9317193958037601
48661,0.9051410752309912
48662,0.9424713473879602
48663,1
48664,0.9900744607435069
48665,1
48666,0.979845370195437
48667,0.9184338596249231
48668,1
48669,1
48670,1
48671,1
48672,1
48673,1
48674,1
48675,0.9709361642796265
48676,1
48677,1
48678,0.9676523251498593
48679,1
48680,1
48681,0.9566063380955967
48682,1
48683,1
48684,1
48685,0.964174901191159
48686,0.9446435531570502
48687,0.979845370195437
48688,1
48689,1
48690,1
48691,0.9131024994045092
48692,1
48693,1
48694,1
48695,0.9892480484157999
48696,0.952238581019351
48697,0.8436401714129708
48698,0.960473993748949
48699,0.736795298024808
48700,1
48701,1
48702,1
48703,0.9770147563321826
48704,1
48705,0.9577267858933664
48706,1
48707,0.9759762173159362
48708,0.9585974058986586
48709,1
48710,0.9770147563321826
48711,0.8992186118310135
48712,0.9075004718206107
48713,0.39558309155135485
48714,1
48715,0.930371619012329
48716,0.9481352353679813
48717,1
48718,0.4156108837578656
48719,0.7983772148940907
48720,1
48721,1
48722,1
48723,0.8757220175169658
48724,0.9968430762781008
48725,1
48726,0.960473993748949
48727,1
48728,0.7568998273884808
48729,1
48730,1
48731,1
48732,1
48733,0.9851578980626085
48734,1
48735,0.9131024994045092
48736,0.8701547761106398
48737,1
48738,1
48739,1
48740,1
48741,0.9770147563321826
48742,1
48743,1
48744,1
48745,1
48746,1
48747,1
48748,1
48749,0.9709361642796265
48750,1
48751,0.9021706459459967
48752,1
48753,0.8955879474882031
48754,1
48755,0.9417027616904663
48756,0.7468244840071132
48757,0.9968430762781008
48758,1
48759,0.8833041251361328
48760,0.8204516109514508
48761,1
48762,1
48763,0.9812819726158925
48764,0.934718013900557
48765,1
48766,0.9825559015549896
48767,1
48768,0.8542351364475613
48769,0.9198392302015785
48770,1
48771,1
48772,1
48773,0.9800662137567313
48774,0.9565116537184474
48775,1
48776,1
48777,0.9367537762839373
48778,1
48779,1
48780,0.9600572972875585
48781,1
48782,0.8902804256738054
48783,0.8944867389009
48784,1
48785,0.9553750412366303
48786,1
48787,0.960473993748949
48788,1
48789,1
48790,0.9424713473879602
48791,1
48792,0.9749608736926888
48793,0.6521264315759671
48794,0.9946592700131068
48795,0.8779928532097991
48796,1
48797,1
48798,1
48799,1
48800,0.9367537762839373
48801,1
48802,1
48803,1
48804,1
48805,0.9740504365406069
48806,0.7754528856896543
48807,1
48808,1
48809,1
48810,1
48811,1
48812,0.8705175466680164
48813,0.9946592700131068
48814,0.8512522764986227
48815,1
48816,1
48817,1
48818,1
48819,0.7307363582510163
48820,1
48821,1
48822,1
48823,1
48824,1
48825,1
48826,1
48827,0.7857561645204932
48828,1
48829,1
48830,1
48831,0.5776883844571514
48832,1
48833,1
48834,0.4266172013067009
48835,0.1478345244404042
48836,0.8328711306014175
48837,0.7346954184363538
48838,1
48839,0.3345004607198909
48840,1
48841,0.9225666260562072
48842,1
48843,0.9131024994045092
48844,1
48845,0.952238581019351
48846,1
48847,1
48848,0.887601960492403
48849,0.928927027492889
48850,1
48851,1
48852,0.9946592700131068
48853,1
48854,0.702597904909761
48855,1
48856,1
48857,1
48858,0.6116233288469818
48859,1
48860,0.964174901191159
48861,1
48862,1
48863,0.9131024994045092
48864,0.9900744607435069
48865,1
48866,0.9825559015549896
48867,0.8716654681170977
48868,1
48869,0.9131024994045092
48870,1
48871,0.621963860201123
48872,1
48873,0.6996780956090052
48874,0.6303219436746478
48875,1
48876,0.8169729628667067
48877,1
48878,1
48879,1
48880,1
48881,0.9291656949031566
48882,1
48883,0.6780457817008168
48884,1
48885,1
48886,1
48887,0.952238581019351
48888,0.9876612416190321
48889,0.8778651986190539
48890,0.9825559015549896
48891,1
48892,0.9225666260562072
48893,1
48894,1
48895,0.9367537762839373
48896,0.9851578980626085
48897,0.964174901191159
48898,1
48899,1
48900,0.8234980897477686
48901,1
48902,1
48903,1
48904,1
48905,0.8291559762204271
48906,0.7501181762257504
48907,1
48908,0.909176163595525
48909,1
48910,0.9302326597453842
48911,1
48912,1
48913,1
48914,0.7346954184363538
48915,0.9424713473879602
48916,1
48917,0.9225666260562072
48918,0.8365812451717305
48919,0.9403259054085064
48920,0.9565116537184474
48921,0.2741091217441696
48922,1
48923,0.8611816825101545
48924,0.9099455756826098
48925,0.9305620902590541
48926,1
48927,0.9149715981939065
48928,1
48929,0.9740504365406069
48930,1
48931,1
48932,1
48933,1
48934,1
48935,0.7693133791737172
48936,0.9676523251498593
48937,1
48938,1
48939,0.9198909061692103
48940,0.9900744607435069
48941,0.6817584553505182
48942,1
48943,0.8742529311319804
48944,1
48945,0.5865955798156085
48946,1
48947,1
48948,0.952238581019351
48949,1
48950,0.9770147563321826
48951,0.9825559015549896
48952,1
48953,1
48954,1
48955,0.6144591078728968
48956,1
48957,1
48958,1
48959,1
48960,1
48961,0.9302326597453842
48962,1
48963,1
48964,0.8166501243236343
48965,1
48966,0.8879183924662923
48967,1
48968,0.9326478424392656
48969,1
48970,1
48971,1
48972,1
48973,0.6058817818189177
48974,1
48975,1
48976,1
48977,1
48978,1
48979,0.600238763855129
48980,1
48981,1
48982,1
48983,0.9424713473879602
48984,1
48985,0.931413046297044
48986,0.7359262763079766
48987,1
48988,1
48989,0.9581293403384974
48990,1
48991,1
48992,0.9900744607435069
48993,0.9936207309968602
48994,0.6421456291440939
48995,1
48996,1
48997,0.9475888878684422
48998,1
48999,1
49000,1
49001,1
49002,1
49003,0.8994293147388439
49004,1
49005,0.6044415790819324
49006,1
49007,1
49008,1
49009,1
49010,0.9770147563321826
49011,0.9968430762781008
49012,0.7406427352858365
49013,1
49014,1
49015,1
49016,1
49017,0.9367537762839373
49018,1
49019,1
49020,1
49021,0.9147651219813359
49022,1
49023,1
49024,1
49025,0.9131024994045092
49026,1
49027,1
49028,0.9002571508472601
49029,1
49030,0.8091820118692014
49031,0.9002571508472601
49032,1
49033,1
49034,1
49035,0.8827365837284661
49036,0.9946592700131068
49037,1
49038,0.9475888878684422
49039,0.9793989778330905
49040,1
49041,0.960473993748949
49042,0.7468244840071132
49043,1
49044,0.8323222425563308
49045,1
49046,0.726949541167488
49047,0.9676523251498593
49048,0.979845370195437
49049,1
49050,1
49051,0.9946592700131068
49052,0.275401117416931
49053,0.9577267858933664
49054,1
49055,1
49056,1
49057,0.9851578980626085
49058,0.8982603974671176
49059,0.862469293539203
49060,0.9002571508472601
49061,0.9740504365406069
49062,1
49063,0.9475888878684422
49064,1
49065,0.964174901191159
49066,1
49067,0.9900744607435069
49068,0.9823205116321391
49069,1
49070,1
49071,0.9851578980626085
49072,1
49073,1
49074,1
49075,0.4238688884968166
49076,1
49077,0.9225666260562072
49078,0.8567688045657073
49079,0.8440873589931134
49080,0.8452437516674932
49081,0.9900744607435069
49082,1
49083,0.9131024994045092
49084,1
49085,0.7979915110564277
49086,0.9915023462912075
49087,0.8990776854835568
49088,1
49089,0.9968430762781008
49090,0.3146714066338382
49091,1
49092,0.5876267230446393
49093,1
49094,1
49095,1
49096,0.7835351129566991
49097,1
49098,0.8399854900290427
49099,1
49100,1
49101,0.8424575322254177
49102,0.8778651986190539
49103,0.8354347093974412
49104,0.822258507999676
49105,1
49106,0.6103995215207348
49107,1
49108,0.9675066118144694
49109,0.9989614609837535
49110,1
49111,1
49112,0.8603641322077988
49113,0.9187175180226488
49114,1
49115,0.8299730462466616
49116,0.7158882949272881
49117,1
49118,1
49119,1
49120,1
49121,1
49122,1
49123,0.979845370195437
49124,1
49125,1
49126,0.6905225102553156
49127,0.9367537762839373
49128,1
49129,0.952238581019351
49130,1
49131,1
49132,1
49133,1
49134,0.9036926701603347
49135,0.9851578980626085
49136,1
49137,1
49138,1
49139,0.9244150179029693
49140,1
49141,0.9424713473879602
49142,0.5060670867697066
49143,0.9946592700131068
49144,0.8452042579392905
49145,0.8304898105926442
49146,1
49147,1
49148,1
49149,0.937663348611949
49150,1
49151,1
49152,1
49153,1
49154,0.6817584553505182
49155,1
49156,1
49157,0.9900744607435069
49158,0.960473993748949
49159,0.9989614609837535
49160,0.9968430762781008
49161,0.9382758846498143
49162,1
49163,1
49164,1
49165,0.5734191946574574
49166,0.9788068311791907
49167,1
49168,0.9900744607435069
49169,0.9900744607435069
49170,1
49171,0.5564039466279022
49172,1
49173,1
49174,0.9676523251498593
49175,1
49176,0.9244150179029693
49177,1
49178,1
49179,0.9676373309438145
49180,0.9968430762781008
49181,1
49182,1
49183,0.7864215950242645
49184,1
49185,1
49186,0.9225666260562072
49187,1
49188,1
49189,0.9946592700131068
49190,1
49191,0.9709361642796265
49192,1
49193,0.952238581019351
49194,1
49195,0.7398465677894628
49196,1
49197,0.9825559015549896
49198,1
49199,1
49200,1
49201,1
49202,1
49203,0.6338112612032201
49204,1
49205,1
49206,1
49207,1
49208,1
49209,0.964174901191159
49210,0.6521264315759671
49211,1
49212,0.9946592700131068
49213,1
49214,0.9851578980626085
49215,0.9302326597453842
49216,1
49217,0.275401117416931
49218,1
49219,0.9434701650104886
49220,0.979845370195437
49221,0.668038931683549
49222,1
49223,0.8225413915840324
49224,0.9851578980626085
49225,1
49226,0.8758105888378835
49227,0.6414088201090038
49228,1
49229,1
49230,1
49231,1
49232,0.6716084227884679
49233,1
49234,1
49235,0.622720993507187
49236,0.9424713473879602
49237,1
49238,0.9676523251498593
49239,1
49240,1
49241,0.8994293147388439
49242,1
49243,0.952238581019351
49244,1
49245,1
49246,0.9414866294351508
49247,0.7967402660952321
49248,0.9740504365406069
49249,1
49250,0.7545096253416547
49251,1
49252,0.9876612416190321
49253,0.6129525387918542
49254,1
49255,1
49256,1
49257,1
49258,1
49259,1
49260,0.944667081482042
49261,1
49262,0.9676523251498593
49263,1
49264,0.8257427501702287
49265,1
49266,0.6498182952552759
49267,1
49268,1
49269,1
49270,1
49271,1
49272,1
49273,0.7082293008608821
49274,0.9637614054970985
49275,1
49276,0.7541013365743318
49277,0.9475888878684422
49278,1
49279,0.8934282385426928
49280,0.8715482588582779
49281,1
49282,0.8524138566936132
49283,1
49284,1
49285,0.21434819338525982
49286,1
49287,1
49288,1
49289,0.964174901191159
49290,1
49291,1
49292,0.9585974058986586
49293,0.6106983261296134
49294,1
49295,0.40962868676094516
49296,1
49297,1
49298,1
49299,1
49300,0.9080628816173912
49301,1
49302,0.7809880175463485
49303,1
49304,1
49305,1
49306,0.9968430762781008
49307,1
49308,1
49309,0.922001357152416
49310,1
49311,0.9946592700131068
49312,1
49313,1
49314,1
49315,0.9752323588061153
49316,1
49317,1
49318,1
49319,1
49320,1
49321,0.9076899405635637
49322,1
49323,1
49324,0.9573170700270499
49325,0.8699344238124073
49326,1
49327,1
49328,1
49329,0.8498562756884463
49330,1
49331,1
49332,1
49333,1
49334,1
49335,1
49336,1
49337,0.9676523251498593
49338,1
49339,0.9373964790819593
49340,0.9141169917336475
49341,1
49342,0.47012996583884614
49343,0.8994293147388439
49344,0.9367537762839373
49345,1
49346,1
49347,1
49348,0.9924049721376991
49349,1
49350,1
49351,0.9131024994045092
49352,0.9709361642796265
49353,1
49354,1
49355,1
49356,1
49357,1
49358,1
49359,1
49360,0.8074108037356341
49361,0.9740504365406069
49362,1
49363,1
49364,1
49365,0.9770147563321826
49366,0.9225666260562072
49367,0.9989614609837535
49368,0.8696141531229564
49369,0.8058491915321249
49370,1
49371,0.863986269364453
49372,1
49373,0.9475888878684422
49374,1
49375,1
49376,0.9924049721376991
49377,1
49378,0.9225666260562072
49379,1
49380,1
49381,1
49382,1
49383,0.9367537762839373
49384,0.9178939013644162
49385,0.7346954184363538
49386,0.9968430762781008
49387,1
49388,0.8436401714129708
49389,0.9565116537184474
49390,1
49391,0.7889130882423926
49392,1
49393,0.9504808575244802
49394,0.9968430762781008
49395,1
49396,0.8903316115907669
49397,0.9131024994045092
49398,1
49399,0.7674341728065962
49400,1
49401,1
49402,0.4092401443498033
49403,1
49404,0.9820009743407091
49405,1
49406,1
49407,1
49408,1
49409,1
49410,1
49411,1
49412,1
49413,1
49414,0.8701555139246495
49415,1
49416,1
49417,1
49418,0.24644792688321812
49419,0.9851578980626085
49420,0.9676523251498593
49421,0.4193073846796688
49422,1
49423,0.9376878954755751
49424,1
49425,1
49426,0.8832491891072354
49427,1
49428,1
49429,0.8701555139246495
49430,0.4084303123008832
49431,1
49432,1
49433,0.9825559015549896
49434,1
49435,0.5486832611458797
49436,1
49437,1
49438,1
49439,1
49440,1
49441,0.9623115951629663
49442,1
49443,0.9770147563321826
49444,1
49445,1
49446,0.9424713473879602
49447,0.8361844928016777
49448,1
49449,0.8370109271311973
49450,1
49451,1
49452,1
49453,1
49454,1
49455,1
49456,0.6043439931650135
49457,1
49458,1
49459,0.9946592700131068
49460,1
49461,0.8758105888378835
49462,0.9475888878684422
49463,1
49464,1
49465,0.960473993748949
49466,1
49467,1
49468,1
49469,1
49470,1
49471,1
49472,1
49473,0.931413046297044
49474,1
49475,1
49476,0.9740504365406069
49477,1
49478,1
49479,1
49480,1
49481,1
49482,1
49483,0.8748052070755583
49484,0.5930419266778941
49485,1
49486,1
49487,1
49488,1
49489,1
49490,1
49491,1
49492,1
49493,1
49494,1
49495,1
49496,0.9511709237315541
49497,0.9507388830141448
49498,1
49499,0.8650379734441676
49500,0.9740504365406069
49501,1
49502,0.9900744607435069
49503,0.9841193590463618
49504,0.9475888878684422
49505,0.9225666260562072
49506,0.79129323485526315
49507,0.8044808914570026
49508,1
49509,1
49510,1
49511,1
49512,1
49513,1
49514,1
49515,0.9380884607531618
49516,0.9475888878684422
49517,0.5893012619124263
49518,1
49519,1
49520,0.8880875085557998
49521,1
49522,1
49523,1
49524,1
49525,0.8651089792710435
49526,1
49527,0.4504519555326235
49528,1
49529,1
49530,0.9131024994045092
49531,0.4064869054422449
49532,0.91376853261612
49533,1
49534,0.979845370195437
49535,1
49536,0.9302326597453842
49537,1
49538,0.42028034953025767
49539,0.9148788251779304
49540,1
49541,0.9225666260562072
49542,0.9709361642796265
49543,1
49544,1
49545,0.979845370195437
49546,1
49547,0.8452042579392905
49548,1
49549,0.8395171669045822
49550,0.9292533373515337
49551,0.4279085615517507
49552,1
49553,1
49554,0.9946592700131068
49555,1
49556,1
49557,0.9565116537184474
49558,0.952238581019351
49559,0.5364534120155963
49560,0.862469293539203
49561,0.7835222845594352
49562,0.8758105888378835
49563,0.8549741767481234
49564,1
49565,1
49566,0.8498610253784903
49567,0.6417123740439841
49568,0.8716151260997376
49569,0.8879538182870418
49570,1
49571,1
49572,0.9534920658346163
49573,1
49574,0.6683121724441046
49575,0.8362953253063234
49576,0.979845370195437
49577,1
49578,1
49579,0.9027633906206448
49580,0.9968430762781008
49581,1
49582,1
49583,0.9851578980626085
49584,0.7974849208801463
49585,0.9989614609837535
49586,1
49587,1
49588,0.8758105888378835
49589,0.9367537762839373
49590,1
49591,1
49592,0.9924049721376991
49593,1
49594,0.9825559015549896
49595,1
49596,1
49597,1
49598,0.805850461863159
49599,1
49600,0.8778215476138262
49601,1
49602,0.7916426539516063
49603,1
49604,0.624359164930815
49605,0.6792446998331595
49606,1
49607,1
49608,1
49609,1
49610,0.9565116537184474
49611,1
49612,0.9178939013644162
49613,1
49614,1
49615,1
49616,1
49617,0.9825559015549896
49618,1
49619,1
49620,1
49621,1
49622,1
49623,0.9367537762839373
49624,1
49625,1
49626,0.7664824365064414
49627,0.8663064058910911
49628,1
49629,0.4844438480770324
49630,1
49631,1
49632,0.8573436143523997
49633,1
49634,1
49635,1
49636,0.8741149834575435
49637,1
49638,1
49639,0.890980815915748
49640,1
49641,1
49642,1
49643,1
49644,1
49645,0.8014303769714292
49646,1
49647,1
49648,1
49649,1
49650,0.979845370195437
49651,1
49652,1
49653,0.6539510616865601
49654,0.7760677396851436
49655,0.9676523251498593
49656,0.9126239317640477
49657,1
49658,1
49659,0.9302326597453842
49660,1
49661,0.9002571508472601
49662,0.9770147563321826
49663,0.9892480484157999
49664,1
49665,1
49666,1
49667,1
49668,1
49669,0.9455475754457076
49670,1
49671,1
49672,1
49673,1
49674,0.9722503423331362
49675,0.8663064058910911
49676,0.7615937956112302
49677,1
49678,1
49679,0.8970712662647514
49680,1
49681,1
49682,1
49683,1
49684,1
49685,0.9149715981939065
49686,0.9851578980626085
49687,1
49688,0.8999110099841306
49689,1
49690,1
49691,0.9946592700131068
49692,0.9002571508472601
49693,0.556156675118974
49694,1
49695,1
49696,0.952238581019351
49697,1
49698,1
49699,0.9709361642796265
49700,1
49701,0.960473993748949
49702,1
49703,1
49704,1
49705,1
49706,1
49707,0.9002571508472601
49708,1
49709,0.9149715981939065
49710,1
49711,1
49712,1
49713,0.941910603553698
49714,1
49715,0.91376853261612
49716,0.9367537762839373
49717,1
49718,0.6646634555750671
49719,0.964174901191159
49720,0.9291781694492045
49721,1
49722,0.9946592700131068
49723,0.9382758846498143
49724,1
49725,0.9644954014279602
49726,1
49727,1
49728,0.9900744607435069
49729,1
49730,1
49731,0.9270757360234848
49732,0.9302326597453842
49733,1
49734,1
49735,1
49736,1
49737,1
49738,1
49739,1
49740,1
49741,1
49742,1
49743,0.9241639788683065
49744,0.8389864815560427
49745,0.9534920658346163
49746,1
49747,1
49748,1
49749,1
49750,0.9131024994045092
49751,0.9770147563321826
49752,1
49753,0.915043855920416
49754,0.7322149954035035
49755,0.952238581019351
49756,1
49757,0.6417123740439841
49758,0.9709361642796265
49759,0.9924049721376991
49760,0.7790525925596906
49761,0.7383290454286784
49762,1
49763,0.9131024994045092
49764,0.9900744607435069
49765,1
49766,0.9770147563321826
49767,0.8758105888378835
49768,1
49769,1
49770,1
49771,1
49772,1
49773,0.9292533373515337
49774,1
49775,1
49776,0.8758105888378835
49777,0.979845370195437
49778,0.8758105888378835
49779,1
49780,1
49781,1
49782,0.8994293147388439
49783,1
49784,1
49785,1
49786,0.45668427535044265
49787,0.8735764931534583
49788,0.648479442034411
49789,1
49790,1
49791,1
49792,0.6150601322051663
49793,0.8758105888378835
49794,1
49795,1
49796,0.9565798733288582
49797,1
49798,0.964174901191159
49799,1
49800,1
49801,1
49802,0.9924049721376991
49803,0.9770147563321826
49804,0.9215149219764929
49805,0.979845370195437
49806,1
49807,1
49808,0.9946592700131068
49809,1
49810,1
49811,0.7707775801326564
49812,0.8017917497281047
49813,0.9851578980626085
49814,1
49815,1
49816,1
49817,1
49818,0.922001357152416
49819,0.6999484441775486
49820,1
49821,1
49822,0.45249158364990466
49823,0.9475888878684422
49824,1
49825,1
49826,0.9892480484157999
49827,1
49828,1
49829,0.7096083162584221
49830,1
49831,1
49832,1
49833,1
49834,0.730935528439882
49835,1
49836,1
49837,1
49838,0.9468978510324579
49839,0.952238581019351
49840,1
49841,0.4844438480770324
49842,1
49843,0.9153681284261692
49844,1
49845,1
49846,1
49847,1
49848,0.8225413915840324
49849,1
49850,1
49851,1
49852,0.9291587484216365
49853,1
49854,1
49855,1
49856,0.9770147563321826
49857,0.9002571508472601
49858,1
49859,1
49860,0.8758105888378835
49861,0.9876612416190321
49862,0.8575742208743098
49863,1
49864,0.952238581019351
49865,1
49866,0.9613627327341805
49867,1
49868,0.8758105888378835
49869,1
49870,1
49871,0.9968430762781008
49872,1
49873,1
49874,1
49875,0.405969777664403
49876,1
49877,1
49878,0.2906278264047498
49879,1
49880,0.7099019632906161
49881,0.5345109551432957
49882,0.9740504365406069
49883,0.960473993748949
49884,1
49885,0.9666137861336129
49886,1
49887,0.5019080756187181
49888,0.7389021113063784
49889,0.9373964790819593
49890,1
49891,0.9876612416190321
49892,1
49893,0.952238581019351
49894,0.8636042159300029
49895,0.9225666260562072
49896,1
49897,0.9600572972875585
49898,1
49899,0.9770147563321826
49900,1
49901,1
49902,1
49903,0.9989614609837535
49904,1
49905,0.805850461863159
49906,1
49907,1
49908,0.6113720114779826
49909,0.9465861144619542
49910,0.6337704913358173
49911,0.9467308027461487
49912,1
49913,0.822258507999676
49914,1
49915,1
49916,1
49917,1
49918,0.9475888878684422
49919,1
49920,1
49921,1
49922,1
49923,1
49924,0.9749608736926888
49925,1
49926,1
49927,1
49928,0.9131024994045092
49929,0.9367537762839373
49930,0.9367537762839373
49931,1
49932,0.6334149813980159
49933,0.275401117416931
49934,0.9375499504132393
49935,1
49936,1
49937,1
49938,1
49939,1
49940,0.8673129351290911
49941,1
49942,0.8758105888378835
49943,1
49944,1
49945,0.6726556121463857
49946,0.5762680965268453
49947,0.9442675797146287
49948,0.9093809597342034
49949,1
49950,1
49951,0.9565116537184474
49952,1
49953,0.9699198309389441
49954,1
49955,1
49956,0.9740504365406069
49957,0.9924049721376991
49958,0.905122527611197
49959,0.6414088201090038
49960,1
49961,1
49962,0.5865955798156085
49963,0.9002571508472601
49964,0.8798874929141096
49965,1
49966,0.9131024994045092
49967,1
49968,1
49969,1
49970,1
49971,1
49972,1
49973,0.9770147563321826
49974,0.7468244840071132
49975,1
49976,1
49977,0.9913664331214527
49978,0.9277234570353371
49979,1
49980,1
49981,1
49982,0.9624012717504269
49983,1
49984,1
49985,0.960473993748949
49986,1
49987,1
49988,1
49989,1
49990,0.9493327992537673
49991,1
49992,1
49993,1
49994,0.8627746412826853
49995,1
49996,1
49997,1
49998,0.8299730462466616
49999,0.960473993748949
50000,0.36211362823990395
50001,0.8824753509013652
50002,1
50003,0.9225666260562072
50004,1
50005,1
50006,0.8867415272473663
50007,1
50008,0.9770147563321826
50009,0.9851578980626085
50010,1
50011,0.9740504365406069
50012,0.6213149709990314
50013,1
50014,0.6003126385145974
50015,1
50016,0.7760214509584048
50017,0.8093606795359438
50018,0.952238581019351
50019,1
50020,0.9968430762781008
50021,0.7541013365743318
50022,1
50023,0.5865955798156085
50024,1
50025,1
50026,1
50027,1
50028,1
50029,0.727474200535868
50030,1
50031,1
50032,1
50033,1
50034,1
50035,1
50036,0.9439480618039867
50037,0.629870482259983
50038,1
50039,0.9367537762839373
50040,1
50041,1
50042,0.8365812451717305
50043,1
50044,0.952238581019351
50045,1
50046,0.964174901191159
50047,1
50048,1
50049,0.8727040071333443
50050,1
50051,0.8536727480080925
50052,1
50053,0.9126245273025227
50054,1
50055,1
50056,0.9851578980626085
50057,1
50058,1
50059,0.9051410752309912
50060,0.9449866008202333
50061,0.8365812451717305
50062,0.891467455316134
50063,0.9120639603882625
50064,0.9892480484157999
50065,1
50066,0.9475888878684422
50067,0.9424713473879602
50068,1
50069,0.9134075116675866
50070,1
50071,1
50072,1
50073,0.9565116537184474
50074,1
50075,1
50076,1
50077,1
50078,1
50079,1
50080,1
50081,0.9740504365406069
50082,0.6190650757240667
50083,1
50084,1
50085,0.8514280745788142
50086,0.7983772148940907
50087,0.9302326597453842
50088,1
50089,1
50090,1
50091,0.9424713473879602
50092,0.9633411364173258
50093,0.9968430762781008
50094,1
50095,1
50096,1
50097,1
50098,1
50099,1
50100,0.7259384265497498
50101,1
50102,0.9002571508472601
50103,1
50104,0.9815173625387432
50105,1
50106,1
50107,1
50108,1
50109,1
50110,0.964174901191159
50111,1
50112,1
50113,1
50114,1
50115,0.9367537762839373
50116,0.9475888878684422
50117,0.9302326597453842
50118,1
50119,1
50120,1
50121,1
50122,1
50123,1
50124,1
50125,0.9876612416190321
50126,1
50127,1
50128,0.7760677396851436
50129,0.9823205116321391
50130,1
50131,1
50132,0.9424713473879602
50133,0.9184338596249231
50134,1
50135,0.9044844249354965
50136,1
50137,1
50138,1
50139,0.5014660314842384
50140,0.9002571508472601
50141,0.9900744607435069
50142,1
50143,0.28804162768873437
50144,1
50145,1
50146,0.9002571508472601
50147,1
50148,1
50149,1
50150,1
50151,1
50152,1
50153,1
50154,1
50155,1
50156,1
50157,1
50158,0.8663516566305742
50159,0.9565116537184474
50160,1
50161,0.8758105888378835
50162,1
50163,1
50164,1
50165,1
50166,0.9740504365406069
50167,0.8133596502517693
50168,0.9131024994045092
50169,0.9302326597453842
50170,1
50171,1
50172,1
50173,1
50174,0.9565116537184474
50175,1
50176,0.9325583135457913
50177,1
50178,1
50179,1
50180,0.919309677838927
50181,1
50182,1
50183,1
50184,1
50185,1
50186,1
50187,0.8225413915840324
50188,0.632385717195055
50189,0.7003855657072279
50190,1
50191,0.813125537818656
50192,1
50193,0.8168131163551896
50194,1
50195,0.9241639788683065
50196,1
50197,0.8727040071333443
50198,0.8758105888378835
50199,0.5807799293174211
50200,1
50201,0.964174901191159
50202,0.9825559015549896
50203,1
50204,1
50205,1
50206,0.7045739866555321
50207,1
50208,1
50209,0.910804212824544
50210,1
50211,1
50212,0.9670892170756897
50213,0.9178939013644162
50214,0.762193985744041
50215,0.09905638213500997
50216,0.9048726191383872
50217,0.964174901191159
50218,1
50219,0.9989614609837535
50220,0.7035743644139342
50221,0.7312285596431632
50222,0.8458890426588175
50223,1
50224,0.9989614609837535
50225,0.9225666260562072
50226,0.8879538182870418
50227,1
50228,1
50229,0.8399854900290427
50230,1
50231,1
50232,0.9347415422255488
50233,0.8794655421731561
50234,0.8627031029692231
50235,1
50236,1
50237,1
50238,0.9031769601480161
50239,1
50240,0.979845370195437
50241,1
50242,1
50243,0.7070344222491528
50244,0.9528789658866482
50245,0.9131024994045092
50246,1
50247,0.6780457817008168
50248,0.9553135667688916
50249,0.9876612416190321
50250,1
50251,1
50252,0.6364185104129638
50253,1
50254,1
50255,1
50256,0.9424713473879602
50257,1
50258,0.964174901191159
50259,1
50260,1
50261,1
50262,0.7699983128560622
50263,0.9225666260562072
50264,1
50265,1
50266,0.8225413915840324
50267,1
50268,0.9534229496069588
50269,0.9385884894294859
50270,1
50271,1
50272,0.8899019296313001
50273,1
50274,1
50275,1
50276,0.9424713473879602
50277,1
50278,0.8555738467924694
50279,1
50280,0.9876612416190321
50281,1
50282,0.556156675118974
50283,0.3110726597395941
50284,1
50285,1
50286,0.9709361642796265
50287,0.8498562756884463
50288,0.9989614609837535
50289,1
50290,0.69600895162231
50291,0.964174901191159
50292,1
50293,1
50294,0.979845370195437
50295,1
50296,1
50297,1
50298,0.9834657788808864
50299,1
50300,1
50301,1
50302,1
50303,1
50304,0.8951034737452183
50305,0.9394160280826096
50306,0.6368549537830729
50307,0.8606913872729514
50308,0.8042632477528149
50309,1
50310,0.9900744607435069
50311,1
50312,1
50313,0.9581293403384974
50314,0.9740504365406069
50315,0.9131024994045092
50316,1
50317,1
50318,1
50319,1
50320,0.8963389520042824
50321,0.8943074901981514
50322,1
50323,0.9851578980626085
50324,0.9989614609837535
50325,1
50326,1
50327,0.9924049721376991
50328,0.20988949708256432
50329,0.9565116537184474
50330,1
50331,1
50332,0.952238581019351
50333,1
50334,1
50335,0.8060432485832676
50336,1
50337,1
50338,0.7035743644139342
50339,1
50340,1
50341,0.9127885613003739
50342,1
50343,1
50344,0.9770147563321826
50345,1
50346,0.9169856474673964
50347,0.7439217405108233
50348,1
50349,0.9989614609837535
50350,0.9431603833301889
50351,0.8907066534943333
50352,1
50353,1
50354,0.8673033184036306
50355,1
50356,1
50357,0.8728408337166909
50358,1
50359,0.8811152979190722
50360,0.5264303527472347
50361,0.9367537762839373
50362,0.864269813892422
50363,0.14242330284309715
50364,1
50365,0.9824794328812061
50366,0.8879183924662923
50367,0.9475888878684422
50368,0.9475888878684422
50369,1
50370,1
50371,0.9851578980626085
50372,0.9385884894294859
50373,1
50374,1
50375,1
50376,1
50377,1
50378,0.8234980897477686
50379,1
50380,1
50381,0.7182376502178646
50382,0.8133596502517693
50383,1
50384,0.8758105888378835
50385,1
50386,1
50387,0.862469293539203
50388,1
50389,0.9010995041225268
50390,1
50391,1
50392,1
50393,0.9101236725378196
50394,0.6521264315759671
50395,0.9565116537184474
50396,0.9424713473879602
50397,1
50398,1
50399,0.954249361934666
50400,1
50401,0.9946592700131068
50402,1
50403,1
50404,1
50405,0.9841193590463618
50406,0.979845370195437
50407,1
50408,1
50409,0.6252777636687803
50410,0.9669096123462433
50411,0.9740504365406069
50412,1
50413,1
50414,0.8669864360293214
50415,0.964174901191159
50416,1
50417,1
50418,0.9798171680757152
50419,1
50420,1
50421,0.9534920658346163
50422,0.5532820433897044
50423,0.9274478179980737
50424,1
50425,1
50426,1
50427,1
50428,0.7824026821449704
50429,0.9770147563321826
50430,1
50431,1
50432,1
50433,0.9225666260562072
50434,1
50435,1
50436,1
50437,0.9770147563321826
50438,0.8879183924662923
50439,1
50440,1
50441,0.9900744607435069
50442,1
50443,0.8758105888378835
50444,1
50445,0.7557649814211053
50446,1
50447,0.7832580133291586
50448,0.9676523251498593
50449,1
50450,1
50451,1
50452,1
50453,1
50454,0.5180144220237547
50455,1
50456,0.9946592700131068
50457,1
50458,1
50459,1
50460,0.6539510616865601
50461,1
50462,0.9740504365406069
50463,1
50464,0.8847392804509984
50465,0.9490816572974519
50466,0.987064242150806
50467,0.7786804789122529
50468,1
50469,0.8790668180467952
50470,1
50471,1
50472,0.9475888878684422
50473,1
50474,0.9565116537184474
50475,0.952238581019351
50476,1
50477,0.8955879474882031
50478,1
50479,0.9709361642796265
50480,1
50481,0.9740504365406069
50482,0.8990624831784348
50483,1
50484,1
50485,1
50486,1
50487,0.8593204023401445
50488,1
50489,1
50490,1
50491,1
50492,0.9367537762839373
50493,1
50494,1
50495,0.9510651928727897
50496,1
50497,1
50498,1
50499,1
50500,0.687337059132623
50501,1
50502,0.8748052070755583
50503,1
50504,1
50505,0.730935528439882
50506,1
50507,1
50508,0.979845370195437
50509,0.8758105888378835
50510,0.736616948880664
50511,1
50512,1
50513,0.9770147563321826
50514,1
50515,0.92997428338189
50516,1
50517,1
50518,1
50519,0.944667081482042
50520,0.9164134822105101
50521,0.9709361642796265
50522,1
50523,1
50524,1
50525,1
50526,1
50527,1
50528,0.9876612416190321
50529,1
50530,1
50531,1
50532,0.9676523251498593
50533,1
50534,1
50535,1
50536,1
50537,1
50538,1
50539,0.9059234957290863
50540,0.9475888878684422
50541,0.8536727480080925
50542,1
50543,1
50544,0.7845608235756818
50545,1
50546,0.8395171669045822
50547,0.9900744607435069
50548,0.9475888878684422
50549,1
50550,1
50551,0.9475888878684422
50552,1
50553,0.9565116537184474
50554,0.7720622000153231
50555,1
50556,1
50557,1
50558,0.952238581019351
50559,0.8663516566305742
50560,1
50561,0.8432350884115015
50562,1
50563,1
50564,1
50565,1
50566,1
50567,1
50568,1
50569,1
50570,0.6438260263155468
50571,1
50572,0.680221416584701
50573,1
50574,0.9090851335215729
50575,1
50576,0.6329278152107289
50577,1
50578,1
50579,1
50580,1
50581,0.856132394708448
50582,0.5535873070774334
50583,1
50584,0.9675066118144694
50585,1
50586,1
50587,0.5552114508571884
50588,1
50589,1
50590,0.9219116743465456
50591,1
50592,1
50593,1
50594,1
50595,1
50596,1
50597,0.8102027265298699
50598,0.678264765346475
50599,1
50600,0.9565116537184474
50601,1
50602,0.9080628816173912
50603,1
50604,0.9676523251498593
50605,0.9989614609837535
50606,0.9946592700131068
50607,1
50608,1
50609,0.4522236588643086
50610,0.34460487704408893
50611,1
50612,1
50613,1
50614,1
50615,1
50616,1
50617,0.9071952686403368
50618,0.8260721806838986
50619,1
50620,1
50621,1
50622,1
50623,1
50624,1
50625,1
50626,0.9475888878684422
50627,1
50628,0.9728191396816405
50629,1
50630,0.883258666314282
50631,0.9876612416190321
50632,1
50633,0.8323732770192602
50634,0.8758105888378835
50635,1
50636,1
50637,0.8758105888378835
50638,0.8166501243236343
50639,0.9302326597453842
50640,1
50641,1
50642,1
50643,0.8926621229849593
50644,0.9740504365406069
50645,1
50646,0.952238581019351
50647,1
50648,1
50649,0.964174901191159
50650,0.7539555277961856
50651,0.960473993748949
50652,0.9851578980626085
50653,1
50654,1
50655,0.9002571508472601
50656,0.9002571508472601
50657,1
50658,1
50659,1
50660,0.8758105888378835
50661,0.9641248972841138
50662,0.2426719729727812
50663,1
50664,1
50665,0.9183900644327437
50666,1
50667,1
50668,1
50669,1
50670,0.9398998226383832
50671,0.9924049721376991
50672,1
50673,1
50674,1
50675,1
50676,0.7848349096459396
50677,0.6144591078728968
50678,1
50679,1
50680,1
50681,0.7859125347082226
50682,1
50683,0.9268282370274441
50684,1
50685,0.9510651928727897
50686,1
50687,1
50688,1
50689,0.7045739866555321
50690,0.9367537762839373
50691,0.8778215476138262
50692,0.9302326597453842
50693,0.40987534658270874
50694,1
50695,1
50696,0.8828971696224618
50697,1
50698,0.9424713473879602
50699,0.6521264315759671
50700,1
50701,1
50702,1
50703,1
50704,1
50705,1
50706,1
50707,1
50708,0.9876612416190321
50709,0.6758673522247576
50710,1
50711,0.5402137518806734
50712,0.8966170625968141
50713,0.9274342580638794
50714,1
50715,1
50716,0.9507815344750637
50717,1
50718,1
50719,0.600238763855129
50720,0.9301447894234319
50721,0.878907853373872
50722,1
50723,1
50724,0.960473993748949
50725,0.8594647642208368
50726,1
50727,1
50728,0.791277070171216
50729,1
50730,1
50731,0.9595706578871724
50732,1
50733,1
50734,1
50735,0.9411184263421568
50736,1
50737,0.954249361934666
50738,1
50739,1
50740,1
50741,1
50742,1
50743,1
50744,0.9120639603882625
50745,0.9244150179029693
50746,1
50747,1
50748,0.8758105888378835
50749,1
50750,1
50751,0.9968430762781008
50752,0.960473993748949
50753,1
50754,1
50755,1
50756,1
50757,1
50758,1
50759,1
50760,0.9633411364173258
50761,1
50762,1
50763,1
50764,1
50765,1
50766,1
50767,1
50768,1
50769,0.9382758846498143
50770,0.979845370195437
50771,0.8879183924662923
50772,0.9740504365406069
50773,1
50774,0.9946592700131068
50775,0.944667081482042
50776,1
50777,0.9924049721376991
50778,1
50779,1
50780,1
50781,0.7369657043235766
50782,0.622720993507187
50783,0.5737293649284516
50784,1
50785,1
50786,1
50787,1
50788,1
50789,1
50790,0.9989614609837535
50791,1
50792,1
50793,0.9709361642796265
50794,0.9770147563321826
50795,0.952238581019351
50796,1
50797,1
50798,1
50799,0.962172654394791
50800,0.9475888878684422
50801,1
50802,1
50803,0.915043855920416
50804,1
50805,0.8135557543021374
50806,1
50807,1
50808,0.8758105888378835
50809,0.8883388800594656
50810,0.8575742208743098
50811,0.9367537762839373
50812,1
50813,1
50814,1
50815,0.8493508284622766
50816,0.21434819338525982
50817,0.4833532768953458
50818,0.9946592700131068
50819,0.924648894940108
50820,0.9367537762839373
50821,1
50822,0.979845370195437
50823,1
50824,0.964174901191159
50825,1
50826,1
50827,1
50828,0.952238581019351
50829,0.961711678159639
50830,1
50831,1
50832,1
50833,0.960473993748949
50834,1
50835,1
50836,0.5508138003244023
50837,0.9740504365406069
50838,1
50839,1
50840,1
50841,1
50842,1
50843,1
50844,1
50845,1
50846,1
50847,1
50848,1
50849,1
50850,0.9573170700270499
50851,1
50852,1
50853,0.9946592700131068
50854,0.8990776854835568
50855,1
50856,1
50857,0.9946592700131068
50858,1
50859,0.9538958067360441
50860,0.9367537762839373
50861,1
50862,1
50863,1
50864,1
50865,1
50866,0.9900744607435069
50867,1
50868,1
50869,1
50870,1
50871,1
50872,1
50873,0.9095729159655778
50874,0.7914900094915545
50875,0.9131024994045092
50876,1
50877,1
50878,0.9709361642796265
50879,0.9002571508472601
50880,0.9968430762781008
50881,1
50882,1
50883,0.9924049721376991
50884,0.9321615611757386
50885,0.9740504365406069
50886,1
50887,0.964174901191159
50888,1
50889,1
50890,1
50891,1
50892,0.9676523251498593
50893,0.9475888878684422
50894,0.9825559015549896
50895,0.9664632199838965
50896,0.1478345244404042
50897,1
50898,1
50899,0.8246750649671906
50900,0.6020853418587151
50901,0.970217143174022
50902,1
50903,1
50904,0.9825559015549896
50905,0.9900744607435069
50906,1
50907,0.9327467859310505
50908,1
50909,0.8122935578788008
50910,1
50911,1
50912,1
50913,1
50914,1
50915,1
50916,1
50917,0.6025029721600281
50918,1
50919,1
50920,0.7780786984610863
50921,1
50922,0.9989614609837535
50923,0.7133964986343126
50924,0.7817060762730276
50925,0.9809624353244625
50926,0.7714689897973824
50927,0.9989614609837535
50928,0.964174901191159
50929,0.8452042579392905
50930,0.9676523251498593
50931,0.952238581019351
50932,1
50933,0.8135557543021374
50934,1
50935,0.38544972590180404
50936,0.8854150489098684
50937,1
50938,0.964174901191159
50939,0.4364802493550109
50940,0.9968430762781008
50941,0.8395171669045822
50942,0.9424713473879602
50943,0.9709361642796265
50944,0.9134075116675866
50945,0.8524957318666111
50946,1
50947,1
50948,1
50949,0.43091829232750273
50950,1
50951,0.9131024994045092
50952,0.9364502110648851
50953,1
50954,1
50955,1
50956,0.9274342580638794
50957,1
50958,0.8470043642296244
50959,0.8055466835744679
50960,1
50961,1
50962,1
50963,0.8452042579392905
50964,1
50965,1
50966,1
50967,1
50968,0.979845370195437
50969,0.5748699585800554
50970,1
50971,0.8323222425563308
50972,1
50973,1
50974,0.9050934626996813
50975,1
50976,0.8758105888378835
50977,0.8096189483597905
50978,1
50979,1
50980,1
50981,1
50982,0.9134075116675866
50983,0.9225666260562072
50984,0.8135557543021374
50985,0.970635487329043
50986,1
50987,1
50988,0.9225666260562072
50989,0.9002571508472601
50990,1
50991,1
50992,1
50993,0.974504640208544
50994,0.9740504365406069
50995,1
50996,0.9989614609837535
50997,0.964174901191159
50998,1
50999,1
51000,0.9851578980626085
51001,0.9740504365406069
51002,1
51003,1
51004,1
51005,0.9274342580638794
51006,1
51007,1
51008,1
51009,0.9002571508472601
51010,1
51011,0.5252451086017895
51012,0.8334485633155726
51013,1
51014,1
51015,1
51016,0.9664632199838965
51017,0.9028727365819269
51018,1
51019,1
51020,0.9367537762839373
51021,0.9631363621749126
51022,0.5704063215374928
51023,0.9633411364173258
51024,0.7845608235756818
51025,1
51026,0.9424713473879602
51027,1
51028,0.9749608736926888
51029,1
51030,1
51031,1
51032,0.9131024994045092
51033,1
51034,1
51035,0.8555738467924694
51036,0.949265098665319
51037,0.9367537762839373
51038,1
51039,0.8225413915840324
51040,0.882471240764735
51041,0.9225666260562072
51042,0.9013373414136462
51043,0.979845370195437
51044,1
51045,1
51046,1
51047,1
51048,1
51049,0.6058872752351431
51050,0.9900744607435069
51051,0.9573170700270499
51052,0.979845370195437
51053,0.9876612416190321
51054,1
51055,0.9709361642796265
51056,1
51057,1
51058,0.8433351591498933
51059,1
51060,1
51061,1
51062,0.9670892170756897
51063,0.8162295609852376
51064,1
51065,0.9424713473879602
51066,0.9924049721376991
51067,0.8758105888378835
51068,1
51069,1
51070,1
51071,0.9770147563321826
51072,1
51073,1
51074,1
51075,1
51076,1
51077,1
51078,1
51079,0.8758105888378835
51080,0.9002571508472601
51081,0.7324721248848217
51082,1
51083,1
51084,1
51085,0.9825559015549896
51086,0.9367537762839373
51087,0.9924049721376991
51088,0.6521264315759671
51089,1
51090,1
51091,1
51092,1
51093,0.5283549505660136
51094,1
51095,1
51096,0.9025286446755189
51097,1
51098,0.14402390492519107
51099,0.9876612416190321
51100,0.6194949725582747
51101,1
51102,1
51103,1
51104,1
51105,1
51106,0.9968430762781008
51107,1
51108,1
51109,0.9182233318780864
51110,1
51111,0.9302326597453842
51112,0.8091820118692014
51113,0.8758105888378835
51114,1
51115,0.9367537762839373
51116,0.960473993748949
51117,0.9968430762781008
51118,1
51119,0.9675066118144694
51120,0.9946592700131068
51121,0.979845370195437
51122,0.9156032457616685
51123,0.6082740119741743
51124,0.9413136040854719
51125,0.7241239971882965
51126,0.9105083049986864
51127,0.9825559015549896
51128,1
51129,0.8166501243236343
51130,0.9302326597453842
51131,0.7036241164121941
51132,0.9946592700131068
51133,0.9565116537184474
51134,0.964174901191159
51135,1
51136,1
51137,1
51138,0.89958138238839
51139,0.9475591698130352
51140,0.9475888878684422
51141,0.9841193590463618
51142,1
51143,1
51144,0.9565116537184474
51145,1
51146,0.9225666260562072
51147,1
51148,1
51149,0.9367537762839373
51150,0.9510651928727897
51151,1
51152,0.5894620716529451
51153,1
51154,0.745100505891559
51155,1
51156,1
51157,1
51158,1
51159,1
51160,1
51161,1
51162,0.5865955798156085
51163,0.9093809597342034
51164,1
51165,1
51166,0.4279085615517507
51167,1
51168,0.7468244840071132
51169,1
51170,0.9475888878684422
51171,1
51172,1
51173,0.9225666260562072
51174,0.8790782797746545
51175,1
51176,1
51177,0.8758105888378835
51178,1
51179,1
51180,1
51181,0.7023451588946888
51182,1
51183,1
51184,1
51185,1
51186,0.964174901191159
51187,1
51188,1
51189,0.9847337307566136
51190,0.8634718304569158
51191,0.9726303622984966
51192,1
51193,1
51194,1
51195,1
51196,1
51197,0.5794305538850907
51198,0.9573170700270499
51199,0.979845370195437
51200,1
51201,1
51202,1
51203,1
51204,1
51205,1
51206,1
51207,1
51208,1
51209,0.9565116537184474
51210,0.7760677396851436
51211,1
51212,0.9740504365406069
51213,0.8879183924662923
51214,1
51215,1
51216,0.8758105888378835
51217,0.9594354547327026
51218,1
51219,0.9851578980626085
51220,0.9002571508472601
51221,0.9424713473879602
51222,0.9424713473879602
51223,0.9392808249281398
51224,1
51225,0.35804276392698076
51226,0.88118574043048
51227,1
51228,1
51229,1
51230,1
51231,1
51232,0.9565116537184474
51233,0.8399854900290427
51234,0.9225666260562072
51235,0.9968430762781008
51236,0.8575742208743098
51237,0.9958045372618541
51238,0.7468244840071132
51239,1
51240,0.9002571508472601
51241,0.8650271423197248
51242,0.12446401795831219
51243,1
51244,0.5809649968524019
51245,0.9664554086783061
51246,1
51247,1
51248,0.6780457817008168
51249,0.718472441531431
51250,1
51251,1
51252,0.9225666260562072
51253,0.848950177768033
51254,0.8423558367560431
51255,0.9676523251498593
51256,0.9676523251498593
51257,0.8792251236718974
51258,1
51259,1
51260,0.934072526454539
51261,1
51262,1
51263,0.9851578980626085
51264,0.9876612416190321
51265,1
51266,1
51267,0.9131024994045092
51268,0.9740504365406069
51269,1
51270,0.9169856474673964
51271,1
51272,1
51273,1
51274,0.9120639603882625
51275,1
51276,0.964174901191159
51277,1
51278,0.8606021460741148
51279,0.9788068311791907
51280,1
51281,0.8593204023401445
51282,0.9044061014337967
51283,1
51284,0.979845370195437
51285,0.6783869372800956
51286,0.9670892170756897
51287,0.9553135667688916
51288,0.8536727480080925
51289,0.9968430762781008
51290,1
51291,0.7983772148940907
51292,1
51293,0.9594354547327026
51294,0.9825559015549896
51295,1
51296,0.9474976953452965
51297,1
51298,0.952238581019351
51299,1
51300,1
51301,1
51302,0.9424713473879602
51303,0.9989614609837535
51304,1
51305,1
51306,0.8970712662647514
51307,0.9424713473879602
51308,1
51309,0.9192332091651433
51310,1
51311,1
51312,0.9676523251498593
51313,0.9946592700131068
51314,1
51315,1
51316,1
51317,0.9876612416190321
51318,1
51319,1
51320,1
51321,1
51322,0.9989614609837535
51323,0.9002571508472601
51324,1
51325,1
51326,1
51327,1
51328,1
51329,0.9318272263410183
51330,1
51331,1
51332,1
51333,0.7981256539644328
51334,1
51335,1
51336,1
51337,0.9565116537184474
51338,1
51339,1
51340,0.5865955798156085
51341,1
51342,1
51343,1
51344,1
51345,0.964174901191159
51346,0.7372582185655
51347,1
51348,1
51349,1
51350,1
51351,1
51352,0.8824652073941015
51353,0.9206865549096062
51354,1
51355,0.9740504365406069
51356,1
51357,1
51358,1
51359,0.8031630247653243
51360,1
51361,1
51362,1
51363,0.8354347093974412
51364,1
51365,1
51366,0.9475888878684422
51367,1
51368,1
51369,0.849085026898348
51370,1
51371,0.8955879474882031
51372,0.5759117663370191
51373,1
51374,0.6146885607664855
51375,0.7735823425910805
51376,0.10295613268424586
51377,1
51378,1
51379,0.9043802298602983
51380,0.781418298400756
51381,0.9709361642796265
51382,0.9131024994045092
51383,0.8304898105926442
51384,1
51385,1
51386,1
51387,0.45668427535044265
51388,1
51389,1
51390,1
51391,1
51392,1
51393,1
51394,0.9790276747404847
51395,0.9770147563321826
51396,1
51397,0.9815173625387432
51398,1
51399,0.9876612416190321
51400,0.9946592700131068
51401,1
51402,1
51403,1
51404,1
51405,0.8669864360293214
51406,1
51407,0.541950657324786
51408,1
51409,0.14402390492519107
51410,0.8758105888378835
51411,0.6586497476647503
51412,0.979845370195437
51413,0.9573170700270499
51414,0.7889130882423926
51415,1
51416,1
51417,1
51418,0.7225602828217906
51419,0.9770147563321826
51420,0.9475888878684422
51421,1
51422,0.9424713473879602
51423,1
51424,1
51425,1
51426,1
51427,0.2426719729727812
51428,0.9475888878684422
51429,0.8801025210426973
51430,1
51431,1
51432,1
51433,0.9876612416190321
51434,0.9946592700131068
51435,0.979845370195437
51436,1
51437,1
51438,1
51439,1
51440,1
51441,1
51442,1
51443,0.9989614609837535
51444,0.7932371954044183
51445,1
51446,0.9385884894294859
51447,1
51448,0.9749608736926888
51449,1
51450,0.4207464235873262
51451,0.781923648579379
51452,1
51453,1
51454,0.9215280870399606
51455,1
51456,0.960473993748949
51457,1
51458,1
51459,1
51460,0.9178939013644162
51461,0.987064242150806
51462,1
51463,0.9770147563321826
51464,1
51465,0.9876612416190321
51466,1
51467,1
51468,0.9382758846498143
51469,0.8758105888378835
51470,0.9936207309968602
51471,0.8824753509013652
51472,0.9417027616904663
51473,0.8304898105926442
51474,1
51475,0.9675066118144694
51476,0.7814612111147833
51477,1
51478,1
51479,0.7263057493145607
51480,1
51481,0.9900744607435069
51482,0.763142833334502
51483,1
51484,0.9946592700131068
51485,0.9320508429710392
51486,0.5895913959406204
51487,1
51488,0.7269925381007677
51489,0.9770147563321826
51490,1
51491,1
51492,1
51493,1
51494,1
51495,1
51496,1
51497,1
51498,0.8636042159300029
51499,0.8563391226062405
51500,1
51501,1
51502,0.8718994253099747
51503,1
51504,1
51505,1
51506,1
51507,1
51508,0.9876612416190321
51509,0.9740504365406069
51510,1
51511,1
51512,1
51513,0.9968430762781008
51514,0.9624012717504269
51515,0.7468244840071132
51516,1
51517,1
51518,0.9080628816173912
51519,1
51520,1
51521,0.932545808131467
51522,0.8556559590333207
51523,0.952238581019351
51524,1
51525,1
51526,0.7062098479529867
51527,0.8324121772434362
51528,1
51529,0.9373964790819593
51530,0.9468291209737763
51531,1
51532,1
51533,1
51534,0.8889923573032882
51535,0.964174901191159
51536,0.9772151715680966
51537,1
51538,0.9046048456957169
51539,0.919309677838927
51540,1
51541,0.9131024994045092
51542,1
51543,1
51544,1
51545,1
51546,0.738366655092039
51547,1
51548,0.8972277700328865
51549,1
51550,0.9900744607435069
51551,0.9225666260562072
51552,0.9002571508472601
51553,0.9968430762781008
51554,1
51555,1
51556,1
51557,1
51558,0.8875698943142528
51559,0.8356691254607166
51560,1
51561,0.964174901191159
51562,1
51563,0.7916426539516063
51564,1
51565,1
51566,0.8536727480080925
51567,0.9302326597453842
51568,0.960473993748949
51569,1
51570,1
51571,1
51572,1
51573,0.862469293539203
51574,0.5677285235144598
51575,0.654863181397574
51576,1
51577,1
51578,1
51579,1
51580,1
51581,1
51582,1
51583,0.7661422004286504
51584,0.8874579482081935
51585,1
51586,1
51587,1
51588,0.9131024994045092
51589,0.7922326051673405
51590,0.9900744607435069
51591,1
51592,0.8718816228600754
51593,1
51594,1
51595,1
51596,0.9475888878684422
51597,1
51598,0.8181045856243098
51599,0.8555738467924694
51600,1
51601,1
51602,1
51603,1
51604,1
51605,0.7607959557882851
51606,0.6179055997345697
51607,0.8097195620013233
51608,1
51609,0.8493508284622766
51610,1
51611,1
51612,0.9002571508472601
51613,1
51614,1
51615,0.9120639603882625
51616,0.9989614609837535
51617,1
51618,0.8854150489098684
51619,1
51620,1
51621,0.8133596502517693
51622,1
51623,0.9321615611757386
51624,1
51625,1
51626,1
51627,0.9002571508472601
51628,0.9709361642796265
51629,0.9968430762781008
51630,0.9740504365406069
51631,0.9876612416190321
51632,0.4156108837578656
51633,1
51634,1
51635,1
51636,0.8874971213772586
51637,1
51638,0.9825559015549896
51639,0.6683121724441046
51640,1
51641,0.952238581019351
51642,0.9946592700131068
51643,0.9989614609837535
51644,1
51645,0.915043855920416
51646,1
51647,0.9876612416190321
51648,0.8247564585989096
51649,0.9777357023625389
51650,1
51651,1
51652,1
51653,1
51654,1
51655,1
51656,1
51657,0.9946592700131068
51658,0.69600895162231
51659,0.9709361642796265
51660,1
51661,0.9869175370216076
51662,0.9565116537184474
51663,1
51664,1
51665,1
51666,1
51667,1
51668,1
51669,0.9424713473879602
51670,1
51671,0.9968430762781008
51672,1
51673,0.9002571508472601
51674,1
51675,0.7614348743621632
51676,1
51677,0.8716654681170977
51678,1
51679,1
51680,1
51681,1
51682,1
51683,1
51684,0.4504519555326235
51685,0.9825559015549896
51686,1
51687,0.9876612416190321
51688,1
51689,0.4065479602903849
51690,0.9825559015549896
51691,0.9876612416190321
51692,1
51693,0.952238581019351
51694,0.9178939013644162
51695,0.9876612416190321
51696,0.9117637890596012
51697,0.9225666260562072
51698,1
51699,0.9770147563321826
51700,0.8436401714129708
51701,1
51702,0.9131024994045092
51703,1
51704,0.9876612416190321
51705,1
51706,0.5386572397195746
51707,1
51708,0.964675997951215
51709,0.7008064475582944
51710,1
51711,1
51712,1
51713,1
51714,1
51715,1
51716,1
51717,1
51718,1
51719,0.962172654394791
51720,0.8903316115907669
51721,0.9741938197898686
51722,0.9851578980626085
51723,1
51724,1
51725,0.970217143174022
51726,0.979845370195437
51727,1
51728,0.9302326597453842
51729,1
51730,0.960473993748949
51731,0.6999484441775486
51732,1
51733,1
51734,0.8152287490411666
51735,0.8554155411673671
51736,1
51737,1
51738,0.9825559015549896
51739,1
51740,0.9025286446755189
51741,0.2906278264047498
51742,0.9260018246997371
51743,1
51744,1
51745,0.9274478179980737
51746,0.6842966125278233
51747,0.8203956875980201
51748,0.9475888878684422
51749,1
51750,1
51751,1
51752,1
51753,0.8500910468610834
51754,1
51755,0.9475888878684422
51756,1
51757,0.9675066118144694
51758,1
51759,0.8467467531175099
51760,0.979845370195437
51761,1
51762,0.9106822204537982
51763,1
51764,1
51765,0.664032421578887
51766,1
51767,0.9709361642796265
51768,1
51769,1
51770,1
51771,1
51772,0.9740504365406069
51773,1
51774,1
51775,0.9170538670778072
51776,0.9565116537184474
51777,0.9002571508472601
51778,0.9565116537184474
51779,0.960473993748949
51780,0.979845370195437
51781,0.9573170700270499
51782,1
51783,1
51784,0.8133596502517693
51785,1
51786,1
51787,0.98286877941266
51788,0.954249361934666
51789,1
51790,1
51791,0.9394160280826096
51792,1
51793,0.8527992858015914
51794,0.6657969060235218
51795,1
51796,0.9924049721376991
51797,1
51798,1
51799,0.9740504365406069
51800,1
51801,0.952238581019351
51802,0.9820009743407091
51803,1
51804,0.9968430762781008
51805,0.8362845825868327
51806,0.9989614609837535
51807,1
51808,1
51809,1
51810,0.9770147563321826
51811,1
51812,1
51813,0.9553750412366303
51814,0.6683121724441046
51815,1
51816,1
51817,0.9851578980626085
51818,1
51819,1
51820,0.7364148675955965
51821,0.9946592700131068
51822,0.38544972590180404
51823,0.9770147563321826
51824,1
51825,1
51826,1
51827,0.7468244840071132
51828,1
51829,1
51830,1
51831,1
51832,1
51833,0.8304898105926442
51834,0.944667081482042
51835,0.979845370195437
51836,1
51837,0.9825559015549896
51838,1
51839,0.9367537762839373
51840,1
51841,0.9565116537184474
51842,1
51843,1
51844,0.9989614609837535
51845,1
51846,1
51847,0.9851578980626085
51848,1
51849,1
51850,1
51851,1
51852,1
51853,1
51854,0.736616948880664
51855,0.9142999140795522
51856,0.9677792405577272
51857,0.9740504365406069
51858,1
51859,0.7269925381007677
51860,1
51861,0.9565116537184474
51862,0.8725379541372117
51863,1
51864,0.9318272263410183
51865,1
51866,0.9904638072749609
51867,0.9946592700131068
51868,1
51869,1
51870,1
51871,1
51872,1
51873,1
51874,0.745100505891559
51875,1
51876,1
51877,0.952238581019351
51878,0.9367537762839373
51879,1
51880,1
51881,1
51882,1
51883,1
51884,1
51885,0.8715482588582779
51886,1
51887,1
51888,1
51889,0.979845370195437
51890,1
51891,1
51892,1
51893,0.5748699585800554
51894,1
51895,1
51896,1
51897,1
51898,0.9031769601480161
51899,1
51900,1
51901,0.9268282370274441
51902,0.8567688045657073
51903,1
51904,0.9876612416190321
51905,0.9637614054970985
51906,1
51907,1
51908,0.9302326597453842
51909,0.9841193590463618
51910,0.9900744607435069
51911,1
51912,0.9676523251498593
51913,1
51914,0.9900744607435069
51915,0.8758105888378835
51916,1
51917,1
51918,0.8590704938673346
51919,0.8900602352564023
51920,0.8200975108972138
51921,1
51922,0.960473993748949
51923,1
51924,1
51925,1
51926,1
51927,0.668983047649937
51928,0.9475888878684422
51929,1
51930,0.8042632477528149
51931,1
51932,1
51933,0.3198088959383692
51934,0.7705840579318589
51935,0.9002571508472601
51936,1
51937,1
51938,1
51939,0.9825559015549896
51940,1
51941,1
51942,1
51943,0.9709361642796265
51944,1
51945,0.7233255586355617
51946,1
51947,1
51948,0.9225666260562072
51949,1
51950,1
51951,1
51952,1
51953,1
51954,1
51955,0.8943074901981514
51956,1
51957,0.8609684869004919
51958,1
51959,0.9475888878684422
51960,0.38682546958185154
51961,1
51962,1
51963,1
51964,0.9001895016311602
51965,1
51966,0.960473993748949
51967,1
51968,0.9475888878684422
51969,1
51970,1
51971,0.5003969847316663
51972,1
51973,1
51974,1
51975,1
51976,0.9709361642796265
51977,0.8778215476138262
51978,1
51979,0.8758105888378835
51980,1
51981,1
51982,1
51983,1
51984,0.9044061014337967
51985,1
51986,1
51987,1
51988,0.275401117416931
51989,0.8801025210426973
51990,1
51991,1
51992,0.9565116537184474
51993,0.960473993748949
51994,0.9851578980626085
51995,0.9465861144619542
51996,1
51997,1
51998,0.9002571508472601
51999,1
52000,0.9002571508472601
52001,0.9367537762839373
52002,1
52003,1
52004,1
52005,0.9946592700131068
52006,1
52007,1
52008,1
52009,1
52010,1
52011,0.952238581019351
52012,0.9364517082910339
52013,1
52014,0.8758105888378835
52015,1
52016,0.9876612416190321
52017,1
52018,1
52019,0.9770147563321826
52020,0.5010021958424691
52021,0.7354634370945882
52022,1
52023,1
52024,1
52025,0.952238581019351
52026,1
52027,0.9611146786914129
52028,1
52029,0.8673129351290911
52030,1
52031,0.8758105888378835
52032,1
52033,0.9565116537184474
52034,0.9474976953452965
52035,1
52036,0.7889130882423926
52037,1
52038,1
52039,1
52040,1
52041,1
52042,1
52043,0.9008929658963031
52044,1
52045,1
52046,0.3300486258972631
52047,0.9424713473879602
52048,0.9924049721376991
52049,1
52050,1
52051,1
52052,0.8758105888378835
52053,0.7523768462165745
52054,1
52055,0.8764624327922512
52056,1
52057,1
52058,0.8606913872729514
52059,1
52060,1
52061,1
52062,1
52063,0.9876612416190321
52064,1
52065,1
52066,1
52067,1
52068,0.9709361642796265
52069,1
52070,0.9538958067360441
52071,0.8802951731148432
52072,1
52073,1
52074,0.9399938600061414
52075,1
52076,1
52077,0.9968430762781008
52078,0.9198392302015785
52079,1
52080,1
52081,1
52082,1
52083,0.9611146786914129
52084,1
52085,0.6783976236959367
52086,0.9749608736926888
52087,0.9900744607435069
52088,1
52089,1
52090,1
52091,1
52092,1
52093,1
52094,0.9594354547327026
52095,0.9010995041225268
52096,0.5608003348992493
52097,0.9770147563321826
52098,0.8575742208743098
52099,1
52100,0.9676523251498593
52101,0.7372582185655
52102,0.8133596502517693
52103,1
52104,0.944667081482042
52105,1
52106,0.9989614609837535
52107,1
52108,0.8297016458838836
52109,1
52110,0.964174901191159
52111,1
52112,0.9777357023625389
52113,1
52114,0.7705840579318589
52115,1
52116,0.8879183924662923
52117,1
52118,1
52119,0.9876612416190321
52120,1
52121,1
52122,0.7603366761600059
52123,1
52124,0.9676523251498593
52125,1
52126,0.9676523251498593
52127,0.3876021803368593
52128,0.8828130524022498
52129,1
52130,1
52131,0.891467455316134
52132,0.8036068796451299
52133,0.7809880175463485
52134,1
52135,0.9647999445133452
52136,1
52137,1
52138,0.8908270704488368
52139,0.21367314615602828
52140,1
52141,1
52142,0.9968430762781008
52143,0.9373964790819593
52144,1
52145,1
52146,0.9793989778330905
52147,1
52148,0.9534920658346163
52149,1
52150,0.887152935945116
52151,0.5870423472606542
52152,1
52153,1
52154,0.9444109629638905
52155,1
52156,0.9777357023625389
52157,1
52158,0.9770147563321826
52159,0.9120639603882625
52160,0.9624012717504269
52161,1
52162,0.9505484544924561
52163,1
52164,0.9424713473879602
52165,0.9989614609837535
52166,0.964174901191159
52167,0.9876612416190321
52168,1
52169,1
52170,0.9989614609837535
52171,0.9740504365406069
52172,1
52173,1
52174,1
52175,1
52176,1
52177,1
52178,1
52179,1
52180,0.5865955798156085
52181,1
52182,0.9475888878684422
52183,0.960473993748949
52184,1
52185,1
52186,1
52187,1
52188,1
52189,1
52190,0.9380526951434032
52191,1
52192,0.9225666260562072
52193,1
52194,1
52195,0.9628936004251474
52196,1
52197,0.7117847265616775
52198,1
52199,1
52200,1
52201,1
52202,1
52203,0.9507815344750637
52204,0.9385884894294859
52205,1
52206,1
52207,1
52208,0.964174901191159
52209,0.7659278445745754
52210,1
52211,0.9455475754457076
52212,0.962172654394791
52213,1
52214,1
52215,1
52216,1
52217,0.8556559590333207
52218,1
52219,1
52220,1
52221,1
52222,1
52223,0.9080628816173912
52224,1
52225,1
52226,1
52227,1
52228,1
52229,1
52230,1
52231,1
52232,0.42992334317828584
52233,1
52234,0.9946592700131068
52235,1
52236,0.9650032682580457
52237,0.8990624831784348
52238,0.9131024994045092
52239,0.9363570239138845
52240,1
52241,1
52242,1
52243,1
52244,1
52245,1
52246,1
52247,0.618338034842548
52248,0.8404436629255475
52249,0.8966170625968141
52250,1
52251,0.9788068311791907
52252,0.9824794328812061
52253,0.9424713473879602
52254,1
52255,0.8875513800778818
52256,0.9493327992537673
52257,1
52258,1
52259,1
52260,0.9968430762781008
52261,1
52262,0.9225666260562072
52263,1
52264,1
52265,0.9825559015549896
52266,1
52267,1
52268,1
52269,1
52270,0.9367537762839373
52271,1
52272,0.8758105888378835
52273,0.979845370195437
52274,0.822285753339653
52275,1
52276,1
52277,0.632385717195055
52278,0.9924049721376991
52279,0.8758105888378835
52280,0.9424713473879602
52281,1
52282,0.8955879474882031
52283,1
52284,0.9825559015549896
52285,1
52286,0.9968430762781008
52287,0.9876612416190321
52288,0.4112278454389862
52289,1
52290,0.8758105888378835
52291,1
52292,1
52293,0.3300486258972631
52294,0.13753355130540937
52295,1
52296,1
52297,1
52298,1
52299,1
52300,1
52301,1
52302,0.9490816572974519
52303,0.9225666260562072
52304,1
52305,1
52306,1
52307,1
52308,1
52309,0.934718013900557
52310,1
52311,1
52312,0.9851578980626085
52313,1
52314,0.9225666260562072
52315,0.9424713473879602
52316,1
52317,1
52318,0.5807799293174211
52319,0.7659278445745754
52320,0.9002571508472601
52321,1
52322,0.817104988985916
52323,0.5532820433897044
52324,0.9051410752309912
52325,0.9404714648314999
52326,1
52327,0.9800662137567313
52328,1
52329,0.7376499984583492
52330,1
52331,0.5748699585800554
52332,1
52333,0.9740504365406069
52334,1
52335,1
52336,0.8922551149575453
52337,0.924648894940108
52338,0.9851578980626085
52339,0.8970712662647514
52340,1
52341,0.9096703497400876
52342,0.9820009743407091
52343,1
52344,1
52345,1
52346,1
52347,0.9214919712182089
52348,1
52349,1
52350,0.9475888878684422
52351,1
52352,1
52353,0.9851578980626085
52354,1
52355,1
52356,1
52357,0.9701406745002382
52358,1
52359,0.5804640916207114
52360,1
52361,1
52362,0.960473993748949
52363,0.9924049721376991
52364,1
52365,0.9740504365406069
52366,0.9565116537184474
52367,1
52368,1
52369,1
52370,1
52371,0.952238581019351
52372,1
52373,1
52374,1
52375,1
52376,1
52377,0.932545808131467
52378,1
52379,1
52380,1
52381,0.830401940270692
52382,0.793601952689049
52383,0.8150337816312075
52384,1
52385,0.9367537762839373
52386,0.9825559015549896
52387,0.928910387090534
52388,1
52389,1
52390,1
52391,1
52392,0.8166501243236343
52393,1
52394,0.987064242150806
52395,1
52396,0.952238581019351
52397,1
52398,1
52399,0.8060432485832676
52400,0.9989614609837535
52401,0.8572846399567644
52402,0.6891702390896527
52403,0.8694007498152153
52404,0.8758105888378835
52405,1
52406,1
52407,0.9302326597453842
52408,0.9367537762839373
52409,0.9900744607435069
52410,0.9847337307566136
52411,0.6357465082257081
52412,1
52413,1
52414,0.9351110654707856
52415,0.9851578980626085
52416,1
52417,0.9841193590463618
52418,1
52419,0.9069298230916766
52420,1
52421,0.933596852562038
52422,0.964174901191159
52423,1
52424,1
52425,1
52426,0.9900744607435069
52427,0.9777357023625389
52428,0.7445752255830734
52429,0.8830406198051564
52430,1
52431,1
52432,0.7501181762257504
52433,0.9424713473879602
52434,1
52435,0.713940333507974
52436,0.6227891812409554
52437,1
52438,1
52439,0.9225666260562072
52440,0.8790782797746545
52441,1
52442,1
52443,0.6301070019315487
52444,0.9468695762222473
52445,0.7924097353172579
52446,0.910804212824544
52447,0.9851578980626085
52448,1
52449,1
52450,1
52451,1
52452,1
52453,1
52454,0.9565116537184474
52455,1
52456,1
52457,1
52458,1
52459,0.924648894940108
52460,1
52461,0.9226376318830833
52462,0.9968430762781008
52463,1
52464,1
52465,0.9676523251498593
52466,1
52467,1
52468,0.9823205116321391
52469,1
52470,1
52471,1
52472,1
52473,0.9676523251498593
52474,1
52475,0.9502082267048491
52476,0.8904639187511169
52477,1
52478,1
52479,0.5508138003244023
52480,0.9453880275123984
52481,0.9876612416190321
52482,1
52483,0.9989614609837535
52484,1
52485,1
52486,1
52487,0.9126410867997141
52488,1
52489,1
52490,1
52491,0.7896406669072633
52492,1
52493,1
52494,1
52495,1
52496,1
52497,1
52498,0.9676523251498593
52499,0.9740504365406069
52500,0.9077116957215516
52501,0.8841408991690158
52502,1
52503,1
52504,1
52505,0.7223012731869127
52506,0.6780457817008168
52507,0.9740504365406069
52508,1
52509,0.75450940332041
52510,0.9624012717504269
52511,1
52512,1
52513,0.9403193639443862
52514,0.8356691254607166
52515,0.6294960817846854
52516,1
52517,1
52518,0.9475888878684422
52519,1
52520,0.8122935578788008
52521,1
52522,0.8536727480080925
52523,1
52524,1
52525,0.39106635148455415
52526,1
52527,1
52528,0.8500910468610834
52529,0.9824794328812061
52530,1
52531,0.9318272263410183
52532,1
52533,0.6870604339397945
52534,0.9270757360234848
52535,1
52536,0.9424713473879602
52537,1
52538,1
52539,1
52540,0.7745954610996886
52541,0.9565116537184474
52542,1
52543,1
52544,1
52545,1
52546,0.9302326597453842
52547,0.8990776854835568
52548,1
52549,1
52550,0.7809880175463485
52551,0.5268707041992922
52552,0.9565116537184474
52553,0.8079291789170285
52554,1
52555,0.7468244840071132
52556,1
52557,0.8898628781585168
52558,0.9851578980626085
52559,0.40962868676094516
52560,0.9989614609837535
52561,0.8758105888378835
52562,1
52563,1
52564,1
52565,1
52566,1
52567,0.8807548245543686
52568,0.7606222188922314
52569,1
52570,0.8504989784864686
52571,1
52572,1
52573,0.570613759680417
52574,1
52575,1
52576,0.9946592700131068
52577,0.9592083346032153
52578,1
52579,0.9900744607435069
52580,1
52581,0.9676523251498593
52582,1
52583,1
52584,0.9219116743465456
52585,0.9968430762781008
52586,1
52587,1
52588,0.960473993748949
52589,1
52590,1
52591,0.9968430762781008
52592,1
52593,0.8758105888378835
52594,1
52595,0.9989614609837535
52596,1
52597,0.9031769601480161
52598,1
52599,0.7485850029206179
52600,1
52601,0.9170538670778072
52602,1
52603,0.9924049721376991
52604,0.5349366109135466
52605,0.9709361642796265
52606,0.8758105888378835
52607,0.8726536651159842
52608,1
52609,0.9989614609837535
52610,0.960473993748949
52611,1
52612,0.48742259597743365
52613,1
52614,0.9475888878684422
52615,0.9675066118144694
52616,0.881059836817446
52617,0.9489193035597069
52618,0.9424713473879602
52619,1
52620,1
52621,1
52622,0.8789118788336762
52623,1
52624,1
52625,1
52626,1
52627,1
52628,0.9131024994045092
52629,1
52630,1
52631,0.9424713473879602
52632,1
52633,0.8376536299292195
52634,1
52635,0.9241639788683065
52636,0.7008064475582944
52637,1
52638,1
52639,1
52640,1
52641,0.979845370195437
52642,0.960473993748949
52643,0.9876612416190321
52644,0.8536727480080925
52645,1
52646,1
52647,0.9900744607435069
52648,1
52649,1
52650,1
52651,0.9709361642796265
52652,0.9740504365406069
52653,1
52654,1
52655,1
52656,0.9131024994045092
52657,1
52658,1
52659,1
52660,1
52661,1
52662,0.8486297285195241
52663,0.9825559015549896
52664,0.8452042579392905
52665,0.9876612416190321
52666,1
52667,0.9475888878684422
52668,0.954249361934666
52669,0.8448833436396047
52670,1
52671,1
52672,0.7346954184363538
52673,0.532514615995751
52674,0.8498562756884463
52675,1
52676,0.9096703497400876
52677,0.9565116537184474
52678,1
52679,1
52680,1
52681,0.9677137996175981
52682,0.9414328083717136
52683,0.855691064988938
52684,1
52685,1
52686,1
52687,0.9775628702003074
52688,1
52689,1
52690,1
52691,0.730935528439882
52692,1
52693,1
52694,1
52695,0.5508138003244023
52696,1
52697,0.8233994767063256
52698,1
52699,1
52700,0.9002571508472601
52701,1
52702,1
52703,0.771057259560804
52704,0.8827365837284661
52705,1
52706,1
52707,0.275401117416931
52708,0.7786804789122529
52709,0.9134075116675866
52710,0.9302326597453842
52711,0.9989614609837535
52712,1
52713,0.9141169917336475
52714,1
52715,1
52716,1
52717,1
52718,1
52719,1
52720,1
52721,1
52722,0.9380884607531618
52723,1
52724,1
52725,0.9528102232124677
52726,1
52727,0.9968430762781008
52728,0.9215149219764929
52729,1
52730,1
52731,0.9484563830190151
52732,0.9676523251498593
52733,0.9215280870399606
52734,0.8758105888378835
52735,0.7035743644139342
52736,0.8225413915840324
52737,0.9876612416190321
52738,0.4280991171708136
52739,0.9424713473879602
52740,0.9900744607435069
52741,1
52742,1
52743,0.979845370195437
52744,1
52745,1
52746,1
52747,1
52748,1
52749,1
52750,1
52751,1
52752,1
52753,0.5745455479322388
52754,0.960473993748949
52755,1
52756,0.9367537762839373
52757,1
52758,0.5870423472606542
52759,0.9946592700131068
52760,1
52761,0.7952487548699064
52762,0.9777357023625389
52763,0.979845370195437
52764,1
52765,1
52766,1
52767,1
52768,0.9364517082910339
52769,1
52770,1
52771,0.9851578980626085
52772,1
52773,0.952238581019351
52774,1
52775,0.962172654394791
52776,0.960473993748949
52777,0.767408312494584
52778,1
52779,1
52780,0.7202520542019583
52781,1
52782,0.9900744607435069
52783,0.9968430762781008
52784,1
52785,1
52786,0.8638411288028187
52787,0.14402390492519107
52788,1
52789,1
52790,0.9367537762839373
52791,1
52792,1
52793,0.9055074715422085
52794,0.8452042579392905
52795,1
52796,1
52797,1
52798,0.5153539309337685
52799,1
52800,1
52801,1
52802,1
52803,1
52804,1
52805,0.3773269524714902
52806,1
52807,1
52808,1
52809,0.9131024994045092
52810,1
52811,1
52812,0.9131024994045092
52813,1
52814,1
52815,1
52816,1
52817,0.9946592700131068
52818,1
52819,0.9770147563321826
52820,1
52821,1
52822,1
52823,0.8452042579392905
52824,1
52825,1
52826,1
52827,1
52828,1
52829,1
52830,0.9565116537184474
52831,0.9676523251498593
52832,1
52833,1
52834,1
52835,0.6801724496321412
52836,1
52837,0.8899019296313001
52838,0.9424713473879602
52839,0.9120639603882625
52840,0.7607959557882851
52841,0.9120639603882625
52842,1
52843,1
52844,0.8536727480080925
52845,1
52846,1
52847,1
52848,1
52849,1
52850,0.5107198662522675
52851,1
52852,1
52853,0.9876612416190321
52854,1
52855,1
52856,1
52857,1
52858,1
52859,1
52860,1
52861,0.9989614609837535
52862,0.8974608360880186
52863,1
52864,1
52865,1
52866,0.904283096285991
52867,0.7435923099971533
52868,0.9318272263410183
52869,1
52870,0.9223167175833974
52871,1
52872,1
52873,1
52874,1
52875,1
52876,1
52877,1
52878,1
52879,1
52880,1
52881,1
52882,0.9770147563321826
52883,1
52884,1
52885,0.9825559015549896
52886,1
52887,0.9270772697016418
52888,0.9709361642796265
52889,1
52890,1
52891,0.9694197284698819
52892,1
52893,0.9770147563321826
52894,0.952238581019351
52895,1
52896,0.9989614609837535
52897,0.8536727480080925
52898,1
52899,0.9327467859310505
52900,1
52901,1
52902,1
52903,1
52904,1
52905,1
52906,0.8424575322254177
52907,0.885835433581389
52908,1
52909,0.7506208998970404
52910,1
52911,1
52912,1
52913,0.9302326597453842
52914,1
52915,0.9676523251498593
52916,0.8536727480080925
52917,1
52918,1
52919,0.6697592460540237
52920,1
52921,0.8758105888378835
52922,0.9989614609837535
52923,0.9823205116321391
52924,1
52925,1
52926,1
52927,1
52928,0.862469293539203
52929,1
52930,1
52931,1
52932,1
52933,1
52934,1
52935,0.9475888878684422
52936,1
52937,0.8613931433692843
52938,1
52939,1
52940,0.6414088201090038
52941,1
52942,0.9968430762781008
52943,1
52944,1
52945,0.8765660795180633
52946,0.8632373843695939
52947,0.960473993748949
52948,1
52949,1
52950,1
52951,0.12446401795831219
52952,0.5535873070774334
52953,1
52954,1
52955,1
52956,1
52957,0.9475888878684422
52958,0.960473993748949
52959,1
52960,0.9242321984787175
52961,1
52962,1
52963,1
52964,0.8758105888378835
52965,1
52966,1
52967,1
52968,0.9876612416190321
52969,0.9002571508472601
52970,1
52971,1
52972,1
52973,0.6301070019315487
52974,1
52975,1
52976,1
52977,1
52978,0.881059836817446
52979,0.979845370195437
52980,1
52981,0.9845043178971328
52982,1
52983,0.7714575646973898
52984,0.9131024994045092
52985,1
52986,1
52987,0.9968430762781008
52988,0.8955879474882031
52989,1
52990,1
52991,0.9851578980626085
52992,0.8758105888378835
52993,1
52994,1
52995,0.9968430762781008
52996,0.9675066118144694
52997,0.9968430762781008
52998,1
52999,1
53000,1
53001,0.9034275239995768
53002,1
53003,1
53004,0.6301070019315487
53005,0.960473993748949
53006,0.5151769408550747
53007,0.9775628702003074
53008,0.9946592700131068
53009,0.9414328083717136
53010,0.9592083346032153
53011,1
53012,0.9851578980626085
53013,0.9723949723756459
53014,1
53015,1
53016,0.9676523251498593
53017,1
53018,0.8875513800778818
53019,1
53020,1
53021,0.9892480484157999
53022,1
53023,1
53024,1
53025,1
53026,1
53027,1
53028,0.960473993748949
53029,1
53030,1
53031,1
53032,1
53033,1
53034,0.9301444988828417
53035,0.9475591698130352
53036,0.979845370195437
53037,0.8695354829155412
53038,1
53039,0.891553004685412
53040,1
53041,1
53042,0.7864215950242645
53043,0.9565116537184474
53044,1
53045,1
53046,1
53047,1
53048,1
53049,0.8908382017670483
53050,1
53051,1
53052,0.9924049721376991
53053,1
53054,0.9502082267048491
53055,0.8939032266763798
53056,0.952238581019351
53057,0.17531456448319846
53058,0.40962868676094516
53059,1
53060,0.7307363582510163
53061,1
53062,0.8304898105926442
53063,1
53064,0.9825559015549896
53065,0.9302326597453842
53066,1
53067,0.6801724496321412
53068,0.9120639603882625
53069,1
53070,1
53071,1
53072,1
53073,1
53074,0.9924049721376991
53075,0.6124298758352368
53076,1
53077,0.9740504365406069
53078,0.960473993748949
53079,1
53080,0.9382758846498143
53081,0.5894620716529451
53082,0.8389864815560427
53083,1
53084,1
53085,0.98286877941266
53086,1
53087,0.9749608736926888
53088,0.964174901191159
53089,0.8233994767063256
53090,1
53091,0.9585974058986586
53092,0.8758105888378835
53093,1
53094,1
53095,0.7895530620855286
53096,0.9475888878684422
53097,0.9676523251498593
53098,0.39558309155135485
53099,1
53100,1
53101,1
53102,0.9399938600061414
53103,0.9475888878684422
53104,0.9447910280441723
53105,1
53106,1
53107,0.960473993748949
53108,0.9131024994045092
53109,0.9709361642796265
53110,1
53111,0.9851578980626085
53112,0.460275083645991
53113,1
53114,0.275401117416931
53115,1
53116,0.7439217405108233
53117,1
53118,1
53119,1
53120,0.8304898105926442
53121,1
53122,0.8527992858015914
53123,0.910092282320585
53124,1
53125,1
53126,1
53127,0.45668427535044265
53128,1
53129,1
53130,1
53131,1
53132,0.6267468322852641
53133,1
53134,0.9066736072228813
53135,1
53136,0.2426719729727812
53137,1
53138,0.9730118975243602
53139,1
53140,1
53141,1
53142,1
53143,1
53144,1
53145,1
53146,1
53147,1
53148,1
53149,1
53150,1
53151,1
53152,1
53153,1
53154,0.8036360514400813
53155,0.8389828944831825
53156,1
53157,0.9825559015549896
53158,1
53159,0.9302326597453842
53160,1
53161,1
53162,0.9876612416190321
53163,1
53164,0.275401117416931
53165,0.887152935945116
53166,0.9002571508472601
53167,0.952238581019351
53168,1
53169,0.9367537762839373
53170,1
53171,1
53172,1
53173,0.9480140000096547
53174,1
53175,1
53176,1
53177,1
53178,0.38544972590180404
53179,0.9968430762781008
53180,1
53181,1
53182,0.8696486878279939
53183,1
53184,1
53185,1
53186,1
53187,0.9430298953039388
53188,0.9475888878684422
53189,0.8530257604059802
53190,0.9183711633180615
53191,0.7376499984583492
53192,1
53193,0.745100505891559
53194,0.9424713473879602
53195,0.8650379734441676
53196,1
53197,1
53198,0.9424713473879602
53199,0.9740504365406069
53200,0.847155001879718
53201,0.9560940623422349
53202,1
53203,1
53204,1
53205,0.9475888878684422
53206,1
53207,0.964174901191159
53208,0.9676523251498593
53209,1
53210,1
53211,0.9968430762781008
53212,1
53213,0.9327467859310505
53214,1
53215,0.915043855920416
53216,0.8133596502517693
53217,1
53218,1
53219,1
53220,1
53221,1
53222,1
53223,1
53224,0.9851578980626085
53225,1
53226,1
53227,0.9936207309968602
53228,1
53229,0.9490816572974519
53230,1
53231,1
53232,0.7776573161857367
53233,1
53234,1
53235,1
53236,1
53237,0.8590422917476127
53238,1
53239,0.9424713473879602
53240,1
53241,1
53242,0.8452042579392905
53243,1
53244,0.9475888878684422
53245,0.9194097023343079
53246,1
53247,1
53248,0.8493508284622766
53249,0.8241697582119009
53250,0.9946592700131068
53251,1
53252,0.3198088959383692
53253,0.6899891603655941
53254,0.9399938600061414
53255,1
53256,1
53257,0.9825559015549896
53258,1
53259,0.9851578980626085
53260,0.6801724496321412
53261,1
53262,0.9367537762839373
53263,0.9946592700131068
53264,1
53265,0.8765438738424991
53266,0.8966170625968141
53267,1
53268,0.9709361642796265
53269,1
53270,1
53271,0.9946592700131068
53272,0.5268707041992922
53273,0.47012996583884614
53274,1
53275,1
53276,1
53277,0.9740504365406069
53278,1
53279,0.9709361642796265
53280,1
53281,0.9002571508472601
53282,1
53283,1
53284,0.9435758958692533
53285,0.9825559015549896
53286,0.9968430762781008
53287,1
53288,1
53289,0.8726536651159842
53290,0.9946592700131068
53291,1
53292,0.9553135667688916
53293,1
53294,1
53295,1
53296,0.979845370195437
53297,1
53298,0.9169851244036267
53299,1
53300,0.8673129351290911
53301,1
53302,0.611044687464725
53303,1
53304,1
53305,1
53306,1
53307,1
53308,0.9131024994045092
53309,1
53310,1
53311,0.8057646223894684
53312,0.9825559015549896
53313,0.6356436931669066
53314,1
53315,0.9709361642796265
53316,1
53317,1
53318,1
53319,0.799849490571901
53320,0.9740504365406069
53321,0.9946592700131068
53322,1
53323,1
53324,1
53325,0.9770147563321826
53326,0.8362845825868327
53327,1
53328,1
53329,1
53330,0.9687097065537137
53331,0.9044942651355453
53332,0.8782697446559555
53333,0.4236591370118856
53334,1
53335,1
53336,1
53337,0.9475888878684422
53338,1
53339,1
53340,1
53341,1
53342,0.275401117416931
53343,0.9814408938649595
53344,1
53345,0.4018847339501073
53346,1
53347,0.9900744607435069
53348,1
53349,0.9214919712182089
53350,0.8068560010364252
53351,1
53352,1
53353,0.8900602352564023
53354,1
53355,1
53356,1
53357,1
53358,0.9225666260562072
53359,1
53360,0.7269925381007677
53361,1
53362,1
53363,1
53364,1
53365,0.964174901191159
53366,1
53367,1
53368,1
53369,0.48894181961269545
53370,1
53371,0.9225666260562072
53372,1
53373,1
53374,0.5402137518806734
53375,1
53376,0.9002571508472601
53377,0.275401117416931
53378,0.9120639603882625
53379,0.9815768070347143
53380,0.6683121724441046
53381,1
53382,0.9958045372618541
53383,0.8549602505081392
53384,0.9900744607435069
53385,1
53386,1
53387,0.9815173625387432
53388,0.9738578326102835
53389,1
53390,1
53391,0.9676523251498593
53392,1
53393,1
53394,1
53395,1
53396,0.9851578980626085
53397,1
53398,0.5145692307451193
53399,0.9709361642796265
53400,0.9793225091593067
53401,1
53402,1
53403,1
53404,1
53405,1
53406,1
53407,0.6421456291440939
53408,1
53409,1
53410,0.9120336373277153
53411,1
53412,0.9131024994045092
53413,1
53414,0.8123211112355226
53415,0.3198088959383692
53416,1
53417,0.8521689944314813
53418,1
53419,0.952238581019351
53420,1
53421,1
53422,1
53423,0.9740504365406069
53424,1
53425,1
53426,1
53427,0.5538104657059476
53428,0.9924049721376991
53429,1
53430,1
53431,1
53432,0.9989614609837535
53433,1
53434,1
53435,1
53436,1
53437,1
53438,0.5258119257310876
53439,0.98286877941266
53440,1
53441,1
53442,1
53443,0.9770147563321826
53444,1
53445,0.9573170700270499
53446,1
53447,1
53448,1
53449,1
53450,0.964174901191159
53451,1
53452,1
53453,1
53454,0.859275909118572
53455,0.932545808131467
53456,1
53457,1
53458,1
53459,0.788941951217997
53460,0.9475888878684422
53461,1
53462,1
53463,0.9302326597453842
53464,0.84560594617947
53465,1
53466,1
53467,1
53468,0.9644954014279602
53469,0.979845370195437
53470,0.9170538670778072
53471,1
53472,0.549567528551373
53473,1
53474,0.8452042579392905
53475,1
53476,0.9876612416190321
53477,1
53478,1
53479,1
53480,1
53481,1
53482,0.9131024994045092
53483,1
53484,1
53485,1
53486,0.8225413915840324
53487,1
53488,1
53489,0.411424946142468
53490,0.9740504365406069
53491,1
53492,1
53493,1
53494,0.9740504365406069
53495,0.9709361642796265
53496,1
53497,0.9131024994045092
53498,1
53499,0.40987534658270874
53500,1
53501,0.7096245249725969
53502,1
53503,1
53504,0.5809649968524019
53505,0.9244150179029693
53506,0.9215280870399606
53507,1
53508,1
53509,0.9424713473879602
53510,0.9676523251498593
53511,0.9968430762781008
53512,1
53513,1
53514,1
53515,0.960473993748949
53516,1
53517,0.9936207309968602
53518,0.9989614609837535
53519,1
53520,0.9851578980626085
53521,1
53522,0.9740504365406069
53523,1
53524,1
53525,0.9876612416190321
53526,0.9565116537184474
53527,1
53528,1
53529,0.9825559015549896
53530,1
53531,0.7158882949272881
53532,1
53533,0.6417123740439841
53534,1
53535,1
53536,0.7475370874972985
53537,1
53538,1
53539,0.9475888878684422
53540,0.9946592700131068
53541,0.960473993748949
53542,0.944667081482042
53543,1
53544,1
53545,1
53546,0.8663516566305742
53547,1
53548,0.9709361642796265
53549,1
53550,1
53551,0.979845370195437
53552,0.9131024994045092
53553,0.952238581019351
53554,1
53555,0.8944075609365433
53556,0.7977222631844291
53557,1
53558,1
53559,0.9565116537184474
53560,1
53561,0.979845370195437
53562,0.7435923099971533
53563,0.9178939013644162
53564,1
53565,1
53566,1
53567,1
53568,1
53569,0.964174901191159
53570,1
53571,1
53572,0.9946592700131068
53573,1
53574,0.9709361642796265
53575,1
53576,0.8826130883001485
53577,0.9946592700131068
53578,1
53579,1
53580,0.9193073345904205
53581,0.9565116537184474
53582,1
53583,1
53584,1
53585,1
53586,1
53587,0.9709361642796265
53588,0.924648894940108
53589,1
53590,0.9502082267048491
53591,1
53592,1
53593,1
53594,1
53595,0.9347944825743407
53596,1
53597,0.9002571508472601
53598,1
53599,0.9666137861336129
53600,0.8811152979190722
53601,1
53602,1
53603,1
53604,0.9031769601480161
53605,0.9900744607435069
53606,0.9225666260562072
53607,1
53608,1
53609,0.9225666260562072
53610,0.9740504365406069
53611,1
53612,1
53613,1
53614,1
53615,1
53616,1
53617,1
53618,1
53619,1
53620,0.9475888878684422
53621,1
53622,0.7369657043235766
53623,1
53624,1
53625,1
53626,1
53627,1
53628,0.9475888878684422
53629,0.8536727480080925
53630,0.9548062438881261
53631,0.9424713473879602
53632,0.9915023462912075
53633,0.38544972590180404
53634,1
53635,1
53636,1
53637,1
53638,1
53639,0.8072831162490197
53640,0.6986343657413508
53641,0.9475888878684422
53642,1
53643,0.9219116743465456
53644,0.791277070171216
53645,0.9968430762781008
53646,0.9793989778330905
53647,0.919309677838927
53648,1
53649,1
53650,1
53651,1
53652,0.9709361642796265
53653,1
53654,1
53655,1
53656,1
53657,1
53658,0.9946592700131068
53659,1
53660,1
53661,0.6417123740439841
53662,0.6801724496321412
53663,1
53664,0.9517939502087364
53665,1
53666,0.9124873701029411
53667,0.629870482259983
53668,0.9989614609837535
53669,1
53670,0.8452042579392905
53671,1
53672,0.7977222631844291
53673,0.9565116537184474
53674,0.8729251359289573
53675,1
53676,0.9267149464176845
53677,1
53678,0.9968430762781008
53679,1
53680,1
53681,0.9968430762781008
53682,0.8758105888378835
53683,1
53684,0.9740504365406069
53685,0.8349239788308557
53686,0.9740504365406069
53687,0.9825559015549896
53688,1
53689,1
53690,0.2847402130389319
53691,0.9002571508472601
53692,1
53693,0.7753865594659731
53694,0.9825559015549896
53695,1
53696,0.8879218117470229
53697,1
53698,0.14402390492519107
53699,1
53700,1
53701,1
53702,1
53703,0.8758105888378835
53704,0.9770147563321826
53705,0.49407364542759935
53706,1
53707,1
53708,1
53709,0.9749608736926888
53710,1
53711,0.9752323588061153
53712,1
53713,0.9851578980626085
53714,0.798069557102414
53715,0.9676523251498593
53716,1
53717,1
53718,1
53719,0.8879538182870418
53720,1
53721,1
53722,0.8679094759971194
53723,1
53724,1
53725,1
53726,0.7232999507167849
53727,0.9847337307566136
53728,1
53729,1
53730,0.7793479010245669
53731,1
53732,1
53733,0.9676523251498593
53734,0.952238581019351
53735,1
53736,1
53737,1
53738,1
53739,1
53740,0.8569608260344365
53741,0.9968430762781008
53742,1
53743,1
53744,0.8758105888378835
53745,0.9900744607435069
53746,1
53747,1
53748,1
53749,0.9770147563321826
53750,1
53751,0.9467308027461487
53752,1
53753,0.960473993748949
53754,0.36211362823990395
53755,1
53756,1
53757,0.8553134119872579
53758,1
53759,1
53760,1
53761,1
53762,0.9367537762839373
53763,1
53764,1
53765,1
53766,1
53767,1
53768,1
53769,1
53770,1
53771,1
53772,1
53773,0.7979915110564277
53774,1
53775,1
53776,0.8992186118310135
53777,0.9677792405577272
53778,1
53779,1
53780,1
53781,0.8536727480080925
53782,0.9120336373277153
53783,0.952238581019351
53784,1
53785,1
53786,0.9592083346032153
53787,1
53788,1
53789,1
53790,1
53791,1
53792,1
53793,1
53794,0.9968430762781008
53795,1
53796,0.9019068021206628
53797,1
53798,1
53799,1
53800,0.9002571508472601
53801,0.960473993748949
53802,0.9258908634110086
53803,0.979845370195437
53804,1
53805,1
53806,1
53807,1
53808,1
53809,1
53810,1
53811,1
53812,1
53813,1
53814,1
53815,1
53816,1
53817,0.964174901191159
53818,1
53819,1
53820,1
53821,1
53822,0.7682390624460335
53823,0.8758105888378835
53824,1
53825,0.8713341564061835
53826,0.9825559015549896
53827,0.9968430762781008
53828,0.8468774488217568
53829,1
53830,1
53831,0.664034847216157
53832,1
53833,1
53834,1
53835,1
53836,1
53837,0.5543513000140766
53838,1
53839,0.934718013900557
53840,1
53841,0.937590998476411
53842,0.7396025728407133
53843,1
53844,1
53845,0.8104850185224997
53846,1
53847,1
53848,1
53849,0.970217143174022
53850,0.8612377347724905
53851,0.8452042579392905
53852,0.8758105888378835
53853,1
53854,1
53855,0.8651089792710435
53856,1
53857,0.839571574513321
53858,0.9475888878684422
53859,0.7158882949272881
53860,0.6194028988350369
53861,1
53862,0.7629541550165203
53863,1
53864,0.9302326597453842
53865,0.9740504365406069
53866,1
53867,0.8731117163496501
53868,1
53869,0.8767223241706446
53870,1
53871,1
53872,0.9367537762839373
53873,0.9367537762839373
53874,1
53875,1
53876,1
53877,0.9304641707058801
53878,1
53879,1
53880,1
53881,0.937130617401067
53882,1
53883,1
53884,0.979845370195437
53885,0.9825559015549896
53886,1
53887,0.8587551334363532
53888,1
53889,1
53890,1
53891,1
53892,1
53893,0.9041005415868895
53894,0.9958045372618541
53895,0.8575742208743098
53896,0.8556559590333207
53897,1
53898,1
53899,0.8778651986190539
53900,0.9924049721376991
53901,0.6103995215207348
53902,0.3198088959383692
53903,1
53904,1
53905,0.964174901191159
53906,0.7181201478331275
53907,1
53908,1
53909,1
53910,1
53911,0.9565116537184474
53912,1
53913,1
53914,1
53915,0.7398465677894628
53916,1
53917,0.6292714449340746
53918,1
53919,1
53920,0.9851578980626085
53921,0.960473993748949
53922,1
53923,1
53924,1
53925,1
53926,1
53927,0.9002571508472601
53928,0.9676523251498593
53929,0.8047260833732218
53930,0.9241639788683065
53931,0.952238581019351
53932,1
53933,0.9565116537184474
53934,1
53935,1
53936,0.6291600514097386
53937,1
53938,1
53939,0.9851578980626085
53940,1
53941,1
53942,1
53943,0.8758105888378835
53944,1
53945,1
53946,1
53947,1
53948,1
53949,1
53950,0.9367537762839373
53951,1
53952,0.8183479456908903
53953,0.9595706578871724
53954,0.9131024994045092
53955,1
53956,0.960473993748949
53957,0.275401117416931
53958,0.9825559015549896
53959,1
53960,1
53961,1
53962,0.9347944825743407
53963,0.9002571508472601
53964,1
53965,1
53966,0.8527992858015914
53967,0.5389306092479558
53968,0.8947099284073113
53969,0.9989614609837535
53970,0.960473993748949
53971,1
53972,1
53973,1
53974,0.9410768387798646
53975,0.5865955798156085
53976,1
53977,1
53978,1
53979,1
53980,1
53981,0.9968430762781008
53982,1
53983,0.987064242150806
53984,0.2426719729727812
53985,0.964174901191159
53986,0.9709361642796265
53987,1
53988,1
53989,1
53990,0.979845370195437
53991,1
53992,1
53993,1
53994,1
53995,1
53996,0.8334485633155726
53997,1
53998,1
53999,1
54000,0.9165991464793745
54001,1
54002,1
54003,1
54004,1
54005,1
54006,1
54007,1
54008,0.8169729628667067
54009,1
54010,0.7889130882423926
54011,1
54012,1
54013,1
54014,0.960473993748949
54015,0.9876612416190321
54016,1
54017,0.9740504365406069
54018,0.6146885607664855
54019,0.6334149813980159
54020,1
54021,1
54022,1
54023,1
54024,1
54025,1
54026,1
54027,0.9502082267048491
54028,1
54029,1
54030,0.8575742208743098
54031,1
54032,1
54033,0.8871384288700024
54034,1
54035,1
54036,1
54037,0.9946592700131068
54038,0.6354710179633959
54039,1
54040,1
54041,0.7929964503481455
54042,1
54043,1
54044,0.9424713473879602
54045,0.9900744607435069
54046,0.8731117163496501
54047,0.8669864360293214
54048,1
54049,0.9740504365406069
54050,0.8168131163551896
54051,1
54052,1
54053,1
54054,0.38544972590180404
54055,1
54056,0.9851578980626085
54057,1
54058,1
54059,0.8638411288028187
54060,0.9968430762781008
54061,1
54062,0.9924049721376991
54063,0.9131024994045092
54064,1
54065,0.846699351966547
54066,1
54067,0.6194028988350369
54068,1
54069,1
54070,1
54071,0.4429480073327186
54072,1
54073,0.9637614054970985
54074,1
54075,1
54076,1
54077,1
54078,1
54079,0.9968430762781008
54080,1
54081,0.934524430289556
54082,1
54083,1
54084,1
54085,0.9348763195256594
54086,1
54087,1
54088,0.8424575322254177
54089,0.933596852562038
54090,1
54091,1
54092,0.7242029750531249
54093,0.9924049721376991
54094,1
54095,1
54096,0.9788068311791907
54097,1
54098,1
54099,1
54100,0.9770147563321826
54101,0.9178939013644162
54102,1
54103,0.8093109395200386
54104,0.9367537762839373
54105,0.8955879474882031
54106,0.9968430762781008
54107,1
54108,0.7317353704420497
54109,1
54110,0.9740504365406069
54111,0.275401117416931
54112,0.9302326597453842
54113,0.9709361642796265
54114,1
54115,0.9924049721376991
54116,0.8524957318666111
54117,1
54118,0.4391669765898237
54119,1
54120,0.9946592700131068
54121,1
54122,1
54123,1
54124,0.9225666260562072
54125,1
54126,1
54127,0.9565116537184474
54128,1
54129,1
54130,1
54131,1
54132,1
54133,1
54134,1
54135,1
54136,0.7285471873593838
54137,1
54138,0.8513223437200496
54139,1
54140,1
54141,1
54142,1
54143,1
54144,0.7312285596431632
54145,1
54146,1
54147,1
54148,1
54149,1
54150,0.8758105888378835
54151,0.9968430762781008
54152,1
54153,0.7181664255939265
54154,0.813125537818656
54155,1
54156,1
54157,1
54158,0.9127885613003739
54159,0.9225666260562072
54160,1
54161,1
54162,0.9424713473879602
54163,1
54164,1
54165,1
54166,1
54167,1
54168,0.9417027616904663
54169,1
54170,1
54171,1
54172,1
54173,1
54174,1
54175,1
54176,0.9770147563321826
54177,1
54178,0.9968430762781008
54179,0.964174901191159
54180,1
54181,0.9641248972841138
54182,0.9968430762781008
54183,1
54184,0.9876612416190321
54185,1
54186,1
54187,1
54188,1
54189,0.9225666260562072
54190,0.6509548040861303
54191,1
54192,1
54193,1
54194,1
54195,1
54196,1
54197,1
54198,1
54199,0.9989614609837535
54200,1
54201,0.3876021803368593
54202,1
54203,1
54204,0.5894620716529451
54205,1
54206,0.9825559015549896
54207,0.9851578980626085
54208,1
54209,0.9924049721376991
54210,1
54211,0.7614348743621632
54212,0.960473993748949
54213,0.9131024994045092
54214,0.9924049721376991
54215,1
54216,0.863986269364453
54217,0.7398465677894628
54218,0.8593204023401445
54219,1
54220,0.8669864360293214
54221,0.9676523251498593
54222,1
54223,1
54224,0.952238581019351
54225,1
54226,1
54227,0.9568601265276199
54228,1
54229,0.9002571508472601
54230,1
54231,1
54232,0.9851578980626085
54233,1
54234,0.9226376318830833
54235,1
54236,1
54237,0.8133596502517693
54238,1
54239,1
54240,1
54241,1
54242,1
54243,1
54244,0.8452042579392905
54245,1
54246,1
54247,1
54248,1
54249,1
54250,1
54251,0.9215481318859035
54252,0.9357152372676907
54253,1
54254,0.9318272263410183
54255,0.9708935128187075
54256,0.919309677838927
54257,1
54258,1
54259,1
54260,0.9051410752309912
54261,0.9740504365406069
54262,1
54263,1
54264,0.7055004692238278
54265,1
54266,0.9373964790819593
54267,0.8514824124865539
54268,0.960473993748949
54269,0.9946592700131068
54270,1
54271,1
54272,1
54273,1
54274,1
54275,1
54276,1
54277,1
54278,1
54279,0.9363570239138845
54280,1
54281,1
54282,0.8731117163496501
54283,0.937130617401067
54284,1
54285,1
54286,0.9441728953374794
54287,0.9709361642796265
54288,0.9851578980626085
54289,1
54290,0.9851578980626085
54291,1
54292,0.964174901191159
54293,1
54294,0.7358186778899525
54295,1
54296,0.8696141531229564
54297,1
54298,0.7916426539516063
54299,0.8583931006929861
54300,0.9002571508472601
54301,1
54302,0.14402390492519107
54303,0.9740504365406069
54304,0.9740504365406069
54305,0.8899019296313001
54306,1
54307,0.9225666260562072
54308,1
54309,0.9876612416190321
54310,0.9347944825743407
54311,0.9528789658866482
54312,0.9225666260562072
54313,1
54314,0.9676523251498593
54315,0.8650379734441676
54316,1
54317,1
54318,1
54319,1
54320,0.9847337307566136
54321,1
54322,0.952238581019351
54323,1
54324,0.8323222425563308
54325,1
54326,0.891467455316134
54327,1
54328,0.9740504365406069
54329,0.8395171669045822
54330,0.9002571508472601
54331,1
54332,0.8758105888378835
54333,1
54334,0.7790525925596906
54335,1
54336,1
54337,0.8149018229975332
54338,1
54339,0.9002571508472601
54340,1
54341,1
54342,0.9367537762839373
54343,0.9740504365406069
54344,1
54345,0.9946592700131068
54346,1
54347,0.952238581019351
54348,0.952238581019351
54349,1
54350,1
54351,1
54352,1
54353,1
54354,0.9851578980626085
54355,1
54356,1
54357,1
54358,0.9131024994045092
54359,1
54360,0.7760677396851436
54361,0.7022588091199851
54362,1
54363,1
54364,1
54365,1
54366,1
54367,0.656508367962042
54368,1
54369,0.8030335718749154
54370,0.9946592700131068
54371,1
54372,0.6761559501314007
54373,0.8723555643057914
54374,0.9655527828318143
54375,0.7535668926391268
54376,0.7117847265616775
54377,0.905122527611197
54378,1
54379,1
54380,1
54381,1
54382,1
54383,1
54384,1
54385,1
54386,1
54387,1
54388,0.7786804789122529
54389,0.9455475754457076
54390,1
54391,0.979845370195437
54392,0.2426719729727812
54393,0.6000453230835737
54394,1
54395,1
54396,0.9770147563321826
54397,0.8982603974671176
54398,0.9302326597453842
54399,0.9824794328812061
54400,1
54401,1
54402,1
54403,0.7846265121426098
54404,0.9364517082910339
54405,1
54406,0.9989614609837535
54407,1
54408,0.3908289911511048
54409,1
54410,0.9302326597453842
54411,1
54412,0.9002571508472601
54413,1
54414,0.9876612416190321
54415,0.9504808575244802
54416,0.9164134822105101
54417,0.9147651219813359
54418,1
54419,0.9740504365406069
54420,0.6779679417364699
54421,1
54422,1
54423,1
54424,1
54425,1
54426,1
54427,1
54428,0.8907066534943333
54429,0.6466584316990136
54430,0.962172654394791
54431,1
54432,1
54433,0.9565798733288582
54434,1
54435,1
54436,1
54437,0.952238581019351
54438,1
54439,0.5930419266778941
54440,0.9225666260562072
54441,0.9924049721376991
54442,1
54443,1
54444,1
54445,0.960473993748949
54446,1
54447,1
54448,1
54449,0.7786804789122529
54450,0.8902189512060666
54451,1
54452,1
54453,0.9740504365406069
54454,0.7705205172451948
54455,1
54456,0.791277070171216
54457,1
54458,0.6508105197811982
54459,0.9815173625387432
54460,0.952238581019351
54461,1
54462,0.979845370195437
54463,0.9900744607435069
54464,1
54465,0.9475888878684422
54466,1
54467,0.745100505891559
54468,0.9382758846498143
54469,0.9924049721376991
54470,0.42028034953025767
54471,1
54472,0.9709361642796265
54473,0.7814695884207105
54474,1
54475,0.933596852562038
54476,0.9676523251498593
54477,0.7786804789122529
54478,1
54479,1
54480,1
54481,0.944667081482042
54482,1
54483,1
54484,1
54485,0.9770147563321826
54486,1
54487,0.8864916187745565
54488,1
54489,0.964174901191159
54490,1
54491,0.9585974058986586
54492,0.8758105888378835
54493,1
54494,1
54495,1
54496,1
54497,1
54498,1
54499,1
54500,1
54501,0.9599794384530133
54502,1
54503,1
54504,0.9851578980626085
54505,1
54506,1
54507,1
54508,0.9365336170725569
54509,1
54510,1
54511,1
54512,1
54513,1
54514,0.8632373843695939
54515,0.9198909061692103
54516,1
54517,0.9722503423331362
54518,1
54519,1
54520,0.7801777810975071
54521,0.862469293539203
54522,0.9131024994045092
54523,1
54524,1
54525,0.9989614609837535
54526,0.9740504365406069
54527,0.9502082267048491
54528,0.9302326597453842
54529,0.952238581019351
54530,0.964174901191159
54531,1
54532,1
54533,1
54534,1
54535,1
54536,1
54537,0.9900744607435069
54538,0.9565116537184474
54539,1
54540,0.9357152372676907
54541,0.28804162768873437
54542,0.9424713473879602
54543,0.915043855920416
54544,1
54545,0.8758105888378835
54546,1
54547,0.9770147563321826
54548,0.46211370261965656
54549,1
54550,1
54551,1
54552,1
54553,1
54554,1
54555,1
54556,1
54557,1
54558,0.979845370195437
54559,0.9924049721376991
54560,1
54561,0.9968430762781008
54562,1
54563,0.9511709237315541
54564,0.9968430762781008
54565,0.9851578980626085
54566,0.6780457817008168
54567,1
54568,1
54569,0.9770147563321826
54570,1
54571,1
54572,0.914723355683615
54573,0.9051410752309912
54574,1
54575,1
54576,0.9900744607435069
54577,0.9225666260562072
54578,1
54579,1
54580,0.9770147563321826
54581,0.6512790782171166
54582,1
54583,0.8593204023401445
54584,0.9709361642796265
54585,0.960473993748949
54586,1
54587,0.9475888878684422
54588,1
54589,1
54590,1
54591,1
54592,1
54593,1
54594,1
54595,0.40987534658270874
54596,1
54597,1
54598,0.9178939013644162
54599,1
54600,1
54601,1
54602,1
54603,1
54604,0.9225666260562072
54605,0.952238581019351
54606,1
54607,1
54608,1
54609,0.9675066118144694
54610,1
54611,1
54612,0.7932371954044183
54613,0.4844438480770324
54614,1
54615,1
54616,1
54617,1
54618,1
54619,1
54620,1
54621,1
54622,1
54623,1
54624,0.9946592700131068
54625,0.9968430762781008
54626,1
54627,0.9677137996175981
54628,0.9824794328812061
54629,1
54630,1
54631,1
54632,1
54633,0.9002571508472601
54634,1
54635,0.9851578980626085
54636,0.9041952259640388
54637,0.9131024994045092
54638,0.8003881736700336
54639,1
54640,1
54641,0.9510651928727897
54642,0.9281263188988084
54643,0.8032448469017628
54644,1
54645,0.6801724496321412
54646,1
54647,1
54648,0.8423558367560431
54649,0.9876612416190321
54650,1
54651,1
54652,0.8982603974671176
54653,1
54654,1
54655,0.8323222425563308
54656,1
54657,1
54658,0.8299689361100316
54659,0.964174901191159
54660,0.9182007796423152
54661,1
54662,1
54663,1
54664,1
54665,0.8663516566305742
54666,0.9946592700131068
54667,1
54668,0.8536727480080925
54669,1
54670,1
54671,0.6848112571695409
54672,0.9825559015549896
54673,1
54674,0.952238581019351
54675,0.8879183924662923
54676,0.17531456448319846
54677,1
54678,1
54679,1
54680,0.6780457817008168
54681,0.9449866008202333
54682,0.9424713473879602
54683,0.5355403860220453
54684,1
54685,0.8729251359289573
54686,1
54687,0.5552912231097396
54688,1
54689,0.9424713473879602
54690,0.9936207309968602
54691,0.8403059902658436
54692,1
54693,1
54694,0.9553750412366303
54695,1
54696,1
54697,1
54698,0.6801724496321412
54699,1
54700,0.9610179774692599
54701,1
54702,1
54703,0.9424713473879602
54704,0.7256728338922941
54705,1
54706,0.8758105888378835
54707,1
54708,1
54709,0.9924049721376991
54710,1
54711,0.9989614609837535
54712,1
54713,0.9131024994045092
54714,1
54715,1
54716,1
54717,0.9698976252633799
54718,0.9178939013644162
54719,0.7493716027314439
54720,0.7791781512554335
54721,0.9528789658866482
54722,0.8204025153318639
54723,0.7263757789550497
54724,1
54725,1
54726,0.7230562856224312
54727,1
54728,1
54729,0.8536727480080925
54730,0.9740504365406069
54731,1
54732,0.9120639603882625
54733,0.9851578980626085
54734,1
54735,0.7242029750531249
54736,0.9825559015549896
54737,0.8758105888378835
54738,1
54739,0.8843426641523794
54740,0.6635480818795269
54741,1
54742,0.9989614609837535
54743,0.6144591078728968
54744,1
54745,0.9475888878684422
54746,0.541488587160039
54747,1
54748,1
54749,1
54750,1
54751,1
54752,1
54753,0.964174901191159
54754,1
54755,1
54756,0.9989614609837535
54757,1
54758,0.9989614609837535
54759,0.9411896575233417
54760,1
54761,1
54762,1
54763,1
54764,1
54765,1
54766,0.7008064475582944
54767,1
54768,1
54769,0.979845370195437
54770,1
54771,1
54772,1
54773,1
54774,0.9770147563321826
54775,1
54776,0.8758105888378835
54777,0.9989614609837535
54778,1
54779,0.9367537762839373
54780,1
54781,0.9098067930027165
54782,1
54783,1
54784,1
54785,1
54786,1
54787,1
54788,1
54789,0.9740504365406069
54790,0.7790525925596906
54791,1
54792,1
54793,1
54794,1
54795,0.9989614609837535
54796,1
54797,1
54798,0.8955879474882031
54799,0.9183711633180615
54800,0.9989614609837535
54801,1
54802,1
54803,1
54804,1
54805,1
54806,1
54807,0.9924049721376991
54808,0.8315089818934216
54809,0.9490816572974519
54810,0.9367537762839373
54811,1
54812,0.9740504365406069
54813,0.9788068311791907
54814,0.9260138932811789
54815,1
54816,0.8202820966900514
54817,1
54818,1
54819,0.5986824975062108
54820,1
54821,0.275401117416931
54822,0.8573436143523997
54823,0.8874496590340423
54824,1
54825,1
54826,1
54827,0.8110607183253579
54828,1
54829,0.9740504365406069
54830,0.7809880175463485
54831,0.964174901191159
54832,1
54833,1
54834,1
54835,0.8513223437200496
54836,1
54837,0.9900744607435069
54838,1
54839,1
54840,1
54841,0.8078092986355028
54842,0.9577267858933664
54843,1
54844,1
54845,1
54846,1
54847,1
54848,1
54849,1
54850,0.7765743298614249
54851,1
54852,1
54853,1
54854,0.964174901191159
54855,0.9989614609837535
54856,1
54857,1
54858,0.9002571508472601
54859,1
54860,1
54861,0.7979915110564277
54862,0.9709361642796265
54863,1
54864,1
54865,1
54866,1
54867,1
54868,1
54869,1
54870,0.8758105888378835
54871,0.924648894940108
54872,0.9740504365406069
54873,0.8758105888378835
54874,1
54875,1
54876,0.9002571508472601
54877,1
54878,1
54879,1
54880,0.9424713473879602
54881,0.8362953253063234
54882,0.8022820909859639
54883,0.8452042579392905
54884,1
54885,1
54886,0.9274342580638794
54887,1
54888,0.9399938600061414
54889,0.9740504365406069
54890,0.9946592700131068
54891,0.9131024994045092
54892,1
54893,1
54894,1
54895,1
54896,1
54897,0.7317353704420497
54898,1
54899,0.9131024994045092
54900,0.9475888878684422
54901,1
54902,1
54903,1
54904,0.882471240764735
54905,1
54906,0.7501134265357065
54907,0.924648894940108
54908,0.9424713473879602
54909,1
54910,0.7979915110564277
54911,0.9740504365406069
54912,0.9385884894294859
54913,0.964174901191159
54914,1
54915,0.8168131163551896
54916,1
54917,1
54918,1
54919,1
54920,0.8563391226062405
54921,1
54922,0.974504640208544
54923,0.8937487387794938
54924,0.9989614609837535
54925,0.8304898105926442
54926,0.9876612416190321
54927,1
54928,0.8102904140931347
54929,1
54930,1
54931,0.9851578980626085
54932,1
54933,0.3198088959383692
54934,0.8853528417376456
54935,0.8467467531175099
54936,0.6188228369963772
54937,0.9367537762839373
54938,0.8036216373118196
54939,0.9475888878684422
54940,1
54941,1
54942,1
54943,0.9770147563321826
54944,0.9006048452061182
54945,1
54946,1
54947,0.9924049721376991
54948,0.9825559015549896
54949,0.979845370195437
54950,1
54951,1
54952,1
54953,0.9510651928727897
54954,0.9677137996175981
54955,1
54956,1
54957,0.9118146744720071
54958,1
54959,1
54960,0.8539767840847828
54961,1
54962,1
54963,1
54964,0.9676523251498593
54965,1
54966,1
54967,1
54968,1
54969,1
54970,1
54971,1
54972,0.47754368074681497
54973,0.6586081376726297
54974,0.7835351129566991
54975,0.8167727108893967
54976,1
54977,0.8645745353358385
54978,1
54979,1
54980,1
54981,1
54982,0.8133596502517693
54983,0.964174901191159
54984,1
54985,0.9968430762781008
54986,0.964174901191159
54987,1
54988,0.7786804789122529
54989,1
54990,1
54991,1
54992,0.8599285215829148
54993,0.979845370195437
54994,1
54995,0.9475888878684422
54996,1
54997,1
54998,1
54999,0.8758105888378835
55000,1
55001,1
55002,1
55003,0.987064242150806
55004,1
55005,0.9002571508472601
55006,0.8189414589604984
55007,0.6163066301743985
55008,1
55009,1
55010,1
55011,1
55012,0.9424713473879602
55013,1
55014,0.9565116537184474
55015,0.9892480484157999
55016,1
55017,0.9892480484157999
55018,1
55019,0.9511709237315541
55020,1
55021,1
55022,1
55023,1
55024,1
55025,1
55026,0.9002571508472601
55027,1
55028,1
55029,1
55030,1
55031,0.8758105888378835
55032,1
55033,1
55034,0.9178939013644162
55035,1
55036,1
55037,1
55038,1
55039,1
55040,1
55041,0.9770147563321826
55042,0.952238581019351
55043,1
55044,1
55045,1
55046,0.855691064988938
55047,0.9989614609837535
55048,0.5460267353708053
55049,1
55050,0.9876612416190321
55051,0.9989614609837535
55052,1
55053,0.7254846754272827
55054,0.9676523251498593
55055,1
55056,1
55057,0.6891702390896527
55058,1
55059,0.8322268604856979
55060,1
55061,0.9709361642796265
55062,0.9367537762839373
55063,0.7970656016414195
55064,0.8278179982073569
55065,1
55066,0.9403193639443862
55067,1
55068,1
55069,1
55070,0.9740504365406069
55071,1
55072,1
55073,0.5738696861746472
55074,0.9320508429710392
55075,0.9475888878684422
55076,1
55077,1
55078,1
55079,1
55080,0.9740504365406069
55081,0.8424575322254177
55082,1
55083,1
55084,0.88118574043048
55085,0.9775628702003074
55086,1
55087,1
55088,1
55089,1
55090,1
55091,1
55092,1
55093,1
55094,0.9270757360234848
55095,0.7830488084667768
55096,1
55097,0.8830223303434532
55098,1
55099,1
55100,0.4949879342564883
55101,0.964675997951215
55102,1
55103,1
55104,1
55105,1
55106,1
55107,1
55108,1
55109,0.964174901191159
55110,1
55111,1
55112,1
55113,1
55114,1
55115,1
55116,1
55117,1
55118,0.9367537762839373
55119,0.9924049721376991
55120,0.952238581019351
55121,1
55122,0.9490816572974519
55123,1
55124,0.9676523251498593
55125,1
55126,0.960473993748949
55127,1
55128,0.9565116537184474
55129,0.9399938600061414
55130,0.9825559015549896
55131,1
55132,1
55133,1
55134,1
55135,0.9225666260562072
55136,1
55137,1
55138,0.979845370195437
55139,1
55140,0.9709361642796265
55141,1
55142,1
55143,1
55144,1
55145,1
55146,1
55147,1
55148,1
55149,1
55150,1
55151,1
55152,1
55153,1
55154,0.7993090546543772
55155,1
55156,0.9823205116321391
55157,1
55158,0.7745557245762388
55159,1
55160,1
55161,1
55162,0.9363570239138845
55163,1
55164,0.9424713473879602
55165,1
55166,0.9023096285077571
55167,0.9573170700270499
55168,0.9676523251498593
55169,0.5460267353708053
55170,0.4084303123008832
55171,0.9302326597453842
55172,1
55173,1
55174,0.8994293147388439
55175,0.9900744607435069
55176,1
55177,1
55178,0.9989614609837535
55179,1
55180,0.98286877941266
55181,0.5425466666197956
55182,0.7263057493145607
55183,0.915043855920416
55184,0.9740504365406069
55185,0.7396025728407133
55186,0.8734648089551452
55187,0.960473993748949
55188,1
55189,0.8225413915840324
55190,1
55191,1
55192,0.9824794328812061
55193,1
55194,1
55195,1
55196,1
55197,1
55198,1
55199,0.9002571508472601
55200,0.8834845790300859
55201,0.8929478695999464
55202,0.9367537762839373
55203,1
55204,0.9002571508472601
55205,1
55206,0.2773007293692748
55207,0.9131024994045092
55208,0.9946592700131068
55209,0.9989614609837535
55210,0.8150337816312075
55211,1
55212,1
55213,0.9841193590463618
55214,0.8644320520384191
55215,0.9946592700131068
55216,1
55217,1
55218,0.6829918955179076
55219,1
55220,0.8937487387794938
55221,1
55222,0.9924049721376991
55223,0.1712069268862503
55224,1
55225,0.24452838630835583
55226,0.9924049721376991
55227,1
55228,0.7979915110564277
55229,1
55230,1
55231,1
55232,0.9340752980957165
55233,0.9900744607435069
55234,0.9131024994045092
55235,0.9913664331214527
55236,0.960473993748949
55237,1
55238,1
55239,0.8840386636841356
55240,1
55241,1
55242,0.9900744607435069
55243,1
55244,0.8998274688877933
55245,0.979845370195437
55246,0.9800662137567313
55247,0.964174901191159
55248,1
55249,0.962172654394791
55250,0.9666137861336129
55251,0.7166671878905722
55252,1
55253,1
55254,1
55255,0.8869620029887862
55256,1
55257,1
55258,1
55259,1
55260,1
55261,1
55262,1
55263,0.5416111537456038
55264,0.7921807791791637
55265,1
55266,0.9740504365406069
55267,0.895658400959499
55268,1
55269,0.8801025210426973
55270,0.9002571508472601
55271,1
55272,1
55273,1
55274,0.9442675797146287
55275,1
55276,1
55277,1
55278,1
55279,1
55280,0.2613112859219524
55281,1
55282,0.979845370195437
55283,1
55284,1
55285,1
55286,1
55287,1
55288,1
55289,1
55290,0.8503893674785232
55291,1
55292,0.9740504365406069
55293,1
55294,0.5419695248912441
55295,0.9770147563321826
55296,1
55297,0.9825559015549896
55298,1
55299,1
55300,0.9046698579573562
55301,1
55302,0.960473993748949
55303,1
55304,0.9424713473879602
55305,1
55306,1
55307,0.8727040071333443
55308,1
55309,0.7705205172451948
55310,1
55311,0.9302326597453842
55312,1
55313,1
55314,0.7269925381007677
55315,1
55316,0.9424713473879602
55317,0.9302326597453842
55318,0.952238581019351
55319,1
55320,0.4179345748581042
55321,0.8356691254607166
55322,0.14402390492519107
55323,0.9566063380955967
55324,0.9475888878684422
55325,1
55326,0.6368549537830729
55327,1
55328,1
55329,0.895658400959499
55330,1
55331,0.9740504365406069
55332,1
55333,1
55334,1
55335,1
55336,0.5453840597252579
55337,1
55338,1
55339,1
55340,0.5003969847316663
55341,1
55342,1
55343,1
55344,1
55345,1
55346,0.9610179774692599
55347,1
55348,1
55349,0.7173758270493569
55350,1
55351,1
55352,0.9687097065537137
55353,1
55354,0.275401117416931
55355,0.8798874929141096
55356,0.9876612416190321
55357,1
55358,0.9215149219764929
55359,1
55360,1
55361,0.9178939013644162
55362,1
55363,0.9594354547327026
55364,1
55365,1
55366,1
55367,1
55368,0.747684142572181
55369,0.9709361642796265
55370,1
55371,1
55372,0.9770147563321826
55373,1
55374,1
55375,1
55376,1
55377,1
55378,1
55379,1
55380,0.8536727480080925
55381,0.8412602772595068
55382,1
55383,1
55384,0.9900744607435069
55385,1
55386,1
55387,1
55388,0.9777357023625389
55389,0.8089915590924875
55390,1
55391,1
55392,1
55393,1
55394,1
55395,1
55396,0.9770147563321826
55397,0.9305620902590541
55398,0.9027739438341014
55399,0.8593204023401445
55400,0.9770147563321826
55401,1
55402,1
55403,1
55404,0.623283260681459
55405,0.9493327992537673
55406,1
55407,1
55408,0.9044844249354965
55409,0.9989614609837535
55410,1
55411,1
55412,0.9851578980626085
55413,1
55414,0.8977971145732914
55415,0.8758105888378835
55416,1
55417,0.781418298400756
55418,1
55419,1
55420,0.8869603320147926
55421,1
55422,1
55423,0.8758105888378835
55424,0.9676523251498593
55425,1
55426,0.6103995215207348
55427,0.8902804256738054
55428,0.9709361642796265
55429,1
55430,1
55431,0.9946592700131068
55432,1
55433,1
55434,0.960473993748949
55435,1
55436,0.9391561180409587
55437,1
55438,0.8551255029174667
55439,1
55440,0.9890359217272603
55441,1
55442,1
55443,1
55444,1
55445,1
55446,0.9565116537184474
55447,1
55448,1
55449,0.8488128738084147
55450,1
55451,0.8103402372118818
55452,1
55453,0.45668427535044265
55454,0.9390675552734369
55455,0.8368789083245034
55456,1
55457,1
55458,0.8215089923553052
55459,0.9347944825743407
55460,0.8228237769034674
55461,1
55462,0.91376853261612
55463,0.9728191396816405
55464,1
55465,1
55466,0.9302326597453842
55467,1
55468,0.9924049721376991
55469,1
55470,0.960473993748949
55471,1
55472,1
55473,1
55474,1
55475,0.9367537762839373
55476,1
55477,0.9367537762839373
55478,0.9675066118144694
55479,1
55480,1
55481,1
55482,1
55483,0.5252451086017895
55484,1
55485,1
55486,0.9552985725628466
55487,1
55488,1
55489,0.960473993748949
55490,1
55491,1
55492,0.9302326597453842
55493,0.960473993748949
55494,1
55495,1
55496,0.8132088294715751
55497,1
55498,0.9592083346032153
55499,1
55500,0.9676523251498593
55501,1
55502,1
55503,1
55504,1
55505,0.9676523251498593
55506,1
55507,0.9152114949628947
55508,0.964174901191159
55509,0.9924049721376991
55510,1
55511,0.9851578980626085
55512,0.9002571508472601
55513,0.9565116537184474
55514,1
55515,0.9851578980626085
55516,1
55517,0.6716084227884679
55518,1
55519,1
55520,0.8600003504369672
55521,1
55522,1
55523,0.9740504365406069
55524,0.5832555245489736
55525,1
55526,1
55527,1
55528,0.9131024994045092
55529,1
55530,1
55531,1
55532,0.9169856474673964
55533,1
55534,0.8900602352564023
55535,1
55536,1
55537,0.9676523251498593
55538,0.6213149709990314
55539,0.960473993748949
55540,1
55541,1
55542,1
55543,0.7451108038567046
55544,1
55545,1
55546,1
55547,1
55548,0.9475888878684422
55549,1
55550,1
55551,1
55552,0.8645745353358385
55553,1
55554,1
55555,0.952238581019351
55556,0.8972277700328865
55557,1
55558,0.6935148903292797
55559,1
55560,1
55561,1
55562,1
55563,0.8758105888378835
55564,1
55565,0.9676523251498593
55566,1
55567,1
55568,0.9851578980626085
55569,0.9002571508472601
55570,0.5153539309337685
55571,1
55572,1
55573,1
55574,1
55575,1
55576,1
55577,0.5865955798156085
55578,0.9825559015549896
55579,1
55580,0.9989614609837535
55581,1
55582,1
55583,1
55584,1
55585,1
55586,1
55587,1
55588,1
55589,1
55590,0.9876612416190321
55591,1
55592,1
55593,1
55594,0.964174901191159
55595,0.8555738467924694
55596,1
55597,1
55598,1
55599,0.7554013156802626
55600,0.9002571508472601
55601,1
55602,1
55603,1
55604,1
55605,1
55606,0.9989614609837535
55607,0.952238581019351
55608,1
55609,1
55610,0.5402137518806734
55611,1
55612,1
55613,1
55614,0.8758105888378835
55615,1
55616,0.594635257641152
55617,1
55618,0.7506208998970404
55619,0.9565116537184474
55620,0.9740504365406069
55621,1
55622,1
55623,0.9825559015549896
55624,0.7614348743621632
55625,1
55626,0.953354729996548
55627,1
55628,0.8479756897538508
55629,0.9771387028943128
55630,0.9989614609837535
55631,0.35376403891120634
55632,0.9851578980626085
55633,0.9989614609837535
55634,0.9367537762839373
55635,0.9900744607435069
55636,0.9102278676752396
55637,1
55638,1
55639,1
55640,0.9510023780363578
55641,1
55642,1
55643,1
55644,1
55645,1
55646,1
55647,0.8826130883001485
55648,1
55649,0.9475888878684422
55650,1
55651,1
55652,1
55653,0.9968430762781008
55654,1
55655,0.9740504365406069
55656,0.9131024994045092
55657,1
55658,0.9946592700131068
55659,1
55660,0.9178939013644162
55661,0.964174901191159
55662,1
55663,1
55664,0.6103995215207348
55665,0.9225666260562072
55666,1
55667,1
55668,0.910021935256429
55669,0.9869175370216076
55670,1
55671,1
55672,1
55673,1
55674,1
55675,1
55676,0.482747381553296
55677,1
55678,1
55679,1
55680,1
55681,1
55682,0.7435923099971533
55683,0.8356691254607166
55684,1
55685,0.6801724496321412
55686,0.69600895162231
55687,1
55688,1
55689,1
55690,1
55691,1
55692,1
55693,1
55694,1
55695,0.9740504365406069
55696,0.9424713473879602
55697,0.9566063380955967
55698,0.9002571508472601
55699,1
55700,1
55701,1
55702,0.7004365571045537
55703,0.13753355130540937
55704,1
55705,1
55706,0.9851578980626085
55707,1
55708,1
55709,1
55710,1
55711,1
55712,1
55713,0.962172654394791
55714,0.9002571508472601
55715,0.9237463874920943
55716,1
55717,0.7889130882423926
55718,1
55719,0.4513120523792418
55720,1
55721,1
55722,1
55723,1
55724,1
55725,1
55726,1
55727,1
55728,1
55729,1
55730,0.915043855920416
55731,0.979845370195437
55732,1
55733,0.9709361642796265
55734,1
55735,0.7376499984583492
55736,1
55737,1
55738,0.8217852378872208
55739,0.9565116537184474
55740,0.9022259483644541
55741,0.9237463874920943
55742,1
55743,1
55744,0.952238581019351
55745,0.9851578980626085
55746,1
55747,1
55748,1
55749,1
55750,0.9825559015549896
55751,0.9876612416190321
55752,1
55753,1
55754,1
55755,1
55756,1
55757,1
55758,1
55759,1
55760,0.8830406198051564
55761,0.8365812451717305
55762,1
55763,1
55764,1
55765,0.8758105888378835
55766,1
55767,1
55768,0.47754368074681497
55769,1
55770,0.862469293539203
55771,0.9825559015549896
55772,1
55773,1
55774,0.7003507387814191
55775,0.9225666260562072
55776,0.4279085615517507
55777,1
55778,1
55779,0.8000846197350532
55780,1
55781,1
55782,0.9876612416190321
55783,0.9989614609837535
55784,0.9740504365406069
55785,0.974504640208544
55786,0.6219370630186386
55787,1
55788,0.9565798733288582
55789,0.7427016427965719
55790,1
55791,1
55792,0.9989614609837535
55793,1
55794,1
55795,1
55796,1
55797,0.9624012717504269
55798,0.8036360514400813
55799,1
55800,0.9900744607435069
55801,1
55802,1
55803,1
55804,1
55805,1
55806,1
55807,1
55808,1
55809,0.9573170700270499
55810,0.98286877941266
55811,1
55812,1
55813,0.9946592700131068
55814,0.9565116537184474
55815,1
55816,0.964174901191159
55817,0.7118922799440347
55818,0.8982603974671176
55819,0.9989614609837535
55820,0.979845370195437
55821,1
55822,1
55823,1
55824,1
55825,0.35804276392698076
55826,1
55827,1
55828,0.9367537762839373
55829,0.943134356321233
55830,0.9565116537184474
55831,0.8486357886942472
55832,0.9577267858933664
55833,0.7977222631844291
55834,1
55835,1
55836,0.4504519555326235
55837,1
55838,0.275401117416931
55839,0.8826130883001485
55840,1
55841,1
55842,0.6103995215207348
55843,1
55844,0.9219116743465456
55845,1
55846,0.8903316115907669
55847,1
55848,0.9694197284698819
55849,0.9131024994045092
55850,1
55851,1
55852,1
55853,1
55854,1
55855,1
55856,1
55857,1
55858,1
55859,1
55860,0.4955006714286256
55861,1
55862,0.9424713473879602
55863,0.9403193639443862
55864,1
55865,0.8902804256738054
55866,0.9002571508472601
55867,1
55868,0.98286877941266
55869,1
55870,0.960473993748949
55871,0.8638411288028187
55872,0.9573170700270499
55873,0.8428044238429403
55874,0.960473993748949
55875,1
55876,1
55877,0.952238581019351
55878,0.9009286774750964
55879,1
55880,1
55881,0.9565116537184474
55882,0.6543566412274814
55883,0.9726303622984966
55884,1
55885,0.7659017852061006
55886,1
55887,1
55888,1
55889,1
55890,1
55891,0.9367537762839373
55892,0.9958045372618541
55893,0.7614348743621632
55894,1
55895,0.7535630268251329
55896,1
55897,1
55898,0.987064242150806
55899,0.9241639788683065
55900,1
55901,1
55902,0.8727040071333443
55903,1
55904,1
55905,1
55906,0.9131024994045092
55907,0.9876612416190321
55908,0.9637614054970985
55909,0.9900744607435069
55910,1
55911,1
55912,0.8735764931534583
55913,1
55914,0.9637614054970985
55915,1
55916,0.9946592700131068
55917,1
55918,0.932545808131467
55919,0.8215089923553052
55920,1
55921,1
55922,0.9749608736926888
55923,1
55924,0.9851578980626085
55925,0.9968430762781008
55926,1
55927,0.7226880376596402
55928,0.9740504365406069
55929,1
55930,0.9253401268006204
55931,0.9876612416190321
55932,1
55933,1
55934,0.9770147563321826
55935,0.960473993748949
55936,1
55937,1
55938,1
55939,1
55940,1
55941,1
55942,0.9153749431942635
55943,1
55944,0.926289017559958
55945,1
55946,0.9553135667688916
55947,1
55948,0.6027015668570942
55949,1
55950,1
55951,0.9424713473879602
55952,0.8903316115907669
55953,1
55954,0.9876612416190321
55955,1
55956,0.8998274688877933
55957,1
55958,0.8658850495813903
55959,0.960473993748949
55960,1
55961,1
55962,0.964174901191159
55963,0.952238581019351
55964,0.9534920658346163
55965,1
55966,1
55967,1
55968,0.8015041056581604
55969,0.9946592700131068
55970,1
55971,1
55972,0.9577267858933664
55973,0.7256728338922941
55974,1
55975,0.9058776628816252
55976,0.8563391226062405
55977,1
55978,1
55979,0.8539767840847828
55980,0.7457161368830099
55981,1
55982,1
55983,1
55984,0.7501181762257504
55985,1
55986,1
55987,1
55988,1
55989,1
55990,1
55991,1
55992,0.9900744607435069
55993,0.9327467859310505
55994,0.952238581019351
55995,0.9475888878684422
55996,0.9968430762781008
55997,1
55998,0.930371619012329
55999,0.3110726597395941
56000,1
56001,1
56002,0.6414088201090038
56003,1
56004,1
56005,0.9424713473879602
56006,0.9565116537184474
56007,0.915043855920416
56008,1
56009,1
56010,0.9726303622984966
56011,1
56012,1
56013,1
56014,1
56015,1
56016,1
56017,0.8304898105926442
56018,1
56019,1
56020,1
56021,0.9087502347377983
56022,1
56023,0.6029127123372978
56024,1
56025,1
56026,1
56027,0.8555738467924694
56028,0.9034819724110935
56029,1
56030,1
56031,1
56032,0.9565116537184474
56033,0.934718013900557
56034,0.9225666260562072
56035,1
56036,1
56037,0.9573170700270499
56038,1
56039,1
56040,0.5865955798156085
56041,0.639891139213406
56042,1
56043,0.8735764931534583
56044,0.9676523251498593
56045,0.7932371954044183
56046,0.8702265197515254
56047,0.9417027616904663
56048,1
56049,1
56050,1
56051,1
56052,1
56053,0.7501181762257504
56054,0.9913664331214527
56055,0.9650032682580457
56056,1
56057,0.9446435531570502
56058,0.9152904870696008
56059,1
56060,0.4237697933136636
56061,0.964174901191159
56062,1
56063,0.8494272858092818
56064,0.8349239788308557
56065,1
56066,0.8030335718749154
56067,0.9900744607435069
56068,0.9676523251498593
56069,1
56070,1
56071,1
56072,1
56073,0.7857561645204932
56074,1
56075,1
56076,1
56077,0.4706109272335451
56078,1
56079,0.9847337307566136
56080,1
56081,1
56082,0.821129080558318
56083,1
56084,1
56085,1
56086,0.9968430762781008
56087,1
56088,1
56089,1
56090,1
56091,1
56092,1
56093,0.9526646637894741
56094,0.8726536651159842
56095,0.9163291799982436
56096,0.9851578980626085
56097,0.9206865549096062
56098,1
56099,0.9489193035597069
56100,1
56101,1
56102,1
56103,1
56104,1
56105,1
56106,1
56107,0.943134356321233
56108,1
56109,1
56110,0.9198392302015785
56111,1
56112,1
56113,1
56114,1
56115,1
56116,1
56117,0.9134075116675866
56118,1
56119,0.9676523251498593
56120,0.8304898105926442
56121,1
56122,0.8024842537927155
56123,0.9900744607435069
56124,0.8150337816312075
56125,0.7496837445762397
56126,0.7329705701526078
56127,0.979845370195437
56128,1
56129,1
56130,0.9676523251498593
56131,1
56132,1
56133,0.9424713473879602
56134,1
56135,1
56136,0.8636042159300029
56137,0.979845370195437
56138,1
56139,1
56140,0.5473481788428238
56141,1
56142,0.9876612416190321
56143,0.9771387028943128
56144,0.9740504365406069
56145,1
56146,0.9002571508472601
56147,1
56148,1
56149,1
56150,1
56151,1
56152,1
56153,0.682772625902395
56154,1
56155,0.9989614609837535
56156,1
56157,0.9946592700131068
56158,0.9793989778330905
56159,1
56160,1
56161,1
56162,0.9411896575233417
56163,0.4761577386493327
56164,0.8815625815476099
56165,0.9041005415868895
56166,0.9968430762781008
56167,1
56168,0.9740504365406069
56169,1
56170,0.8903316115907669
56171,1
56172,0.17531456448319846
56173,0.9633411364173258
56174,1
56175,0.45668427535044265
56176,1
56177,1
56178,0.5508138003244023
56179,0.9178939013644162
56180,0.8032024919841694
56181,1
56182,1
56183,0.9475888878684422
56184,1
56185,0.9677137996175981
56186,0.6414088201090038
56187,1
56188,1
56189,0.9475888878684422
56190,1
56191,1
56192,1
56193,0.9900744607435069
56194,0.8399854900290427
56195,1
56196,1
56197,1
56198,1
56199,1
56200,1
56201,1
56202,1
56203,0.275401117416931
56204,1
56205,1
56206,0.8955879474882031
56207,1
56208,1
56209,0.9131024994045092
56210,1
56211,1
56212,1
56213,1
56214,1
56215,1
56216,0.8869620029887862
56217,1
56218,1
56219,0.5561688292924029
56220,1
56221,1
56222,1
56223,1
56224,0.9131024994045092
56225,1
56226,1
56227,1
56228,0.9422311037904992
56229,1
56230,0.9504808575244802
56231,1
56232,0.9367537762839373
56233,1
56234,1
56235,1
56236,0.275401117416931
56237,1
56238,1
56239,1
56240,1
56241,1
56242,1
56243,1
56244,1
56245,1
56246,1
56247,1
56248,0.47872330117518136
56249,0.9002571508472601
56250,1
56251,1
56252,1
56253,1
56254,1
56255,0.9770147563321826
56256,1
56257,1
56258,1
56259,0.952238581019351
56260,0.6248806134935584
56261,1
56262,0.7096245249725969
56263,1
56264,0.952238581019351
56265,0.9989614609837535
56266,0.9900744607435069
56267,0.7659278445745754
56268,1
56269,1
56270,0.9740504365406069
56271,1
56272,1
56273,1
56274,1
56275,1
56276,0.9676523251498593
56277,0.40243585854341807
56278,0.9475888878684422
56279,1
56280,1
56281,1
56282,0.9318272263410183
56283,1
56284,1
56285,0.8521287194782008
56286,0.7256728338922941
56287,0.9131024994045092
56288,1
56289,1
56290,1
56291,0.964174901191159
56292,1
56293,1
56294,1
56295,1
56296,1
56297,0.9924049721376991
56298,0.6069791003365981
56299,0.4844438480770324
56300,0.9002571508472601
56301,1
56302,0.9475888878684422
56303,0.6509548040861303
56304,1
56305,1
56306,0.9367537762839373
56307,0.8018285311203786
56308,0.931413046297044
56309,1
56310,0.9131024994045092
56311,1
56312,0.8527148163782422
56313,0.9968430762781008
56314,1
56315,0.9446435531570502
56316,1
56317,1
56318,0.9946592700131068
56319,1
56320,1
56321,1
56322,0.5626573906505326
56323,1
56324,0.8650379734441676
56325,1
56326,0.9475888878684422
56327,0.8167705139269456
56328,0.9892480484157999
56329,1
56330,1
56331,0.9851578980626085
56332,0.924648894940108
56333,1
56334,1
56335,1
56336,1
56337,0.6607438787816601
56338,0.9352501294874744
56339,0.8233994767063256
56340,1
56341,1
56342,1
56343,1
56344,1
56345,1
56346,0.9131024994045092
56347,1
56348,0.9321615611757386
56349,1
56350,1
56351,0.5422698904933984
56352,1
56353,0.7881663489472588
56354,1
56355,1
56356,1
56357,1
56358,0.8971002271253607
56359,1
56360,1
56361,0.9946592700131068
56362,1
56363,0.8370109271311973
56364,1
56365,0.9709361642796265
56366,0.7841681599406505
56367,0.9367537762839373
56368,0.9565116537184474
56369,0.9002571508472601
56370,1
56371,1
56372,0.6585639081910598
56373,0.8043788320144303
56374,0.9131024994045092
56375,1
56376,1
56377,1
56378,1
56379,1
56380,0.9989614609837535
56381,1
56382,0.9624012717504269
56383,0.9131024994045092
56384,1
56385,1
56386,1
56387,0.9989614609837535
56388,0.979845370195437
56389,1
56390,1
56391,1
56392,0.8223406459231449
56393,1
56394,1
56395,1
56396,0.9968430762781008
56397,0.9131024994045092
56398,0.9051175469059993
56399,1
56400,1
56401,1
56402,0.9131024994045092
56403,1
56404,1
56405,0.9225666260562072
56406,1
56407,1
56408,0.8758105888378835
56409,1
56410,1
56411,1
56412,1
56413,0.9225666260562072
56414,1
56415,0.7398465677894628
56416,1
56417,0.9676523251498593
56418,0.9946592700131068
56419,0.9417377713914665
56420,1
56421,0.2741091217441696
56422,1
56423,0.9178939013644162
56424,0.9131385036260269
56425,0.9055074715422085
56426,1
56427,0.8843426641523794
56428,1
56429,1
56430,1
56431,0.6301070019315487
56432,1
56433,0.952238581019351
56434,1
56435,0.23461007433624495
56436,1
56437,1
56438,0.960473993748949
56439,1
56440,1
56441,0.8203956875980201
56442,1
56443,1
56444,1
56445,0.9740504365406069
56446,1
56447,1
56448,0.9825559015549896
56449,1
56450,0.7109515097782516
56451,1
56452,1
56453,1
56454,1
56455,1
56456,0.9002571508472601
56457,1
56458,0.8827907113323465
56459,1
56460,0.9876612416190321
56461,0.4734843581015483
56462,1
56463,0.9302326597453842
56464,1
56465,1
56466,1
56467,1
56468,0.9002571508472601
56469,1
56470,0.7983772148940907
56471,1
56472,0.9441728953374794
56473,0.9080628816173912
56474,1
56475,1
56476,1
56477,0.7801777810975071
56478,1
56479,0.8972277700328865
56480,1
56481,0.9170538670778072
56482,0.8824753509013652
56483,0.9770147563321826
56484,1
56485,1
56486,1
56487,1
56488,1
56489,0.9730118975243602
56490,1
56491,1
56492,0.9553135667688916
56493,0.9489193035597069
56494,1
56495,0.9968430762781008
56496,0.9946592700131068
56497,0.4238688884968166
56498,1
56499,1
56500,1
56501,1
56502,0.9851578980626085
56503,0.9565116537184474
56504,0.9851578980626085
56505,1
56506,0.956831924407898
56507,1
56508,1
56509,1
56510,1
56511,0.8758105888378835
56512,1
56513,1
56514,1
56515,1
56516,1
56517,0.9367537762839373
56518,1
56519,1
56520,1
56521,0.5453840597252579
56522,1
56523,0.9051410752309912
56524,0.8758105888378835
56525,0.9456318918115574
56526,0.9876612416190321
56527,1
56528,1
56529,1
56530,1
56531,1
56532,1
56533,0.9825559015549896
56534,1
56535,1
56536,1
56537,1
56538,0.9876612416190321
56539,0.3800836211483422
56540,0.9770147563321826
56541,1
56542,1
56543,0.2741091217441696
56544,1
56545,1
56546,0.8322268604856979
56547,1
56548,1
56549,0.2426719729727812
56550,1
56551,1
56552,1
56553,1
56554,0.9002571508472601
56555,1
56556,1
56557,0.9367537762839373
56558,0.9777357023625389
56559,1
56560,0.40987534658270874
56561,1
56562,1
56563,1
56564,0.9305620902590541
56565,1
56566,1
56567,1
56568,0.964174901191159
56569,0.8537886010168091
56570,1
56571,1
56572,1
56573,1
56574,1
56575,0.952238581019351
56576,0.9851578980626085
56577,1
56578,0.6011929838318597
56579,1
56580,1
56581,1
56582,1
56583,1
56584,1
56585,1
56586,0.9793989778330905
56587,1
56588,0.8498610253784903
56589,1
56590,1
56591,1
56592,0.9225666260562072
56593,1
56594,0.9989614609837535
56595,0.8955879474882031
56596,0.8758105888378835
56597,0.9463007788737433
56598,1
56599,1
56600,1
56601,1
56602,1
56603,1
56604,0.9274342580638794
56605,1
56606,0.40172318233149845
56607,1
56608,1
56609,0.979845370195437
56610,1
56611,0.9709361642796265
56612,0.9351110654707856
56613,1
56614,1
56615,1
56616,1
56617,0.9924049721376991
56618,0.979845370195437
56619,1
56620,1
56621,0.5930419266778941
56622,1
56623,0.830381442803159
56624,0.9565116537184474
56625,1
56626,1
56627,0.9946592700131068
56628,1
56629,0.862469293539203
56630,1
56631,1
56632,1
56633,1
56634,1
56635,1
56636,0.9302326597453842
56637,0.952238581019351
56638,0.9325583135457913
56639,1
56640,0.9989614609837535
56641,1
56642,0.8522910009652875
56643,0.9302326597453842
56644,0.9698976252633799
56645,0.39558309155135485
56646,1
56647,1
56648,0.9815173625387432
56649,0.9367537762839373
56650,0.9740504365406069
56651,0.9900744607435069
56652,0.9631363621749126
56653,1
56654,1
56655,1
56656,1
56657,0.8826202313767755
56658,1
56659,1
56660,1
56661,1
56662,1
56663,1
56664,1
56665,0.9709361642796265
56666,1
56667,1
56668,0.9851578980626085
56669,1
56670,1
56671,1
56672,0.9002571508472601
56673,0.8573436143523997
56674,0.8819018940205292
56675,0.952238581019351
56676,1
56677,1
56678,1
56679,1
56680,1
56681,0.9968430762781008
56682,1
56683,0.9225666260562072
56684,0.9946592700131068
56685,1
56686,1
56687,0.916521783928567
56688,1
56689,1
56690,1
56691,0.9241639788683065
56692,1
56693,1
56694,0.8524957318666111
56695,1
56696,1
56697,1
56698,1
56699,0.9900744607435069
56700,0.8322268604856979
56701,1
56702,0.952238581019351
56703,0.6287620243508941
56704,1
56705,1
56706,1
56707,1
56708,0.9225666260562072
56709,1
56710,1
56711,0.40962868676094516
56712,1
56713,1
56714,1
56715,0.9149715981939065
56716,0.9650032682580457
56717,0.9565116537184474
56718,1
56719,1
56720,0.8635700957754375
56721,1
56722,1
56723,1
56724,0.5223337726126471
56725,1
56726,1
56727,1
56728,1
56729,1
56730,1
56731,1
56732,1
56733,1
56734,0.5966171605126928
56735,0.6183665559608968
56736,1
56737,0.960473993748949
56738,1
56739,1
56740,0.9900744607435069
56741,1
56742,1
56743,0.9968430762781008
56744,1
56745,0.4949879342564883
56746,1
56747,0.952238581019351
56748,0.9740504365406069
56749,1
56750,1
56751,1
56752,1
56753,0.9178939013644162
56754,0.9770147563321826
56755,0.9215149219764929
56756,0.9216393244090489
56757,1
56758,1
56759,1
56760,1
56761,1
56762,1
56763,1
56764,1
56765,0.9259233882799555
56766,0.9876612416190321
56767,0.9281263188988084
56768,1
56769,1
56770,1
56771,0.9131024994045092
56772,0.8758105888378835
56773,1
56774,1
56775,0.9022259483644541
56776,0.8932654300023846
56777,1
56778,0.938225337731766
56779,1
56780,1
56781,1
56782,0.9825559015549896
56783,1
56784,1
56785,0.8982603974671176
56786,1
56787,1
56788,0.8616341813296442
56789,1
56790,1
56791,1
56792,1
56793,0.952238581019351
56794,1
56795,0.9565116537184474
56796,1
56797,1
56798,1
56799,1
56800,0.5349366109135466
56801,0.8758105888378835
56802,1
56803,0.9851578980626085
56804,1
56805,0.92502724894295
56806,0.8090159197040052
56807,1
56808,0.9178939013644162
56809,1
56810,1
56811,1
56812,1
56813,1
56814,0.8172855249521085
56815,1
56816,1
56817,1
56818,0.6334149813980159
56819,0.9677137996175981
56820,0.1478345244404042
56821,0.8104850185224997
56822,0.9131024994045092
56823,0.9382758846498143
56824,1
56825,0.9823205116321391
56826,1
56827,1
56828,1
56829,0.6417123740439841
56830,1
56831,1
56832,1
56833,1
56834,1
56835,1
56836,1
56837,0.6458177994912093
56838,1
56839,0.9002571508472601
56840,1
56841,1
56842,0.8810005770709346
56843,1
56844,0.9709361642796265
56845,0.9051410752309912
56846,0.9351110654707856
56847,1
56848,0.7435923099971533
56849,1
56850,0.9475888878684422
56851,0.9131024994045092
56852,1
56853,0.9946592700131068
56854,1
56855,0.9475888878684422
56856,0.9131024994045092
56857,1
56858,1
56859,0.9051410752309912
56860,1
56861,1
56862,1
56863,1
56864,1
56865,0.9825559015549896
56866,1
56867,1
56868,0.8636042159300029
56869,0.9194861037201429
56870,1
56871,1
56872,1
56873,0.6248806134935584
56874,1
56875,0.9740504365406069
56876,1
56877,0.9225666260562072
56878,1
56879,1
56880,0.9305620902590541
56881,1
56882,0.9475888878684422
56883,1
56884,1
56885,0.9565116537184474
56886,1
56887,1
56888,1
56889,1
56890,0.960473993748949
56891,1
56892,1
56893,0.8286876327955752
56894,1
56895,1
56896,1
56897,1
56898,1
56899,1
56900,0.881059836817446
56901,1
56902,0.8478460387157022
56903,0.6713713986099937
56904,0.960473993748949
56905,0.9514371934776873
56906,0.952238581019351
56907,1
56908,1
56909,1
56910,1
56911,0.9595706578871724
56912,0.979845370195437
56913,0.9676523251498593
56914,1
56915,1
56916,0.9989614609837535
56917,0.9029453411369094
56918,0.8830406198051564
56919,1
56920,0.9709361642796265
56921,0.9002571508472601
56922,0.9225666260562072
56923,1
56924,0.9216393244090489
56925,1
56926,1
56927,0.6890981730163118
56928,1
56929,0.9403193639443862
56930,1
56931,1
56932,1
56933,1
56934,1
56935,0.9347944825743407
56936,1
56937,1
56938,0.9752323588061153
56939,0.7372425765962349
56940,0.2773007293692748
56941,0.8287212375757125
56942,0.8701555139246495
56943,0.964174901191159
56944,1
56945,1
56946,1
56947,1
56948,1
56949,1
56950,1
56951,1
56952,0.9475888878684422
56953,1
56954,1
56955,0.964174901191159
56956,1
56957,1
56958,1
56959,0.6780457817008168
56960,1
56961,1
56962,1
56963,1
56964,0.9414328083717136
56965,0.9676523251498593
56966,1
56967,0.8304898105926442
56968,1
56969,1
56970,1
56971,1
56972,0.5389306092479558
56973,1
56974,1
56975,1
56976,1
56977,0.898396797075383
56978,0.9600572972875585
56979,0.9924049721376991
56980,0.9131024994045092
56981,1
56982,0.8323222425563308
56983,1
56984,1
56985,0.7614348743621632
56986,1
56987,1
56988,0.910021935256429
56989,1
56990,0.9424713473879602
56991,1
56992,0.9169856474673964
56993,0.9924049721376991
56994,1
56995,0.4834713268964135
56996,1
56997,1
56998,1
56999,0.9401511185070951
57000,0.7468244840071132
57001,1
57002,1
57003,1
57004,1
57005,1
57006,0.20755898568837197
57007,1
57008,1
57009,1
57010,0.9385884894294859
57011,0.8883348582106244
57012,1
57013,1
57014,1
57015,1
57016,1
57017,0.92502724894295
57018,1
57019,0.944667081482042
57020,0.979845370195437
57021,0.23851926730019518
57022,1
57023,1
57024,0.8452042579392905
57025,1
57026,1
57027,1
57028,0.49648258052748023
57029,0.9475888878684422
57030,0.9708935128187075
57031,1
57032,0.9098067930027165
57033,1
57034,0.960473993748949
57035,1
57036,0.9565116537184474
57037,1
57038,1
57039,0.8758105888378835
57040,1
57041,0.6891702390896527
57042,0.9225666260562072
57043,0.8356691254607166
57044,0.9475888878684422
57045,0.9225666260562072
57046,0.8433351591498933
57047,1
57048,1
57049,0.3198088959383692
57050,1
57051,0.9237463874920943
57052,0.9534920658346163
57053,0.9475888878684422
57054,0.6144591078728968
57055,0.9475888878684422
57056,1
57057,1
57058,1
57059,1
57060,1
57061,1
57062,1
57063,1
57064,0.9120639603882625
57065,1
57066,1
57067,0.9225666260562072
57068,1
57069,0.9565798733288582
57070,1
57071,1
57072,1
57073,0.9946592700131068
57074,1
57075,0.8791464993850655
57076,0.8965055137245886
57077,1
57078,1
57079,0.513570464884881
57080,0.6417123740439841
57081,0.9709361642796265
57082,0.9290150578840396
57083,0.8246750649671906
57084,0.48894181961269545
57085,0.600238763855129
57086,1
57087,0.9676523251498593
57088,1
57089,0.98286877941266
57090,0.9770147563321826
57091,1
57092,1
57093,1
57094,1
57095,1
57096,1
57097,0.9510651928727897
57098,1
57099,1
57100,0.9367537762839373
57101,1
57102,1
57103,0.979845370195437
57104,1
57105,0.9946592700131068
57106,1
57107,0.9367537762839373
57108,0.9152904870696008
57109,1
57110,0.952238581019351
57111,1
57112,0.9708935128187075
57113,0.8304898105926442
57114,1
57115,1
57116,1
57117,0.9565116537184474
57118,0.8827365837284661
57119,0.7979915110564277
57120,1
57121,0.8333095491550085
57122,1
57123,1
57124,0.9131024994045092
57125,0.715383932506157
57126,1
57127,1
57128,1
57129,1
57130,1
57131,0.9505484544924561
57132,1
57133,1
57134,0.964174901191159
57135,1
57136,1
57137,1
57138,0.9851578980626085
57139,1
57140,1
57141,1
57142,0.9182007796423152
57143,1
57144,0.9002571508472601
57145,0.979845370195437
57146,0.9866227026027855
57147,1
57148,1
57149,0.7916426539516063
57150,1
57151,1
57152,1
57153,1
57154,0.9131024994045092
57155,0.8528253451700663
57156,0.9357152372676907
57157,1
57158,1
57159,0.9424713473879602
57160,1
57161,0.9775628702003074
57162,0.9900744607435069
57163,1
57164,1
57165,1
57166,1
57167,0.960473993748949
57168,1
57169,1
57170,0.9565116537184474
57171,0.7793354306219147
57172,1
57173,0.9475888878684422
57174,0.8990776854835568
57175,0.9225666260562072
57176,1
57177,1
57178,0.9002571508472601
57179,1
57180,1
57181,0.9815768070347143
57182,0.890932652982159
57183,1
57184,1
57185,0.9740504365406069
57186,1
57187,1
57188,0.9206964670203451
57189,0.964174901191159
57190,1
57191,0.9740504365406069
57192,0.9946592700131068
57193,1
57194,1
57195,1
57196,0.41341321761824346
57197,1
57198,1
57199,1
57200,1
57201,1
57202,1
57203,0.6328572601236071
57204,0.6565831423195475
57205,1
57206,1
57207,1
57208,1
57209,0.8079194677938529
57210,1
57211,1
57212,1
57213,0.8304898105926442
57214,1
57215,0.9449866008202333
57216,1
57217,0.9002571508472601
57218,0.9417027616904663
57219,0.4474003774043043
57220,1
57221,0.9504808575244802
57222,0.7643452791518206
57223,0.9740504365406069
57224,1
57225,1
57226,1
57227,0.9389850474304591
57228,1
57229,1
57230,0.8146278976194234
57231,0.9989614609837535
57232,0.8452042579392905
57233,0.6301070019315487
57234,1
57235,1
57236,0.9655527828318143
57237,0.7935943147305364
57238,1
57239,0.9183711633180615
57240,0.8718816228600754
57241,1
57242,0.9151017096864568
57243,1
57244,1
57245,1
57246,1
57247,0.7491664399255956
57248,0.821785664430796
57249,0.8498610253784903
57250,1
57251,0.9670892170756897
57252,0.9900744607435069
57253,0.9770147563321826
57254,1
57255,1
57256,0.9424713473879602
57257,1
57258,1
57259,1
57260,0.9825559015549896
57261,0.8903316115907669
57262,1
57263,1
57264,0.8903316115907669
57265,1
57266,1
57267,1
57268,1
57269,0.979845370195437
57270,1
57271,1
57272,1
57273,0.9924049721376991
57274,1
57275,1
57276,1
57277,0.8333991296779064
57278,1
57279,1
57280,1
57281,1
57282,0.9946592700131068
57283,1
57284,0.9302326597453842
57285,1
57286,1
57287,0.9373964790819593
57288,1
57289,1
57290,1
57291,1
57292,1
57293,1
57294,1
57295,0.9676523251498593
57296,0.9270772697016418
57297,1
57298,1
57299,1
57300,0.6976159437029199
57301,0.7163944987435795
57302,1
57303,1
57304,1
57305,1
57306,0.9002571508472601
57307,0.9090851335215729
57308,1
57309,1
57310,1
57311,1
57312,0.9709361642796265
57313,0.9946592700131068
57314,1
57315,1
57316,1
57317,1
57318,1
57319,1
57320,1
57321,1
57322,1
57323,1
57324,0.8573436143523997
57325,1
57326,0.9936207309968602
57327,0.9770147563321826
57328,0.8094074413999214
57329,1
57330,0.9565116537184474
57331,1
57332,0.9851578980626085
57333,1
57334,0.8758105888378835
57335,1
57336,0.9989614609837535
57337,1
57338,0.8133596502517693
57339,0.964174901191159
57340,1
57341,0.9740504365406069
57342,0.8089915590924875
57343,1
57344,0.5477600503276594
57345,0.5310641100899492
57346,1
57347,0.9002571508472601
57348,1
57349,1
57350,0.9225666260562072
57351,1
57352,0.6460043062487979
57353,1
57354,0.952238581019351
57355,0.8225413915840324
57356,0.7754503641775453
57357,1
57358,1
57359,0.9031769601480161
57360,1
57361,1
57362,1
57363,1
57364,0.9120336373277153
57365,0.9968430762781008
57366,1
57367,0.9453880275123984
57368,1
57369,1
57370,1
57371,1
57372,0.9770147563321826
57373,1
57374,1
57375,0.8758105888378835
57376,0.9740504365406069
57377,0.8015041056581604
57378,1
57379,0.920307120488891
57380,1
57381,0.9225666260562072
57382,0.9087502347377983
57383,0.7494609587944551
57384,0.9851578980626085
57385,1
57386,1
57387,1
57388,1
57389,1
57390,0.9900744607435069
57391,1
57392,0.34460487704408893
57393,1
57394,0.9367537762839373
57395,0.952238581019351
57396,0.9900744607435069
57397,0.9946592700131068
57398,0.9968430762781008
57399,1
57400,0.9968430762781008
57401,0.909098707546971
57402,1
57403,1
57404,1
57405,0.9225666260562072
57406,0.891467455316134
57407,1
57408,1
57409,0.9968430762781008
57410,1
57411,0.5865955798156085
57412,1
57413,1
57414,0.5894620716529451
57415,0.6294960817846854
57416,0.9946592700131068
57417,1
57418,0.9876612416190321
57419,1
57420,0.9475888878684422
57421,0.9606044817751992
57422,0.9475888878684422
57423,1
57424,0.8167158106292565
57425,1
57426,1
57427,1
57428,1
57429,0.7569633077681465
57430,0.9568601265276199
57431,1
57432,0.9924049721376991
57433,0.9594354547327026
57434,1
57435,0.9367537762839373
57436,1
57437,1
57438,0.9644954014279602
57439,0.9675066118144694
57440,1
57441,1
57442,0.9502082267048491
57443,1
57444,0.8133596502517693
57445,1
57446,1
57447,1
57448,1
57449,1
57450,0.9475888878684422
57451,0.8758105888378835
57452,0.9900744607435069
57453,1
57454,1
57455,1
57456,1
57457,0.9475888878684422
57458,1
57459,1
57460,0.9730118975243602
57461,1
57462,0.9367537762839373
57463,1
57464,0.8395171669045822
57465,0.960473993748949
57466,1
57467,0.9851578980626085
57468,1
57469,1
57470,0.9002571508472601
57471,1
57472,0.9770147563321826
57473,1
57474,0.6194028988350369
57475,0.9511709237315541
57476,1
57477,0.9474976953452965
57478,1
57479,0.9900744607435069
57480,0.7578126696267933
57481,1
57482,0.9749608736926888
57483,1
57484,1
57485,1
57486,1
57487,1
57488,1
57489,0.9002571508472601
57490,1
57491,0.8234980897477686
57492,1
57493,1
57494,1
57495,0.8256444848517069
57496,1
57497,0.24452838630835583
57498,0.8403059902658436
57499,1
57500,0.8280740975984158
57501,0.964174901191159
57502,1
57503,1
57504,1
57505,1
57506,0.9709361642796265
57507,0.964174901191159
57508,1
57509,1
57510,1
57511,1
57512,1
57513,1
57514,1
57515,1
57516,1
57517,1
57518,0.9475888878684422
57519,0.9565116537184474
57520,0.9709361642796265
57521,0.9424713473879602
57522,1
57523,0.8994293147388439
57524,0.9302326597453842
57525,1
57526,0.8169729628667067
57527,1
57528,1
57529,0.9968430762781008
57530,0.8611816825101545
57531,1
57532,1
57533,1
57534,1
57535,1
57536,1
57537,0.8169729628667067
57538,0.9131024994045092
57539,1
57540,1
57541,0.9002571508472601
57542,1
57543,1
57544,1
57545,0.9738578326102835
57546,0.9300683207496482
57547,1
57548,1
57549,1
57550,1
57551,1
57552,1
57553,1
57554,1
57555,0.964174901191159
57556,0.933596852562038
57557,1
57558,1
57559,0.964174901191159
57560,1
57561,1
57562,0.931413046297044
57563,0.9989614609837535
57564,0.8819837913272066
57565,1
57566,0.6189839595950606
57567,1
57568,1
57569,0.8871524175829997
57570,0.9624012717504269
57571,1
57572,1
57573,1
57574,1
57575,0.8759977574385902
57576,1
57577,0.9946592700131068
57578,1
57579,1
57580,1
57581,0.791277070171216
57582,0.964174901191159
57583,1
57584,1
57585,0.8758105888378835
57586,1
57587,1
57588,0.9446435531570502
57589,0.8982165335134987
57590,0.8760924418157395
57591,1
57592,0.9602916039175288
57593,1
57594,0.9565116537184474
57595,0.7372582185655
57596,1
57597,1
57598,1
57599,0.9025286446755189
57600,1
57601,0.7031914725618558
57602,1
57603,0.1595087096606049
57604,1
57605,0.6733157171452355
57606,0.6836994816461192
57607,1
57608,1
57609,0.9302326597453842
57610,1
57611,0.6005014105387556
57612,0.9900744607435069
57613,1
57614,1
57615,0.9592083346032153
57616,0.6089332392434664
57617,1
57618,0.13753355130540937
57619,0.9989614609837535
57620,1
57621,0.9680266774752685
57622,0.964174901191159
57623,0.932545808131467
57624,1
57625,0.8609684869004919
57626,1
57627,1
57628,0.9302326597453842
57629,0.9362591043607102
57630,1
57631,0.28804162768873437
57632,0.9475888878684422
57633,0.8228237769034674
57634,1
57635,1
57636,1
57637,0.8376536299292195
57638,0.9633411364173258
57639,0.8067075252252232
57640,0.937663348611949
57641,1
57642,0.9740504365406069
57643,0.9146770915901851
57644,1
57645,1
57646,1
57647,1
57648,0.9825559015549896
57649,1
57650,0.9553135667688916
57651,1
57652,1
57653,1
57654,1
57655,1
57656,1
57657,0.987064242150806
57658,0.9186939896976569
57659,1
57660,1
57661,0.7541013365743318
57662,0.9740504365406069
57663,1
57664,1
57665,0.6368549537830729
57666,0.952238581019351
57667,1
57668,1
57669,0.9398998226383832
57670,0.9367537762839373
57671,1
57672,1
57673,1
57674,1
57675,1
57676,0.8758105888378835
57677,1
57678,1
57679,1
57680,0.8353551873565812
57681,1
57682,1
57683,1
57684,0.9968430762781008
57685,0.9749608736926888
57686,1
57687,1
57688,1
57689,1
57690,0.8696141531229564
57691,0.9087587688567452
57692,1
57693,0.9225666260562072
57694,0.7468244840071132
57695,0.9709361642796265
57696,1
57697,1
57698,1
57699,1
57700,1
57701,1
57702,1
57703,1
57704,1
57705,1
57706,1
57707,1
57708,1
57709,1
57710,0.9946592700131068
57711,0.9424713473879602
57712,0.9002571508472601
57713,1
57714,1
57715,0.9566063380955967
57716,0.9431865066127629
57717,0.952238581019351
57718,0.979845370195437
57719,1
57720,0.9851578980626085
57721,1
57722,1
57723,0.8035402598138132
57724,1
57725,0.7983772148940907
57726,1
57727,0.8175516986336787
57728,0.9002571508472601
57729,0.9989614609837535
57730,1
57731,1
57732,1
57733,0.6106983261296134
57734,1
57735,1
57736,0.964174901191159
57737,0.9825559015549896
57738,1
57739,0.9900744607435069
57740,1
57741,0.9502082267048491
57742,1
57743,0.9946592700131068
57744,1
57745,0.9002571508472601
57746,0.952238581019351
57747,0.5623481670700003
57748,1
57749,1
57750,0.9093539003840289
57751,1
57752,1
57753,0.9851578980626085
57754,0.8874579482081935
57755,1
57756,1
57757,1
57758,0.9565116537184474
57759,0.964174901191159
57760,0.8758105888378835
57761,0.960473993748949
57762,1
57763,0.862469293539203
57764,1
57765,0.8228237769034674
57766,1
57767,0.5832555245489736
57768,1
57769,1
57770,1
57771,1
57772,0.5034455969352593
57773,1
57774,1
57775,1
57776,1
57777,0.8452042579392905
57778,1
57779,1
57780,0.9302326597453842
57781,0.964174901191159
57782,0.8847392804509984
57783,0.9900744607435069
57784,0.805850461863159
57785,1
57786,0.7686486180626632
57787,1
57788,1
57789,0.4084303123008832
57790,1
57791,1
57792,0.8758105888378835
57793,1
57794,1
57795,1
57796,0.9463007788737433
57797,0.9709361642796265
57798,1
57799,1
57800,0.8797781469528275
57801,1
57802,1
57803,1
57804,0.8955879474882031
57805,0.952238581019351
57806,1
57807,0.9002571508472601
57808,1
57809,0.7786804789122529
57810,1
57811,1
57812,1
57813,0.6801724496321412
57814,1
57815,0.9424713473879602
57816,1
57817,1
57818,1
57819,1
57820,1
57821,1
57822,1
57823,0.9131024994045092
57824,0.9131024994045092
57825,0.9611341153785447
57826,1
57827,1
57828,1
57829,1
57830,1
57831,1
57832,1
57833,0.9225666260562072
57834,1
57835,1
57836,0.9447285559497808
57837,0.8175516986336787
57838,1
57839,1
57840,0.9946592700131068
57841,1
57842,1
57843,0.9178939013644162
57844,0.88118574043048
57845,1
57846,1
57847,0.9367537762839373
57848,0.7170702672024497
57849,1
57850,0.9793225091593067
57851,1
57852,1
57853,0.9609220747610895
57854,1
57855,1
57856,1
57857,0.8758105888378835
57858,1
57859,0.9892480484157999
57860,0.9709361642796265
57861,1
57862,0.960473993748949
57863,1
57864,0.8143990782673693
57865,0.9676523251498593
57866,1
57867,1
57868,1
57869,1
57870,0.8998274688877933
57871,0.8936139028115573
57872,0.9708935128187075
57873,1
57874,1
57875,0.7895530620855286
57876,0.960473993748949
57877,1
57878,1
57879,1
57880,0.9946592700131068
57881,0.9399938600061414
57882,0.9825559015549896
57883,1
57884,1
57885,1
57886,1
57887,1
57888,1
57889,1
57890,1
57891,1
57892,0.952238581019351
57893,1
57894,1
57895,0.549567528551373
57896,1
57897,0.9423130417628578
57898,0.9375423086533208
57899,0.9825559015549896
57900,1
57901,1
57902,1
57903,0.8758105888378835
57904,1
57905,0.9131024994045092
57906,0.8747720498216369
57907,1
57908,0.9424713473879602
57909,1
57910,1
57911,0.9900744607435069
57912,0.9989614609837535
57913,0.9131024994045092
57914,1
57915,0.8681240789682519
57916,0.9924049721376991
57917,0.5019080756187181
57918,1
57919,1
57920,1
57921,1
57922,0.960473993748949
57923,1
57924,1
57925,0.964174901191159
57926,1
57927,1
57928,1
57929,1
57930,1
57931,1
57932,1
57933,0.7468244840071132
57934,0.84800930450795
57935,1
57936,1
57937,1
57938,1
57939,0.9131024994045092
57940,0.9002571508472601
57941,0.4761577386493327
57942,1
57943,0.9565116537184474
57944,1
57945,1
57946,0.9876612416190321
57947,0.9946592700131068
57948,1
57949,1
57950,0.8160468853455921
57951,1
57952,0.8696141531229564
57953,1
57954,0.8696823727333675
57955,1
57956,0.9900744607435069
57957,1
57958,1
57959,0.8395389220625701
57960,1
57961,1
57962,0.9565116537184474
57963,0.7324721248848217
57964,0.9825559015549896
57965,0.9709361642796265
57966,1
57967,1
57968,1
57969,1
57970,1
57971,1
57972,1
57973,1
57974,0.952238581019351
57975,1
57976,1
57977,0.5532820433897044
57978,1
57979,1
57980,1
57981,1
57982,0.987064242150806
57983,1
57984,0.952238581019351
57985,0.8812134267238553
57986,0.8900602352564023
57987,0.9946592700131068
57988,0.9770147563321826
57989,0.9815173625387432
57990,1
57991,0.8713341564061835
57992,0.9709361642796265
57993,0.9851578980626085
57994,1
57995,0.854546675848951
57996,1
57997,1
57998,1
57999,1
58000,1
58001,1
58002,0.8856851857812205
58003,1
58004,1
58005,1
58006,1
58007,0.9117637890596012
58008,1
58009,1
58010,1
58011,0.8225413915840324
58012,0.9347944825743407
58013,0.786465595622434
58014,1
58015,1
58016,1
58017,1
58018,1
58019,0.046885079789750934
58020,0.5268707041992922
58021,0.774070986305001
58022,1
58023,0.747684142572181
58024,0.979845370195437
58025,0.8555738467924694
58026,1
58027,1
58028,0.8567688045657073
58029,1
58030,0.884074864543086
58031,1
58032,0.7073894208971147
58033,1
58034,1
58035,0.8662427522243418
58036,1
58037,0.9989614609837535
58038,1
58039,1
58040,0.9770147563321826
58041,0.5091292789569503
58042,0.98286877941266
58043,0.8997252020072949
58044,0.5125679204367474
58045,0.9851578980626085
58046,0.9946592700131068
58047,1
58048,1
58049,1
58050,0.960473993748949
58051,1
58052,0.9900744607435069
58053,1
58054,0.292842251561883
58055,1
58056,1
58057,1
58058,0.885835433581389
58059,1
58060,1
58061,1
58062,1
58063,1
58064,0.960473993748949
58065,0.9900744607435069
58066,0.7435923099971533
58067,0.934718013900557
58068,0.5986824975062108
58069,1
58070,0.8166501243236343
58071,0.17531456448319846
58072,1
58073,0.9968430762781008
58074,0.9900744607435069
58075,1
58076,0.9633411364173258
58077,1
58078,1
58079,0.8593204023401445
58080,0.8727040071333443
58081,0.7779786277226947
58082,1
58083,0.9770147563321826
58084,0.9825559015549896
58085,1
58086,1
58087,0.9403193639443862
58088,0.9510651928727897
58089,1
58090,0.9989614609837535
58091,0.9475888878684422
58092,1
58093,0.9490816572974519
58094,1
58095,1
58096,0.8424575322254177
58097,1
58098,1
58099,0.8606913872729514
58100,1
58101,1
58102,1
58103,0.3557190788526975
58104,1
58105,1
58106,0.9968430762781008
58107,1
58108,0.887152935945116
58109,0.9403193639443862
58110,1
58111,1
58112,0.9851578980626085
58113,0.9178939013644162
58114,0.9475888878684422
58115,1
58116,1
58117,0.9374887500811317
58118,0.8135557543021374
58119,0.9131024994045092
58120,0.8524138566936132
58121,1
58122,1
58123,0.9924049721376991
58124,1
58125,1
58126,1
58127,1
58128,0.9055074715422085
58129,0.8197943960890937
58130,1
58131,1
58132,1
58133,1
58134,1
58135,0.9002571508472601
58136,1
58137,1
58138,1
58139,1
58140,0.9740504365406069
58141,1
58142,1
58143,0.9367537762839373
58144,0.9924049721376991
58145,1
58146,1
58147,1
58148,1
58149,1
58150,0.9565116537184474
58151,1
58152,0.9504808575244802
58153,0.9876612416190321
58154,1
58155,1
58156,0.9709361642796265
58157,1
58158,1
58159,1
58160,1
58161,1
58162,0.7346954184363538
58163,0.5807799293174211
58164,1
58165,1
58166,1
58167,0.8191024271000343
58168,0.8543121182698116
58169,0.9131024994045092
58170,0.9565116537184474
58171,1
58172,0.9573170700270499
58173,1
58174,0.9367537762839373
58175,0.9770147563321826
58176,0.9475888878684422
58177,0.8994293147388439
58178,1
58179,1
58180,0.8300601286331774
58181,1
58182,0.8704698588509905
58183,1
58184,1
58185,1
58186,1
58187,0.9924049721376991
58188,1
58189,0.9002571508472601
58190,0.8392113938729043
58191,1
58192,1
58193,1
58194,1
58195,0.813125537818656
58196,1
58197,1
58198,0.8278179982073569
58199,1
58200,1
58201,0.964174901191159
58202,1
58203,1
58204,0.9490816572974519
58205,1
58206,0.9968430762781008
58207,1
58208,0.9709361642796265
58209,0.8132493495747505
58210,1
58211,0.9946592700131068
58212,0.7835351129566991
58213,1
58214,1
58215,1
58216,1
58217,1
58218,1
58219,1
58220,1
58221,1
58222,1
58223,1
58224,1
58225,0.6190650757240667
58226,1
58227,0.9305068221667988
58228,1
58229,1
58230,0.9002571508472601
58231,1
58232,0.9553750412366303
58233,0.8115010224981367
58234,0.9002571508472601
58235,1
58236,0.9565116537184474
58237,0.9989614609837535
58238,0.9770147563321826
58239,0.960473993748949
58240,1
58241,1
58242,0.9740504365406069
58243,1
58244,1
58245,0.9749608736926888
58246,1
58247,1
58248,1
58249,1
58250,1
58251,1
58252,0.9002571508472601
58253,1
58254,1
58255,1
58256,1
58257,0.6508105197811982
58258,0.794335640985952
58259,0.8907066534943333
58260,0.9770147563321826
58261,1
58262,1
58263,0.9475888878684422
58264,0.9900744607435069
58265,1
58266,1
58267,1
58268,0.7760677396851436
58269,0.9055074715422085
58270,1
58271,1
58272,0.75450940332041
58273,0.8824753509013652
58274,0.9318272263410183
58275,0.8038889590018993
58276,1
58277,1
58278,1
58279,0.8989830011064075
58280,0.9510651928727897
58281,1
58282,1
58283,1
58284,1
58285,0.8902804256738054
58286,1
58287,0.7991497426617227
58288,0.45668427535044265
58289,0.9968430762781008
58290,1
58291,1
58292,1
58293,1
58294,1
58295,0.9565116537184474
58296,1
58297,1
58298,1
58299,1
58300,1
58301,0.89958138238839
58302,0.8890234003851746
58303,1
58304,1
58305,0.9041005415868895
58306,1
58307,0.9046812052695359
58308,0.9698976252633799
58309,0.979845370195437
58310,0.8758105888378835
58311,1
58312,0.9475888878684422
58313,0.2426719729727812
58314,1
58315,1
58316,0.9475888878684422
58317,1
58318,0.9424713473879602
58319,0.45668427535044265
58320,0.6417123740439841
58321,0.9102278676752396
58322,1
58323,0.9002571508472601
58324,0.9131024994045092
58325,1
58326,0.9876612416190321
58327,1
58328,1
58329,1
58330,1
58331,1
58332,1
58333,0.9968430762781008
58334,1
58335,1
58336,0.9968430762781008
58337,1
58338,1
58339,1
58340,0.7607959557882851
58341,1
58342,0.922001357152416
58343,1
58344,1
58345,1
58346,1
58347,1
58348,0.7817060762730276
58349,1
58350,1
58351,1
58352,1
58353,1
58354,0.9709361642796265
58355,0.7365019761108348
58356,1
58357,1
58358,1
58359,0.7983772148940907
58360,1
58361,1
58362,1
58363,1
58364,1
58365,1
58366,0.861371829538673
58367,0.9694197284698819
58368,1
58369,1
58370,1
58371,1
58372,1
58373,1
58374,1
58375,0.9740504365406069
58376,1
58377,1
58378,1
58379,0.6744302206306682
58380,1
58381,1
58382,1
58383,0.8527992858015914
58384,1
58385,0.9770147563321826
58386,0.952238581019351
58387,1
58388,0.9851578980626085
58389,1
58390,1
58391,1
58392,0.8424575322254177
58393,1
58394,1
58395,1
58396,1
58397,1
58398,0.9424713473879602
58399,1
58400,1
58401,1
58402,0.6353376262557072
58403,0.8736801165682885
58404,1
58405,0.9968430762781008
58406,0.891467455316134
58407,1
58408,0.8758105888378835
58409,1
58410,1
58411,0.960473993748949
58412,1
58413,1
58414,1
58415,1
58416,1
58417,1
58418,1
58419,0.5019080756187181
58420,0.9502082267048491
58421,1
58422,1
58423,1
58424,1
58425,0.9302326597453842
58426,1
58427,0.7008064475582944
58428,0.9489086319477728
58429,1
58430,0.960473993748949
58431,1
58432,1
58433,1
58434,0.9624012717504269
58435,1
58436,1
58437,1
58438,0.9692380486537466
58439,1
58440,0.8701324823837673
58441,0.8361844928016777
58442,0.3198088959383692
58443,0.8493508284622766
58444,1
58445,0.9876612416190321
58446,0.8758105888378835
58447,0.928927027492889
58448,1
58449,0.6747390735687705
58450,0.9002571508472601
58451,0.9740504365406069
58452,1
58453,0.960473993748949
58454,1
58455,1
58456,0.3844760711065315
58457,1
58458,0.9364517082910339
58459,0.9518361428101912
58460,1
58461,0.791277070171216
58462,0.7376499984583492
58463,1
58464,0.5508138003244023
58465,0.8097195620013233
58466,0.808557374768934
58467,1
58468,1
58469,1
58470,0.7835351129566991
58471,0.8555738467924694
58472,1
58473,0.960473993748949
58474,0.8833041251361328
58475,1
58476,1
58477,1
58478,1
58479,1
58480,1
58481,1
58482,1
58483,1
58484,1
58485,0.9041005415868895
58486,0.9475888878684422
58487,1
58488,1
58489,1
58490,0.8827365837284661
58491,1
58492,0.8731117163496501
58493,1
58494,0.8452042579392905
58495,1
58496,1
58497,1
58498,0.9709361642796265
58499,1
58500,1
58501,0.952238581019351
58502,1
58503,1
58504,1
58505,1
58506,1
58507,1
58508,0.8169729628667067
58509,1
58510,1
58511,0.6694666717051928
58512,1
58513,0.728047610034141
58514,0.9851578980626085
58515,1
58516,1
58517,0.979845370195437
58518,1
58519,1
58520,1
58521,1
58522,0.9851578980626085
58523,0.8452042579392905
58524,1
58525,0.7099165631764714
58526,1
58527,1
58528,1
58529,1
58530,1
58531,0.960473993748949
58532,0.9367537762839373
58533,1
58534,0.6144591078728968
58535,1
58536,1
58537,1
58538,1
58539,1
58540,1
58541,0.6780457817008168
58542,1
58543,0.9869175370216076
58544,0.7409344771356887
58545,1
58546,1
58547,0.5832555245489736
58548,0.8827365837284661
58549,0.9320932057655751
58550,1
58551,1
58552,1
58553,1
58554,0.932545808131467
58555,1
58556,0.920307120488891
58557,1
58558,1
58559,0.9793989778330905
58560,1
58561,0.9302326597453842
58562,0.979845370195437
58563,1
58564,0.898396797075383
58565,0.9740504365406069
58566,0.13753355130540937
58567,0.6010508070174031
58568,1
58569,1
58570,1
58571,1
58572,0.9900744607435069
58573,1
58574,1
58575,0.9900744607435069
58576,1
58577,0.9424713473879602
58578,1
58579,1
58580,1
58581,0.9117637890596012
58582,1
58583,1
58584,1
58585,0.8758105888378835
58586,1
58587,0.9335264100506299
58588,1
58589,1
58590,1
58591,0.7979915110564277
58592,0.8169729628667067
58593,1
58594,1
58595,1
58596,1
58597,1
58598,1
58599,1
58600,1
58601,1
58602,1
58603,1
58604,1
58605,0.9740504365406069
58606,1
58607,0.9709361642796265
58608,1
58609,0.9709361642796265
58610,1
58611,1
58612,0.960473993748949
58613,1
58614,1
58615,1
58616,0.8452042579392905
58617,0.952238581019351
58618,1
58619,0.8003881736700336
58620,0.9900744607435069
58621,1
58622,1
58623,1
58624,1
58625,0.7832584201513643
58626,0.8777303550906808
58627,0.9009286774750964
58628,0.9936207309968602
58629,1
58630,1
58631,0.960473993748949
58632,1
58633,1
58634,0.9135721954819811
58635,1
58636,1
58637,1
58638,1
58639,0.4156108837578656
58640,0.964174901191159
58641,1
58642,1
58643,0.8992550725297451
58644,1
58645,0.8947369914502132
58646,1
58647,1
58648,1
58649,1
58650,0.9198909061692103
58651,1
58652,1
58653,1
58654,0.9215149219764929
58655,1
58656,1
58657,1
58658,1
58659,0.9770147563321826
58660,0.884074864543086
58661,1
58662,0.7506208998970404
58663,0.894319690614591
58664,1
58665,0.887601960492403
58666,1
58667,1
58668,0.38875026501001847
58669,1
58670,0.952238581019351
58671,1
58672,0.9268282370274441
58673,1
58674,1
58675,1
58676,0.894916420860367
58677,1
58678,0.9876612416190321
58679,1
58680,0.9825559015549896
58681,0.9430298953039388
58682,0.5460267353708053
58683,1
58684,1
58685,1
58686,1
58687,0.9194861037201429
58688,1
58689,1
58690,1
58691,1
58692,0.9001294962565148
58693,1
58694,1
58695,0.9412096188653025
58696,0.9565116537184474
58697,1
58698,1
58699,1
58700,1
58701,0.9565116537184474
58702,0.8696141531229564
58703,1
58704,1
58705,1
58706,0.9489193035597069
58707,0.9740504365406069
58708,0.8552788284320058
58709,0.9740504365406069
58710,0.9474976953452965
58711,0.9709361642796265
58712,0.9002571508472601
58713,0.9701406745002382
58714,1
58715,0.890932652982159
58716,0.952238581019351
58717,1
58718,0.954249361934666
58719,1
58720,1
58721,1
58722,1
58723,0.8758105888378835
58724,1
58725,1
58726,1
58727,1
58728,1
58729,1
58730,1
58731,1
58732,1
58733,0.8758105888378835
58734,0.9475888878684422
58735,1
58736,1
58737,0.6673635768967143
58738,1
58739,1
58740,1
58741,1
58742,1
58743,0.9367537762839373
58744,0.9142999140795522
58745,0.9302326597453842
58746,1
58747,1
58748,0.9302326597453842
58749,1
58750,0.5865955798156085
58751,1
58752,1
58753,0.9225666260562072
58754,0.979845370195437
58755,0.9002571508472601
58756,1
58757,0.9475888878684422
58758,0.9989614609837535
58759,0.9676523251498593
58760,1
58761,0.5739215416112607
58762,0.9968430762781008
58763,1
58764,0.9302326597453842
58765,1
58766,0.9071595457556146
58767,0.9518361428101912
58768,1
58769,0.9713477164866448
58770,0.8945817275771144
58771,0.9445213681466521
58772,1
58773,1
58774,1
58775,1
58776,0.9198392302015785
58777,1
58778,1
58779,1
58780,1
58781,0.8014303769714292
58782,1
58783,1
58784,1
58785,0.8729251359289573
58786,1
58787,1
58788,1
58789,0.8807548245543686
58790,0.8534074050443616
58791,0.9851578980626085
58792,0.8908270704488368
58793,0.9770147563321826
58794,1
58795,0.9825559015549896
58796,1
58797,0.9231747452989774
58798,1
58799,1
58800,1
58801,1
58802,0.9002571508472601
58803,0.9709361642796265
58804,1
58805,0.7102827494371018
58806,1
58807,0.960473993748949
58808,1
58809,1
58810,1
58811,0.756565413392252
58812,1
58813,1
58814,1
58815,1
58816,1
58817,1
58818,0.7815895991035492
58819,1
58820,1
58821,1
58822,1
58823,1
58824,1
58825,0.830381442803159
58826,0.9892480484157999
58827,0.7407495702950659
58828,1
58829,0.9131024994045092
58830,1
58831,1
58832,1
58833,0.9178939013644162
58834,0.952238581019351
58835,0.952238581019351
58836,0.8758105888378835
58837,0.952238581019351
58838,0.9676523251498593
58839,0.9770147563321826
58840,1
58841,0.950335142112717
58842,0.8757220175169658
58843,1
58844,1
58845,0.9740504365406069
58846,0.9424713473879602
58847,0.9989614609837535
58848,1
58849,1
58850,1
58851,1
58852,0.964174901191159
58853,1
58854,0.7007166346252518
58855,0.9084424809057878
58856,1
58857,1
58858,0.9510651928727897
58859,0.5927157967464401
58860,1
58861,0.9709361642796265
58862,0.9424713473879602
58863,1
58864,1
58865,0.9367537762839373
58866,0.964174901191159
58867,1
58868,1
58869,1
58870,1
58871,0.6587496238322725
58872,1
58873,0.9414007443711898
58874,0.7868833410615005
58875,1
58876,0.952238581019351
58877,0.8323732770192602
58878,0.9292533373515337
58879,1
58880,1
58881,1
58882,1
58883,1
58884,1
58885,0.952238581019351
58886,0.5725226366746686
58887,1
58888,0.9545776265324902
58889,1
58890,0.8696141531229564
58891,1
58892,1
58893,0.9302326597453842
58894,1
58895,0.4084303123008832
58896,0.8225413915840324
58897,1
58898,1
58899,1
58900,1
58901,1
58902,1
58903,0.6709148753645248
58904,1
58905,1
58906,1
58907,1
58908,1
58909,1
58910,0.2906278264047498
58911,0.9043802298602983
58912,1
58913,0.8782697446559555
58914,1
58915,1
58916,1
58917,1
58918,0.9924049721376991
58919,1
58920,0.8015041056581604
58921,1
